2025-03-03 01:03:57 [main] INFO  com.track.task.UserJpaTest - Starting UserJpaTest using Java 22.0.2 with PID 17508 (started by Admin in C:\Users\Admin\Desktop\task)
2025-03-03 01:03:57 [main] INFO  com.track.task.UserJpaTest - No active profile set, falling back to 1 default profile: "default"
2025-03-03 01:03:58 [main] INFO  o.s.d.r.c.RepositoryConfigurationDelegate - Bootstrapping Spring Data JPA repositories in DEFAULT mode.
2025-03-03 01:03:58 [main] INFO  o.s.d.r.c.RepositoryConfigurationDelegate - Finished Spring Data repository scanning in 101 ms. Found 5 JPA repository interfaces.
2025-03-03 01:03:58 [main] INFO  com.zaxxer.hikari.HikariDataSource - HikariPool-1 - Starting...
2025-03-03 01:03:58 [main] INFO  com.zaxxer.hikari.pool.HikariPool - HikariPool-1 - Added connection org.postgresql.jdbc.PgConnection@5d08976a
2025-03-03 01:03:58 [main] INFO  com.zaxxer.hikari.HikariDataSource - HikariPool-1 - Start completed.
2025-03-03 01:03:59 [main] INFO  liquibase.database - Set default schema name to public
2025-03-03 01:04:00 [main] INFO  liquibase.changelog - Creating database history table with name: public.databasechangelog
2025-03-03 01:04:00 [main] INFO  liquibase.changelog - Reading from public.databasechangelog
2025-03-03 01:04:00 [main] INFO  liquibase.lockservice - Successfully acquired change log lock
2025-03-03 01:04:00 [main] INFO  liquibase.command - Using deploymentId: 0953040692
2025-03-03 01:04:00 [main] INFO  liquibase.changelog - Reading from public.databasechangelog
2025-03-03 01:04:00 [main] INFO  liquibase.ui - Running Changeset: db/changelog/01-create-schema.xml::1::xfnet
2025-03-03 01:04:00 [main] WARN  liquibase.executor - schema "private" does not exist, skipping
2025-03-03 01:04:00 [main] INFO  liquibase.changelog - Custom SQL executed
2025-03-03 01:04:00 [main] INFO  liquibase.changelog - Custom SQL executed
2025-03-03 01:04:00 [main] INFO  liquibase.changelog - ChangeSet db/changelog/01-create-schema.xml::1::xfnet ran successfully in 24ms
2025-03-03 01:04:00 [main] INFO  liquibase.ui - Running Changeset: db/changelog/02-create-user-table.xml::2::xfnet
2025-03-03 01:04:00 [main] INFO  liquibase.changelog - Table user created
2025-03-03 01:04:00 [main] INFO  liquibase.changelog - ChangeSet db/changelog/02-create-user-table.xml::2::xfnet ran successfully in 13ms
2025-03-03 01:04:00 [main] INFO  liquibase.ui - Running Changeset: db/changelog/03-create-priority-table.xml::3::xfnet
2025-03-03 01:04:00 [main] INFO  liquibase.changelog - Table priority created
2025-03-03 01:04:00 [main] INFO  liquibase.changelog - ChangeSet db/changelog/03-create-priority-table.xml::3::xfnet ran successfully in 10ms
2025-03-03 01:04:00 [main] INFO  liquibase.ui - Running Changeset: db/changelog/04-create-status-table.xml::4::xfnet
2025-03-03 01:04:00 [main] INFO  liquibase.changelog - Table status created
2025-03-03 01:04:00 [main] INFO  liquibase.changelog - Foreign key constraint added to status (user_id)
2025-03-03 01:04:00 [main] INFO  liquibase.changelog - Unique constraint added to status(title, user_id)
2025-03-03 01:04:00 [main] INFO  liquibase.changelog - ChangeSet db/changelog/04-create-status-table.xml::4::xfnet ran successfully in 31ms
2025-03-03 01:04:00 [main] INFO  liquibase.ui - Running Changeset: db/changelog/05-create-role-table.xml::5::xfnet
2025-03-03 01:04:00 [main] INFO  liquibase.changelog - Table role created
2025-03-03 01:04:00 [main] INFO  liquibase.changelog - ChangeSet db/changelog/05-create-role-table.xml::5::xfnet ran successfully in 26ms
2025-03-03 01:04:00 [main] INFO  liquibase.ui - Running Changeset: db/changelog/06-create-user-roles-table.xml::6::xfnet
2025-03-03 01:04:00 [main] INFO  liquibase.changelog - Table user_roles created
2025-03-03 01:04:00 [main] INFO  liquibase.changelog - Primary key added to user_roles (user_id, role_id)
2025-03-03 01:04:00 [main] INFO  liquibase.changelog - Foreign key constraint added to user_roles (user_id)
2025-03-03 01:04:00 [main] INFO  liquibase.changelog - Foreign key constraint added to user_roles (role_id)
2025-03-03 01:04:00 [main] INFO  liquibase.changelog - ChangeSet db/changelog/06-create-user-roles-table.xml::6::xfnet ran successfully in 27ms
2025-03-03 01:04:00 [main] INFO  liquibase.ui - Running Changeset: db/changelog/07-create-task-table.xml::7::xfnet
2025-03-03 01:04:00 [main] INFO  liquibase.changelog - Table task created
2025-03-03 01:04:01 [main] INFO  liquibase.changelog - Foreign key constraint added to task (priority_id)
2025-03-03 01:04:01 [main] INFO  liquibase.changelog - Foreign key constraint added to task (status_id)
2025-03-03 01:04:01 [main] INFO  liquibase.changelog - Foreign key constraint added to task (user_id)
2025-03-03 01:04:01 [main] INFO  liquibase.changelog - ChangeSet db/changelog/07-create-task-table.xml::7::xfnet ran successfully in 38ms
2025-03-03 01:04:01 [main] INFO  liquibase.ui - Running Changeset: db/changelog/08-create-task-executors-table.xml::8::xfnet
2025-03-03 01:04:01 [main] INFO  liquibase.changelog - Table task_executors created
2025-03-03 01:04:01 [main] INFO  liquibase.changelog - Primary key added to task_executors (task_id, user_id)
2025-03-03 01:04:01 [main] INFO  liquibase.changelog - Foreign key constraint added to task_executors (task_id)
2025-03-03 01:04:01 [main] INFO  liquibase.changelog - Foreign key constraint added to task_executors (user_id)
2025-03-03 01:04:01 [main] INFO  liquibase.changelog - ChangeSet db/changelog/08-create-task-executors-table.xml::8::xfnet ran successfully in 22ms
2025-03-03 01:04:01 [main] INFO  liquibase.ui - Running Changeset: db/changelog/09-create-comment-table.xml::9::xfnet
2025-03-03 01:04:01 [main] INFO  liquibase.changelog - Table comment created
2025-03-03 01:04:01 [main] INFO  liquibase.changelog - Foreign key constraint added to comment (task_id)
2025-03-03 01:04:01 [main] INFO  liquibase.changelog - Foreign key constraint added to comment (user_id)
2025-03-03 01:04:01 [main] INFO  liquibase.changelog - Foreign key constraint added to comment (parent_id)
2025-03-03 01:04:01 [main] INFO  liquibase.changelog - ChangeSet db/changelog/09-create-comment-table.xml::9::xfnet ran successfully in 18ms
2025-03-03 01:04:01 [main] INFO  liquibase.ui - Running Changeset: db/changelog/10-insert-default-data.xml::10::xfnet
2025-03-03 01:04:01 [main] INFO  liquibase.changelog - New row inserted into role
2025-03-03 01:04:01 [main] INFO  liquibase.changelog - New row inserted into role
2025-03-03 01:04:01 [main] INFO  liquibase.changelog - New row inserted into user
2025-03-03 01:04:01 [main] INFO  liquibase.changelog - New row inserted into user
2025-03-03 01:04:01 [main] INFO  liquibase.changelog - New row inserted into user
2025-03-03 01:04:01 [main] INFO  liquibase.changelog - New row inserted into user
2025-03-03 01:04:01 [main] INFO  liquibase.changelog - New row inserted into user
2025-03-03 01:04:01 [main] INFO  liquibase.changelog - New row inserted into user_roles
2025-03-03 01:04:01 [main] INFO  liquibase.changelog - New row inserted into user_roles
2025-03-03 01:04:01 [main] INFO  liquibase.changelog - New row inserted into user_roles
2025-03-03 01:04:01 [main] INFO  liquibase.changelog - New row inserted into user_roles
2025-03-03 01:04:01 [main] INFO  liquibase.changelog - New row inserted into user_roles
2025-03-03 01:04:01 [main] INFO  liquibase.changelog - New row inserted into priority
2025-03-03 01:04:01 [main] INFO  liquibase.changelog - New row inserted into priority
2025-03-03 01:04:01 [main] INFO  liquibase.changelog - New row inserted into priority
2025-03-03 01:04:01 [main] INFO  liquibase.changelog - New row inserted into status
2025-03-03 01:04:01 [main] INFO  liquibase.changelog - New row inserted into status
2025-03-03 01:04:01 [main] INFO  liquibase.changelog - New row inserted into status
2025-03-03 01:04:01 [main] INFO  liquibase.changelog - New row inserted into status
2025-03-03 01:04:01 [main] INFO  liquibase.changelog - New row inserted into status
2025-03-03 01:04:01 [main] INFO  liquibase.changelog - New row inserted into task
2025-03-03 01:04:01 [main] INFO  liquibase.changelog - New row inserted into task
2025-03-03 01:04:01 [main] INFO  liquibase.changelog - New row inserted into task
2025-03-03 01:04:01 [main] INFO  liquibase.changelog - New row inserted into task_executors
2025-03-03 01:04:01 [main] INFO  liquibase.changelog - New row inserted into task_executors
2025-03-03 01:04:01 [main] INFO  liquibase.changelog - New row inserted into task_executors
2025-03-03 01:04:01 [main] INFO  liquibase.changelog - New row inserted into task_executors
2025-03-03 01:04:01 [main] INFO  liquibase.changelog - New row inserted into comment
2025-03-03 01:04:01 [main] INFO  liquibase.changelog - New row inserted into comment
2025-03-03 01:04:01 [main] INFO  liquibase.changelog - New row inserted into comment
2025-03-03 01:04:01 [main] INFO  liquibase.changelog - ChangeSet db/changelog/10-insert-default-data.xml::10::xfnet ran successfully in 114ms
2025-03-03 01:04:01 [main] INFO  liquibase.util - UPDATE SUMMARY
2025-03-03 01:04:01 [main] INFO  liquibase.util - Run:                         10
2025-03-03 01:04:01 [main] INFO  liquibase.util - Previously run:               0
2025-03-03 01:04:01 [main] INFO  liquibase.util - Filtered out:                 0
2025-03-03 01:04:01 [main] INFO  liquibase.util - -------------------------------
2025-03-03 01:04:01 [main] INFO  liquibase.util - Total change sets:           10
2025-03-03 01:04:01 [main] INFO  liquibase.util - Update summary generated
2025-03-03 01:04:01 [main] INFO  liquibase.command - Update command completed successfully.
2025-03-03 01:04:01 [main] INFO  liquibase.ui - Liquibase: Update has been successful. Rows affected: 40
2025-03-03 01:04:01 [main] INFO  liquibase.lockservice - Successfully released change log lock
2025-03-03 01:04:01 [main] INFO  liquibase.command - Command execution complete
2025-03-03 01:04:01 [main] INFO  o.h.jpa.internal.util.LogHelper - HHH000204: Processing PersistenceUnitInfo [name: default]
2025-03-03 01:04:01 [main] INFO  org.hibernate.Version - HHH000412: Hibernate ORM core version 6.5.3.Final
2025-03-03 01:04:01 [main] INFO  o.h.c.i.RegionFactoryInitiator - HHH000026: Second-level cache disabled
2025-03-03 01:04:02 [main] INFO  o.s.o.j.p.SpringPersistenceUnitInfo - No LoadTimeWeaver setup: ignoring JPA class transformer
2025-03-03 01:04:03 [main] INFO  o.h.e.t.j.p.i.JtaPlatformInitiator - HHH000489: No JTA platform available (set 'hibernate.transaction.jta.platform' to enable JTA platform integration)
2025-03-03 01:04:03 [main] INFO  o.s.o.j.LocalContainerEntityManagerFactoryBean - Initialized JPA EntityManagerFactory for persistence unit 'default'
2025-03-03 01:04:03 [main] INFO  o.s.d.j.r.query.QueryEnhancerFactory - Hibernate is in classpath; If applicable, HQL parser will be used.
2025-03-03 01:04:04 [main] INFO  com.track.task.UserJpaTest - Started UserJpaTest in 8.088 seconds (process running for 145.763)
2025-03-03 01:04:04 [main] WARN  o.s.test.context.TestContextManager - Caught exception while allowing TestExecutionListener [org.springframework.test.context.support.DependencyInjectionTestExecutionListener] to prepare test instance [com.track.task.UserJpaTest@2088e339]
org.springframework.beans.factory.UnsatisfiedDependencyException: Error creating bean with name 'com.track.task.UserJpaTest': Unsatisfied dependency expressed through field 'entityManager': No qualifying bean of type 'javax.persistence.EntityManager' available: expected at least 1 bean which qualifies as autowire candidate. Dependency annotations: {@org.springframework.beans.factory.annotation.Autowired(required=true)}
	at org.springframework.beans.factory.annotation.AutowiredAnnotationBeanPostProcessor$AutowiredFieldElement.resolveFieldValue(AutowiredAnnotationBeanPostProcessor.java:788)
	at org.springframework.beans.factory.annotation.AutowiredAnnotationBeanPostProcessor$AutowiredFieldElement.inject(AutowiredAnnotationBeanPostProcessor.java:768)
	at org.springframework.beans.factory.annotation.InjectionMetadata.inject(InjectionMetadata.java:145)
	at org.springframework.beans.factory.annotation.AutowiredAnnotationBeanPostProcessor.postProcessProperties(AutowiredAnnotationBeanPostProcessor.java:509)
	at org.springframework.beans.factory.support.AbstractAutowireCapableBeanFactory.populateBean(AbstractAutowireCapableBeanFactory.java:1439)
	at org.springframework.beans.factory.support.AbstractAutowireCapableBeanFactory.autowireBeanProperties(AbstractAutowireCapableBeanFactory.java:398)
	at org.springframework.test.context.support.DependencyInjectionTestExecutionListener.injectDependencies(DependencyInjectionTestExecutionListener.java:143)
	at org.springframework.test.context.support.DependencyInjectionTestExecutionListener.prepareTestInstance(DependencyInjectionTestExecutionListener.java:98)
	at org.springframework.test.context.TestContextManager.prepareTestInstance(TestContextManager.java:260)
	at org.springframework.test.context.junit.jupiter.SpringExtension.postProcessTestInstance(SpringExtension.java:163)
	at org.junit.jupiter.engine.descriptor.ClassBasedTestDescriptor.lambda$invokeTestInstancePostProcessors$10(ClassBasedTestDescriptor.java:378)
	at org.junit.jupiter.engine.descriptor.ClassBasedTestDescriptor.executeAndMaskThrowable(ClassBasedTestDescriptor.java:383)
	at org.junit.jupiter.engine.descriptor.ClassBasedTestDescriptor.lambda$invokeTestInstancePostProcessors$11(ClassBasedTestDescriptor.java:378)
	at java.base/java.util.stream.ReferencePipeline$3$1.accept(ReferencePipeline.java:212)
	at java.base/java.util.stream.ReferencePipeline$2$1.accept(ReferencePipeline.java:194)
	at java.base/java.util.ArrayList$ArrayListSpliterator.forEachRemaining(ArrayList.java:1709)
	at java.base/java.util.stream.AbstractPipeline.copyInto(AbstractPipeline.java:556)
	at java.base/java.util.stream.AbstractPipeline.wrapAndCopyInto(AbstractPipeline.java:546)
	at java.base/java.util.stream.StreamSpliterators$WrappingSpliterator.forEachRemaining(StreamSpliterators.java:310)
	at java.base/java.util.stream.Streams$ConcatSpliterator.forEachRemaining(Streams.java:735)
	at java.base/java.util.stream.Streams$ConcatSpliterator.forEachRemaining(Streams.java:734)
	at java.base/java.util.stream.ReferencePipeline$Head.forEach(ReferencePipeline.java:782)
	at org.junit.jupiter.engine.descriptor.ClassBasedTestDescriptor.invokeTestInstancePostProcessors(ClassBasedTestDescriptor.java:377)
	at org.junit.jupiter.engine.descriptor.ClassBasedTestDescriptor.lambda$instantiateAndPostProcessTestInstance$6(ClassBasedTestDescriptor.java:290)
	at org.junit.platform.engine.support.hierarchical.ThrowableCollector.execute(ThrowableCollector.java:73)
	at org.junit.jupiter.engine.descriptor.ClassBasedTestDescriptor.instantiateAndPostProcessTestInstance(ClassBasedTestDescriptor.java:289)
	at org.junit.jupiter.engine.descriptor.ClassBasedTestDescriptor.lambda$testInstancesProvider$4(ClassBasedTestDescriptor.java:279)
	at java.base/java.util.Optional.orElseGet(Optional.java:364)
	at org.junit.jupiter.engine.descriptor.ClassBasedTestDescriptor.lambda$testInstancesProvider$5(ClassBasedTestDescriptor.java:278)
	at org.junit.jupiter.engine.execution.TestInstancesProvider.getTestInstances(TestInstancesProvider.java:31)
	at org.junit.jupiter.engine.descriptor.TestMethodTestDescriptor.lambda$prepare$0(TestMethodTestDescriptor.java:106)
	at org.junit.platform.engine.support.hierarchical.ThrowableCollector.execute(ThrowableCollector.java:73)
	at org.junit.jupiter.engine.descriptor.TestMethodTestDescriptor.prepare(TestMethodTestDescriptor.java:105)
	at org.junit.jupiter.engine.descriptor.TestMethodTestDescriptor.prepare(TestMethodTestDescriptor.java:69)
	at org.junit.platform.engine.support.hierarchical.NodeTestTask.lambda$prepare$2(NodeTestTask.java:128)
	at org.junit.platform.engine.support.hierarchical.ThrowableCollector.execute(ThrowableCollector.java:73)
	at org.junit.platform.engine.support.hierarchical.NodeTestTask.prepare(NodeTestTask.java:128)
	at org.junit.platform.engine.support.hierarchical.NodeTestTask.execute(NodeTestTask.java:95)
	at java.base/java.util.ArrayList.forEach(ArrayList.java:1597)
	at org.junit.platform.engine.support.hierarchical.SameThreadHierarchicalTestExecutorService.invokeAll(SameThreadHierarchicalTestExecutorService.java:41)
	at org.junit.platform.engine.support.hierarchical.NodeTestTask.lambda$executeRecursively$6(NodeTestTask.java:160)
	at org.junit.platform.engine.support.hierarchical.ThrowableCollector.execute(ThrowableCollector.java:73)
	at org.junit.platform.engine.support.hierarchical.NodeTestTask.lambda$executeRecursively$8(NodeTestTask.java:146)
	at org.junit.platform.engine.support.hierarchical.Node.around(Node.java:137)
	at org.junit.platform.engine.support.hierarchical.NodeTestTask.lambda$executeRecursively$9(NodeTestTask.java:144)
	at org.junit.platform.engine.support.hierarchical.ThrowableCollector.execute(ThrowableCollector.java:73)
	at org.junit.platform.engine.support.hierarchical.NodeTestTask.executeRecursively(NodeTestTask.java:143)
	at org.junit.platform.engine.support.hierarchical.NodeTestTask.execute(NodeTestTask.java:100)
	at java.base/java.util.ArrayList.forEach(ArrayList.java:1597)
	at org.junit.platform.engine.support.hierarchical.SameThreadHierarchicalTestExecutorService.invokeAll(SameThreadHierarchicalTestExecutorService.java:41)
	at org.junit.platform.engine.support.hierarchical.NodeTestTask.lambda$executeRecursively$6(NodeTestTask.java:160)
	at org.junit.platform.engine.support.hierarchical.ThrowableCollector.execute(ThrowableCollector.java:73)
	at org.junit.platform.engine.support.hierarchical.NodeTestTask.lambda$executeRecursively$8(NodeTestTask.java:146)
	at org.junit.platform.engine.support.hierarchical.Node.around(Node.java:137)
	at org.junit.platform.engine.support.hierarchical.NodeTestTask.lambda$executeRecursively$9(NodeTestTask.java:144)
	at org.junit.platform.engine.support.hierarchical.ThrowableCollector.execute(ThrowableCollector.java:73)
	at org.junit.platform.engine.support.hierarchical.NodeTestTask.executeRecursively(NodeTestTask.java:143)
	at org.junit.platform.engine.support.hierarchical.NodeTestTask.execute(NodeTestTask.java:100)
	at org.junit.platform.engine.support.hierarchical.SameThreadHierarchicalTestExecutorService.submit(SameThreadHierarchicalTestExecutorService.java:35)
	at org.junit.platform.engine.support.hierarchical.HierarchicalTestExecutor.execute(HierarchicalTestExecutor.java:57)
	at org.junit.platform.engine.support.hierarchical.HierarchicalTestEngine.execute(HierarchicalTestEngine.java:54)
	at org.junit.platform.launcher.core.EngineExecutionOrchestrator.execute(EngineExecutionOrchestrator.java:198)
	at org.junit.platform.launcher.core.EngineExecutionOrchestrator.execute(EngineExecutionOrchestrator.java:169)
	at org.junit.platform.launcher.core.EngineExecutionOrchestrator.execute(EngineExecutionOrchestrator.java:93)
	at org.junit.platform.launcher.core.EngineExecutionOrchestrator.lambda$execute$0(EngineExecutionOrchestrator.java:58)
	at org.junit.platform.launcher.core.EngineExecutionOrchestrator.withInterceptedStreams(EngineExecutionOrchestrator.java:141)
	at org.junit.platform.launcher.core.EngineExecutionOrchestrator.execute(EngineExecutionOrchestrator.java:57)
	at org.junit.platform.launcher.core.DefaultLauncher.execute(DefaultLauncher.java:103)
	at org.junit.platform.launcher.core.DefaultLauncher.execute(DefaultLauncher.java:85)
	at org.junit.platform.launcher.core.DelegatingLauncher.execute(DelegatingLauncher.java:47)
	at org.junit.platform.launcher.core.SessionPerRequestLauncher.execute(SessionPerRequestLauncher.java:63)
	at com.intellij.junit5.JUnit5IdeaTestRunner.startRunnerWithArgs(JUnit5IdeaTestRunner.java:57)
	at com.intellij.rt.junit.IdeaTestRunner$Repeater$1.execute(IdeaTestRunner.java:38)
	at com.intellij.rt.execution.junit.TestsRepeater.repeat(TestsRepeater.java:11)
	at com.intellij.rt.junit.IdeaTestRunner$Repeater.startRunnerWithArgs(IdeaTestRunner.java:35)
	at com.intellij.rt.junit.JUnitStarter.prepareStreamsAndStart(JUnitStarter.java:232)
	at com.intellij.rt.junit.JUnitStarter.main(JUnitStarter.java:55)
Caused by: org.springframework.beans.factory.NoSuchBeanDefinitionException: No qualifying bean of type 'javax.persistence.EntityManager' available: expected at least 1 bean which qualifies as autowire candidate. Dependency annotations: {@org.springframework.beans.factory.annotation.Autowired(required=true)}
	at org.springframework.beans.factory.support.DefaultListableBeanFactory.raiseNoMatchingBeanFound(DefaultListableBeanFactory.java:1880)
	at org.springframework.beans.factory.support.DefaultListableBeanFactory.doResolveDependency(DefaultListableBeanFactory.java:1406)
	at org.springframework.beans.factory.support.DefaultListableBeanFactory.resolveDependency(DefaultListableBeanFactory.java:1353)
	at org.springframework.beans.factory.annotation.AutowiredAnnotationBeanPostProcessor$AutowiredFieldElement.resolveFieldValue(AutowiredAnnotationBeanPostProcessor.java:785)
	... 76 common frames omitted
2025-03-03 01:04:05 [SpringApplicationShutdownHook] INFO  o.s.o.j.LocalContainerEntityManagerFactoryBean - Closing JPA EntityManagerFactory for persistence unit 'default'
2025-03-03 01:04:05 [SpringApplicationShutdownHook] INFO  com.zaxxer.hikari.HikariDataSource - HikariPool-1 - Shutdown initiated...
2025-03-03 01:04:05 [SpringApplicationShutdownHook] INFO  com.zaxxer.hikari.HikariDataSource - HikariPool-1 - Shutdown completed.
2025-03-03 01:06:47 [background-preinit] INFO  o.h.validator.internal.util.Version - HV000001: Hibernate Validator 8.0.1.Final
2025-03-03 01:06:47 [main] INFO  com.track.task.UserJpaTest - Starting UserJpaTest using Java 22.0.2 with PID 7148 (started by Admin in C:\Users\Admin\Desktop\task)
2025-03-03 01:06:47 [main] INFO  com.track.task.UserJpaTest - No active profile set, falling back to 1 default profile: "default"
2025-03-03 01:06:48 [main] INFO  o.s.d.r.c.RepositoryConfigurationDelegate - Bootstrapping Spring Data JPA repositories in DEFAULT mode.
2025-03-03 01:06:48 [main] INFO  o.s.d.r.c.RepositoryConfigurationDelegate - Finished Spring Data repository scanning in 95 ms. Found 5 JPA repository interfaces.
2025-03-03 01:06:48 [main] INFO  com.zaxxer.hikari.HikariDataSource - HikariPool-1 - Starting...
2025-03-03 01:06:49 [main] INFO  com.zaxxer.hikari.pool.HikariPool - HikariPool-1 - Added connection org.postgresql.jdbc.PgConnection@5c76fce4
2025-03-03 01:06:49 [main] INFO  com.zaxxer.hikari.HikariDataSource - HikariPool-1 - Start completed.
2025-03-03 01:06:49 [main] INFO  liquibase.database - Set default schema name to public
2025-03-03 01:06:50 [main] INFO  liquibase.changelog - Creating database history table with name: public.databasechangelog
2025-03-03 01:06:50 [main] INFO  liquibase.changelog - Reading from public.databasechangelog
2025-03-03 01:06:50 [main] INFO  liquibase.lockservice - Successfully acquired change log lock
2025-03-03 01:06:50 [main] INFO  liquibase.command - Using deploymentId: 0953210509
2025-03-03 01:06:50 [main] INFO  liquibase.changelog - Reading from public.databasechangelog
2025-03-03 01:06:50 [main] INFO  liquibase.ui - Running Changeset: db/changelog/01-create-schema.xml::1::xfnet
2025-03-03 01:06:50 [main] WARN  liquibase.executor - schema "private" does not exist, skipping
2025-03-03 01:06:50 [main] INFO  liquibase.changelog - Custom SQL executed
2025-03-03 01:06:50 [main] INFO  liquibase.changelog - Custom SQL executed
2025-03-03 01:06:50 [main] INFO  liquibase.changelog - ChangeSet db/changelog/01-create-schema.xml::1::xfnet ran successfully in 24ms
2025-03-03 01:06:50 [main] INFO  liquibase.ui - Running Changeset: db/changelog/02-create-user-table.xml::2::xfnet
2025-03-03 01:06:50 [main] INFO  liquibase.changelog - Table user created
2025-03-03 01:06:50 [main] INFO  liquibase.changelog - ChangeSet db/changelog/02-create-user-table.xml::2::xfnet ran successfully in 11ms
2025-03-03 01:06:50 [main] INFO  liquibase.ui - Running Changeset: db/changelog/03-create-priority-table.xml::3::xfnet
2025-03-03 01:06:50 [main] INFO  liquibase.changelog - Table priority created
2025-03-03 01:06:50 [main] INFO  liquibase.changelog - ChangeSet db/changelog/03-create-priority-table.xml::3::xfnet ran successfully in 10ms
2025-03-03 01:06:50 [main] INFO  liquibase.ui - Running Changeset: db/changelog/04-create-status-table.xml::4::xfnet
2025-03-03 01:06:50 [main] INFO  liquibase.changelog - Table status created
2025-03-03 01:06:50 [main] INFO  liquibase.changelog - Foreign key constraint added to status (user_id)
2025-03-03 01:06:50 [main] INFO  liquibase.changelog - Unique constraint added to status(title, user_id)
2025-03-03 01:06:50 [main] INFO  liquibase.changelog - ChangeSet db/changelog/04-create-status-table.xml::4::xfnet ran successfully in 19ms
2025-03-03 01:06:50 [main] INFO  liquibase.ui - Running Changeset: db/changelog/05-create-role-table.xml::5::xfnet
2025-03-03 01:06:50 [main] INFO  liquibase.changelog - Table role created
2025-03-03 01:06:50 [main] INFO  liquibase.changelog - ChangeSet db/changelog/05-create-role-table.xml::5::xfnet ran successfully in 10ms
2025-03-03 01:06:50 [main] INFO  liquibase.ui - Running Changeset: db/changelog/06-create-user-roles-table.xml::6::xfnet
2025-03-03 01:06:50 [main] INFO  liquibase.changelog - Table user_roles created
2025-03-03 01:06:50 [main] INFO  liquibase.changelog - Primary key added to user_roles (user_id, role_id)
2025-03-03 01:06:50 [main] INFO  liquibase.changelog - Foreign key constraint added to user_roles (user_id)
2025-03-03 01:06:50 [main] INFO  liquibase.changelog - Foreign key constraint added to user_roles (role_id)
2025-03-03 01:06:50 [main] INFO  liquibase.changelog - ChangeSet db/changelog/06-create-user-roles-table.xml::6::xfnet ran successfully in 44ms
2025-03-03 01:06:50 [main] INFO  liquibase.ui - Running Changeset: db/changelog/07-create-task-table.xml::7::xfnet
2025-03-03 01:06:50 [main] INFO  liquibase.changelog - Table task created
2025-03-03 01:06:50 [main] INFO  liquibase.changelog - Foreign key constraint added to task (priority_id)
2025-03-03 01:06:50 [main] INFO  liquibase.changelog - Foreign key constraint added to task (status_id)
2025-03-03 01:06:50 [main] INFO  liquibase.changelog - Foreign key constraint added to task (user_id)
2025-03-03 01:06:50 [main] INFO  liquibase.changelog - ChangeSet db/changelog/07-create-task-table.xml::7::xfnet ran successfully in 30ms
2025-03-03 01:06:50 [main] INFO  liquibase.ui - Running Changeset: db/changelog/08-create-task-executors-table.xml::8::xfnet
2025-03-03 01:06:50 [main] INFO  liquibase.changelog - Table task_executors created
2025-03-03 01:06:50 [main] INFO  liquibase.changelog - Primary key added to task_executors (task_id, user_id)
2025-03-03 01:06:50 [main] INFO  liquibase.changelog - Foreign key constraint added to task_executors (task_id)
2025-03-03 01:06:50 [main] INFO  liquibase.changelog - Foreign key constraint added to task_executors (user_id)
2025-03-03 01:06:50 [main] INFO  liquibase.changelog - ChangeSet db/changelog/08-create-task-executors-table.xml::8::xfnet ran successfully in 13ms
2025-03-03 01:06:50 [main] INFO  liquibase.ui - Running Changeset: db/changelog/09-create-comment-table.xml::9::xfnet
2025-03-03 01:06:50 [main] INFO  liquibase.changelog - Table comment created
2025-03-03 01:06:50 [main] INFO  liquibase.changelog - Foreign key constraint added to comment (task_id)
2025-03-03 01:06:50 [main] INFO  liquibase.changelog - Foreign key constraint added to comment (user_id)
2025-03-03 01:06:50 [main] INFO  liquibase.changelog - Foreign key constraint added to comment (parent_id)
2025-03-03 01:06:50 [main] INFO  liquibase.changelog - ChangeSet db/changelog/09-create-comment-table.xml::9::xfnet ran successfully in 22ms
2025-03-03 01:06:50 [main] INFO  liquibase.ui - Running Changeset: db/changelog/10-insert-default-data.xml::10::xfnet
2025-03-03 01:06:50 [main] INFO  liquibase.changelog - New row inserted into role
2025-03-03 01:06:50 [main] INFO  liquibase.changelog - New row inserted into role
2025-03-03 01:06:50 [main] INFO  liquibase.changelog - New row inserted into user
2025-03-03 01:06:50 [main] INFO  liquibase.changelog - New row inserted into user
2025-03-03 01:06:50 [main] INFO  liquibase.changelog - New row inserted into user
2025-03-03 01:06:50 [main] INFO  liquibase.changelog - New row inserted into user
2025-03-03 01:06:50 [main] INFO  liquibase.changelog - New row inserted into user
2025-03-03 01:06:50 [main] INFO  liquibase.changelog - New row inserted into user_roles
2025-03-03 01:06:50 [main] INFO  liquibase.changelog - New row inserted into user_roles
2025-03-03 01:06:50 [main] INFO  liquibase.changelog - New row inserted into user_roles
2025-03-03 01:06:50 [main] INFO  liquibase.changelog - New row inserted into user_roles
2025-03-03 01:06:50 [main] INFO  liquibase.changelog - New row inserted into user_roles
2025-03-03 01:06:50 [main] INFO  liquibase.changelog - New row inserted into priority
2025-03-03 01:06:50 [main] INFO  liquibase.changelog - New row inserted into priority
2025-03-03 01:06:50 [main] INFO  liquibase.changelog - New row inserted into priority
2025-03-03 01:06:50 [main] INFO  liquibase.changelog - New row inserted into status
2025-03-03 01:06:50 [main] INFO  liquibase.changelog - New row inserted into status
2025-03-03 01:06:50 [main] INFO  liquibase.changelog - New row inserted into status
2025-03-03 01:06:50 [main] INFO  liquibase.changelog - New row inserted into status
2025-03-03 01:06:50 [main] INFO  liquibase.changelog - New row inserted into status
2025-03-03 01:06:50 [main] INFO  liquibase.changelog - New row inserted into task
2025-03-03 01:06:50 [main] INFO  liquibase.changelog - New row inserted into task
2025-03-03 01:06:50 [main] INFO  liquibase.changelog - New row inserted into task
2025-03-03 01:06:50 [main] INFO  liquibase.changelog - New row inserted into task_executors
2025-03-03 01:06:50 [main] INFO  liquibase.changelog - New row inserted into task_executors
2025-03-03 01:06:50 [main] INFO  liquibase.changelog - New row inserted into task_executors
2025-03-03 01:06:50 [main] INFO  liquibase.changelog - New row inserted into task_executors
2025-03-03 01:06:50 [main] INFO  liquibase.changelog - New row inserted into comment
2025-03-03 01:06:50 [main] INFO  liquibase.changelog - New row inserted into comment
2025-03-03 01:06:50 [main] INFO  liquibase.changelog - New row inserted into comment
2025-03-03 01:06:50 [main] INFO  liquibase.changelog - ChangeSet db/changelog/10-insert-default-data.xml::10::xfnet ran successfully in 109ms
2025-03-03 01:06:50 [main] INFO  liquibase.util - UPDATE SUMMARY
2025-03-03 01:06:50 [main] INFO  liquibase.util - Run:                         10
2025-03-03 01:06:50 [main] INFO  liquibase.util - Previously run:               0
2025-03-03 01:06:50 [main] INFO  liquibase.util - Filtered out:                 0
2025-03-03 01:06:50 [main] INFO  liquibase.util - -------------------------------
2025-03-03 01:06:50 [main] INFO  liquibase.util - Total change sets:           10
2025-03-03 01:06:50 [main] INFO  liquibase.util - Update summary generated
2025-03-03 01:06:50 [main] INFO  liquibase.command - Update command completed successfully.
2025-03-03 01:06:50 [main] INFO  liquibase.ui - Liquibase: Update has been successful. Rows affected: 40
2025-03-03 01:06:50 [main] INFO  liquibase.lockservice - Successfully released change log lock
2025-03-03 01:06:50 [main] INFO  liquibase.command - Command execution complete
2025-03-03 01:06:51 [main] INFO  o.h.jpa.internal.util.LogHelper - HHH000204: Processing PersistenceUnitInfo [name: default]
2025-03-03 01:06:51 [main] INFO  org.hibernate.Version - HHH000412: Hibernate ORM core version 6.5.3.Final
2025-03-03 01:06:51 [main] INFO  o.h.c.i.RegionFactoryInitiator - HHH000026: Second-level cache disabled
2025-03-03 01:06:51 [main] INFO  o.s.o.j.p.SpringPersistenceUnitInfo - No LoadTimeWeaver setup: ignoring JPA class transformer
2025-03-03 01:06:52 [main] INFO  o.h.e.t.j.p.i.JtaPlatformInitiator - HHH000489: No JTA platform available (set 'hibernate.transaction.jta.platform' to enable JTA platform integration)
2025-03-03 01:06:52 [main] INFO  o.s.o.j.LocalContainerEntityManagerFactoryBean - Initialized JPA EntityManagerFactory for persistence unit 'default'
2025-03-03 01:06:53 [main] INFO  o.s.d.j.r.query.QueryEnhancerFactory - Hibernate is in classpath; If applicable, HQL parser will be used.
2025-03-03 01:06:53 [main] INFO  com.track.task.UserJpaTest - Started UserJpaTest in 6.49 seconds (process running for 13.705)
2025-03-03 01:06:55 [SpringApplicationShutdownHook] INFO  o.s.o.j.LocalContainerEntityManagerFactoryBean - Closing JPA EntityManagerFactory for persistence unit 'default'
2025-03-03 01:06:55 [SpringApplicationShutdownHook] INFO  com.zaxxer.hikari.HikariDataSource - HikariPool-1 - Shutdown initiated...
2025-03-03 01:06:55 [SpringApplicationShutdownHook] INFO  com.zaxxer.hikari.HikariDataSource - HikariPool-1 - Shutdown completed.
2025-03-03 01:24:12 [background-preinit] INFO  o.h.validator.internal.util.Version - HV000001: Hibernate Validator 8.0.1.Final
2025-03-03 01:24:12 [main] INFO  c.t.t.UserServiceImplIntegrationTest - Starting UserServiceImplIntegrationTest using Java 22.0.2 with PID 1940 (started by Admin in C:\Users\Admin\Desktop\task)
2025-03-03 01:24:12 [main] INFO  c.t.t.UserServiceImplIntegrationTest - No active profile set, falling back to 1 default profile: "default"
2025-03-03 01:24:14 [main] INFO  o.s.d.r.c.RepositoryConfigurationDelegate - Bootstrapping Spring Data JPA repositories in DEFAULT mode.
2025-03-03 01:24:14 [main] INFO  o.s.d.r.c.RepositoryConfigurationDelegate - Finished Spring Data repository scanning in 86 ms. Found 5 JPA repository interfaces.
2025-03-03 01:24:15 [main] INFO  com.zaxxer.hikari.HikariDataSource - HikariPool-1 - Starting...
2025-03-03 01:24:15 [main] INFO  com.zaxxer.hikari.pool.HikariPool - HikariPool-1 - Added connection org.postgresql.jdbc.PgConnection@46fa2a7e
2025-03-03 01:24:15 [main] INFO  com.zaxxer.hikari.HikariDataSource - HikariPool-1 - Start completed.
2025-03-03 01:24:15 [main] INFO  liquibase.database - Set default schema name to public
2025-03-03 01:24:16 [main] INFO  liquibase.changelog - Creating database history table with name: public.databasechangelog
2025-03-03 01:24:16 [main] INFO  liquibase.changelog - Reading from public.databasechangelog
2025-03-03 01:24:16 [main] INFO  liquibase.lockservice - Successfully acquired change log lock
2025-03-03 01:24:16 [main] INFO  liquibase.command - Using deploymentId: 0954256545
2025-03-03 01:24:16 [main] INFO  liquibase.changelog - Reading from public.databasechangelog
2025-03-03 01:24:16 [main] INFO  liquibase.ui - Running Changeset: db/changelog/01-create-schema.xml::1::xfnet
2025-03-03 01:24:16 [main] WARN  liquibase.executor - schema "private" does not exist, skipping
2025-03-03 01:24:16 [main] INFO  liquibase.changelog - Custom SQL executed
2025-03-03 01:24:16 [main] INFO  liquibase.changelog - Custom SQL executed
2025-03-03 01:24:16 [main] INFO  liquibase.changelog - ChangeSet db/changelog/01-create-schema.xml::1::xfnet ran successfully in 34ms
2025-03-03 01:24:16 [main] INFO  liquibase.ui - Running Changeset: db/changelog/02-create-user-table.xml::2::xfnet
2025-03-03 01:24:16 [main] INFO  liquibase.changelog - Table user created
2025-03-03 01:24:16 [main] INFO  liquibase.changelog - ChangeSet db/changelog/02-create-user-table.xml::2::xfnet ran successfully in 13ms
2025-03-03 01:24:16 [main] INFO  liquibase.ui - Running Changeset: db/changelog/03-create-priority-table.xml::3::xfnet
2025-03-03 01:24:16 [main] INFO  liquibase.changelog - Table priority created
2025-03-03 01:24:16 [main] INFO  liquibase.changelog - ChangeSet db/changelog/03-create-priority-table.xml::3::xfnet ran successfully in 10ms
2025-03-03 01:24:16 [main] INFO  liquibase.ui - Running Changeset: db/changelog/04-create-status-table.xml::4::xfnet
2025-03-03 01:24:16 [main] INFO  liquibase.changelog - Table status created
2025-03-03 01:24:16 [main] INFO  liquibase.changelog - Foreign key constraint added to status (user_id)
2025-03-03 01:24:16 [main] INFO  liquibase.changelog - Unique constraint added to status(title, user_id)
2025-03-03 01:24:16 [main] INFO  liquibase.changelog - ChangeSet db/changelog/04-create-status-table.xml::4::xfnet ran successfully in 20ms
2025-03-03 01:24:16 [main] INFO  liquibase.ui - Running Changeset: db/changelog/05-create-role-table.xml::5::xfnet
2025-03-03 01:24:16 [main] INFO  liquibase.changelog - Table role created
2025-03-03 01:24:16 [main] INFO  liquibase.changelog - ChangeSet db/changelog/05-create-role-table.xml::5::xfnet ran successfully in 22ms
2025-03-03 01:24:16 [main] INFO  liquibase.ui - Running Changeset: db/changelog/06-create-user-roles-table.xml::6::xfnet
2025-03-03 01:24:16 [main] INFO  liquibase.changelog - Table user_roles created
2025-03-03 01:24:16 [main] INFO  liquibase.changelog - Primary key added to user_roles (user_id, role_id)
2025-03-03 01:24:16 [main] INFO  liquibase.changelog - Foreign key constraint added to user_roles (user_id)
2025-03-03 01:24:16 [main] INFO  liquibase.changelog - Foreign key constraint added to user_roles (role_id)
2025-03-03 01:24:16 [main] INFO  liquibase.changelog - ChangeSet db/changelog/06-create-user-roles-table.xml::6::xfnet ran successfully in 34ms
2025-03-03 01:24:16 [main] INFO  liquibase.ui - Running Changeset: db/changelog/07-create-task-table.xml::7::xfnet
2025-03-03 01:24:16 [main] INFO  liquibase.changelog - Table task created
2025-03-03 01:24:16 [main] INFO  liquibase.changelog - Foreign key constraint added to task (priority_id)
2025-03-03 01:24:16 [main] INFO  liquibase.changelog - Foreign key constraint added to task (status_id)
2025-03-03 01:24:16 [main] INFO  liquibase.changelog - Foreign key constraint added to task (user_id)
2025-03-03 01:24:16 [main] INFO  liquibase.changelog - ChangeSet db/changelog/07-create-task-table.xml::7::xfnet ran successfully in 27ms
2025-03-03 01:24:16 [main] INFO  liquibase.ui - Running Changeset: db/changelog/08-create-task-executors-table.xml::8::xfnet
2025-03-03 01:24:16 [main] INFO  liquibase.changelog - Table task_executors created
2025-03-03 01:24:16 [main] INFO  liquibase.changelog - Primary key added to task_executors (task_id, user_id)
2025-03-03 01:24:16 [main] INFO  liquibase.changelog - Foreign key constraint added to task_executors (task_id)
2025-03-03 01:24:16 [main] INFO  liquibase.changelog - Foreign key constraint added to task_executors (user_id)
2025-03-03 01:24:16 [main] INFO  liquibase.changelog - ChangeSet db/changelog/08-create-task-executors-table.xml::8::xfnet ran successfully in 19ms
2025-03-03 01:24:16 [main] INFO  liquibase.ui - Running Changeset: db/changelog/09-create-comment-table.xml::9::xfnet
2025-03-03 01:24:16 [main] INFO  liquibase.changelog - Table comment created
2025-03-03 01:24:16 [main] INFO  liquibase.changelog - Foreign key constraint added to comment (task_id)
2025-03-03 01:24:16 [main] INFO  liquibase.changelog - Foreign key constraint added to comment (user_id)
2025-03-03 01:24:16 [main] INFO  liquibase.changelog - Foreign key constraint added to comment (parent_id)
2025-03-03 01:24:16 [main] INFO  liquibase.changelog - ChangeSet db/changelog/09-create-comment-table.xml::9::xfnet ran successfully in 24ms
2025-03-03 01:24:16 [main] INFO  liquibase.ui - Running Changeset: db/changelog/10-insert-default-data.xml::10::xfnet
2025-03-03 01:24:16 [main] INFO  liquibase.changelog - New row inserted into role
2025-03-03 01:24:16 [main] INFO  liquibase.changelog - New row inserted into role
2025-03-03 01:24:16 [main] INFO  liquibase.changelog - New row inserted into user
2025-03-03 01:24:16 [main] INFO  liquibase.changelog - New row inserted into user
2025-03-03 01:24:16 [main] INFO  liquibase.changelog - New row inserted into user
2025-03-03 01:24:16 [main] INFO  liquibase.changelog - New row inserted into user
2025-03-03 01:24:16 [main] INFO  liquibase.changelog - New row inserted into user
2025-03-03 01:24:16 [main] INFO  liquibase.changelog - New row inserted into user_roles
2025-03-03 01:24:16 [main] INFO  liquibase.changelog - New row inserted into user_roles
2025-03-03 01:24:16 [main] INFO  liquibase.changelog - New row inserted into user_roles
2025-03-03 01:24:16 [main] INFO  liquibase.changelog - New row inserted into user_roles
2025-03-03 01:24:17 [main] INFO  liquibase.changelog - New row inserted into user_roles
2025-03-03 01:24:17 [main] INFO  liquibase.changelog - New row inserted into priority
2025-03-03 01:24:17 [main] INFO  liquibase.changelog - New row inserted into priority
2025-03-03 01:24:17 [main] INFO  liquibase.changelog - New row inserted into priority
2025-03-03 01:24:17 [main] INFO  liquibase.changelog - New row inserted into status
2025-03-03 01:24:17 [main] INFO  liquibase.changelog - New row inserted into status
2025-03-03 01:24:17 [main] INFO  liquibase.changelog - New row inserted into status
2025-03-03 01:24:17 [main] INFO  liquibase.changelog - New row inserted into status
2025-03-03 01:24:17 [main] INFO  liquibase.changelog - New row inserted into status
2025-03-03 01:24:17 [main] INFO  liquibase.changelog - New row inserted into task
2025-03-03 01:24:17 [main] INFO  liquibase.changelog - New row inserted into task
2025-03-03 01:24:17 [main] INFO  liquibase.changelog - New row inserted into task
2025-03-03 01:24:17 [main] INFO  liquibase.changelog - New row inserted into task_executors
2025-03-03 01:24:17 [main] INFO  liquibase.changelog - New row inserted into task_executors
2025-03-03 01:24:17 [main] INFO  liquibase.changelog - New row inserted into task_executors
2025-03-03 01:24:17 [main] INFO  liquibase.changelog - New row inserted into task_executors
2025-03-03 01:24:17 [main] INFO  liquibase.changelog - New row inserted into comment
2025-03-03 01:24:17 [main] INFO  liquibase.changelog - New row inserted into comment
2025-03-03 01:24:17 [main] INFO  liquibase.changelog - New row inserted into comment
2025-03-03 01:24:17 [main] INFO  liquibase.changelog - ChangeSet db/changelog/10-insert-default-data.xml::10::xfnet ran successfully in 128ms
2025-03-03 01:24:17 [main] INFO  liquibase.util - UPDATE SUMMARY
2025-03-03 01:24:17 [main] INFO  liquibase.util - Run:                         10
2025-03-03 01:24:17 [main] INFO  liquibase.util - Previously run:               0
2025-03-03 01:24:17 [main] INFO  liquibase.util - Filtered out:                 0
2025-03-03 01:24:17 [main] INFO  liquibase.util - -------------------------------
2025-03-03 01:24:17 [main] INFO  liquibase.util - Total change sets:           10
2025-03-03 01:24:17 [main] INFO  liquibase.util - Update summary generated
2025-03-03 01:24:17 [main] INFO  liquibase.command - Update command completed successfully.
2025-03-03 01:24:17 [main] INFO  liquibase.ui - Liquibase: Update has been successful. Rows affected: 40
2025-03-03 01:24:17 [main] INFO  liquibase.lockservice - Successfully released change log lock
2025-03-03 01:24:17 [main] INFO  liquibase.command - Command execution complete
2025-03-03 01:24:17 [main] INFO  o.h.jpa.internal.util.LogHelper - HHH000204: Processing PersistenceUnitInfo [name: default]
2025-03-03 01:24:17 [main] INFO  org.hibernate.Version - HHH000412: Hibernate ORM core version 6.5.3.Final
2025-03-03 01:24:17 [main] INFO  o.h.c.i.RegionFactoryInitiator - HHH000026: Second-level cache disabled
2025-03-03 01:24:17 [main] INFO  o.s.o.j.p.SpringPersistenceUnitInfo - No LoadTimeWeaver setup: ignoring JPA class transformer
2025-03-03 01:24:18 [main] INFO  o.h.e.t.j.p.i.JtaPlatformInitiator - HHH000489: No JTA platform available (set 'hibernate.transaction.jta.platform' to enable JTA platform integration)
2025-03-03 01:24:18 [main] INFO  o.s.o.j.LocalContainerEntityManagerFactoryBean - Initialized JPA EntityManagerFactory for persistence unit 'default'
2025-03-03 01:24:19 [main] INFO  o.s.s.c.a.a.c.InitializeAuthenticationProviderBeanManagerConfigurer$InitializeAuthenticationProviderManagerConfigurer - Global AuthenticationManager configured with AuthenticationProvider bean with name authenticationProvider
2025-03-03 01:24:19 [main] WARN  o.s.s.c.a.a.c.InitializeUserDetailsBeanManagerConfigurer$InitializeUserDetailsManagerConfigurer - Global AuthenticationManager configured with an AuthenticationProvider bean. UserDetailsService beans will not be used for username/password login. Consider removing the AuthenticationProvider bean. Alternatively, consider using the UserDetailsService in a manually instantiated DaoAuthenticationProvider.
2025-03-03 01:24:19 [main] INFO  o.s.d.j.r.query.QueryEnhancerFactory - Hibernate is in classpath; If applicable, HQL parser will be used.
2025-03-03 01:24:20 [main] WARN  o.s.b.a.o.j.JpaBaseConfiguration$JpaWebConfiguration - spring.jpa.open-in-view is enabled by default. Therefore, database queries may be performed during view rendering. Explicitly configure spring.jpa.open-in-view to disable this warning
2025-03-03 01:24:21 [main] INFO  c.t.t.UserServiceImplIntegrationTest - Started UserServiceImplIntegrationTest in 9.242 seconds (process running for 15.477)
2025-03-03 01:24:21 [main] INFO  com.track.task.aspect.LoggingAspect - Entering method: UserServiceImpl.add(..)
2025-03-03 01:24:21 [main] INFO  c.t.t.s.user.impl.UserServiceImpl - Add user
2025-03-03 01:24:21 [main] WARN  o.h.e.jdbc.spi.SqlExceptionHelper - SQL Error: 0, SQLState: 23502
2025-03-03 01:24:21 [main] ERROR o.h.e.jdbc.spi.SqlExceptionHelper - ERROR: null value in column "username" of relation "user" violates not-null constraint
  Подробности: Failing row contains (6, concurrent@test.com, null, null, 2025-03-03 01:24:21.682).
2025-03-03 01:24:21 [main] ERROR com.track.task.aspect.LoggingAspect - Exception in method: UserServiceImpl.add(..): could not execute statement [ERROR: null value in column "username" of relation "user" violates not-null constraint
  Подробности: Failing row contains (6, concurrent@test.com, null, null, 2025-03-03 01:24:21.682).] [insert into private."user" (created_at,email,password,username) values (?,?,?,?) returning id]; SQL [insert into private."user" (created_at,email,password,username) values (?,?,?,?) returning id]; constraint [username" of relation "user]
org.springframework.dao.DataIntegrityViolationException: could not execute statement [ERROR: null value in column "username" of relation "user" violates not-null constraint
  Подробности: Failing row contains (6, concurrent@test.com, null, null, 2025-03-03 01:24:21.682).] [insert into private."user" (created_at,email,password,username) values (?,?,?,?) returning id]; SQL [insert into private."user" (created_at,email,password,username) values (?,?,?,?) returning id]; constraint [username" of relation "user]
	at org.springframework.orm.jpa.vendor.HibernateJpaDialect.convertHibernateAccessException(HibernateJpaDialect.java:290)
	at org.springframework.orm.jpa.vendor.HibernateJpaDialect.translateExceptionIfPossible(HibernateJpaDialect.java:241)
	at org.springframework.orm.jpa.AbstractEntityManagerFactoryBean.translateExceptionIfPossible(AbstractEntityManagerFactoryBean.java:550)
	at org.springframework.dao.support.ChainedPersistenceExceptionTranslator.translateExceptionIfPossible(ChainedPersistenceExceptionTranslator.java:61)
	at org.springframework.dao.support.DataAccessUtils.translateIfNecessary(DataAccessUtils.java:335)
	at org.springframework.dao.support.PersistenceExceptionTranslationInterceptor.invoke(PersistenceExceptionTranslationInterceptor.java:160)
	at org.springframework.aop.framework.ReflectiveMethodInvocation.proceed(ReflectiveMethodInvocation.java:184)
	at org.springframework.data.jpa.repository.support.CrudMethodMetadataPostProcessor$CrudMethodMetadataPopulatingMethodInterceptor.invoke(CrudMethodMetadataPostProcessor.java:165)
	at org.springframework.aop.framework.ReflectiveMethodInvocation.proceed(ReflectiveMethodInvocation.java:184)
	at org.springframework.aop.interceptor.ExposeInvocationInterceptor.invoke(ExposeInvocationInterceptor.java:97)
	at org.springframework.aop.framework.ReflectiveMethodInvocation.proceed(ReflectiveMethodInvocation.java:184)
	at org.springframework.aop.framework.JdkDynamicAopProxy.invoke(JdkDynamicAopProxy.java:223)
	at jdk.proxy2/jdk.proxy2.$Proxy181.save(Unknown Source)
	at com.track.task.service.user.impl.UserServiceImpl.add(UserServiceImpl.java:22)
	at java.base/jdk.internal.reflect.DirectMethodHandleAccessor.invoke(DirectMethodHandleAccessor.java:103)
	at java.base/java.lang.reflect.Method.invoke(Method.java:580)
	at org.springframework.aop.support.AopUtils.invokeJoinpointUsingReflection(AopUtils.java:355)
	at org.springframework.aop.framework.ReflectiveMethodInvocation.invokeJoinpoint(ReflectiveMethodInvocation.java:196)
	at org.springframework.aop.framework.ReflectiveMethodInvocation.proceed(ReflectiveMethodInvocation.java:163)
	at org.springframework.aop.framework.CglibAopProxy$CglibMethodInvocation.proceed(CglibAopProxy.java:768)
	at org.springframework.aop.aspectj.MethodInvocationProceedingJoinPoint.proceed(MethodInvocationProceedingJoinPoint.java:89)
	at com.track.task.aspect.LoggingAspect.logMethodExecution(LoggingAspect.java:19)
	at java.base/jdk.internal.reflect.DirectMethodHandleAccessor.invoke(DirectMethodHandleAccessor.java:103)
	at java.base/java.lang.reflect.Method.invoke(Method.java:580)
	at org.springframework.aop.aspectj.AbstractAspectJAdvice.invokeAdviceMethodWithGivenArgs(AbstractAspectJAdvice.java:637)
	at org.springframework.aop.aspectj.AbstractAspectJAdvice.invokeAdviceMethod(AbstractAspectJAdvice.java:627)
	at org.springframework.aop.aspectj.AspectJAroundAdvice.invoke(AspectJAroundAdvice.java:71)
	at org.springframework.aop.framework.ReflectiveMethodInvocation.proceed(ReflectiveMethodInvocation.java:184)
	at org.springframework.aop.framework.CglibAopProxy$CglibMethodInvocation.proceed(CglibAopProxy.java:768)
	at org.springframework.aop.interceptor.ExposeInvocationInterceptor.invoke(ExposeInvocationInterceptor.java:97)
	at org.springframework.aop.framework.ReflectiveMethodInvocation.proceed(ReflectiveMethodInvocation.java:184)
	at org.springframework.aop.framework.CglibAopProxy$CglibMethodInvocation.proceed(CglibAopProxy.java:768)
	at org.springframework.aop.framework.CglibAopProxy$DynamicAdvisedInterceptor.intercept(CglibAopProxy.java:720)
	at com.track.task.service.user.impl.UserServiceImpl$$SpringCGLIB$$0.add(<generated>)
	at com.track.task.UserServiceImplIntegrationTest.concurrentEmailCheckTest(UserServiceImplIntegrationTest.java:74)
	at java.base/jdk.internal.reflect.DirectMethodHandleAccessor.invoke(DirectMethodHandleAccessor.java:103)
	at java.base/java.lang.reflect.Method.invoke(Method.java:580)
	at org.junit.platform.commons.util.ReflectionUtils.invokeMethod(ReflectionUtils.java:728)
	at org.junit.jupiter.engine.execution.MethodInvocation.proceed(MethodInvocation.java:60)
	at org.junit.jupiter.engine.execution.InvocationInterceptorChain$ValidatingInvocation.proceed(InvocationInterceptorChain.java:131)
	at org.junit.jupiter.engine.extension.TimeoutExtension.intercept(TimeoutExtension.java:156)
	at org.junit.jupiter.engine.extension.TimeoutExtension.interceptTestableMethod(TimeoutExtension.java:147)
	at org.junit.jupiter.engine.extension.TimeoutExtension.interceptTestMethod(TimeoutExtension.java:86)
	at org.junit.jupiter.engine.execution.InterceptingExecutableInvoker$ReflectiveInterceptorCall.lambda$ofVoidMethod$0(InterceptingExecutableInvoker.java:103)
	at org.junit.jupiter.engine.execution.InterceptingExecutableInvoker.lambda$invoke$0(InterceptingExecutableInvoker.java:93)
	at org.junit.jupiter.engine.execution.InvocationInterceptorChain$InterceptedInvocation.proceed(InvocationInterceptorChain.java:106)
	at org.junit.jupiter.engine.execution.InvocationInterceptorChain.proceed(InvocationInterceptorChain.java:64)
	at org.junit.jupiter.engine.execution.InvocationInterceptorChain.chainAndInvoke(InvocationInterceptorChain.java:45)
	at org.junit.jupiter.engine.execution.InvocationInterceptorChain.invoke(InvocationInterceptorChain.java:37)
	at org.junit.jupiter.engine.execution.InterceptingExecutableInvoker.invoke(InterceptingExecutableInvoker.java:92)
	at org.junit.jupiter.engine.execution.InterceptingExecutableInvoker.invoke(InterceptingExecutableInvoker.java:86)
	at org.junit.jupiter.engine.descriptor.TestMethodTestDescriptor.lambda$invokeTestMethod$7(TestMethodTestDescriptor.java:218)
	at org.junit.platform.engine.support.hierarchical.ThrowableCollector.execute(ThrowableCollector.java:73)
	at org.junit.jupiter.engine.descriptor.TestMethodTestDescriptor.invokeTestMethod(TestMethodTestDescriptor.java:214)
	at org.junit.jupiter.engine.descriptor.TestMethodTestDescriptor.execute(TestMethodTestDescriptor.java:139)
	at org.junit.jupiter.engine.descriptor.TestMethodTestDescriptor.execute(TestMethodTestDescriptor.java:69)
	at org.junit.platform.engine.support.hierarchical.NodeTestTask.lambda$executeRecursively$6(NodeTestTask.java:156)
	at org.junit.platform.engine.support.hierarchical.ThrowableCollector.execute(ThrowableCollector.java:73)
	at org.junit.platform.engine.support.hierarchical.NodeTestTask.lambda$executeRecursively$8(NodeTestTask.java:146)
	at org.junit.platform.engine.support.hierarchical.Node.around(Node.java:137)
	at org.junit.platform.engine.support.hierarchical.NodeTestTask.lambda$executeRecursively$9(NodeTestTask.java:144)
	at org.junit.platform.engine.support.hierarchical.ThrowableCollector.execute(ThrowableCollector.java:73)
	at org.junit.platform.engine.support.hierarchical.NodeTestTask.executeRecursively(NodeTestTask.java:143)
	at org.junit.platform.engine.support.hierarchical.NodeTestTask.execute(NodeTestTask.java:100)
	at java.base/java.util.ArrayList.forEach(ArrayList.java:1597)
	at org.junit.platform.engine.support.hierarchical.SameThreadHierarchicalTestExecutorService.invokeAll(SameThreadHierarchicalTestExecutorService.java:41)
	at org.junit.platform.engine.support.hierarchical.NodeTestTask.lambda$executeRecursively$6(NodeTestTask.java:160)
	at org.junit.platform.engine.support.hierarchical.ThrowableCollector.execute(ThrowableCollector.java:73)
	at org.junit.platform.engine.support.hierarchical.NodeTestTask.lambda$executeRecursively$8(NodeTestTask.java:146)
	at org.junit.platform.engine.support.hierarchical.Node.around(Node.java:137)
	at org.junit.platform.engine.support.hierarchical.NodeTestTask.lambda$executeRecursively$9(NodeTestTask.java:144)
	at org.junit.platform.engine.support.hierarchical.ThrowableCollector.execute(ThrowableCollector.java:73)
	at org.junit.platform.engine.support.hierarchical.NodeTestTask.executeRecursively(NodeTestTask.java:143)
	at org.junit.platform.engine.support.hierarchical.NodeTestTask.execute(NodeTestTask.java:100)
	at java.base/java.util.ArrayList.forEach(ArrayList.java:1597)
	at org.junit.platform.engine.support.hierarchical.SameThreadHierarchicalTestExecutorService.invokeAll(SameThreadHierarchicalTestExecutorService.java:41)
	at org.junit.platform.engine.support.hierarchical.NodeTestTask.lambda$executeRecursively$6(NodeTestTask.java:160)
	at org.junit.platform.engine.support.hierarchical.ThrowableCollector.execute(ThrowableCollector.java:73)
	at org.junit.platform.engine.support.hierarchical.NodeTestTask.lambda$executeRecursively$8(NodeTestTask.java:146)
	at org.junit.platform.engine.support.hierarchical.Node.around(Node.java:137)
	at org.junit.platform.engine.support.hierarchical.NodeTestTask.lambda$executeRecursively$9(NodeTestTask.java:144)
	at org.junit.platform.engine.support.hierarchical.ThrowableCollector.execute(ThrowableCollector.java:73)
	at org.junit.platform.engine.support.hierarchical.NodeTestTask.executeRecursively(NodeTestTask.java:143)
	at org.junit.platform.engine.support.hierarchical.NodeTestTask.execute(NodeTestTask.java:100)
	at org.junit.platform.engine.support.hierarchical.SameThreadHierarchicalTestExecutorService.submit(SameThreadHierarchicalTestExecutorService.java:35)
	at org.junit.platform.engine.support.hierarchical.HierarchicalTestExecutor.execute(HierarchicalTestExecutor.java:57)
	at org.junit.platform.engine.support.hierarchical.HierarchicalTestEngine.execute(HierarchicalTestEngine.java:54)
	at org.junit.platform.launcher.core.EngineExecutionOrchestrator.execute(EngineExecutionOrchestrator.java:198)
	at org.junit.platform.launcher.core.EngineExecutionOrchestrator.execute(EngineExecutionOrchestrator.java:169)
	at org.junit.platform.launcher.core.EngineExecutionOrchestrator.execute(EngineExecutionOrchestrator.java:93)
	at org.junit.platform.launcher.core.EngineExecutionOrchestrator.lambda$execute$0(EngineExecutionOrchestrator.java:58)
	at org.junit.platform.launcher.core.EngineExecutionOrchestrator.withInterceptedStreams(EngineExecutionOrchestrator.java:141)
	at org.junit.platform.launcher.core.EngineExecutionOrchestrator.execute(EngineExecutionOrchestrator.java:57)
	at org.junit.platform.launcher.core.DefaultLauncher.execute(DefaultLauncher.java:103)
	at org.junit.platform.launcher.core.DefaultLauncher.execute(DefaultLauncher.java:85)
	at org.junit.platform.launcher.core.DelegatingLauncher.execute(DelegatingLauncher.java:47)
	at org.junit.platform.launcher.core.SessionPerRequestLauncher.execute(SessionPerRequestLauncher.java:63)
	at com.intellij.junit5.JUnit5IdeaTestRunner.startRunnerWithArgs(JUnit5IdeaTestRunner.java:57)
	at com.intellij.rt.junit.IdeaTestRunner$Repeater$1.execute(IdeaTestRunner.java:38)
	at com.intellij.rt.execution.junit.TestsRepeater.repeat(TestsRepeater.java:11)
	at com.intellij.rt.junit.IdeaTestRunner$Repeater.startRunnerWithArgs(IdeaTestRunner.java:35)
	at com.intellij.rt.junit.JUnitStarter.prepareStreamsAndStart(JUnitStarter.java:232)
	at com.intellij.rt.junit.JUnitStarter.main(JUnitStarter.java:55)
Caused by: org.hibernate.exception.ConstraintViolationException: could not execute statement [ERROR: null value in column "username" of relation "user" violates not-null constraint
  Подробности: Failing row contains (6, concurrent@test.com, null, null, 2025-03-03 01:24:21.682).] [insert into private."user" (created_at,email,password,username) values (?,?,?,?) returning id]
	at org.hibernate.exception.internal.SQLStateConversionDelegate.convert(SQLStateConversionDelegate.java:97)
	at org.hibernate.exception.internal.StandardSQLExceptionConverter.convert(StandardSQLExceptionConverter.java:58)
	at org.hibernate.engine.jdbc.spi.SqlExceptionHelper.convert(SqlExceptionHelper.java:108)
	at org.hibernate.engine.jdbc.internal.ResultSetReturnImpl.execute(ResultSetReturnImpl.java:145)
	at org.hibernate.id.insert.InsertReturningDelegate.executeAndExtractReturning(InsertReturningDelegate.java:96)
	at org.hibernate.id.insert.AbstractReturningDelegate.performMutation(AbstractReturningDelegate.java:58)
	at org.hibernate.engine.jdbc.mutation.internal.MutationExecutorSingleNonBatched.performNonBatchedOperations(MutationExecutorSingleNonBatched.java:47)
	at org.hibernate.engine.jdbc.mutation.internal.AbstractMutationExecutor.execute(AbstractMutationExecutor.java:55)
	at org.hibernate.persister.entity.mutation.InsertCoordinatorStandard.doStaticInserts(InsertCoordinatorStandard.java:194)
	at org.hibernate.persister.entity.mutation.InsertCoordinatorStandard.coordinateInsert(InsertCoordinatorStandard.java:132)
	at org.hibernate.persister.entity.mutation.InsertCoordinatorStandard.insert(InsertCoordinatorStandard.java:95)
	at org.hibernate.action.internal.EntityIdentityInsertAction.execute(EntityIdentityInsertAction.java:85)
	at org.hibernate.engine.spi.ActionQueue.execute(ActionQueue.java:671)
	at org.hibernate.engine.spi.ActionQueue.addResolvedEntityInsertAction(ActionQueue.java:292)
	at org.hibernate.engine.spi.ActionQueue.addInsertAction(ActionQueue.java:273)
	at org.hibernate.engine.spi.ActionQueue.addAction(ActionQueue.java:323)
	at org.hibernate.event.internal.AbstractSaveEventListener.addInsertAction(AbstractSaveEventListener.java:391)
	at org.hibernate.event.internal.AbstractSaveEventListener.performSaveOrReplicate(AbstractSaveEventListener.java:305)
	at org.hibernate.event.internal.AbstractSaveEventListener.performSave(AbstractSaveEventListener.java:224)
	at org.hibernate.event.internal.AbstractSaveEventListener.saveWithGeneratedId(AbstractSaveEventListener.java:137)
	at org.hibernate.event.internal.DefaultPersistEventListener.entityIsTransient(DefaultPersistEventListener.java:175)
	at org.hibernate.event.internal.DefaultPersistEventListener.persist(DefaultPersistEventListener.java:93)
	at org.hibernate.event.internal.DefaultPersistEventListener.onPersist(DefaultPersistEventListener.java:77)
	at org.hibernate.event.internal.DefaultPersistEventListener.onPersist(DefaultPersistEventListener.java:54)
	at org.hibernate.event.service.internal.EventListenerGroupImpl.fireEventOnEachListener(EventListenerGroupImpl.java:127)
	at org.hibernate.internal.SessionImpl.firePersist(SessionImpl.java:757)
	at org.hibernate.internal.SessionImpl.persist(SessionImpl.java:741)
	at java.base/jdk.internal.reflect.DirectMethodHandleAccessor.invoke(DirectMethodHandleAccessor.java:103)
	at java.base/java.lang.reflect.Method.invoke(Method.java:580)
	at org.springframework.orm.jpa.SharedEntityManagerCreator$SharedEntityManagerInvocationHandler.invoke(SharedEntityManagerCreator.java:319)
	at jdk.proxy2/jdk.proxy2.$Proxy178.persist(Unknown Source)
	at org.springframework.data.jpa.repository.support.SimpleJpaRepository.save(SimpleJpaRepository.java:628)
	at java.base/jdk.internal.reflect.DirectMethodHandleAccessor.invoke(DirectMethodHandleAccessor.java:103)
	at java.base/java.lang.reflect.Method.invoke(Method.java:580)
	at org.springframework.aop.support.AopUtils.invokeJoinpointUsingReflection(AopUtils.java:355)
	at org.springframework.data.repository.core.support.RepositoryMethodInvoker$RepositoryFragmentMethodInvoker.lambda$new$0(RepositoryMethodInvoker.java:277)
	at org.springframework.data.repository.core.support.RepositoryMethodInvoker.doInvoke(RepositoryMethodInvoker.java:170)
	at org.springframework.data.repository.core.support.RepositoryMethodInvoker.invoke(RepositoryMethodInvoker.java:158)
	at org.springframework.data.repository.core.support.RepositoryComposition$RepositoryFragments.invoke(RepositoryComposition.java:516)
	at org.springframework.data.repository.core.support.RepositoryComposition.invoke(RepositoryComposition.java:285)
	at org.springframework.data.repository.core.support.RepositoryFactorySupport$ImplementationMethodExecutionInterceptor.invoke(RepositoryFactorySupport.java:628)
	at org.springframework.aop.framework.ReflectiveMethodInvocation.proceed(ReflectiveMethodInvocation.java:184)
	at org.springframework.data.repository.core.support.QueryExecutorMethodInterceptor.doInvoke(QueryExecutorMethodInterceptor.java:173)
	at org.springframework.data.repository.core.support.QueryExecutorMethodInterceptor.invoke(QueryExecutorMethodInterceptor.java:148)
	at org.springframework.aop.framework.ReflectiveMethodInvocation.proceed(ReflectiveMethodInvocation.java:184)
	at org.springframework.data.projection.DefaultMethodInvokingMethodInterceptor.invoke(DefaultMethodInvokingMethodInterceptor.java:70)
	at org.springframework.aop.framework.ReflectiveMethodInvocation.proceed(ReflectiveMethodInvocation.java:184)
	at org.springframework.transaction.interceptor.TransactionAspectSupport.invokeWithinTransaction(TransactionAspectSupport.java:379)
	at org.springframework.transaction.interceptor.TransactionInterceptor.invoke(TransactionInterceptor.java:119)
	at org.springframework.aop.framework.ReflectiveMethodInvocation.proceed(ReflectiveMethodInvocation.java:184)
	at org.springframework.dao.support.PersistenceExceptionTranslationInterceptor.invoke(PersistenceExceptionTranslationInterceptor.java:138)
	... 97 common frames omitted
Caused by: org.postgresql.util.PSQLException: ERROR: null value in column "username" of relation "user" violates not-null constraint
  Подробности: Failing row contains (6, concurrent@test.com, null, null, 2025-03-03 01:24:21.682).
	at org.postgresql.core.v3.QueryExecutorImpl.receiveErrorResponse(QueryExecutorImpl.java:2733)
	at org.postgresql.core.v3.QueryExecutorImpl.processResults(QueryExecutorImpl.java:2420)
	at org.postgresql.core.v3.QueryExecutorImpl.execute(QueryExecutorImpl.java:372)
	at org.postgresql.jdbc.PgStatement.executeInternal(PgStatement.java:517)
	at org.postgresql.jdbc.PgStatement.execute(PgStatement.java:434)
	at org.postgresql.jdbc.PgPreparedStatement.executeWithFlags(PgPreparedStatement.java:194)
	at org.postgresql.jdbc.PgPreparedStatement.execute(PgPreparedStatement.java:180)
	at com.zaxxer.hikari.pool.ProxyPreparedStatement.execute(ProxyPreparedStatement.java:44)
	at com.zaxxer.hikari.pool.HikariProxyPreparedStatement.execute(HikariProxyPreparedStatement.java)
	at org.hibernate.engine.jdbc.internal.ResultSetReturnImpl.execute(ResultSetReturnImpl.java:129)
	... 144 common frames omitted
2025-03-03 01:24:21 [main] INFO  com.track.task.aspect.LoggingAspect - Entering method: UserServiceImpl.add(..)
2025-03-03 01:24:21 [main] INFO  c.t.t.s.user.impl.UserServiceImpl - Add user
2025-03-03 01:24:21 [main] INFO  com.track.task.aspect.LoggingAspect - Exiting method: UserServiceImpl.add(..) with result: null
2025-03-03 01:24:21 [main] INFO  com.track.task.aspect.LoggingAspect - Entering method: UserServiceImpl.getUserByEmail(..)
2025-03-03 01:24:21 [main] INFO  c.t.t.s.user.impl.UserServiceImpl - Get user by email
2025-03-03 01:24:21 [main] INFO  com.track.task.aspect.LoggingAspect - Exiting method: UserServiceImpl.getUserByEmail(..) with result: [FAILED toString()]
2025-03-03 01:24:22 [main] INFO  com.track.task.aspect.LoggingAspect - Entering method: UserServiceImpl.existsByEmail(..)
2025-03-03 01:24:22 [main] INFO  c.t.t.s.user.impl.UserServiceImpl - Exists user by email
2025-03-03 01:24:22 [main] INFO  com.track.task.aspect.LoggingAspect - Exiting method: UserServiceImpl.existsByEmail(..) with result: true
2025-03-03 01:24:22 [main] INFO  com.track.task.aspect.LoggingAspect - Entering method: UserServiceImpl.getUserById(..)
2025-03-03 01:24:22 [main] INFO  c.t.t.s.user.impl.UserServiceImpl - Get user by id
2025-03-03 01:24:22 [main] INFO  com.track.task.aspect.LoggingAspect - Exiting method: UserServiceImpl.getUserById(..) with result: Optional.empty
2025-03-03 01:24:22 [main] INFO  com.track.task.aspect.LoggingAspect - Entering method: UserServiceImpl.add(..)
2025-03-03 01:24:22 [main] INFO  c.t.t.s.user.impl.UserServiceImpl - Add user
2025-03-03 01:24:22 [main] WARN  o.h.e.jdbc.spi.SqlExceptionHelper - SQL Error: 0, SQLState: 23502
2025-03-03 01:24:22 [main] ERROR o.h.e.jdbc.spi.SqlExceptionHelper - ERROR: null value in column "username" of relation "user" violates not-null constraint
  Подробности: Failing row contains (8, unique@test.com, null, null, 2025-03-03 01:24:22.093).
2025-03-03 01:24:22 [main] ERROR com.track.task.aspect.LoggingAspect - Exception in method: UserServiceImpl.add(..): could not execute statement [ERROR: null value in column "username" of relation "user" violates not-null constraint
  Подробности: Failing row contains (8, unique@test.com, null, null, 2025-03-03 01:24:22.093).] [insert into private."user" (created_at,email,password,username) values (?,?,?,?) returning id]; SQL [insert into private."user" (created_at,email,password,username) values (?,?,?,?) returning id]; constraint [username" of relation "user]
org.springframework.dao.DataIntegrityViolationException: could not execute statement [ERROR: null value in column "username" of relation "user" violates not-null constraint
  Подробности: Failing row contains (8, unique@test.com, null, null, 2025-03-03 01:24:22.093).] [insert into private."user" (created_at,email,password,username) values (?,?,?,?) returning id]; SQL [insert into private."user" (created_at,email,password,username) values (?,?,?,?) returning id]; constraint [username" of relation "user]
	at org.springframework.orm.jpa.vendor.HibernateJpaDialect.convertHibernateAccessException(HibernateJpaDialect.java:290)
	at org.springframework.orm.jpa.vendor.HibernateJpaDialect.translateExceptionIfPossible(HibernateJpaDialect.java:241)
	at org.springframework.orm.jpa.AbstractEntityManagerFactoryBean.translateExceptionIfPossible(AbstractEntityManagerFactoryBean.java:550)
	at org.springframework.dao.support.ChainedPersistenceExceptionTranslator.translateExceptionIfPossible(ChainedPersistenceExceptionTranslator.java:61)
	at org.springframework.dao.support.DataAccessUtils.translateIfNecessary(DataAccessUtils.java:335)
	at org.springframework.dao.support.PersistenceExceptionTranslationInterceptor.invoke(PersistenceExceptionTranslationInterceptor.java:160)
	at org.springframework.aop.framework.ReflectiveMethodInvocation.proceed(ReflectiveMethodInvocation.java:184)
	at org.springframework.data.jpa.repository.support.CrudMethodMetadataPostProcessor$CrudMethodMetadataPopulatingMethodInterceptor.invoke(CrudMethodMetadataPostProcessor.java:165)
	at org.springframework.aop.framework.ReflectiveMethodInvocation.proceed(ReflectiveMethodInvocation.java:184)
	at org.springframework.aop.interceptor.ExposeInvocationInterceptor.invoke(ExposeInvocationInterceptor.java:97)
	at org.springframework.aop.framework.ReflectiveMethodInvocation.proceed(ReflectiveMethodInvocation.java:184)
	at org.springframework.aop.framework.JdkDynamicAopProxy.invoke(JdkDynamicAopProxy.java:223)
	at jdk.proxy2/jdk.proxy2.$Proxy181.save(Unknown Source)
	at com.track.task.service.user.impl.UserServiceImpl.add(UserServiceImpl.java:22)
	at java.base/jdk.internal.reflect.DirectMethodHandleAccessor.invoke(DirectMethodHandleAccessor.java:103)
	at java.base/java.lang.reflect.Method.invoke(Method.java:580)
	at org.springframework.aop.support.AopUtils.invokeJoinpointUsingReflection(AopUtils.java:355)
	at org.springframework.aop.framework.ReflectiveMethodInvocation.invokeJoinpoint(ReflectiveMethodInvocation.java:196)
	at org.springframework.aop.framework.ReflectiveMethodInvocation.proceed(ReflectiveMethodInvocation.java:163)
	at org.springframework.aop.framework.CglibAopProxy$CglibMethodInvocation.proceed(CglibAopProxy.java:768)
	at org.springframework.aop.aspectj.MethodInvocationProceedingJoinPoint.proceed(MethodInvocationProceedingJoinPoint.java:89)
	at com.track.task.aspect.LoggingAspect.logMethodExecution(LoggingAspect.java:19)
	at java.base/jdk.internal.reflect.DirectMethodHandleAccessor.invoke(DirectMethodHandleAccessor.java:103)
	at java.base/java.lang.reflect.Method.invoke(Method.java:580)
	at org.springframework.aop.aspectj.AbstractAspectJAdvice.invokeAdviceMethodWithGivenArgs(AbstractAspectJAdvice.java:637)
	at org.springframework.aop.aspectj.AbstractAspectJAdvice.invokeAdviceMethod(AbstractAspectJAdvice.java:627)
	at org.springframework.aop.aspectj.AspectJAroundAdvice.invoke(AspectJAroundAdvice.java:71)
	at org.springframework.aop.framework.ReflectiveMethodInvocation.proceed(ReflectiveMethodInvocation.java:184)
	at org.springframework.aop.framework.CglibAopProxy$CglibMethodInvocation.proceed(CglibAopProxy.java:768)
	at org.springframework.aop.interceptor.ExposeInvocationInterceptor.invoke(ExposeInvocationInterceptor.java:97)
	at org.springframework.aop.framework.ReflectiveMethodInvocation.proceed(ReflectiveMethodInvocation.java:184)
	at org.springframework.aop.framework.CglibAopProxy$CglibMethodInvocation.proceed(CglibAopProxy.java:768)
	at org.springframework.aop.framework.CglibAopProxy$DynamicAdvisedInterceptor.intercept(CglibAopProxy.java:720)
	at com.track.task.service.user.impl.UserServiceImpl$$SpringCGLIB$$0.add(<generated>)
	at com.track.task.UserServiceImplIntegrationTest.uniqueEmailConstraintTest(UserServiceImplIntegrationTest.java:88)
	at java.base/jdk.internal.reflect.DirectMethodHandleAccessor.invoke(DirectMethodHandleAccessor.java:103)
	at java.base/java.lang.reflect.Method.invoke(Method.java:580)
	at org.junit.platform.commons.util.ReflectionUtils.invokeMethod(ReflectionUtils.java:728)
	at org.junit.jupiter.engine.execution.MethodInvocation.proceed(MethodInvocation.java:60)
	at org.junit.jupiter.engine.execution.InvocationInterceptorChain$ValidatingInvocation.proceed(InvocationInterceptorChain.java:131)
	at org.junit.jupiter.engine.extension.TimeoutExtension.intercept(TimeoutExtension.java:156)
	at org.junit.jupiter.engine.extension.TimeoutExtension.interceptTestableMethod(TimeoutExtension.java:147)
	at org.junit.jupiter.engine.extension.TimeoutExtension.interceptTestMethod(TimeoutExtension.java:86)
	at org.junit.jupiter.engine.execution.InterceptingExecutableInvoker$ReflectiveInterceptorCall.lambda$ofVoidMethod$0(InterceptingExecutableInvoker.java:103)
	at org.junit.jupiter.engine.execution.InterceptingExecutableInvoker.lambda$invoke$0(InterceptingExecutableInvoker.java:93)
	at org.junit.jupiter.engine.execution.InvocationInterceptorChain$InterceptedInvocation.proceed(InvocationInterceptorChain.java:106)
	at org.junit.jupiter.engine.execution.InvocationInterceptorChain.proceed(InvocationInterceptorChain.java:64)
	at org.junit.jupiter.engine.execution.InvocationInterceptorChain.chainAndInvoke(InvocationInterceptorChain.java:45)
	at org.junit.jupiter.engine.execution.InvocationInterceptorChain.invoke(InvocationInterceptorChain.java:37)
	at org.junit.jupiter.engine.execution.InterceptingExecutableInvoker.invoke(InterceptingExecutableInvoker.java:92)
	at org.junit.jupiter.engine.execution.InterceptingExecutableInvoker.invoke(InterceptingExecutableInvoker.java:86)
	at org.junit.jupiter.engine.descriptor.TestMethodTestDescriptor.lambda$invokeTestMethod$7(TestMethodTestDescriptor.java:218)
	at org.junit.platform.engine.support.hierarchical.ThrowableCollector.execute(ThrowableCollector.java:73)
	at org.junit.jupiter.engine.descriptor.TestMethodTestDescriptor.invokeTestMethod(TestMethodTestDescriptor.java:214)
	at org.junit.jupiter.engine.descriptor.TestMethodTestDescriptor.execute(TestMethodTestDescriptor.java:139)
	at org.junit.jupiter.engine.descriptor.TestMethodTestDescriptor.execute(TestMethodTestDescriptor.java:69)
	at org.junit.platform.engine.support.hierarchical.NodeTestTask.lambda$executeRecursively$6(NodeTestTask.java:156)
	at org.junit.platform.engine.support.hierarchical.ThrowableCollector.execute(ThrowableCollector.java:73)
	at org.junit.platform.engine.support.hierarchical.NodeTestTask.lambda$executeRecursively$8(NodeTestTask.java:146)
	at org.junit.platform.engine.support.hierarchical.Node.around(Node.java:137)
	at org.junit.platform.engine.support.hierarchical.NodeTestTask.lambda$executeRecursively$9(NodeTestTask.java:144)
	at org.junit.platform.engine.support.hierarchical.ThrowableCollector.execute(ThrowableCollector.java:73)
	at org.junit.platform.engine.support.hierarchical.NodeTestTask.executeRecursively(NodeTestTask.java:143)
	at org.junit.platform.engine.support.hierarchical.NodeTestTask.execute(NodeTestTask.java:100)
	at java.base/java.util.ArrayList.forEach(ArrayList.java:1597)
	at org.junit.platform.engine.support.hierarchical.SameThreadHierarchicalTestExecutorService.invokeAll(SameThreadHierarchicalTestExecutorService.java:41)
	at org.junit.platform.engine.support.hierarchical.NodeTestTask.lambda$executeRecursively$6(NodeTestTask.java:160)
	at org.junit.platform.engine.support.hierarchical.ThrowableCollector.execute(ThrowableCollector.java:73)
	at org.junit.platform.engine.support.hierarchical.NodeTestTask.lambda$executeRecursively$8(NodeTestTask.java:146)
	at org.junit.platform.engine.support.hierarchical.Node.around(Node.java:137)
	at org.junit.platform.engine.support.hierarchical.NodeTestTask.lambda$executeRecursively$9(NodeTestTask.java:144)
	at org.junit.platform.engine.support.hierarchical.ThrowableCollector.execute(ThrowableCollector.java:73)
	at org.junit.platform.engine.support.hierarchical.NodeTestTask.executeRecursively(NodeTestTask.java:143)
	at org.junit.platform.engine.support.hierarchical.NodeTestTask.execute(NodeTestTask.java:100)
	at java.base/java.util.ArrayList.forEach(ArrayList.java:1597)
	at org.junit.platform.engine.support.hierarchical.SameThreadHierarchicalTestExecutorService.invokeAll(SameThreadHierarchicalTestExecutorService.java:41)
	at org.junit.platform.engine.support.hierarchical.NodeTestTask.lambda$executeRecursively$6(NodeTestTask.java:160)
	at org.junit.platform.engine.support.hierarchical.ThrowableCollector.execute(ThrowableCollector.java:73)
	at org.junit.platform.engine.support.hierarchical.NodeTestTask.lambda$executeRecursively$8(NodeTestTask.java:146)
	at org.junit.platform.engine.support.hierarchical.Node.around(Node.java:137)
	at org.junit.platform.engine.support.hierarchical.NodeTestTask.lambda$executeRecursively$9(NodeTestTask.java:144)
	at org.junit.platform.engine.support.hierarchical.ThrowableCollector.execute(ThrowableCollector.java:73)
	at org.junit.platform.engine.support.hierarchical.NodeTestTask.executeRecursively(NodeTestTask.java:143)
	at org.junit.platform.engine.support.hierarchical.NodeTestTask.execute(NodeTestTask.java:100)
	at org.junit.platform.engine.support.hierarchical.SameThreadHierarchicalTestExecutorService.submit(SameThreadHierarchicalTestExecutorService.java:35)
	at org.junit.platform.engine.support.hierarchical.HierarchicalTestExecutor.execute(HierarchicalTestExecutor.java:57)
	at org.junit.platform.engine.support.hierarchical.HierarchicalTestEngine.execute(HierarchicalTestEngine.java:54)
	at org.junit.platform.launcher.core.EngineExecutionOrchestrator.execute(EngineExecutionOrchestrator.java:198)
	at org.junit.platform.launcher.core.EngineExecutionOrchestrator.execute(EngineExecutionOrchestrator.java:169)
	at org.junit.platform.launcher.core.EngineExecutionOrchestrator.execute(EngineExecutionOrchestrator.java:93)
	at org.junit.platform.launcher.core.EngineExecutionOrchestrator.lambda$execute$0(EngineExecutionOrchestrator.java:58)
	at org.junit.platform.launcher.core.EngineExecutionOrchestrator.withInterceptedStreams(EngineExecutionOrchestrator.java:141)
	at org.junit.platform.launcher.core.EngineExecutionOrchestrator.execute(EngineExecutionOrchestrator.java:57)
	at org.junit.platform.launcher.core.DefaultLauncher.execute(DefaultLauncher.java:103)
	at org.junit.platform.launcher.core.DefaultLauncher.execute(DefaultLauncher.java:85)
	at org.junit.platform.launcher.core.DelegatingLauncher.execute(DelegatingLauncher.java:47)
	at org.junit.platform.launcher.core.SessionPerRequestLauncher.execute(SessionPerRequestLauncher.java:63)
	at com.intellij.junit5.JUnit5IdeaTestRunner.startRunnerWithArgs(JUnit5IdeaTestRunner.java:57)
	at com.intellij.rt.junit.IdeaTestRunner$Repeater$1.execute(IdeaTestRunner.java:38)
	at com.intellij.rt.execution.junit.TestsRepeater.repeat(TestsRepeater.java:11)
	at com.intellij.rt.junit.IdeaTestRunner$Repeater.startRunnerWithArgs(IdeaTestRunner.java:35)
	at com.intellij.rt.junit.JUnitStarter.prepareStreamsAndStart(JUnitStarter.java:232)
	at com.intellij.rt.junit.JUnitStarter.main(JUnitStarter.java:55)
Caused by: org.hibernate.exception.ConstraintViolationException: could not execute statement [ERROR: null value in column "username" of relation "user" violates not-null constraint
  Подробности: Failing row contains (8, unique@test.com, null, null, 2025-03-03 01:24:22.093).] [insert into private."user" (created_at,email,password,username) values (?,?,?,?) returning id]
	at org.hibernate.exception.internal.SQLStateConversionDelegate.convert(SQLStateConversionDelegate.java:97)
	at org.hibernate.exception.internal.StandardSQLExceptionConverter.convert(StandardSQLExceptionConverter.java:58)
	at org.hibernate.engine.jdbc.spi.SqlExceptionHelper.convert(SqlExceptionHelper.java:108)
	at org.hibernate.engine.jdbc.internal.ResultSetReturnImpl.execute(ResultSetReturnImpl.java:145)
	at org.hibernate.id.insert.InsertReturningDelegate.executeAndExtractReturning(InsertReturningDelegate.java:96)
	at org.hibernate.id.insert.AbstractReturningDelegate.performMutation(AbstractReturningDelegate.java:58)
	at org.hibernate.engine.jdbc.mutation.internal.MutationExecutorSingleNonBatched.performNonBatchedOperations(MutationExecutorSingleNonBatched.java:47)
	at org.hibernate.engine.jdbc.mutation.internal.AbstractMutationExecutor.execute(AbstractMutationExecutor.java:55)
	at org.hibernate.persister.entity.mutation.InsertCoordinatorStandard.doStaticInserts(InsertCoordinatorStandard.java:194)
	at org.hibernate.persister.entity.mutation.InsertCoordinatorStandard.coordinateInsert(InsertCoordinatorStandard.java:132)
	at org.hibernate.persister.entity.mutation.InsertCoordinatorStandard.insert(InsertCoordinatorStandard.java:95)
	at org.hibernate.action.internal.EntityIdentityInsertAction.execute(EntityIdentityInsertAction.java:85)
	at org.hibernate.engine.spi.ActionQueue.execute(ActionQueue.java:671)
	at org.hibernate.engine.spi.ActionQueue.addResolvedEntityInsertAction(ActionQueue.java:292)
	at org.hibernate.engine.spi.ActionQueue.addInsertAction(ActionQueue.java:273)
	at org.hibernate.engine.spi.ActionQueue.addAction(ActionQueue.java:323)
	at org.hibernate.event.internal.AbstractSaveEventListener.addInsertAction(AbstractSaveEventListener.java:391)
	at org.hibernate.event.internal.AbstractSaveEventListener.performSaveOrReplicate(AbstractSaveEventListener.java:305)
	at org.hibernate.event.internal.AbstractSaveEventListener.performSave(AbstractSaveEventListener.java:224)
	at org.hibernate.event.internal.AbstractSaveEventListener.saveWithGeneratedId(AbstractSaveEventListener.java:137)
	at org.hibernate.event.internal.DefaultPersistEventListener.entityIsTransient(DefaultPersistEventListener.java:175)
	at org.hibernate.event.internal.DefaultPersistEventListener.persist(DefaultPersistEventListener.java:93)
	at org.hibernate.event.internal.DefaultPersistEventListener.onPersist(DefaultPersistEventListener.java:77)
	at org.hibernate.event.internal.DefaultPersistEventListener.onPersist(DefaultPersistEventListener.java:54)
	at org.hibernate.event.service.internal.EventListenerGroupImpl.fireEventOnEachListener(EventListenerGroupImpl.java:127)
	at org.hibernate.internal.SessionImpl.firePersist(SessionImpl.java:757)
	at org.hibernate.internal.SessionImpl.persist(SessionImpl.java:741)
	at java.base/jdk.internal.reflect.DirectMethodHandleAccessor.invoke(DirectMethodHandleAccessor.java:103)
	at java.base/java.lang.reflect.Method.invoke(Method.java:580)
	at org.springframework.orm.jpa.SharedEntityManagerCreator$SharedEntityManagerInvocationHandler.invoke(SharedEntityManagerCreator.java:319)
	at jdk.proxy2/jdk.proxy2.$Proxy178.persist(Unknown Source)
	at org.springframework.data.jpa.repository.support.SimpleJpaRepository.save(SimpleJpaRepository.java:628)
	at java.base/jdk.internal.reflect.DirectMethodHandleAccessor.invoke(DirectMethodHandleAccessor.java:103)
	at java.base/java.lang.reflect.Method.invoke(Method.java:580)
	at org.springframework.aop.support.AopUtils.invokeJoinpointUsingReflection(AopUtils.java:355)
	at org.springframework.data.repository.core.support.RepositoryMethodInvoker$RepositoryFragmentMethodInvoker.lambda$new$0(RepositoryMethodInvoker.java:277)
	at org.springframework.data.repository.core.support.RepositoryMethodInvoker.doInvoke(RepositoryMethodInvoker.java:170)
	at org.springframework.data.repository.core.support.RepositoryMethodInvoker.invoke(RepositoryMethodInvoker.java:158)
	at org.springframework.data.repository.core.support.RepositoryComposition$RepositoryFragments.invoke(RepositoryComposition.java:516)
	at org.springframework.data.repository.core.support.RepositoryComposition.invoke(RepositoryComposition.java:285)
	at org.springframework.data.repository.core.support.RepositoryFactorySupport$ImplementationMethodExecutionInterceptor.invoke(RepositoryFactorySupport.java:628)
	at org.springframework.aop.framework.ReflectiveMethodInvocation.proceed(ReflectiveMethodInvocation.java:184)
	at org.springframework.data.repository.core.support.QueryExecutorMethodInterceptor.doInvoke(QueryExecutorMethodInterceptor.java:173)
	at org.springframework.data.repository.core.support.QueryExecutorMethodInterceptor.invoke(QueryExecutorMethodInterceptor.java:148)
	at org.springframework.aop.framework.ReflectiveMethodInvocation.proceed(ReflectiveMethodInvocation.java:184)
	at org.springframework.data.projection.DefaultMethodInvokingMethodInterceptor.invoke(DefaultMethodInvokingMethodInterceptor.java:70)
	at org.springframework.aop.framework.ReflectiveMethodInvocation.proceed(ReflectiveMethodInvocation.java:184)
	at org.springframework.transaction.interceptor.TransactionAspectSupport.invokeWithinTransaction(TransactionAspectSupport.java:379)
	at org.springframework.transaction.interceptor.TransactionInterceptor.invoke(TransactionInterceptor.java:119)
	at org.springframework.aop.framework.ReflectiveMethodInvocation.proceed(ReflectiveMethodInvocation.java:184)
	at org.springframework.dao.support.PersistenceExceptionTranslationInterceptor.invoke(PersistenceExceptionTranslationInterceptor.java:138)
	... 97 common frames omitted
Caused by: org.postgresql.util.PSQLException: ERROR: null value in column "username" of relation "user" violates not-null constraint
  Подробности: Failing row contains (8, unique@test.com, null, null, 2025-03-03 01:24:22.093).
	at org.postgresql.core.v3.QueryExecutorImpl.receiveErrorResponse(QueryExecutorImpl.java:2733)
	at org.postgresql.core.v3.QueryExecutorImpl.processResults(QueryExecutorImpl.java:2420)
	at org.postgresql.core.v3.QueryExecutorImpl.execute(QueryExecutorImpl.java:372)
	at org.postgresql.jdbc.PgStatement.executeInternal(PgStatement.java:517)
	at org.postgresql.jdbc.PgStatement.execute(PgStatement.java:434)
	at org.postgresql.jdbc.PgPreparedStatement.executeWithFlags(PgPreparedStatement.java:194)
	at org.postgresql.jdbc.PgPreparedStatement.execute(PgPreparedStatement.java:180)
	at com.zaxxer.hikari.pool.ProxyPreparedStatement.execute(ProxyPreparedStatement.java:44)
	at com.zaxxer.hikari.pool.HikariProxyPreparedStatement.execute(HikariProxyPreparedStatement.java)
	at org.hibernate.engine.jdbc.internal.ResultSetReturnImpl.execute(ResultSetReturnImpl.java:129)
	... 144 common frames omitted
2025-03-03 01:24:22 [SpringApplicationShutdownHook] INFO  o.s.o.j.LocalContainerEntityManagerFactoryBean - Closing JPA EntityManagerFactory for persistence unit 'default'
2025-03-03 01:24:22 [SpringApplicationShutdownHook] INFO  com.zaxxer.hikari.HikariDataSource - HikariPool-1 - Shutdown initiated...
2025-03-03 01:24:22 [SpringApplicationShutdownHook] INFO  com.zaxxer.hikari.HikariDataSource - HikariPool-1 - Shutdown completed.
2025-03-03 01:44:56 [background-preinit] INFO  o.h.validator.internal.util.Version - HV000001: Hibernate Validator 8.0.1.Final
2025-03-03 01:44:56 [main] INFO  c.t.t.UserServiceImplIntegrationTest - Starting UserServiceImplIntegrationTest using Java 22.0.2 with PID 15008 (started by Admin in C:\Users\Admin\Desktop\task)
2025-03-03 01:44:56 [main] INFO  c.t.t.UserServiceImplIntegrationTest - No active profile set, falling back to 1 default profile: "default"
2025-03-03 01:44:58 [main] INFO  o.s.d.r.c.RepositoryConfigurationDelegate - Bootstrapping Spring Data JPA repositories in DEFAULT mode.
2025-03-03 01:44:58 [main] INFO  o.s.d.r.c.RepositoryConfigurationDelegate - Finished Spring Data repository scanning in 99 ms. Found 5 JPA repository interfaces.
2025-03-03 01:44:59 [main] INFO  com.zaxxer.hikari.HikariDataSource - HikariPool-1 - Starting...
2025-03-03 01:44:59 [main] INFO  com.zaxxer.hikari.pool.HikariPool - HikariPool-1 - Added connection org.postgresql.jdbc.PgConnection@1ce2029b
2025-03-03 01:44:59 [main] INFO  com.zaxxer.hikari.HikariDataSource - HikariPool-1 - Start completed.
2025-03-03 01:44:59 [main] INFO  liquibase.database - Set default schema name to public
2025-03-03 01:45:00 [main] INFO  liquibase.changelog - Creating database history table with name: public.databasechangelog
2025-03-03 01:45:00 [main] INFO  liquibase.changelog - Reading from public.databasechangelog
2025-03-03 01:45:00 [main] INFO  liquibase.lockservice - Successfully acquired change log lock
2025-03-03 01:45:00 [main] INFO  liquibase.command - Using deploymentId: 0955500947
2025-03-03 01:45:00 [main] INFO  liquibase.changelog - Reading from public.databasechangelog
2025-03-03 01:45:01 [main] INFO  liquibase.ui - Running Changeset: db/changelog/01-create-schema.xml::1::xfnet
2025-03-03 01:45:01 [main] WARN  liquibase.executor - schema "private" does not exist, skipping
2025-03-03 01:45:01 [main] INFO  liquibase.changelog - Custom SQL executed
2025-03-03 01:45:01 [main] INFO  liquibase.changelog - Custom SQL executed
2025-03-03 01:45:01 [main] INFO  liquibase.changelog - ChangeSet db/changelog/01-create-schema.xml::1::xfnet ran successfully in 20ms
2025-03-03 01:45:01 [main] INFO  liquibase.ui - Running Changeset: db/changelog/02-create-user-table.xml::2::xfnet
2025-03-03 01:45:01 [main] INFO  liquibase.changelog - Table user created
2025-03-03 01:45:01 [main] INFO  liquibase.changelog - ChangeSet db/changelog/02-create-user-table.xml::2::xfnet ran successfully in 10ms
2025-03-03 01:45:01 [main] INFO  liquibase.ui - Running Changeset: db/changelog/03-create-priority-table.xml::3::xfnet
2025-03-03 01:45:01 [main] INFO  liquibase.changelog - Table priority created
2025-03-03 01:45:01 [main] INFO  liquibase.changelog - ChangeSet db/changelog/03-create-priority-table.xml::3::xfnet ran successfully in 10ms
2025-03-03 01:45:01 [main] INFO  liquibase.ui - Running Changeset: db/changelog/04-create-status-table.xml::4::xfnet
2025-03-03 01:45:01 [main] INFO  liquibase.changelog - Table status created
2025-03-03 01:45:01 [main] INFO  liquibase.changelog - Foreign key constraint added to status (user_id)
2025-03-03 01:45:01 [main] INFO  liquibase.changelog - Unique constraint added to status(title, user_id)
2025-03-03 01:45:01 [main] INFO  liquibase.changelog - ChangeSet db/changelog/04-create-status-table.xml::4::xfnet ran successfully in 21ms
2025-03-03 01:45:01 [main] INFO  liquibase.ui - Running Changeset: db/changelog/05-create-role-table.xml::5::xfnet
2025-03-03 01:45:01 [main] INFO  liquibase.changelog - Table role created
2025-03-03 01:45:01 [main] INFO  liquibase.changelog - ChangeSet db/changelog/05-create-role-table.xml::5::xfnet ran successfully in 9ms
2025-03-03 01:45:01 [main] INFO  liquibase.ui - Running Changeset: db/changelog/06-create-user-roles-table.xml::6::xfnet
2025-03-03 01:45:01 [main] INFO  liquibase.changelog - Table user_roles created
2025-03-03 01:45:01 [main] INFO  liquibase.changelog - Primary key added to user_roles (user_id, role_id)
2025-03-03 01:45:01 [main] INFO  liquibase.changelog - Foreign key constraint added to user_roles (user_id)
2025-03-03 01:45:01 [main] INFO  liquibase.changelog - Foreign key constraint added to user_roles (role_id)
2025-03-03 01:45:01 [main] INFO  liquibase.changelog - ChangeSet db/changelog/06-create-user-roles-table.xml::6::xfnet ran successfully in 18ms
2025-03-03 01:45:01 [main] INFO  liquibase.ui - Running Changeset: db/changelog/07-create-task-table.xml::7::xfnet
2025-03-03 01:45:01 [main] INFO  liquibase.changelog - Table task created
2025-03-03 01:45:01 [main] INFO  liquibase.changelog - Foreign key constraint added to task (priority_id)
2025-03-03 01:45:01 [main] INFO  liquibase.changelog - Foreign key constraint added to task (status_id)
2025-03-03 01:45:01 [main] INFO  liquibase.changelog - Foreign key constraint added to task (user_id)
2025-03-03 01:45:01 [main] INFO  liquibase.changelog - ChangeSet db/changelog/07-create-task-table.xml::7::xfnet ran successfully in 48ms
2025-03-03 01:45:01 [main] INFO  liquibase.ui - Running Changeset: db/changelog/08-create-task-executors-table.xml::8::xfnet
2025-03-03 01:45:01 [main] INFO  liquibase.changelog - Table task_executors created
2025-03-03 01:45:01 [main] INFO  liquibase.changelog - Primary key added to task_executors (task_id, user_id)
2025-03-03 01:45:01 [main] INFO  liquibase.changelog - Foreign key constraint added to task_executors (task_id)
2025-03-03 01:45:01 [main] INFO  liquibase.changelog - Foreign key constraint added to task_executors (user_id)
2025-03-03 01:45:01 [main] INFO  liquibase.changelog - ChangeSet db/changelog/08-create-task-executors-table.xml::8::xfnet ran successfully in 18ms
2025-03-03 01:45:01 [main] INFO  liquibase.ui - Running Changeset: db/changelog/09-create-comment-table.xml::9::xfnet
2025-03-03 01:45:01 [main] INFO  liquibase.changelog - Table comment created
2025-03-03 01:45:01 [main] INFO  liquibase.changelog - Foreign key constraint added to comment (task_id)
2025-03-03 01:45:01 [main] INFO  liquibase.changelog - Foreign key constraint added to comment (user_id)
2025-03-03 01:45:01 [main] INFO  liquibase.changelog - Foreign key constraint added to comment (parent_id)
2025-03-03 01:45:01 [main] INFO  liquibase.changelog - ChangeSet db/changelog/09-create-comment-table.xml::9::xfnet ran successfully in 21ms
2025-03-03 01:45:01 [main] INFO  liquibase.ui - Running Changeset: db/changelog/10-insert-default-data.xml::10::xfnet
2025-03-03 01:45:01 [main] INFO  liquibase.changelog - New row inserted into role
2025-03-03 01:45:01 [main] INFO  liquibase.changelog - New row inserted into role
2025-03-03 01:45:01 [main] INFO  liquibase.changelog - New row inserted into user
2025-03-03 01:45:01 [main] INFO  liquibase.changelog - New row inserted into user
2025-03-03 01:45:01 [main] INFO  liquibase.changelog - New row inserted into user
2025-03-03 01:45:01 [main] INFO  liquibase.changelog - New row inserted into user
2025-03-03 01:45:01 [main] INFO  liquibase.changelog - New row inserted into user
2025-03-03 01:45:01 [main] INFO  liquibase.changelog - New row inserted into user_roles
2025-03-03 01:45:01 [main] INFO  liquibase.changelog - New row inserted into user_roles
2025-03-03 01:45:01 [main] INFO  liquibase.changelog - New row inserted into user_roles
2025-03-03 01:45:01 [main] INFO  liquibase.changelog - New row inserted into user_roles
2025-03-03 01:45:01 [main] INFO  liquibase.changelog - New row inserted into user_roles
2025-03-03 01:45:01 [main] INFO  liquibase.changelog - New row inserted into priority
2025-03-03 01:45:01 [main] INFO  liquibase.changelog - New row inserted into priority
2025-03-03 01:45:01 [main] INFO  liquibase.changelog - New row inserted into priority
2025-03-03 01:45:01 [main] INFO  liquibase.changelog - New row inserted into status
2025-03-03 01:45:01 [main] INFO  liquibase.changelog - New row inserted into status
2025-03-03 01:45:01 [main] INFO  liquibase.changelog - New row inserted into status
2025-03-03 01:45:01 [main] INFO  liquibase.changelog - New row inserted into status
2025-03-03 01:45:01 [main] INFO  liquibase.changelog - New row inserted into status
2025-03-03 01:45:01 [main] INFO  liquibase.changelog - New row inserted into task
2025-03-03 01:45:01 [main] INFO  liquibase.changelog - New row inserted into task
2025-03-03 01:45:01 [main] INFO  liquibase.changelog - New row inserted into task
2025-03-03 01:45:01 [main] INFO  liquibase.changelog - New row inserted into task_executors
2025-03-03 01:45:01 [main] INFO  liquibase.changelog - New row inserted into task_executors
2025-03-03 01:45:01 [main] INFO  liquibase.changelog - New row inserted into task_executors
2025-03-03 01:45:01 [main] INFO  liquibase.changelog - New row inserted into task_executors
2025-03-03 01:45:01 [main] INFO  liquibase.changelog - New row inserted into comment
2025-03-03 01:45:01 [main] INFO  liquibase.changelog - New row inserted into comment
2025-03-03 01:45:01 [main] INFO  liquibase.changelog - New row inserted into comment
2025-03-03 01:45:01 [main] INFO  liquibase.changelog - ChangeSet db/changelog/10-insert-default-data.xml::10::xfnet ran successfully in 100ms
2025-03-03 01:45:01 [main] INFO  liquibase.util - UPDATE SUMMARY
2025-03-03 01:45:01 [main] INFO  liquibase.util - Run:                         10
2025-03-03 01:45:01 [main] INFO  liquibase.util - Previously run:               0
2025-03-03 01:45:01 [main] INFO  liquibase.util - Filtered out:                 0
2025-03-03 01:45:01 [main] INFO  liquibase.util - -------------------------------
2025-03-03 01:45:01 [main] INFO  liquibase.util - Total change sets:           10
2025-03-03 01:45:01 [main] INFO  liquibase.util - Update summary generated
2025-03-03 01:45:01 [main] INFO  liquibase.command - Update command completed successfully.
2025-03-03 01:45:01 [main] INFO  liquibase.ui - Liquibase: Update has been successful. Rows affected: 40
2025-03-03 01:45:01 [main] INFO  liquibase.lockservice - Successfully released change log lock
2025-03-03 01:45:01 [main] INFO  liquibase.command - Command execution complete
2025-03-03 01:45:01 [main] INFO  o.h.jpa.internal.util.LogHelper - HHH000204: Processing PersistenceUnitInfo [name: default]
2025-03-03 01:45:01 [main] INFO  org.hibernate.Version - HHH000412: Hibernate ORM core version 6.5.3.Final
2025-03-03 01:45:01 [main] INFO  o.h.c.i.RegionFactoryInitiator - HHH000026: Second-level cache disabled
2025-03-03 01:45:02 [main] INFO  o.s.o.j.p.SpringPersistenceUnitInfo - No LoadTimeWeaver setup: ignoring JPA class transformer
2025-03-03 01:45:03 [main] INFO  o.h.e.t.j.p.i.JtaPlatformInitiator - HHH000489: No JTA platform available (set 'hibernate.transaction.jta.platform' to enable JTA platform integration)
2025-03-03 01:45:03 [main] INFO  o.s.o.j.LocalContainerEntityManagerFactoryBean - Initialized JPA EntityManagerFactory for persistence unit 'default'
2025-03-03 01:45:03 [main] INFO  o.s.s.c.a.a.c.InitializeAuthenticationProviderBeanManagerConfigurer$InitializeAuthenticationProviderManagerConfigurer - Global AuthenticationManager configured with AuthenticationProvider bean with name authenticationProvider
2025-03-03 01:45:03 [main] WARN  o.s.s.c.a.a.c.InitializeUserDetailsBeanManagerConfigurer$InitializeUserDetailsManagerConfigurer - Global AuthenticationManager configured with an AuthenticationProvider bean. UserDetailsService beans will not be used for username/password login. Consider removing the AuthenticationProvider bean. Alternatively, consider using the UserDetailsService in a manually instantiated DaoAuthenticationProvider.
2025-03-03 01:45:03 [main] INFO  o.s.d.j.r.query.QueryEnhancerFactory - Hibernate is in classpath; If applicable, HQL parser will be used.
2025-03-03 01:45:04 [main] WARN  o.s.b.a.o.j.JpaBaseConfiguration$JpaWebConfiguration - spring.jpa.open-in-view is enabled by default. Therefore, database queries may be performed during view rendering. Explicitly configure spring.jpa.open-in-view to disable this warning
2025-03-03 01:45:05 [main] INFO  c.t.t.UserServiceImplIntegrationTest - Started UserServiceImplIntegrationTest in 9.038 seconds (process running for 15.795)
2025-03-03 01:45:06 [main] INFO  com.track.task.aspect.LoggingAspect - Entering method: UserServiceImpl.add(..)
2025-03-03 01:45:06 [main] INFO  c.t.t.s.user.impl.UserServiceImpl - Add user
2025-03-03 01:45:06 [main] WARN  o.h.e.jdbc.spi.SqlExceptionHelper - SQL Error: 0, SQLState: 23502
2025-03-03 01:45:06 [main] ERROR o.h.e.jdbc.spi.SqlExceptionHelper - ERROR: null value in column "username" of relation "user" violates not-null constraint
  Подробности: Failing row contains (6, concurrent@test.com, null, null, 2025-03-03 01:45:06.061).
2025-03-03 01:45:06 [main] ERROR com.track.task.aspect.LoggingAspect - Exception in method: UserServiceImpl.add(..): could not execute statement [ERROR: null value in column "username" of relation "user" violates not-null constraint
  Подробности: Failing row contains (6, concurrent@test.com, null, null, 2025-03-03 01:45:06.061).] [insert into private."user" (created_at,email,password,username) values (?,?,?,?) returning id]; SQL [insert into private."user" (created_at,email,password,username) values (?,?,?,?) returning id]; constraint [username" of relation "user]
org.springframework.dao.DataIntegrityViolationException: could not execute statement [ERROR: null value in column "username" of relation "user" violates not-null constraint
  Подробности: Failing row contains (6, concurrent@test.com, null, null, 2025-03-03 01:45:06.061).] [insert into private."user" (created_at,email,password,username) values (?,?,?,?) returning id]; SQL [insert into private."user" (created_at,email,password,username) values (?,?,?,?) returning id]; constraint [username" of relation "user]
	at org.springframework.orm.jpa.vendor.HibernateJpaDialect.convertHibernateAccessException(HibernateJpaDialect.java:290)
	at org.springframework.orm.jpa.vendor.HibernateJpaDialect.translateExceptionIfPossible(HibernateJpaDialect.java:241)
	at org.springframework.orm.jpa.AbstractEntityManagerFactoryBean.translateExceptionIfPossible(AbstractEntityManagerFactoryBean.java:550)
	at org.springframework.dao.support.ChainedPersistenceExceptionTranslator.translateExceptionIfPossible(ChainedPersistenceExceptionTranslator.java:61)
	at org.springframework.dao.support.DataAccessUtils.translateIfNecessary(DataAccessUtils.java:335)
	at org.springframework.dao.support.PersistenceExceptionTranslationInterceptor.invoke(PersistenceExceptionTranslationInterceptor.java:160)
	at org.springframework.aop.framework.ReflectiveMethodInvocation.proceed(ReflectiveMethodInvocation.java:184)
	at org.springframework.data.jpa.repository.support.CrudMethodMetadataPostProcessor$CrudMethodMetadataPopulatingMethodInterceptor.invoke(CrudMethodMetadataPostProcessor.java:165)
	at org.springframework.aop.framework.ReflectiveMethodInvocation.proceed(ReflectiveMethodInvocation.java:184)
	at org.springframework.aop.interceptor.ExposeInvocationInterceptor.invoke(ExposeInvocationInterceptor.java:97)
	at org.springframework.aop.framework.ReflectiveMethodInvocation.proceed(ReflectiveMethodInvocation.java:184)
	at org.springframework.aop.framework.JdkDynamicAopProxy.invoke(JdkDynamicAopProxy.java:223)
	at jdk.proxy2/jdk.proxy2.$Proxy181.save(Unknown Source)
	at com.track.task.service.user.impl.UserServiceImpl.add(UserServiceImpl.java:22)
	at java.base/jdk.internal.reflect.DirectMethodHandleAccessor.invoke(DirectMethodHandleAccessor.java:103)
	at java.base/java.lang.reflect.Method.invoke(Method.java:580)
	at org.springframework.aop.support.AopUtils.invokeJoinpointUsingReflection(AopUtils.java:355)
	at org.springframework.aop.framework.ReflectiveMethodInvocation.invokeJoinpoint(ReflectiveMethodInvocation.java:196)
	at org.springframework.aop.framework.ReflectiveMethodInvocation.proceed(ReflectiveMethodInvocation.java:163)
	at org.springframework.aop.framework.CglibAopProxy$CglibMethodInvocation.proceed(CglibAopProxy.java:768)
	at org.springframework.aop.aspectj.MethodInvocationProceedingJoinPoint.proceed(MethodInvocationProceedingJoinPoint.java:89)
	at com.track.task.aspect.LoggingAspect.logMethodExecution(LoggingAspect.java:19)
	at java.base/jdk.internal.reflect.DirectMethodHandleAccessor.invoke(DirectMethodHandleAccessor.java:103)
	at java.base/java.lang.reflect.Method.invoke(Method.java:580)
	at org.springframework.aop.aspectj.AbstractAspectJAdvice.invokeAdviceMethodWithGivenArgs(AbstractAspectJAdvice.java:637)
	at org.springframework.aop.aspectj.AbstractAspectJAdvice.invokeAdviceMethod(AbstractAspectJAdvice.java:627)
	at org.springframework.aop.aspectj.AspectJAroundAdvice.invoke(AspectJAroundAdvice.java:71)
	at org.springframework.aop.framework.ReflectiveMethodInvocation.proceed(ReflectiveMethodInvocation.java:184)
	at org.springframework.aop.framework.CglibAopProxy$CglibMethodInvocation.proceed(CglibAopProxy.java:768)
	at org.springframework.aop.interceptor.ExposeInvocationInterceptor.invoke(ExposeInvocationInterceptor.java:97)
	at org.springframework.aop.framework.ReflectiveMethodInvocation.proceed(ReflectiveMethodInvocation.java:184)
	at org.springframework.aop.framework.CglibAopProxy$CglibMethodInvocation.proceed(CglibAopProxy.java:768)
	at org.springframework.aop.framework.CglibAopProxy$DynamicAdvisedInterceptor.intercept(CglibAopProxy.java:720)
	at com.track.task.service.user.impl.UserServiceImpl$$SpringCGLIB$$0.add(<generated>)
	at com.track.task.UserServiceImplIntegrationTest.concurrentEmailCheckTest(UserServiceImplIntegrationTest.java:74)
	at java.base/jdk.internal.reflect.DirectMethodHandleAccessor.invoke(DirectMethodHandleAccessor.java:103)
	at java.base/java.lang.reflect.Method.invoke(Method.java:580)
	at org.junit.platform.commons.util.ReflectionUtils.invokeMethod(ReflectionUtils.java:728)
	at org.junit.jupiter.engine.execution.MethodInvocation.proceed(MethodInvocation.java:60)
	at org.junit.jupiter.engine.execution.InvocationInterceptorChain$ValidatingInvocation.proceed(InvocationInterceptorChain.java:131)
	at org.junit.jupiter.engine.extension.TimeoutExtension.intercept(TimeoutExtension.java:156)
	at org.junit.jupiter.engine.extension.TimeoutExtension.interceptTestableMethod(TimeoutExtension.java:147)
	at org.junit.jupiter.engine.extension.TimeoutExtension.interceptTestMethod(TimeoutExtension.java:86)
	at org.junit.jupiter.engine.execution.InterceptingExecutableInvoker$ReflectiveInterceptorCall.lambda$ofVoidMethod$0(InterceptingExecutableInvoker.java:103)
	at org.junit.jupiter.engine.execution.InterceptingExecutableInvoker.lambda$invoke$0(InterceptingExecutableInvoker.java:93)
	at org.junit.jupiter.engine.execution.InvocationInterceptorChain$InterceptedInvocation.proceed(InvocationInterceptorChain.java:106)
	at org.junit.jupiter.engine.execution.InvocationInterceptorChain.proceed(InvocationInterceptorChain.java:64)
	at org.junit.jupiter.engine.execution.InvocationInterceptorChain.chainAndInvoke(InvocationInterceptorChain.java:45)
	at org.junit.jupiter.engine.execution.InvocationInterceptorChain.invoke(InvocationInterceptorChain.java:37)
	at org.junit.jupiter.engine.execution.InterceptingExecutableInvoker.invoke(InterceptingExecutableInvoker.java:92)
	at org.junit.jupiter.engine.execution.InterceptingExecutableInvoker.invoke(InterceptingExecutableInvoker.java:86)
	at org.junit.jupiter.engine.descriptor.TestMethodTestDescriptor.lambda$invokeTestMethod$7(TestMethodTestDescriptor.java:218)
	at org.junit.platform.engine.support.hierarchical.ThrowableCollector.execute(ThrowableCollector.java:73)
	at org.junit.jupiter.engine.descriptor.TestMethodTestDescriptor.invokeTestMethod(TestMethodTestDescriptor.java:214)
	at org.junit.jupiter.engine.descriptor.TestMethodTestDescriptor.execute(TestMethodTestDescriptor.java:139)
	at org.junit.jupiter.engine.descriptor.TestMethodTestDescriptor.execute(TestMethodTestDescriptor.java:69)
	at org.junit.platform.engine.support.hierarchical.NodeTestTask.lambda$executeRecursively$6(NodeTestTask.java:156)
	at org.junit.platform.engine.support.hierarchical.ThrowableCollector.execute(ThrowableCollector.java:73)
	at org.junit.platform.engine.support.hierarchical.NodeTestTask.lambda$executeRecursively$8(NodeTestTask.java:146)
	at org.junit.platform.engine.support.hierarchical.Node.around(Node.java:137)
	at org.junit.platform.engine.support.hierarchical.NodeTestTask.lambda$executeRecursively$9(NodeTestTask.java:144)
	at org.junit.platform.engine.support.hierarchical.ThrowableCollector.execute(ThrowableCollector.java:73)
	at org.junit.platform.engine.support.hierarchical.NodeTestTask.executeRecursively(NodeTestTask.java:143)
	at org.junit.platform.engine.support.hierarchical.NodeTestTask.execute(NodeTestTask.java:100)
	at java.base/java.util.ArrayList.forEach(ArrayList.java:1597)
	at org.junit.platform.engine.support.hierarchical.SameThreadHierarchicalTestExecutorService.invokeAll(SameThreadHierarchicalTestExecutorService.java:41)
	at org.junit.platform.engine.support.hierarchical.NodeTestTask.lambda$executeRecursively$6(NodeTestTask.java:160)
	at org.junit.platform.engine.support.hierarchical.ThrowableCollector.execute(ThrowableCollector.java:73)
	at org.junit.platform.engine.support.hierarchical.NodeTestTask.lambda$executeRecursively$8(NodeTestTask.java:146)
	at org.junit.platform.engine.support.hierarchical.Node.around(Node.java:137)
	at org.junit.platform.engine.support.hierarchical.NodeTestTask.lambda$executeRecursively$9(NodeTestTask.java:144)
	at org.junit.platform.engine.support.hierarchical.ThrowableCollector.execute(ThrowableCollector.java:73)
	at org.junit.platform.engine.support.hierarchical.NodeTestTask.executeRecursively(NodeTestTask.java:143)
	at org.junit.platform.engine.support.hierarchical.NodeTestTask.execute(NodeTestTask.java:100)
	at java.base/java.util.ArrayList.forEach(ArrayList.java:1597)
	at org.junit.platform.engine.support.hierarchical.SameThreadHierarchicalTestExecutorService.invokeAll(SameThreadHierarchicalTestExecutorService.java:41)
	at org.junit.platform.engine.support.hierarchical.NodeTestTask.lambda$executeRecursively$6(NodeTestTask.java:160)
	at org.junit.platform.engine.support.hierarchical.ThrowableCollector.execute(ThrowableCollector.java:73)
	at org.junit.platform.engine.support.hierarchical.NodeTestTask.lambda$executeRecursively$8(NodeTestTask.java:146)
	at org.junit.platform.engine.support.hierarchical.Node.around(Node.java:137)
	at org.junit.platform.engine.support.hierarchical.NodeTestTask.lambda$executeRecursively$9(NodeTestTask.java:144)
	at org.junit.platform.engine.support.hierarchical.ThrowableCollector.execute(ThrowableCollector.java:73)
	at org.junit.platform.engine.support.hierarchical.NodeTestTask.executeRecursively(NodeTestTask.java:143)
	at org.junit.platform.engine.support.hierarchical.NodeTestTask.execute(NodeTestTask.java:100)
	at org.junit.platform.engine.support.hierarchical.SameThreadHierarchicalTestExecutorService.submit(SameThreadHierarchicalTestExecutorService.java:35)
	at org.junit.platform.engine.support.hierarchical.HierarchicalTestExecutor.execute(HierarchicalTestExecutor.java:57)
	at org.junit.platform.engine.support.hierarchical.HierarchicalTestEngine.execute(HierarchicalTestEngine.java:54)
	at org.junit.platform.launcher.core.EngineExecutionOrchestrator.execute(EngineExecutionOrchestrator.java:198)
	at org.junit.platform.launcher.core.EngineExecutionOrchestrator.execute(EngineExecutionOrchestrator.java:169)
	at org.junit.platform.launcher.core.EngineExecutionOrchestrator.execute(EngineExecutionOrchestrator.java:93)
	at org.junit.platform.launcher.core.EngineExecutionOrchestrator.lambda$execute$0(EngineExecutionOrchestrator.java:58)
	at org.junit.platform.launcher.core.EngineExecutionOrchestrator.withInterceptedStreams(EngineExecutionOrchestrator.java:141)
	at org.junit.platform.launcher.core.EngineExecutionOrchestrator.execute(EngineExecutionOrchestrator.java:57)
	at org.junit.platform.launcher.core.DefaultLauncher.execute(DefaultLauncher.java:103)
	at org.junit.platform.launcher.core.DefaultLauncher.execute(DefaultLauncher.java:85)
	at org.junit.platform.launcher.core.DelegatingLauncher.execute(DelegatingLauncher.java:47)
	at org.junit.platform.launcher.core.SessionPerRequestLauncher.execute(SessionPerRequestLauncher.java:63)
	at com.intellij.junit5.JUnit5IdeaTestRunner.startRunnerWithArgs(JUnit5IdeaTestRunner.java:57)
	at com.intellij.rt.junit.IdeaTestRunner$Repeater$1.execute(IdeaTestRunner.java:38)
	at com.intellij.rt.execution.junit.TestsRepeater.repeat(TestsRepeater.java:11)
	at com.intellij.rt.junit.IdeaTestRunner$Repeater.startRunnerWithArgs(IdeaTestRunner.java:35)
	at com.intellij.rt.junit.JUnitStarter.prepareStreamsAndStart(JUnitStarter.java:232)
	at com.intellij.rt.junit.JUnitStarter.main(JUnitStarter.java:55)
Caused by: org.hibernate.exception.ConstraintViolationException: could not execute statement [ERROR: null value in column "username" of relation "user" violates not-null constraint
  Подробности: Failing row contains (6, concurrent@test.com, null, null, 2025-03-03 01:45:06.061).] [insert into private."user" (created_at,email,password,username) values (?,?,?,?) returning id]
	at org.hibernate.exception.internal.SQLStateConversionDelegate.convert(SQLStateConversionDelegate.java:97)
	at org.hibernate.exception.internal.StandardSQLExceptionConverter.convert(StandardSQLExceptionConverter.java:58)
	at org.hibernate.engine.jdbc.spi.SqlExceptionHelper.convert(SqlExceptionHelper.java:108)
	at org.hibernate.engine.jdbc.internal.ResultSetReturnImpl.execute(ResultSetReturnImpl.java:145)
	at org.hibernate.id.insert.InsertReturningDelegate.executeAndExtractReturning(InsertReturningDelegate.java:96)
	at org.hibernate.id.insert.AbstractReturningDelegate.performMutation(AbstractReturningDelegate.java:58)
	at org.hibernate.engine.jdbc.mutation.internal.MutationExecutorSingleNonBatched.performNonBatchedOperations(MutationExecutorSingleNonBatched.java:47)
	at org.hibernate.engine.jdbc.mutation.internal.AbstractMutationExecutor.execute(AbstractMutationExecutor.java:55)
	at org.hibernate.persister.entity.mutation.InsertCoordinatorStandard.doStaticInserts(InsertCoordinatorStandard.java:194)
	at org.hibernate.persister.entity.mutation.InsertCoordinatorStandard.coordinateInsert(InsertCoordinatorStandard.java:132)
	at org.hibernate.persister.entity.mutation.InsertCoordinatorStandard.insert(InsertCoordinatorStandard.java:95)
	at org.hibernate.action.internal.EntityIdentityInsertAction.execute(EntityIdentityInsertAction.java:85)
	at org.hibernate.engine.spi.ActionQueue.execute(ActionQueue.java:671)
	at org.hibernate.engine.spi.ActionQueue.addResolvedEntityInsertAction(ActionQueue.java:292)
	at org.hibernate.engine.spi.ActionQueue.addInsertAction(ActionQueue.java:273)
	at org.hibernate.engine.spi.ActionQueue.addAction(ActionQueue.java:323)
	at org.hibernate.event.internal.AbstractSaveEventListener.addInsertAction(AbstractSaveEventListener.java:391)
	at org.hibernate.event.internal.AbstractSaveEventListener.performSaveOrReplicate(AbstractSaveEventListener.java:305)
	at org.hibernate.event.internal.AbstractSaveEventListener.performSave(AbstractSaveEventListener.java:224)
	at org.hibernate.event.internal.AbstractSaveEventListener.saveWithGeneratedId(AbstractSaveEventListener.java:137)
	at org.hibernate.event.internal.DefaultPersistEventListener.entityIsTransient(DefaultPersistEventListener.java:175)
	at org.hibernate.event.internal.DefaultPersistEventListener.persist(DefaultPersistEventListener.java:93)
	at org.hibernate.event.internal.DefaultPersistEventListener.onPersist(DefaultPersistEventListener.java:77)
	at org.hibernate.event.internal.DefaultPersistEventListener.onPersist(DefaultPersistEventListener.java:54)
	at org.hibernate.event.service.internal.EventListenerGroupImpl.fireEventOnEachListener(EventListenerGroupImpl.java:127)
	at org.hibernate.internal.SessionImpl.firePersist(SessionImpl.java:757)
	at org.hibernate.internal.SessionImpl.persist(SessionImpl.java:741)
	at java.base/jdk.internal.reflect.DirectMethodHandleAccessor.invoke(DirectMethodHandleAccessor.java:103)
	at java.base/java.lang.reflect.Method.invoke(Method.java:580)
	at org.springframework.orm.jpa.SharedEntityManagerCreator$SharedEntityManagerInvocationHandler.invoke(SharedEntityManagerCreator.java:319)
	at jdk.proxy2/jdk.proxy2.$Proxy178.persist(Unknown Source)
	at org.springframework.data.jpa.repository.support.SimpleJpaRepository.save(SimpleJpaRepository.java:628)
	at java.base/jdk.internal.reflect.DirectMethodHandleAccessor.invoke(DirectMethodHandleAccessor.java:103)
	at java.base/java.lang.reflect.Method.invoke(Method.java:580)
	at org.springframework.aop.support.AopUtils.invokeJoinpointUsingReflection(AopUtils.java:355)
	at org.springframework.data.repository.core.support.RepositoryMethodInvoker$RepositoryFragmentMethodInvoker.lambda$new$0(RepositoryMethodInvoker.java:277)
	at org.springframework.data.repository.core.support.RepositoryMethodInvoker.doInvoke(RepositoryMethodInvoker.java:170)
	at org.springframework.data.repository.core.support.RepositoryMethodInvoker.invoke(RepositoryMethodInvoker.java:158)
	at org.springframework.data.repository.core.support.RepositoryComposition$RepositoryFragments.invoke(RepositoryComposition.java:516)
	at org.springframework.data.repository.core.support.RepositoryComposition.invoke(RepositoryComposition.java:285)
	at org.springframework.data.repository.core.support.RepositoryFactorySupport$ImplementationMethodExecutionInterceptor.invoke(RepositoryFactorySupport.java:628)
	at org.springframework.aop.framework.ReflectiveMethodInvocation.proceed(ReflectiveMethodInvocation.java:184)
	at org.springframework.data.repository.core.support.QueryExecutorMethodInterceptor.doInvoke(QueryExecutorMethodInterceptor.java:173)
	at org.springframework.data.repository.core.support.QueryExecutorMethodInterceptor.invoke(QueryExecutorMethodInterceptor.java:148)
	at org.springframework.aop.framework.ReflectiveMethodInvocation.proceed(ReflectiveMethodInvocation.java:184)
	at org.springframework.data.projection.DefaultMethodInvokingMethodInterceptor.invoke(DefaultMethodInvokingMethodInterceptor.java:70)
	at org.springframework.aop.framework.ReflectiveMethodInvocation.proceed(ReflectiveMethodInvocation.java:184)
	at org.springframework.transaction.interceptor.TransactionAspectSupport.invokeWithinTransaction(TransactionAspectSupport.java:379)
	at org.springframework.transaction.interceptor.TransactionInterceptor.invoke(TransactionInterceptor.java:119)
	at org.springframework.aop.framework.ReflectiveMethodInvocation.proceed(ReflectiveMethodInvocation.java:184)
	at org.springframework.dao.support.PersistenceExceptionTranslationInterceptor.invoke(PersistenceExceptionTranslationInterceptor.java:138)
	... 97 common frames omitted
Caused by: org.postgresql.util.PSQLException: ERROR: null value in column "username" of relation "user" violates not-null constraint
  Подробности: Failing row contains (6, concurrent@test.com, null, null, 2025-03-03 01:45:06.061).
	at org.postgresql.core.v3.QueryExecutorImpl.receiveErrorResponse(QueryExecutorImpl.java:2733)
	at org.postgresql.core.v3.QueryExecutorImpl.processResults(QueryExecutorImpl.java:2420)
	at org.postgresql.core.v3.QueryExecutorImpl.execute(QueryExecutorImpl.java:372)
	at org.postgresql.jdbc.PgStatement.executeInternal(PgStatement.java:517)
	at org.postgresql.jdbc.PgStatement.execute(PgStatement.java:434)
	at org.postgresql.jdbc.PgPreparedStatement.executeWithFlags(PgPreparedStatement.java:194)
	at org.postgresql.jdbc.PgPreparedStatement.execute(PgPreparedStatement.java:180)
	at com.zaxxer.hikari.pool.ProxyPreparedStatement.execute(ProxyPreparedStatement.java:44)
	at com.zaxxer.hikari.pool.HikariProxyPreparedStatement.execute(HikariProxyPreparedStatement.java)
	at org.hibernate.engine.jdbc.internal.ResultSetReturnImpl.execute(ResultSetReturnImpl.java:129)
	... 144 common frames omitted
2025-03-03 01:45:06 [main] INFO  com.track.task.aspect.LoggingAspect - Entering method: UserServiceImpl.add(..)
2025-03-03 01:45:06 [main] INFO  c.t.t.s.user.impl.UserServiceImpl - Add user
2025-03-03 01:45:06 [main] INFO  com.track.task.aspect.LoggingAspect - Exiting method: UserServiceImpl.add(..) with result: null
2025-03-03 01:45:06 [main] INFO  com.track.task.aspect.LoggingAspect - Entering method: UserServiceImpl.getUserByEmail(..)
2025-03-03 01:45:06 [main] INFO  c.t.t.s.user.impl.UserServiceImpl - Get user by email
2025-03-03 01:45:06 [main] INFO  com.track.task.aspect.LoggingAspect - Exiting method: UserServiceImpl.getUserByEmail(..) with result: [FAILED toString()]
2025-03-03 01:45:06 [main] INFO  com.track.task.aspect.LoggingAspect - Entering method: UserServiceImpl.existsByEmail(..)
2025-03-03 01:45:06 [main] INFO  c.t.t.s.user.impl.UserServiceImpl - Exists user by email
2025-03-03 01:45:06 [main] INFO  com.track.task.aspect.LoggingAspect - Exiting method: UserServiceImpl.existsByEmail(..) with result: true
2025-03-03 01:45:06 [main] INFO  com.track.task.aspect.LoggingAspect - Entering method: UserServiceImpl.getUserById(..)
2025-03-03 01:45:06 [main] INFO  c.t.t.s.user.impl.UserServiceImpl - Get user by id
2025-03-03 01:45:06 [main] INFO  com.track.task.aspect.LoggingAspect - Exiting method: UserServiceImpl.getUserById(..) with result: Optional.empty
2025-03-03 01:45:06 [main] INFO  com.track.task.aspect.LoggingAspect - Entering method: UserServiceImpl.add(..)
2025-03-03 01:45:06 [main] INFO  c.t.t.s.user.impl.UserServiceImpl - Add user
2025-03-03 01:45:06 [main] WARN  o.h.e.jdbc.spi.SqlExceptionHelper - SQL Error: 0, SQLState: 23502
2025-03-03 01:45:06 [main] ERROR o.h.e.jdbc.spi.SqlExceptionHelper - ERROR: null value in column "username" of relation "user" violates not-null constraint
  Подробности: Failing row contains (8, unique@test.com, null, null, 2025-03-03 01:45:06.559).
2025-03-03 01:45:06 [main] ERROR com.track.task.aspect.LoggingAspect - Exception in method: UserServiceImpl.add(..): could not execute statement [ERROR: null value in column "username" of relation "user" violates not-null constraint
  Подробности: Failing row contains (8, unique@test.com, null, null, 2025-03-03 01:45:06.559).] [insert into private."user" (created_at,email,password,username) values (?,?,?,?) returning id]; SQL [insert into private."user" (created_at,email,password,username) values (?,?,?,?) returning id]; constraint [username" of relation "user]
org.springframework.dao.DataIntegrityViolationException: could not execute statement [ERROR: null value in column "username" of relation "user" violates not-null constraint
  Подробности: Failing row contains (8, unique@test.com, null, null, 2025-03-03 01:45:06.559).] [insert into private."user" (created_at,email,password,username) values (?,?,?,?) returning id]; SQL [insert into private."user" (created_at,email,password,username) values (?,?,?,?) returning id]; constraint [username" of relation "user]
	at org.springframework.orm.jpa.vendor.HibernateJpaDialect.convertHibernateAccessException(HibernateJpaDialect.java:290)
	at org.springframework.orm.jpa.vendor.HibernateJpaDialect.translateExceptionIfPossible(HibernateJpaDialect.java:241)
	at org.springframework.orm.jpa.AbstractEntityManagerFactoryBean.translateExceptionIfPossible(AbstractEntityManagerFactoryBean.java:550)
	at org.springframework.dao.support.ChainedPersistenceExceptionTranslator.translateExceptionIfPossible(ChainedPersistenceExceptionTranslator.java:61)
	at org.springframework.dao.support.DataAccessUtils.translateIfNecessary(DataAccessUtils.java:335)
	at org.springframework.dao.support.PersistenceExceptionTranslationInterceptor.invoke(PersistenceExceptionTranslationInterceptor.java:160)
	at org.springframework.aop.framework.ReflectiveMethodInvocation.proceed(ReflectiveMethodInvocation.java:184)
	at org.springframework.data.jpa.repository.support.CrudMethodMetadataPostProcessor$CrudMethodMetadataPopulatingMethodInterceptor.invoke(CrudMethodMetadataPostProcessor.java:165)
	at org.springframework.aop.framework.ReflectiveMethodInvocation.proceed(ReflectiveMethodInvocation.java:184)
	at org.springframework.aop.interceptor.ExposeInvocationInterceptor.invoke(ExposeInvocationInterceptor.java:97)
	at org.springframework.aop.framework.ReflectiveMethodInvocation.proceed(ReflectiveMethodInvocation.java:184)
	at org.springframework.aop.framework.JdkDynamicAopProxy.invoke(JdkDynamicAopProxy.java:223)
	at jdk.proxy2/jdk.proxy2.$Proxy181.save(Unknown Source)
	at com.track.task.service.user.impl.UserServiceImpl.add(UserServiceImpl.java:22)
	at java.base/jdk.internal.reflect.DirectMethodHandleAccessor.invoke(DirectMethodHandleAccessor.java:103)
	at java.base/java.lang.reflect.Method.invoke(Method.java:580)
	at org.springframework.aop.support.AopUtils.invokeJoinpointUsingReflection(AopUtils.java:355)
	at org.springframework.aop.framework.ReflectiveMethodInvocation.invokeJoinpoint(ReflectiveMethodInvocation.java:196)
	at org.springframework.aop.framework.ReflectiveMethodInvocation.proceed(ReflectiveMethodInvocation.java:163)
	at org.springframework.aop.framework.CglibAopProxy$CglibMethodInvocation.proceed(CglibAopProxy.java:768)
	at org.springframework.aop.aspectj.MethodInvocationProceedingJoinPoint.proceed(MethodInvocationProceedingJoinPoint.java:89)
	at com.track.task.aspect.LoggingAspect.logMethodExecution(LoggingAspect.java:19)
	at java.base/jdk.internal.reflect.DirectMethodHandleAccessor.invoke(DirectMethodHandleAccessor.java:103)
	at java.base/java.lang.reflect.Method.invoke(Method.java:580)
	at org.springframework.aop.aspectj.AbstractAspectJAdvice.invokeAdviceMethodWithGivenArgs(AbstractAspectJAdvice.java:637)
	at org.springframework.aop.aspectj.AbstractAspectJAdvice.invokeAdviceMethod(AbstractAspectJAdvice.java:627)
	at org.springframework.aop.aspectj.AspectJAroundAdvice.invoke(AspectJAroundAdvice.java:71)
	at org.springframework.aop.framework.ReflectiveMethodInvocation.proceed(ReflectiveMethodInvocation.java:184)
	at org.springframework.aop.framework.CglibAopProxy$CglibMethodInvocation.proceed(CglibAopProxy.java:768)
	at org.springframework.aop.interceptor.ExposeInvocationInterceptor.invoke(ExposeInvocationInterceptor.java:97)
	at org.springframework.aop.framework.ReflectiveMethodInvocation.proceed(ReflectiveMethodInvocation.java:184)
	at org.springframework.aop.framework.CglibAopProxy$CglibMethodInvocation.proceed(CglibAopProxy.java:768)
	at org.springframework.aop.framework.CglibAopProxy$DynamicAdvisedInterceptor.intercept(CglibAopProxy.java:720)
	at com.track.task.service.user.impl.UserServiceImpl$$SpringCGLIB$$0.add(<generated>)
	at com.track.task.UserServiceImplIntegrationTest.uniqueEmailConstraintTest(UserServiceImplIntegrationTest.java:88)
	at java.base/jdk.internal.reflect.DirectMethodHandleAccessor.invoke(DirectMethodHandleAccessor.java:103)
	at java.base/java.lang.reflect.Method.invoke(Method.java:580)
	at org.junit.platform.commons.util.ReflectionUtils.invokeMethod(ReflectionUtils.java:728)
	at org.junit.jupiter.engine.execution.MethodInvocation.proceed(MethodInvocation.java:60)
	at org.junit.jupiter.engine.execution.InvocationInterceptorChain$ValidatingInvocation.proceed(InvocationInterceptorChain.java:131)
	at org.junit.jupiter.engine.extension.TimeoutExtension.intercept(TimeoutExtension.java:156)
	at org.junit.jupiter.engine.extension.TimeoutExtension.interceptTestableMethod(TimeoutExtension.java:147)
	at org.junit.jupiter.engine.extension.TimeoutExtension.interceptTestMethod(TimeoutExtension.java:86)
	at org.junit.jupiter.engine.execution.InterceptingExecutableInvoker$ReflectiveInterceptorCall.lambda$ofVoidMethod$0(InterceptingExecutableInvoker.java:103)
	at org.junit.jupiter.engine.execution.InterceptingExecutableInvoker.lambda$invoke$0(InterceptingExecutableInvoker.java:93)
	at org.junit.jupiter.engine.execution.InvocationInterceptorChain$InterceptedInvocation.proceed(InvocationInterceptorChain.java:106)
	at org.junit.jupiter.engine.execution.InvocationInterceptorChain.proceed(InvocationInterceptorChain.java:64)
	at org.junit.jupiter.engine.execution.InvocationInterceptorChain.chainAndInvoke(InvocationInterceptorChain.java:45)
	at org.junit.jupiter.engine.execution.InvocationInterceptorChain.invoke(InvocationInterceptorChain.java:37)
	at org.junit.jupiter.engine.execution.InterceptingExecutableInvoker.invoke(InterceptingExecutableInvoker.java:92)
	at org.junit.jupiter.engine.execution.InterceptingExecutableInvoker.invoke(InterceptingExecutableInvoker.java:86)
	at org.junit.jupiter.engine.descriptor.TestMethodTestDescriptor.lambda$invokeTestMethod$7(TestMethodTestDescriptor.java:218)
	at org.junit.platform.engine.support.hierarchical.ThrowableCollector.execute(ThrowableCollector.java:73)
	at org.junit.jupiter.engine.descriptor.TestMethodTestDescriptor.invokeTestMethod(TestMethodTestDescriptor.java:214)
	at org.junit.jupiter.engine.descriptor.TestMethodTestDescriptor.execute(TestMethodTestDescriptor.java:139)
	at org.junit.jupiter.engine.descriptor.TestMethodTestDescriptor.execute(TestMethodTestDescriptor.java:69)
	at org.junit.platform.engine.support.hierarchical.NodeTestTask.lambda$executeRecursively$6(NodeTestTask.java:156)
	at org.junit.platform.engine.support.hierarchical.ThrowableCollector.execute(ThrowableCollector.java:73)
	at org.junit.platform.engine.support.hierarchical.NodeTestTask.lambda$executeRecursively$8(NodeTestTask.java:146)
	at org.junit.platform.engine.support.hierarchical.Node.around(Node.java:137)
	at org.junit.platform.engine.support.hierarchical.NodeTestTask.lambda$executeRecursively$9(NodeTestTask.java:144)
	at org.junit.platform.engine.support.hierarchical.ThrowableCollector.execute(ThrowableCollector.java:73)
	at org.junit.platform.engine.support.hierarchical.NodeTestTask.executeRecursively(NodeTestTask.java:143)
	at org.junit.platform.engine.support.hierarchical.NodeTestTask.execute(NodeTestTask.java:100)
	at java.base/java.util.ArrayList.forEach(ArrayList.java:1597)
	at org.junit.platform.engine.support.hierarchical.SameThreadHierarchicalTestExecutorService.invokeAll(SameThreadHierarchicalTestExecutorService.java:41)
	at org.junit.platform.engine.support.hierarchical.NodeTestTask.lambda$executeRecursively$6(NodeTestTask.java:160)
	at org.junit.platform.engine.support.hierarchical.ThrowableCollector.execute(ThrowableCollector.java:73)
	at org.junit.platform.engine.support.hierarchical.NodeTestTask.lambda$executeRecursively$8(NodeTestTask.java:146)
	at org.junit.platform.engine.support.hierarchical.Node.around(Node.java:137)
	at org.junit.platform.engine.support.hierarchical.NodeTestTask.lambda$executeRecursively$9(NodeTestTask.java:144)
	at org.junit.platform.engine.support.hierarchical.ThrowableCollector.execute(ThrowableCollector.java:73)
	at org.junit.platform.engine.support.hierarchical.NodeTestTask.executeRecursively(NodeTestTask.java:143)
	at org.junit.platform.engine.support.hierarchical.NodeTestTask.execute(NodeTestTask.java:100)
	at java.base/java.util.ArrayList.forEach(ArrayList.java:1597)
	at org.junit.platform.engine.support.hierarchical.SameThreadHierarchicalTestExecutorService.invokeAll(SameThreadHierarchicalTestExecutorService.java:41)
	at org.junit.platform.engine.support.hierarchical.NodeTestTask.lambda$executeRecursively$6(NodeTestTask.java:160)
	at org.junit.platform.engine.support.hierarchical.ThrowableCollector.execute(ThrowableCollector.java:73)
	at org.junit.platform.engine.support.hierarchical.NodeTestTask.lambda$executeRecursively$8(NodeTestTask.java:146)
	at org.junit.platform.engine.support.hierarchical.Node.around(Node.java:137)
	at org.junit.platform.engine.support.hierarchical.NodeTestTask.lambda$executeRecursively$9(NodeTestTask.java:144)
	at org.junit.platform.engine.support.hierarchical.ThrowableCollector.execute(ThrowableCollector.java:73)
	at org.junit.platform.engine.support.hierarchical.NodeTestTask.executeRecursively(NodeTestTask.java:143)
	at org.junit.platform.engine.support.hierarchical.NodeTestTask.execute(NodeTestTask.java:100)
	at org.junit.platform.engine.support.hierarchical.SameThreadHierarchicalTestExecutorService.submit(SameThreadHierarchicalTestExecutorService.java:35)
	at org.junit.platform.engine.support.hierarchical.HierarchicalTestExecutor.execute(HierarchicalTestExecutor.java:57)
	at org.junit.platform.engine.support.hierarchical.HierarchicalTestEngine.execute(HierarchicalTestEngine.java:54)
	at org.junit.platform.launcher.core.EngineExecutionOrchestrator.execute(EngineExecutionOrchestrator.java:198)
	at org.junit.platform.launcher.core.EngineExecutionOrchestrator.execute(EngineExecutionOrchestrator.java:169)
	at org.junit.platform.launcher.core.EngineExecutionOrchestrator.execute(EngineExecutionOrchestrator.java:93)
	at org.junit.platform.launcher.core.EngineExecutionOrchestrator.lambda$execute$0(EngineExecutionOrchestrator.java:58)
	at org.junit.platform.launcher.core.EngineExecutionOrchestrator.withInterceptedStreams(EngineExecutionOrchestrator.java:141)
	at org.junit.platform.launcher.core.EngineExecutionOrchestrator.execute(EngineExecutionOrchestrator.java:57)
	at org.junit.platform.launcher.core.DefaultLauncher.execute(DefaultLauncher.java:103)
	at org.junit.platform.launcher.core.DefaultLauncher.execute(DefaultLauncher.java:85)
	at org.junit.platform.launcher.core.DelegatingLauncher.execute(DelegatingLauncher.java:47)
	at org.junit.platform.launcher.core.SessionPerRequestLauncher.execute(SessionPerRequestLauncher.java:63)
	at com.intellij.junit5.JUnit5IdeaTestRunner.startRunnerWithArgs(JUnit5IdeaTestRunner.java:57)
	at com.intellij.rt.junit.IdeaTestRunner$Repeater$1.execute(IdeaTestRunner.java:38)
	at com.intellij.rt.execution.junit.TestsRepeater.repeat(TestsRepeater.java:11)
	at com.intellij.rt.junit.IdeaTestRunner$Repeater.startRunnerWithArgs(IdeaTestRunner.java:35)
	at com.intellij.rt.junit.JUnitStarter.prepareStreamsAndStart(JUnitStarter.java:232)
	at com.intellij.rt.junit.JUnitStarter.main(JUnitStarter.java:55)
Caused by: org.hibernate.exception.ConstraintViolationException: could not execute statement [ERROR: null value in column "username" of relation "user" violates not-null constraint
  Подробности: Failing row contains (8, unique@test.com, null, null, 2025-03-03 01:45:06.559).] [insert into private."user" (created_at,email,password,username) values (?,?,?,?) returning id]
	at org.hibernate.exception.internal.SQLStateConversionDelegate.convert(SQLStateConversionDelegate.java:97)
	at org.hibernate.exception.internal.StandardSQLExceptionConverter.convert(StandardSQLExceptionConverter.java:58)
	at org.hibernate.engine.jdbc.spi.SqlExceptionHelper.convert(SqlExceptionHelper.java:108)
	at org.hibernate.engine.jdbc.internal.ResultSetReturnImpl.execute(ResultSetReturnImpl.java:145)
	at org.hibernate.id.insert.InsertReturningDelegate.executeAndExtractReturning(InsertReturningDelegate.java:96)
	at org.hibernate.id.insert.AbstractReturningDelegate.performMutation(AbstractReturningDelegate.java:58)
	at org.hibernate.engine.jdbc.mutation.internal.MutationExecutorSingleNonBatched.performNonBatchedOperations(MutationExecutorSingleNonBatched.java:47)
	at org.hibernate.engine.jdbc.mutation.internal.AbstractMutationExecutor.execute(AbstractMutationExecutor.java:55)
	at org.hibernate.persister.entity.mutation.InsertCoordinatorStandard.doStaticInserts(InsertCoordinatorStandard.java:194)
	at org.hibernate.persister.entity.mutation.InsertCoordinatorStandard.coordinateInsert(InsertCoordinatorStandard.java:132)
	at org.hibernate.persister.entity.mutation.InsertCoordinatorStandard.insert(InsertCoordinatorStandard.java:95)
	at org.hibernate.action.internal.EntityIdentityInsertAction.execute(EntityIdentityInsertAction.java:85)
	at org.hibernate.engine.spi.ActionQueue.execute(ActionQueue.java:671)
	at org.hibernate.engine.spi.ActionQueue.addResolvedEntityInsertAction(ActionQueue.java:292)
	at org.hibernate.engine.spi.ActionQueue.addInsertAction(ActionQueue.java:273)
	at org.hibernate.engine.spi.ActionQueue.addAction(ActionQueue.java:323)
	at org.hibernate.event.internal.AbstractSaveEventListener.addInsertAction(AbstractSaveEventListener.java:391)
	at org.hibernate.event.internal.AbstractSaveEventListener.performSaveOrReplicate(AbstractSaveEventListener.java:305)
	at org.hibernate.event.internal.AbstractSaveEventListener.performSave(AbstractSaveEventListener.java:224)
	at org.hibernate.event.internal.AbstractSaveEventListener.saveWithGeneratedId(AbstractSaveEventListener.java:137)
	at org.hibernate.event.internal.DefaultPersistEventListener.entityIsTransient(DefaultPersistEventListener.java:175)
	at org.hibernate.event.internal.DefaultPersistEventListener.persist(DefaultPersistEventListener.java:93)
	at org.hibernate.event.internal.DefaultPersistEventListener.onPersist(DefaultPersistEventListener.java:77)
	at org.hibernate.event.internal.DefaultPersistEventListener.onPersist(DefaultPersistEventListener.java:54)
	at org.hibernate.event.service.internal.EventListenerGroupImpl.fireEventOnEachListener(EventListenerGroupImpl.java:127)
	at org.hibernate.internal.SessionImpl.firePersist(SessionImpl.java:757)
	at org.hibernate.internal.SessionImpl.persist(SessionImpl.java:741)
	at java.base/jdk.internal.reflect.DirectMethodHandleAccessor.invoke(DirectMethodHandleAccessor.java:103)
	at java.base/java.lang.reflect.Method.invoke(Method.java:580)
	at org.springframework.orm.jpa.SharedEntityManagerCreator$SharedEntityManagerInvocationHandler.invoke(SharedEntityManagerCreator.java:319)
	at jdk.proxy2/jdk.proxy2.$Proxy178.persist(Unknown Source)
	at org.springframework.data.jpa.repository.support.SimpleJpaRepository.save(SimpleJpaRepository.java:628)
	at java.base/jdk.internal.reflect.DirectMethodHandleAccessor.invoke(DirectMethodHandleAccessor.java:103)
	at java.base/java.lang.reflect.Method.invoke(Method.java:580)
	at org.springframework.aop.support.AopUtils.invokeJoinpointUsingReflection(AopUtils.java:355)
	at org.springframework.data.repository.core.support.RepositoryMethodInvoker$RepositoryFragmentMethodInvoker.lambda$new$0(RepositoryMethodInvoker.java:277)
	at org.springframework.data.repository.core.support.RepositoryMethodInvoker.doInvoke(RepositoryMethodInvoker.java:170)
	at org.springframework.data.repository.core.support.RepositoryMethodInvoker.invoke(RepositoryMethodInvoker.java:158)
	at org.springframework.data.repository.core.support.RepositoryComposition$RepositoryFragments.invoke(RepositoryComposition.java:516)
	at org.springframework.data.repository.core.support.RepositoryComposition.invoke(RepositoryComposition.java:285)
	at org.springframework.data.repository.core.support.RepositoryFactorySupport$ImplementationMethodExecutionInterceptor.invoke(RepositoryFactorySupport.java:628)
	at org.springframework.aop.framework.ReflectiveMethodInvocation.proceed(ReflectiveMethodInvocation.java:184)
	at org.springframework.data.repository.core.support.QueryExecutorMethodInterceptor.doInvoke(QueryExecutorMethodInterceptor.java:173)
	at org.springframework.data.repository.core.support.QueryExecutorMethodInterceptor.invoke(QueryExecutorMethodInterceptor.java:148)
	at org.springframework.aop.framework.ReflectiveMethodInvocation.proceed(ReflectiveMethodInvocation.java:184)
	at org.springframework.data.projection.DefaultMethodInvokingMethodInterceptor.invoke(DefaultMethodInvokingMethodInterceptor.java:70)
	at org.springframework.aop.framework.ReflectiveMethodInvocation.proceed(ReflectiveMethodInvocation.java:184)
	at org.springframework.transaction.interceptor.TransactionAspectSupport.invokeWithinTransaction(TransactionAspectSupport.java:379)
	at org.springframework.transaction.interceptor.TransactionInterceptor.invoke(TransactionInterceptor.java:119)
	at org.springframework.aop.framework.ReflectiveMethodInvocation.proceed(ReflectiveMethodInvocation.java:184)
	at org.springframework.dao.support.PersistenceExceptionTranslationInterceptor.invoke(PersistenceExceptionTranslationInterceptor.java:138)
	... 97 common frames omitted
Caused by: org.postgresql.util.PSQLException: ERROR: null value in column "username" of relation "user" violates not-null constraint
  Подробности: Failing row contains (8, unique@test.com, null, null, 2025-03-03 01:45:06.559).
	at org.postgresql.core.v3.QueryExecutorImpl.receiveErrorResponse(QueryExecutorImpl.java:2733)
	at org.postgresql.core.v3.QueryExecutorImpl.processResults(QueryExecutorImpl.java:2420)
	at org.postgresql.core.v3.QueryExecutorImpl.execute(QueryExecutorImpl.java:372)
	at org.postgresql.jdbc.PgStatement.executeInternal(PgStatement.java:517)
	at org.postgresql.jdbc.PgStatement.execute(PgStatement.java:434)
	at org.postgresql.jdbc.PgPreparedStatement.executeWithFlags(PgPreparedStatement.java:194)
	at org.postgresql.jdbc.PgPreparedStatement.execute(PgPreparedStatement.java:180)
	at com.zaxxer.hikari.pool.ProxyPreparedStatement.execute(ProxyPreparedStatement.java:44)
	at com.zaxxer.hikari.pool.HikariProxyPreparedStatement.execute(HikariProxyPreparedStatement.java)
	at org.hibernate.engine.jdbc.internal.ResultSetReturnImpl.execute(ResultSetReturnImpl.java:129)
	... 144 common frames omitted
2025-03-03 01:45:07 [SpringApplicationShutdownHook] INFO  o.s.o.j.LocalContainerEntityManagerFactoryBean - Closing JPA EntityManagerFactory for persistence unit 'default'
2025-03-03 01:45:07 [SpringApplicationShutdownHook] INFO  com.zaxxer.hikari.HikariDataSource - HikariPool-1 - Shutdown initiated...
2025-03-03 01:45:07 [SpringApplicationShutdownHook] INFO  com.zaxxer.hikari.HikariDataSource - HikariPool-1 - Shutdown completed.
2025-03-03 14:02:30 [background-preinit] INFO  o.h.validator.internal.util.Version - HV000001: Hibernate Validator 8.0.1.Final
2025-03-03 14:02:30 [main] INFO  c.t.t.UserServiceImplIntegrationTest - Starting UserServiceImplIntegrationTest using Java 22.0.2 with PID 7120 (started by Admin in C:\Users\Admin\Desktop\task)
2025-03-03 14:02:30 [main] INFO  c.t.t.UserServiceImplIntegrationTest - No active profile set, falling back to 1 default profile: "default"
2025-03-03 14:02:32 [main] INFO  o.s.d.r.c.RepositoryConfigurationDelegate - Bootstrapping Spring Data JPA repositories in DEFAULT mode.
2025-03-03 14:02:32 [main] INFO  o.s.d.r.c.RepositoryConfigurationDelegate - Finished Spring Data repository scanning in 108 ms. Found 5 JPA repository interfaces.
2025-03-03 14:02:33 [main] INFO  com.zaxxer.hikari.HikariDataSource - HikariPool-1 - Starting...
2025-03-03 14:02:34 [main] INFO  com.zaxxer.hikari.pool.HikariPool - HikariPool-1 - Added connection org.postgresql.jdbc.PgConnection@6ec98ccc
2025-03-03 14:02:34 [main] INFO  com.zaxxer.hikari.HikariDataSource - HikariPool-1 - Start completed.
2025-03-03 14:02:35 [main] INFO  liquibase.database - Set default schema name to public
2025-03-03 14:02:36 [main] INFO  liquibase.changelog - Creating database history table with name: public.databasechangelog
2025-03-03 14:02:36 [main] INFO  liquibase.changelog - Reading from public.databasechangelog
2025-03-03 14:02:36 [main] INFO  liquibase.lockservice - Successfully acquired change log lock
2025-03-03 14:02:36 [main] INFO  liquibase.command - Using deploymentId: 0999756381
2025-03-03 14:02:36 [main] INFO  liquibase.changelog - Reading from public.databasechangelog
2025-03-03 14:02:36 [main] INFO  liquibase.ui - Running Changeset: db/changelog/01-create-schema.xml::1::xfnet
2025-03-03 14:02:36 [main] WARN  liquibase.executor - schema "private" does not exist, skipping
2025-03-03 14:02:36 [main] INFO  liquibase.changelog - Custom SQL executed
2025-03-03 14:02:36 [main] INFO  liquibase.changelog - Custom SQL executed
2025-03-03 14:02:36 [main] INFO  liquibase.changelog - ChangeSet db/changelog/01-create-schema.xml::1::xfnet ran successfully in 18ms
2025-03-03 14:02:36 [main] INFO  liquibase.ui - Running Changeset: db/changelog/02-create-user-table.xml::2::xfnet
2025-03-03 14:02:36 [main] INFO  liquibase.changelog - Table user created
2025-03-03 14:02:36 [main] INFO  liquibase.changelog - ChangeSet db/changelog/02-create-user-table.xml::2::xfnet ran successfully in 11ms
2025-03-03 14:02:36 [main] INFO  liquibase.ui - Running Changeset: db/changelog/03-create-priority-table.xml::3::xfnet
2025-03-03 14:02:36 [main] INFO  liquibase.changelog - Table priority created
2025-03-03 14:02:36 [main] INFO  liquibase.changelog - ChangeSet db/changelog/03-create-priority-table.xml::3::xfnet ran successfully in 11ms
2025-03-03 14:02:36 [main] INFO  liquibase.ui - Running Changeset: db/changelog/04-create-status-table.xml::4::xfnet
2025-03-03 14:02:36 [main] INFO  liquibase.changelog - Table status created
2025-03-03 14:02:36 [main] INFO  liquibase.changelog - Foreign key constraint added to status (user_id)
2025-03-03 14:02:36 [main] INFO  liquibase.changelog - Unique constraint added to status(title, user_id)
2025-03-03 14:02:36 [main] INFO  liquibase.changelog - ChangeSet db/changelog/04-create-status-table.xml::4::xfnet ran successfully in 24ms
2025-03-03 14:02:36 [main] INFO  liquibase.ui - Running Changeset: db/changelog/05-create-role-table.xml::5::xfnet
2025-03-03 14:02:36 [main] INFO  liquibase.changelog - Table role created
2025-03-03 14:02:36 [main] INFO  liquibase.changelog - ChangeSet db/changelog/05-create-role-table.xml::5::xfnet ran successfully in 14ms
2025-03-03 14:02:36 [main] INFO  liquibase.ui - Running Changeset: db/changelog/06-create-user-roles-table.xml::6::xfnet
2025-03-03 14:02:36 [main] INFO  liquibase.changelog - Table user_roles created
2025-03-03 14:02:36 [main] INFO  liquibase.changelog - Primary key added to user_roles (user_id, role_id)
2025-03-03 14:02:36 [main] INFO  liquibase.changelog - Foreign key constraint added to user_roles (user_id)
2025-03-03 14:02:36 [main] INFO  liquibase.changelog - Foreign key constraint added to user_roles (role_id)
2025-03-03 14:02:36 [main] INFO  liquibase.changelog - ChangeSet db/changelog/06-create-user-roles-table.xml::6::xfnet ran successfully in 20ms
2025-03-03 14:02:36 [main] INFO  liquibase.ui - Running Changeset: db/changelog/07-create-task-table.xml::7::xfnet
2025-03-03 14:02:36 [main] INFO  liquibase.changelog - Table task created
2025-03-03 14:02:36 [main] INFO  liquibase.changelog - Foreign key constraint added to task (priority_id)
2025-03-03 14:02:36 [main] INFO  liquibase.changelog - Foreign key constraint added to task (status_id)
2025-03-03 14:02:36 [main] INFO  liquibase.changelog - Foreign key constraint added to task (user_id)
2025-03-03 14:02:36 [main] INFO  liquibase.changelog - ChangeSet db/changelog/07-create-task-table.xml::7::xfnet ran successfully in 36ms
2025-03-03 14:02:36 [main] INFO  liquibase.ui - Running Changeset: db/changelog/08-create-task-executors-table.xml::8::xfnet
2025-03-03 14:02:36 [main] INFO  liquibase.changelog - Table task_executors created
2025-03-03 14:02:36 [main] INFO  liquibase.changelog - Primary key added to task_executors (task_id, user_id)
2025-03-03 14:02:36 [main] INFO  liquibase.changelog - Foreign key constraint added to task_executors (task_id)
2025-03-03 14:02:36 [main] INFO  liquibase.changelog - Foreign key constraint added to task_executors (user_id)
2025-03-03 14:02:36 [main] INFO  liquibase.changelog - ChangeSet db/changelog/08-create-task-executors-table.xml::8::xfnet ran successfully in 22ms
2025-03-03 14:02:36 [main] INFO  liquibase.ui - Running Changeset: db/changelog/09-create-comment-table.xml::9::xfnet
2025-03-03 14:02:36 [main] INFO  liquibase.changelog - Table comment created
2025-03-03 14:02:36 [main] INFO  liquibase.changelog - Foreign key constraint added to comment (task_id)
2025-03-03 14:02:36 [main] INFO  liquibase.changelog - Foreign key constraint added to comment (user_id)
2025-03-03 14:02:36 [main] INFO  liquibase.changelog - Foreign key constraint added to comment (parent_id)
2025-03-03 14:02:36 [main] INFO  liquibase.changelog - ChangeSet db/changelog/09-create-comment-table.xml::9::xfnet ran successfully in 35ms
2025-03-03 14:02:36 [main] INFO  liquibase.ui - Running Changeset: db/changelog/10-insert-default-data.xml::10::xfnet
2025-03-03 14:02:36 [main] INFO  liquibase.changelog - New row inserted into role
2025-03-03 14:02:36 [main] INFO  liquibase.changelog - New row inserted into role
2025-03-03 14:02:36 [main] INFO  liquibase.changelog - New row inserted into user
2025-03-03 14:02:36 [main] INFO  liquibase.changelog - New row inserted into user
2025-03-03 14:02:36 [main] INFO  liquibase.changelog - New row inserted into user
2025-03-03 14:02:36 [main] INFO  liquibase.changelog - New row inserted into user
2025-03-03 14:02:36 [main] INFO  liquibase.changelog - New row inserted into user
2025-03-03 14:02:36 [main] INFO  liquibase.changelog - New row inserted into user_roles
2025-03-03 14:02:36 [main] INFO  liquibase.changelog - New row inserted into user_roles
2025-03-03 14:02:36 [main] INFO  liquibase.changelog - New row inserted into user_roles
2025-03-03 14:02:36 [main] INFO  liquibase.changelog - New row inserted into user_roles
2025-03-03 14:02:36 [main] INFO  liquibase.changelog - New row inserted into user_roles
2025-03-03 14:02:36 [main] INFO  liquibase.changelog - New row inserted into priority
2025-03-03 14:02:36 [main] INFO  liquibase.changelog - New row inserted into priority
2025-03-03 14:02:36 [main] INFO  liquibase.changelog - New row inserted into priority
2025-03-03 14:02:36 [main] INFO  liquibase.changelog - New row inserted into status
2025-03-03 14:02:36 [main] INFO  liquibase.changelog - New row inserted into status
2025-03-03 14:02:36 [main] INFO  liquibase.changelog - New row inserted into status
2025-03-03 14:02:36 [main] INFO  liquibase.changelog - New row inserted into status
2025-03-03 14:02:36 [main] INFO  liquibase.changelog - New row inserted into status
2025-03-03 14:02:36 [main] INFO  liquibase.changelog - New row inserted into task
2025-03-03 14:02:36 [main] INFO  liquibase.changelog - New row inserted into task
2025-03-03 14:02:36 [main] INFO  liquibase.changelog - New row inserted into task
2025-03-03 14:02:36 [main] INFO  liquibase.changelog - New row inserted into task_executors
2025-03-03 14:02:36 [main] INFO  liquibase.changelog - New row inserted into task_executors
2025-03-03 14:02:36 [main] INFO  liquibase.changelog - New row inserted into task_executors
2025-03-03 14:02:36 [main] INFO  liquibase.changelog - New row inserted into task_executors
2025-03-03 14:02:36 [main] INFO  liquibase.changelog - New row inserted into comment
2025-03-03 14:02:36 [main] INFO  liquibase.changelog - New row inserted into comment
2025-03-03 14:02:36 [main] INFO  liquibase.changelog - New row inserted into comment
2025-03-03 14:02:36 [main] INFO  liquibase.changelog - ChangeSet db/changelog/10-insert-default-data.xml::10::xfnet ran successfully in 176ms
2025-03-03 14:02:36 [main] INFO  liquibase.util - UPDATE SUMMARY
2025-03-03 14:02:36 [main] INFO  liquibase.util - Run:                         10
2025-03-03 14:02:36 [main] INFO  liquibase.util - Previously run:               0
2025-03-03 14:02:36 [main] INFO  liquibase.util - Filtered out:                 0
2025-03-03 14:02:36 [main] INFO  liquibase.util - -------------------------------
2025-03-03 14:02:36 [main] INFO  liquibase.util - Total change sets:           10
2025-03-03 14:02:36 [main] INFO  liquibase.util - Update summary generated
2025-03-03 14:02:36 [main] INFO  liquibase.command - Update command completed successfully.
2025-03-03 14:02:36 [main] INFO  liquibase.ui - Liquibase: Update has been successful. Rows affected: 40
2025-03-03 14:02:36 [main] INFO  liquibase.lockservice - Successfully released change log lock
2025-03-03 14:02:36 [main] INFO  liquibase.command - Command execution complete
2025-03-03 14:02:37 [main] INFO  o.h.jpa.internal.util.LogHelper - HHH000204: Processing PersistenceUnitInfo [name: default]
2025-03-03 14:02:37 [main] INFO  org.hibernate.Version - HHH000412: Hibernate ORM core version 6.5.3.Final
2025-03-03 14:02:37 [main] INFO  o.h.c.i.RegionFactoryInitiator - HHH000026: Second-level cache disabled
2025-03-03 14:02:37 [main] INFO  o.s.o.j.p.SpringPersistenceUnitInfo - No LoadTimeWeaver setup: ignoring JPA class transformer
2025-03-03 14:02:39 [main] INFO  o.h.e.t.j.p.i.JtaPlatformInitiator - HHH000489: No JTA platform available (set 'hibernate.transaction.jta.platform' to enable JTA platform integration)
2025-03-03 14:02:39 [main] INFO  o.s.o.j.LocalContainerEntityManagerFactoryBean - Initialized JPA EntityManagerFactory for persistence unit 'default'
2025-03-03 14:02:39 [main] INFO  o.s.s.c.a.a.c.InitializeAuthenticationProviderBeanManagerConfigurer$InitializeAuthenticationProviderManagerConfigurer - Global AuthenticationManager configured with AuthenticationProvider bean with name authenticationProvider
2025-03-03 14:02:39 [main] WARN  o.s.s.c.a.a.c.InitializeUserDetailsBeanManagerConfigurer$InitializeUserDetailsManagerConfigurer - Global AuthenticationManager configured with an AuthenticationProvider bean. UserDetailsService beans will not be used for username/password login. Consider removing the AuthenticationProvider bean. Alternatively, consider using the UserDetailsService in a manually instantiated DaoAuthenticationProvider.
2025-03-03 14:02:40 [main] INFO  o.s.d.j.r.query.QueryEnhancerFactory - Hibernate is in classpath; If applicable, HQL parser will be used.
2025-03-03 14:02:40 [main] WARN  o.s.b.a.o.j.JpaBaseConfiguration$JpaWebConfiguration - spring.jpa.open-in-view is enabled by default. Therefore, database queries may be performed during view rendering. Explicitly configure spring.jpa.open-in-view to disable this warning
2025-03-03 14:02:42 [main] INFO  c.t.t.UserServiceImplIntegrationTest - Started UserServiceImplIntegrationTest in 11.876 seconds (process running for 20.418)
2025-03-03 14:02:42 [main] INFO  com.track.task.aspect.LoggingAspect - Entering method: UserServiceImpl.add(..)
2025-03-03 14:02:42 [main] INFO  c.t.t.s.user.impl.UserServiceImpl - Add user
2025-03-03 14:02:42 [main] INFO  com.track.task.aspect.LoggingAspect - Exiting method: UserServiceImpl.add(..) with result: null
2025-03-03 14:02:42 [main] INFO  com.track.task.aspect.LoggingAspect - Entering method: UserServiceImpl.getUserByEmail(..)
2025-03-03 14:02:42 [main] INFO  c.t.t.s.user.impl.UserServiceImpl - Get user by email
2025-03-03 14:02:42 [main] INFO  com.track.task.aspect.LoggingAspect - Exiting method: UserServiceImpl.getUserByEmail(..) with result: [FAILED toString()]
2025-03-03 14:02:42 [main] INFO  com.track.task.aspect.LoggingAspect - Entering method: UserServiceImpl.existsByEmail(..)
2025-03-03 14:02:42 [main] INFO  c.t.t.s.user.impl.UserServiceImpl - Exists user by email
2025-03-03 14:02:42 [main] INFO  com.track.task.aspect.LoggingAspect - Exiting method: UserServiceImpl.existsByEmail(..) with result: true
2025-03-03 14:02:43 [main] INFO  com.track.task.aspect.LoggingAspect - Entering method: UserServiceImpl.getUserById(..)
2025-03-03 14:02:43 [main] INFO  c.t.t.s.user.impl.UserServiceImpl - Get user by id
2025-03-03 14:02:43 [main] INFO  com.track.task.aspect.LoggingAspect - Exiting method: UserServiceImpl.getUserById(..) with result: Optional.empty
2025-03-03 14:02:43 [SpringApplicationShutdownHook] INFO  o.s.o.j.LocalContainerEntityManagerFactoryBean - Closing JPA EntityManagerFactory for persistence unit 'default'
2025-03-03 14:02:43 [SpringApplicationShutdownHook] INFO  com.zaxxer.hikari.HikariDataSource - HikariPool-1 - Shutdown initiated...
2025-03-03 14:02:43 [SpringApplicationShutdownHook] INFO  com.zaxxer.hikari.HikariDataSource - HikariPool-1 - Shutdown completed.
2025-03-03 14:50:26 [background-preinit] INFO  o.h.validator.internal.util.Version - HV000001: Hibernate Validator 8.0.1.Final
2025-03-03 14:50:26 [main] INFO  c.t.t.UserServiceImplIntegrationTest - Starting UserServiceImplIntegrationTest using Java 22.0.2 with PID 14256 (started by Admin in C:\Users\Admin\Desktop\task)
2025-03-03 14:50:26 [main] INFO  c.t.t.UserServiceImplIntegrationTest - No active profile set, falling back to 1 default profile: "default"
2025-03-03 14:50:28 [main] INFO  o.s.d.r.c.RepositoryConfigurationDelegate - Bootstrapping Spring Data JPA repositories in DEFAULT mode.
2025-03-03 14:50:28 [main] INFO  o.s.d.r.c.RepositoryConfigurationDelegate - Finished Spring Data repository scanning in 90 ms. Found 5 JPA repository interfaces.
2025-03-03 14:50:29 [main] INFO  com.zaxxer.hikari.HikariDataSource - HikariPool-1 - Starting...
2025-03-03 14:50:29 [main] INFO  com.zaxxer.hikari.pool.HikariPool - HikariPool-1 - Added connection org.postgresql.jdbc.PgConnection@718ad3a6
2025-03-03 14:50:29 [main] INFO  com.zaxxer.hikari.HikariDataSource - HikariPool-1 - Start completed.
2025-03-03 14:50:29 [main] INFO  liquibase.database - Set default schema name to public
2025-03-03 14:50:30 [main] INFO  liquibase.changelog - Creating database history table with name: public.databasechangelog
2025-03-03 14:50:30 [main] INFO  liquibase.changelog - Reading from public.databasechangelog
2025-03-03 14:50:30 [main] INFO  liquibase.lockservice - Successfully acquired change log lock
2025-03-03 14:50:30 [main] INFO  liquibase.command - Using deploymentId: 1002630765
2025-03-03 14:50:30 [main] INFO  liquibase.changelog - Reading from public.databasechangelog
2025-03-03 14:50:30 [main] INFO  liquibase.ui - Running Changeset: db/changelog/01-create-schema.xml::1::xfnet
2025-03-03 14:50:30 [main] WARN  liquibase.executor - schema "private" does not exist, skipping
2025-03-03 14:50:30 [main] INFO  liquibase.changelog - Custom SQL executed
2025-03-03 14:50:30 [main] INFO  liquibase.changelog - Custom SQL executed
2025-03-03 14:50:30 [main] INFO  liquibase.changelog - ChangeSet db/changelog/01-create-schema.xml::1::xfnet ran successfully in 35ms
2025-03-03 14:50:30 [main] INFO  liquibase.ui - Running Changeset: db/changelog/02-create-user-table.xml::2::xfnet
2025-03-03 14:50:31 [main] INFO  liquibase.changelog - Table user created
2025-03-03 14:50:31 [main] INFO  liquibase.changelog - ChangeSet db/changelog/02-create-user-table.xml::2::xfnet ran successfully in 128ms
2025-03-03 14:50:31 [main] INFO  liquibase.ui - Running Changeset: db/changelog/03-create-priority-table.xml::3::xfnet
2025-03-03 14:50:31 [main] INFO  liquibase.changelog - Table priority created
2025-03-03 14:50:31 [main] INFO  liquibase.changelog - ChangeSet db/changelog/03-create-priority-table.xml::3::xfnet ran successfully in 14ms
2025-03-03 14:50:31 [main] INFO  liquibase.ui - Running Changeset: db/changelog/04-create-status-table.xml::4::xfnet
2025-03-03 14:50:31 [main] INFO  liquibase.changelog - Table status created
2025-03-03 14:50:31 [main] INFO  liquibase.changelog - Foreign key constraint added to status (user_id)
2025-03-03 14:50:31 [main] INFO  liquibase.changelog - Unique constraint added to status(title, user_id)
2025-03-03 14:50:31 [main] INFO  liquibase.changelog - ChangeSet db/changelog/04-create-status-table.xml::4::xfnet ran successfully in 27ms
2025-03-03 14:50:31 [main] INFO  liquibase.ui - Running Changeset: db/changelog/05-create-role-table.xml::5::xfnet
2025-03-03 14:50:31 [main] INFO  liquibase.changelog - Table role created
2025-03-03 14:50:31 [main] INFO  liquibase.changelog - ChangeSet db/changelog/05-create-role-table.xml::5::xfnet ran successfully in 10ms
2025-03-03 14:50:31 [main] INFO  liquibase.ui - Running Changeset: db/changelog/06-create-user-roles-table.xml::6::xfnet
2025-03-03 14:50:31 [main] INFO  liquibase.changelog - Table user_roles created
2025-03-03 14:50:31 [main] INFO  liquibase.changelog - Primary key added to user_roles (user_id, role_id)
2025-03-03 14:50:31 [main] INFO  liquibase.changelog - Foreign key constraint added to user_roles (user_id)
2025-03-03 14:50:31 [main] INFO  liquibase.changelog - Foreign key constraint added to user_roles (role_id)
2025-03-03 14:50:31 [main] INFO  liquibase.changelog - ChangeSet db/changelog/06-create-user-roles-table.xml::6::xfnet ran successfully in 16ms
2025-03-03 14:50:31 [main] INFO  liquibase.ui - Running Changeset: db/changelog/07-create-task-table.xml::7::xfnet
2025-03-03 14:50:31 [main] INFO  liquibase.changelog - Table task created
2025-03-03 14:50:31 [main] INFO  liquibase.changelog - Foreign key constraint added to task (priority_id)
2025-03-03 14:50:31 [main] INFO  liquibase.changelog - Foreign key constraint added to task (status_id)
2025-03-03 14:50:31 [main] INFO  liquibase.changelog - Foreign key constraint added to task (user_id)
2025-03-03 14:50:31 [main] INFO  liquibase.changelog - ChangeSet db/changelog/07-create-task-table.xml::7::xfnet ran successfully in 26ms
2025-03-03 14:50:31 [main] INFO  liquibase.ui - Running Changeset: db/changelog/08-create-task-executors-table.xml::8::xfnet
2025-03-03 14:50:31 [main] INFO  liquibase.changelog - Table task_executors created
2025-03-03 14:50:31 [main] INFO  liquibase.changelog - Primary key added to task_executors (task_id, user_id)
2025-03-03 14:50:31 [main] INFO  liquibase.changelog - Foreign key constraint added to task_executors (task_id)
2025-03-03 14:50:31 [main] INFO  liquibase.changelog - Foreign key constraint added to task_executors (user_id)
2025-03-03 14:50:31 [main] INFO  liquibase.changelog - ChangeSet db/changelog/08-create-task-executors-table.xml::8::xfnet ran successfully in 15ms
2025-03-03 14:50:31 [main] INFO  liquibase.ui - Running Changeset: db/changelog/09-create-comment-table.xml::9::xfnet
2025-03-03 14:50:31 [main] INFO  liquibase.changelog - Table comment created
2025-03-03 14:50:31 [main] INFO  liquibase.changelog - Foreign key constraint added to comment (task_id)
2025-03-03 14:50:31 [main] INFO  liquibase.changelog - Foreign key constraint added to comment (user_id)
2025-03-03 14:50:31 [main] INFO  liquibase.changelog - Foreign key constraint added to comment (parent_id)
2025-03-03 14:50:31 [main] INFO  liquibase.changelog - ChangeSet db/changelog/09-create-comment-table.xml::9::xfnet ran successfully in 19ms
2025-03-03 14:50:31 [main] INFO  liquibase.ui - Running Changeset: db/changelog/10-insert-default-data.xml::10::xfnet
2025-03-03 14:50:31 [main] INFO  liquibase.changelog - New row inserted into role
2025-03-03 14:50:31 [main] INFO  liquibase.changelog - New row inserted into role
2025-03-03 14:50:31 [main] INFO  liquibase.changelog - New row inserted into user
2025-03-03 14:50:31 [main] INFO  liquibase.changelog - New row inserted into user
2025-03-03 14:50:31 [main] INFO  liquibase.changelog - New row inserted into user
2025-03-03 14:50:31 [main] INFO  liquibase.changelog - New row inserted into user
2025-03-03 14:50:31 [main] INFO  liquibase.changelog - New row inserted into user
2025-03-03 14:50:31 [main] INFO  liquibase.changelog - New row inserted into user_roles
2025-03-03 14:50:31 [main] INFO  liquibase.changelog - New row inserted into user_roles
2025-03-03 14:50:31 [main] INFO  liquibase.changelog - New row inserted into user_roles
2025-03-03 14:50:31 [main] INFO  liquibase.changelog - New row inserted into user_roles
2025-03-03 14:50:31 [main] INFO  liquibase.changelog - New row inserted into user_roles
2025-03-03 14:50:31 [main] INFO  liquibase.changelog - New row inserted into priority
2025-03-03 14:50:31 [main] INFO  liquibase.changelog - New row inserted into priority
2025-03-03 14:50:31 [main] INFO  liquibase.changelog - New row inserted into priority
2025-03-03 14:50:31 [main] INFO  liquibase.changelog - New row inserted into status
2025-03-03 14:50:31 [main] INFO  liquibase.changelog - New row inserted into status
2025-03-03 14:50:31 [main] INFO  liquibase.changelog - New row inserted into status
2025-03-03 14:50:31 [main] INFO  liquibase.changelog - New row inserted into status
2025-03-03 14:50:31 [main] INFO  liquibase.changelog - New row inserted into status
2025-03-03 14:50:31 [main] INFO  liquibase.changelog - New row inserted into task
2025-03-03 14:50:31 [main] INFO  liquibase.changelog - New row inserted into task
2025-03-03 14:50:31 [main] INFO  liquibase.changelog - New row inserted into task
2025-03-03 14:50:31 [main] INFO  liquibase.changelog - New row inserted into task_executors
2025-03-03 14:50:31 [main] INFO  liquibase.changelog - New row inserted into task_executors
2025-03-03 14:50:31 [main] INFO  liquibase.changelog - New row inserted into task_executors
2025-03-03 14:50:31 [main] INFO  liquibase.changelog - New row inserted into task_executors
2025-03-03 14:50:31 [main] INFO  liquibase.changelog - New row inserted into comment
2025-03-03 14:50:31 [main] INFO  liquibase.changelog - New row inserted into comment
2025-03-03 14:50:31 [main] INFO  liquibase.changelog - New row inserted into comment
2025-03-03 14:50:31 [main] INFO  liquibase.changelog - ChangeSet db/changelog/10-insert-default-data.xml::10::xfnet ran successfully in 113ms
2025-03-03 14:50:31 [main] INFO  liquibase.util - UPDATE SUMMARY
2025-03-03 14:50:31 [main] INFO  liquibase.util - Run:                         10
2025-03-03 14:50:31 [main] INFO  liquibase.util - Previously run:               0
2025-03-03 14:50:31 [main] INFO  liquibase.util - Filtered out:                 0
2025-03-03 14:50:31 [main] INFO  liquibase.util - -------------------------------
2025-03-03 14:50:31 [main] INFO  liquibase.util - Total change sets:           10
2025-03-03 14:50:31 [main] INFO  liquibase.util - Update summary generated
2025-03-03 14:50:31 [main] INFO  liquibase.command - Update command completed successfully.
2025-03-03 14:50:31 [main] INFO  liquibase.ui - Liquibase: Update has been successful. Rows affected: 40
2025-03-03 14:50:31 [main] INFO  liquibase.lockservice - Successfully released change log lock
2025-03-03 14:50:31 [main] INFO  liquibase.command - Command execution complete
2025-03-03 14:50:31 [main] INFO  o.h.jpa.internal.util.LogHelper - HHH000204: Processing PersistenceUnitInfo [name: default]
2025-03-03 14:50:31 [main] INFO  org.hibernate.Version - HHH000412: Hibernate ORM core version 6.5.3.Final
2025-03-03 14:50:31 [main] INFO  o.h.c.i.RegionFactoryInitiator - HHH000026: Second-level cache disabled
2025-03-03 14:50:32 [main] INFO  o.s.o.j.p.SpringPersistenceUnitInfo - No LoadTimeWeaver setup: ignoring JPA class transformer
2025-03-03 14:50:33 [main] INFO  o.h.e.t.j.p.i.JtaPlatformInitiator - HHH000489: No JTA platform available (set 'hibernate.transaction.jta.platform' to enable JTA platform integration)
2025-03-03 14:50:33 [main] INFO  o.s.o.j.LocalContainerEntityManagerFactoryBean - Initialized JPA EntityManagerFactory for persistence unit 'default'
2025-03-03 14:50:33 [main] INFO  o.s.s.c.a.a.c.InitializeAuthenticationProviderBeanManagerConfigurer$InitializeAuthenticationProviderManagerConfigurer - Global AuthenticationManager configured with AuthenticationProvider bean with name authenticationProvider
2025-03-03 14:50:33 [main] WARN  o.s.s.c.a.a.c.InitializeUserDetailsBeanManagerConfigurer$InitializeUserDetailsManagerConfigurer - Global AuthenticationManager configured with an AuthenticationProvider bean. UserDetailsService beans will not be used for username/password login. Consider removing the AuthenticationProvider bean. Alternatively, consider using the UserDetailsService in a manually instantiated DaoAuthenticationProvider.
2025-03-03 14:50:33 [main] INFO  o.s.d.j.r.query.QueryEnhancerFactory - Hibernate is in classpath; If applicable, HQL parser will be used.
2025-03-03 14:50:34 [main] WARN  o.s.b.a.o.j.JpaBaseConfiguration$JpaWebConfiguration - spring.jpa.open-in-view is enabled by default. Therefore, database queries may be performed during view rendering. Explicitly configure spring.jpa.open-in-view to disable this warning
2025-03-03 14:50:35 [main] INFO  c.t.t.UserServiceImplIntegrationTest - Started UserServiceImplIntegrationTest in 9.805 seconds (process running for 25.359)
2025-03-03 14:50:36 [main] INFO  com.track.task.aspect.LoggingAspect - Entering method: UserServiceImpl.add(..)
2025-03-03 14:50:36 [main] INFO  c.t.t.s.user.impl.UserServiceImpl - Add user
2025-03-03 14:50:36 [main] INFO  com.track.task.aspect.LoggingAspect - Exiting method: UserServiceImpl.add(..) with result: null
2025-03-03 14:50:36 [main] INFO  com.track.task.aspect.LoggingAspect - Entering method: UserServiceImpl.getUserByEmail(..)
2025-03-03 14:50:36 [main] INFO  c.t.t.s.user.impl.UserServiceImpl - Get user by email
2025-03-03 14:50:36 [main] INFO  com.track.task.aspect.LoggingAspect - Exiting method: UserServiceImpl.getUserByEmail(..) with result: Optional[User(id=6, email=lifecycle@test.com, username=lifecycle_user, password=pass123, createdAt=Mon Mar 03 14:50:36 MSK 2025, tasks=null)]
2025-03-03 14:50:36 [main] INFO  com.track.task.aspect.LoggingAspect - Entering method: UserServiceImpl.existsByEmail(..)
2025-03-03 14:50:36 [main] INFO  c.t.t.s.user.impl.UserServiceImpl - Exists user by email
2025-03-03 14:50:36 [main] INFO  com.track.task.aspect.LoggingAspect - Exiting method: UserServiceImpl.existsByEmail(..) with result: true
2025-03-03 14:50:36 [main] INFO  com.track.task.aspect.LoggingAspect - Entering method: UserServiceImpl.getUserById(..)
2025-03-03 14:50:36 [main] INFO  c.t.t.s.user.impl.UserServiceImpl - Get user by id
2025-03-03 14:50:36 [main] INFO  com.track.task.aspect.LoggingAspect - Exiting method: UserServiceImpl.getUserById(..) with result: Optional.empty
2025-03-03 14:50:37 [SpringApplicationShutdownHook] INFO  o.s.o.j.LocalContainerEntityManagerFactoryBean - Closing JPA EntityManagerFactory for persistence unit 'default'
2025-03-03 14:50:37 [SpringApplicationShutdownHook] INFO  com.zaxxer.hikari.HikariDataSource - HikariPool-1 - Shutdown initiated...
2025-03-03 14:50:37 [SpringApplicationShutdownHook] INFO  com.zaxxer.hikari.HikariDataSource - HikariPool-1 - Shutdown completed.
2025-03-03 14:58:48 [background-preinit] INFO  o.h.validator.internal.util.Version - HV000001: Hibernate Validator 8.0.1.Final
2025-03-03 14:58:48 [main] INFO  c.t.t.UserServiceImplIntegrationTest - Starting UserServiceImplIntegrationTest using Java 22.0.2 with PID 17996 (started by Admin in C:\Users\Admin\Desktop\task)
2025-03-03 14:58:48 [main] INFO  c.t.t.UserServiceImplIntegrationTest - No active profile set, falling back to 1 default profile: "default"
2025-03-03 14:58:50 [main] INFO  o.s.d.r.c.RepositoryConfigurationDelegate - Bootstrapping Spring Data JPA repositories in DEFAULT mode.
2025-03-03 14:58:50 [main] INFO  o.s.d.r.c.RepositoryConfigurationDelegate - Finished Spring Data repository scanning in 131 ms. Found 5 JPA repository interfaces.
2025-03-03 14:58:51 [main] INFO  com.zaxxer.hikari.HikariDataSource - HikariPool-1 - Starting...
2025-03-03 14:58:51 [main] INFO  com.zaxxer.hikari.pool.HikariPool - HikariPool-1 - Added connection org.postgresql.jdbc.PgConnection@5a06eeef
2025-03-03 14:58:51 [main] INFO  com.zaxxer.hikari.HikariDataSource - HikariPool-1 - Start completed.
2025-03-03 14:58:52 [main] INFO  liquibase.database - Set default schema name to public
2025-03-03 14:58:53 [main] INFO  liquibase.changelog - Creating database history table with name: public.databasechangelog
2025-03-03 14:58:53 [main] INFO  liquibase.changelog - Reading from public.databasechangelog
2025-03-03 14:58:53 [main] INFO  liquibase.lockservice - Successfully acquired change log lock
2025-03-03 14:58:53 [main] INFO  liquibase.command - Using deploymentId: 1003133773
2025-03-03 14:58:53 [main] INFO  liquibase.changelog - Reading from public.databasechangelog
2025-03-03 14:58:53 [main] INFO  liquibase.ui - Running Changeset: db/changelog/01-create-schema.xml::1::xfnet
2025-03-03 14:58:53 [main] WARN  liquibase.executor - schema "private" does not exist, skipping
2025-03-03 14:58:53 [main] INFO  liquibase.changelog - Custom SQL executed
2025-03-03 14:58:53 [main] INFO  liquibase.changelog - Custom SQL executed
2025-03-03 14:58:53 [main] INFO  liquibase.changelog - ChangeSet db/changelog/01-create-schema.xml::1::xfnet ran successfully in 33ms
2025-03-03 14:58:53 [main] INFO  liquibase.ui - Running Changeset: db/changelog/02-create-user-table.xml::2::xfnet
2025-03-03 14:58:53 [main] INFO  liquibase.changelog - Table user created
2025-03-03 14:58:53 [main] INFO  liquibase.changelog - ChangeSet db/changelog/02-create-user-table.xml::2::xfnet ran successfully in 12ms
2025-03-03 14:58:53 [main] INFO  liquibase.ui - Running Changeset: db/changelog/03-create-priority-table.xml::3::xfnet
2025-03-03 14:58:53 [main] INFO  liquibase.changelog - Table priority created
2025-03-03 14:58:53 [main] INFO  liquibase.changelog - ChangeSet db/changelog/03-create-priority-table.xml::3::xfnet ran successfully in 11ms
2025-03-03 14:58:53 [main] INFO  liquibase.ui - Running Changeset: db/changelog/04-create-status-table.xml::4::xfnet
2025-03-03 14:58:53 [main] INFO  liquibase.changelog - Table status created
2025-03-03 14:58:53 [main] INFO  liquibase.changelog - Foreign key constraint added to status (user_id)
2025-03-03 14:58:53 [main] INFO  liquibase.changelog - Unique constraint added to status(title, user_id)
2025-03-03 14:58:53 [main] INFO  liquibase.changelog - ChangeSet db/changelog/04-create-status-table.xml::4::xfnet ran successfully in 19ms
2025-03-03 14:58:53 [main] INFO  liquibase.ui - Running Changeset: db/changelog/05-create-role-table.xml::5::xfnet
2025-03-03 14:58:53 [main] INFO  liquibase.changelog - Table role created
2025-03-03 14:58:53 [main] INFO  liquibase.changelog - ChangeSet db/changelog/05-create-role-table.xml::5::xfnet ran successfully in 10ms
2025-03-03 14:58:53 [main] INFO  liquibase.ui - Running Changeset: db/changelog/06-create-user-roles-table.xml::6::xfnet
2025-03-03 14:58:53 [main] INFO  liquibase.changelog - Table user_roles created
2025-03-03 14:58:53 [main] INFO  liquibase.changelog - Primary key added to user_roles (user_id, role_id)
2025-03-03 14:58:53 [main] INFO  liquibase.changelog - Foreign key constraint added to user_roles (user_id)
2025-03-03 14:58:54 [main] INFO  liquibase.changelog - Foreign key constraint added to user_roles (role_id)
2025-03-03 14:58:54 [main] INFO  liquibase.changelog - ChangeSet db/changelog/06-create-user-roles-table.xml::6::xfnet ran successfully in 30ms
2025-03-03 14:58:54 [main] INFO  liquibase.ui - Running Changeset: db/changelog/07-create-task-table.xml::7::xfnet
2025-03-03 14:58:54 [main] INFO  liquibase.changelog - Table task created
2025-03-03 14:58:54 [main] INFO  liquibase.changelog - Foreign key constraint added to task (priority_id)
2025-03-03 14:58:54 [main] INFO  liquibase.changelog - Foreign key constraint added to task (status_id)
2025-03-03 14:58:54 [main] INFO  liquibase.changelog - Foreign key constraint added to task (user_id)
2025-03-03 14:58:54 [main] INFO  liquibase.changelog - ChangeSet db/changelog/07-create-task-table.xml::7::xfnet ran successfully in 32ms
2025-03-03 14:58:54 [main] INFO  liquibase.ui - Running Changeset: db/changelog/08-create-task-executors-table.xml::8::xfnet
2025-03-03 14:58:54 [main] INFO  liquibase.changelog - Table task_executors created
2025-03-03 14:58:54 [main] INFO  liquibase.changelog - Primary key added to task_executors (task_id, user_id)
2025-03-03 14:58:54 [main] INFO  liquibase.changelog - Foreign key constraint added to task_executors (task_id)
2025-03-03 14:58:54 [main] INFO  liquibase.changelog - Foreign key constraint added to task_executors (user_id)
2025-03-03 14:58:54 [main] INFO  liquibase.changelog - ChangeSet db/changelog/08-create-task-executors-table.xml::8::xfnet ran successfully in 16ms
2025-03-03 14:58:54 [main] INFO  liquibase.ui - Running Changeset: db/changelog/09-create-comment-table.xml::9::xfnet
2025-03-03 14:58:54 [main] INFO  liquibase.changelog - Table comment created
2025-03-03 14:58:54 [main] INFO  liquibase.changelog - Foreign key constraint added to comment (task_id)
2025-03-03 14:58:54 [main] INFO  liquibase.changelog - Foreign key constraint added to comment (user_id)
2025-03-03 14:58:54 [main] INFO  liquibase.changelog - Foreign key constraint added to comment (parent_id)
2025-03-03 14:58:54 [main] INFO  liquibase.changelog - ChangeSet db/changelog/09-create-comment-table.xml::9::xfnet ran successfully in 27ms
2025-03-03 14:58:54 [main] INFO  liquibase.ui - Running Changeset: db/changelog/10-insert-default-data.xml::10::xfnet
2025-03-03 14:58:54 [main] INFO  liquibase.changelog - New row inserted into role
2025-03-03 14:58:54 [main] INFO  liquibase.changelog - New row inserted into role
2025-03-03 14:58:54 [main] INFO  liquibase.changelog - New row inserted into user
2025-03-03 14:58:54 [main] INFO  liquibase.changelog - New row inserted into user
2025-03-03 14:58:54 [main] INFO  liquibase.changelog - New row inserted into user
2025-03-03 14:58:54 [main] INFO  liquibase.changelog - New row inserted into user
2025-03-03 14:58:54 [main] INFO  liquibase.changelog - New row inserted into user
2025-03-03 14:58:54 [main] INFO  liquibase.changelog - New row inserted into user_roles
2025-03-03 14:58:54 [main] INFO  liquibase.changelog - New row inserted into user_roles
2025-03-03 14:58:54 [main] INFO  liquibase.changelog - New row inserted into user_roles
2025-03-03 14:58:54 [main] INFO  liquibase.changelog - New row inserted into user_roles
2025-03-03 14:58:54 [main] INFO  liquibase.changelog - New row inserted into user_roles
2025-03-03 14:58:54 [main] INFO  liquibase.changelog - New row inserted into priority
2025-03-03 14:58:54 [main] INFO  liquibase.changelog - New row inserted into priority
2025-03-03 14:58:54 [main] INFO  liquibase.changelog - New row inserted into priority
2025-03-03 14:58:54 [main] INFO  liquibase.changelog - New row inserted into status
2025-03-03 14:58:54 [main] INFO  liquibase.changelog - New row inserted into status
2025-03-03 14:58:54 [main] INFO  liquibase.changelog - New row inserted into status
2025-03-03 14:58:54 [main] INFO  liquibase.changelog - New row inserted into status
2025-03-03 14:58:54 [main] INFO  liquibase.changelog - New row inserted into status
2025-03-03 14:58:54 [main] INFO  liquibase.changelog - New row inserted into task
2025-03-03 14:58:54 [main] INFO  liquibase.changelog - New row inserted into task
2025-03-03 14:58:54 [main] INFO  liquibase.changelog - New row inserted into task
2025-03-03 14:58:54 [main] INFO  liquibase.changelog - New row inserted into task_executors
2025-03-03 14:58:54 [main] INFO  liquibase.changelog - New row inserted into task_executors
2025-03-03 14:58:54 [main] INFO  liquibase.changelog - New row inserted into task_executors
2025-03-03 14:58:54 [main] INFO  liquibase.changelog - New row inserted into task_executors
2025-03-03 14:58:54 [main] INFO  liquibase.changelog - New row inserted into comment
2025-03-03 14:58:54 [main] INFO  liquibase.changelog - New row inserted into comment
2025-03-03 14:58:54 [main] INFO  liquibase.changelog - New row inserted into comment
2025-03-03 14:58:54 [main] INFO  liquibase.changelog - ChangeSet db/changelog/10-insert-default-data.xml::10::xfnet ran successfully in 79ms
2025-03-03 14:58:54 [main] INFO  liquibase.util - UPDATE SUMMARY
2025-03-03 14:58:54 [main] INFO  liquibase.util - Run:                         10
2025-03-03 14:58:54 [main] INFO  liquibase.util - Previously run:               0
2025-03-03 14:58:54 [main] INFO  liquibase.util - Filtered out:                 0
2025-03-03 14:58:54 [main] INFO  liquibase.util - -------------------------------
2025-03-03 14:58:54 [main] INFO  liquibase.util - Total change sets:           10
2025-03-03 14:58:54 [main] INFO  liquibase.util - Update summary generated
2025-03-03 14:58:54 [main] INFO  liquibase.command - Update command completed successfully.
2025-03-03 14:58:54 [main] INFO  liquibase.ui - Liquibase: Update has been successful. Rows affected: 40
2025-03-03 14:58:54 [main] INFO  liquibase.lockservice - Successfully released change log lock
2025-03-03 14:58:54 [main] INFO  liquibase.command - Command execution complete
2025-03-03 14:58:54 [main] INFO  o.h.jpa.internal.util.LogHelper - HHH000204: Processing PersistenceUnitInfo [name: default]
2025-03-03 14:58:54 [main] INFO  org.hibernate.Version - HHH000412: Hibernate ORM core version 6.5.3.Final
2025-03-03 14:58:54 [main] INFO  o.h.c.i.RegionFactoryInitiator - HHH000026: Second-level cache disabled
2025-03-03 14:58:54 [main] INFO  o.s.o.j.p.SpringPersistenceUnitInfo - No LoadTimeWeaver setup: ignoring JPA class transformer
2025-03-03 14:58:56 [main] INFO  o.h.e.t.j.p.i.JtaPlatformInitiator - HHH000489: No JTA platform available (set 'hibernate.transaction.jta.platform' to enable JTA platform integration)
2025-03-03 14:58:56 [main] INFO  o.s.o.j.LocalContainerEntityManagerFactoryBean - Initialized JPA EntityManagerFactory for persistence unit 'default'
2025-03-03 14:58:56 [main] INFO  o.s.s.c.a.a.c.InitializeAuthenticationProviderBeanManagerConfigurer$InitializeAuthenticationProviderManagerConfigurer - Global AuthenticationManager configured with AuthenticationProvider bean with name authenticationProvider
2025-03-03 14:58:56 [main] WARN  o.s.s.c.a.a.c.InitializeUserDetailsBeanManagerConfigurer$InitializeUserDetailsManagerConfigurer - Global AuthenticationManager configured with an AuthenticationProvider bean. UserDetailsService beans will not be used for username/password login. Consider removing the AuthenticationProvider bean. Alternatively, consider using the UserDetailsService in a manually instantiated DaoAuthenticationProvider.
2025-03-03 14:58:56 [main] INFO  o.s.d.j.r.query.QueryEnhancerFactory - Hibernate is in classpath; If applicable, HQL parser will be used.
2025-03-03 14:58:57 [main] WARN  o.s.b.a.o.j.JpaBaseConfiguration$JpaWebConfiguration - spring.jpa.open-in-view is enabled by default. Therefore, database queries may be performed during view rendering. Explicitly configure spring.jpa.open-in-view to disable this warning
2025-03-03 14:58:59 [main] INFO  c.t.t.UserServiceImplIntegrationTest - Started UserServiceImplIntegrationTest in 10.919 seconds (process running for 17.676)
2025-03-03 14:58:59 [main] INFO  com.track.task.aspect.LoggingAspect - Entering method: UserServiceImpl.add(..)
2025-03-03 14:58:59 [main] INFO  c.t.t.s.user.impl.UserServiceImpl - Add user
2025-03-03 14:58:59 [main] INFO  com.track.task.aspect.LoggingAspect - Exiting method: UserServiceImpl.add(..) with result: null
2025-03-03 14:58:59 [main] INFO  com.track.task.aspect.LoggingAspect - Entering method: UserServiceImpl.getUserByEmail(..)
2025-03-03 14:58:59 [main] INFO  c.t.t.s.user.impl.UserServiceImpl - Get user by email
2025-03-03 14:58:59 [main] INFO  com.track.task.aspect.LoggingAspect - Exiting method: UserServiceImpl.getUserByEmail(..) with result: Optional[User(id=6, email=lifecycle@test.com, username=lifecycle_user, password=pass123, createdAt=Mon Mar 03 14:58:59 MSK 2025, tasks=null)]
2025-03-03 14:58:59 [main] INFO  com.track.task.aspect.LoggingAspect - Entering method: UserServiceImpl.existsByEmail(..)
2025-03-03 14:58:59 [main] INFO  c.t.t.s.user.impl.UserServiceImpl - Exists user by email
2025-03-03 14:58:59 [main] INFO  com.track.task.aspect.LoggingAspect - Exiting method: UserServiceImpl.existsByEmail(..) with result: true
2025-03-03 14:58:59 [main] INFO  com.track.task.aspect.LoggingAspect - Entering method: UserServiceImpl.getUserById(..)
2025-03-03 14:58:59 [main] INFO  c.t.t.s.user.impl.UserServiceImpl - Get user by id
2025-03-03 14:58:59 [main] INFO  com.track.task.aspect.LoggingAspect - Exiting method: UserServiceImpl.getUserById(..) with result: Optional.empty
2025-03-03 14:59:01 [SpringApplicationShutdownHook] INFO  o.s.o.j.LocalContainerEntityManagerFactoryBean - Closing JPA EntityManagerFactory for persistence unit 'default'
2025-03-03 14:59:01 [SpringApplicationShutdownHook] INFO  com.zaxxer.hikari.HikariDataSource - HikariPool-1 - Shutdown initiated...
2025-03-03 14:59:01 [SpringApplicationShutdownHook] INFO  com.zaxxer.hikari.HikariDataSource - HikariPool-1 - Shutdown completed.
2025-03-03 15:10:15 [background-preinit] INFO  o.h.validator.internal.util.Version - HV000001: Hibernate Validator 8.0.1.Final
2025-03-03 15:10:15 [main] INFO  c.t.t.UserServiceImplIntegrationTest - Starting UserServiceImplIntegrationTest using Java 22.0.2 with PID 12688 (started by Admin in C:\Users\Admin\Desktop\task)
2025-03-03 15:10:15 [main] INFO  c.t.t.UserServiceImplIntegrationTest - No active profile set, falling back to 1 default profile: "default"
2025-03-03 15:10:16 [main] INFO  o.s.d.r.c.RepositoryConfigurationDelegate - Bootstrapping Spring Data JPA repositories in DEFAULT mode.
2025-03-03 15:10:16 [main] INFO  o.s.d.r.c.RepositoryConfigurationDelegate - Finished Spring Data repository scanning in 88 ms. Found 5 JPA repository interfaces.
2025-03-03 15:10:17 [main] INFO  com.zaxxer.hikari.HikariDataSource - HikariPool-1 - Starting...
2025-03-03 15:10:17 [main] INFO  com.zaxxer.hikari.pool.HikariPool - HikariPool-1 - Added connection org.postgresql.jdbc.PgConnection@31dbf5bb
2025-03-03 15:10:17 [main] INFO  com.zaxxer.hikari.HikariDataSource - HikariPool-1 - Start completed.
2025-03-03 15:10:17 [main] INFO  liquibase.database - Set default schema name to public
2025-03-03 15:10:18 [main] INFO  liquibase.changelog - Creating database history table with name: public.databasechangelog
2025-03-03 15:10:18 [main] INFO  liquibase.changelog - Reading from public.databasechangelog
2025-03-03 15:10:19 [main] INFO  liquibase.lockservice - Successfully acquired change log lock
2025-03-03 15:10:19 [main] INFO  liquibase.command - Using deploymentId: 1003819006
2025-03-03 15:10:19 [main] INFO  liquibase.changelog - Reading from public.databasechangelog
2025-03-03 15:10:19 [main] INFO  liquibase.ui - Running Changeset: db/changelog/01-create-schema.xml::1::xfnet
2025-03-03 15:10:19 [main] WARN  liquibase.executor - schema "private" does not exist, skipping
2025-03-03 15:10:19 [main] INFO  liquibase.changelog - Custom SQL executed
2025-03-03 15:10:19 [main] INFO  liquibase.changelog - Custom SQL executed
2025-03-03 15:10:19 [main] INFO  liquibase.changelog - ChangeSet db/changelog/01-create-schema.xml::1::xfnet ran successfully in 25ms
2025-03-03 15:10:19 [main] INFO  liquibase.ui - Running Changeset: db/changelog/02-create-user-table.xml::2::xfnet
2025-03-03 15:10:19 [main] INFO  liquibase.changelog - Table user created
2025-03-03 15:10:19 [main] INFO  liquibase.changelog - ChangeSet db/changelog/02-create-user-table.xml::2::xfnet ran successfully in 12ms
2025-03-03 15:10:19 [main] INFO  liquibase.ui - Running Changeset: db/changelog/03-create-priority-table.xml::3::xfnet
2025-03-03 15:10:19 [main] INFO  liquibase.changelog - Table priority created
2025-03-03 15:10:19 [main] INFO  liquibase.changelog - ChangeSet db/changelog/03-create-priority-table.xml::3::xfnet ran successfully in 8ms
2025-03-03 15:10:19 [main] INFO  liquibase.ui - Running Changeset: db/changelog/04-create-status-table.xml::4::xfnet
2025-03-03 15:10:19 [main] INFO  liquibase.changelog - Table status created
2025-03-03 15:10:19 [main] INFO  liquibase.changelog - Foreign key constraint added to status (user_id)
2025-03-03 15:10:19 [main] INFO  liquibase.changelog - Unique constraint added to status(title, user_id)
2025-03-03 15:10:19 [main] INFO  liquibase.changelog - ChangeSet db/changelog/04-create-status-table.xml::4::xfnet ran successfully in 20ms
2025-03-03 15:10:19 [main] INFO  liquibase.ui - Running Changeset: db/changelog/05-create-role-table.xml::5::xfnet
2025-03-03 15:10:19 [main] INFO  liquibase.changelog - Table role created
2025-03-03 15:10:19 [main] INFO  liquibase.changelog - ChangeSet db/changelog/05-create-role-table.xml::5::xfnet ran successfully in 11ms
2025-03-03 15:10:19 [main] INFO  liquibase.ui - Running Changeset: db/changelog/06-create-user-roles-table.xml::6::xfnet
2025-03-03 15:10:19 [main] INFO  liquibase.changelog - Table user_roles created
2025-03-03 15:10:19 [main] INFO  liquibase.changelog - Primary key added to user_roles (user_id, role_id)
2025-03-03 15:10:19 [main] INFO  liquibase.changelog - Foreign key constraint added to user_roles (user_id)
2025-03-03 15:10:19 [main] INFO  liquibase.changelog - Foreign key constraint added to user_roles (role_id)
2025-03-03 15:10:19 [main] INFO  liquibase.changelog - ChangeSet db/changelog/06-create-user-roles-table.xml::6::xfnet ran successfully in 19ms
2025-03-03 15:10:19 [main] INFO  liquibase.ui - Running Changeset: db/changelog/07-create-task-table.xml::7::xfnet
2025-03-03 15:10:19 [main] INFO  liquibase.changelog - Table task created
2025-03-03 15:10:19 [main] INFO  liquibase.changelog - Foreign key constraint added to task (priority_id)
2025-03-03 15:10:19 [main] INFO  liquibase.changelog - Foreign key constraint added to task (status_id)
2025-03-03 15:10:19 [main] INFO  liquibase.changelog - Foreign key constraint added to task (user_id)
2025-03-03 15:10:19 [main] INFO  liquibase.changelog - ChangeSet db/changelog/07-create-task-table.xml::7::xfnet ran successfully in 25ms
2025-03-03 15:10:19 [main] INFO  liquibase.ui - Running Changeset: db/changelog/08-create-task-executors-table.xml::8::xfnet
2025-03-03 15:10:19 [main] INFO  liquibase.changelog - Table task_executors created
2025-03-03 15:10:19 [main] INFO  liquibase.changelog - Primary key added to task_executors (task_id, user_id)
2025-03-03 15:10:19 [main] INFO  liquibase.changelog - Foreign key constraint added to task_executors (task_id)
2025-03-03 15:10:19 [main] INFO  liquibase.changelog - Foreign key constraint added to task_executors (user_id)
2025-03-03 15:10:19 [main] INFO  liquibase.changelog - ChangeSet db/changelog/08-create-task-executors-table.xml::8::xfnet ran successfully in 20ms
2025-03-03 15:10:19 [main] INFO  liquibase.ui - Running Changeset: db/changelog/09-create-comment-table.xml::9::xfnet
2025-03-03 15:10:19 [main] INFO  liquibase.changelog - Table comment created
2025-03-03 15:10:19 [main] INFO  liquibase.changelog - Foreign key constraint added to comment (task_id)
2025-03-03 15:10:19 [main] INFO  liquibase.changelog - Foreign key constraint added to comment (user_id)
2025-03-03 15:10:19 [main] INFO  liquibase.changelog - Foreign key constraint added to comment (parent_id)
2025-03-03 15:10:19 [main] INFO  liquibase.changelog - ChangeSet db/changelog/09-create-comment-table.xml::9::xfnet ran successfully in 33ms
2025-03-03 15:10:19 [main] INFO  liquibase.ui - Running Changeset: db/changelog/10-insert-default-data.xml::10::xfnet
2025-03-03 15:10:19 [main] INFO  liquibase.changelog - New row inserted into role
2025-03-03 15:10:19 [main] INFO  liquibase.changelog - New row inserted into role
2025-03-03 15:10:19 [main] INFO  liquibase.changelog - New row inserted into user
2025-03-03 15:10:19 [main] INFO  liquibase.changelog - New row inserted into user
2025-03-03 15:10:19 [main] INFO  liquibase.changelog - New row inserted into user
2025-03-03 15:10:19 [main] INFO  liquibase.changelog - New row inserted into user
2025-03-03 15:10:19 [main] INFO  liquibase.changelog - New row inserted into user
2025-03-03 15:10:19 [main] INFO  liquibase.changelog - New row inserted into user_roles
2025-03-03 15:10:19 [main] INFO  liquibase.changelog - New row inserted into user_roles
2025-03-03 15:10:19 [main] INFO  liquibase.changelog - New row inserted into user_roles
2025-03-03 15:10:19 [main] INFO  liquibase.changelog - New row inserted into user_roles
2025-03-03 15:10:19 [main] INFO  liquibase.changelog - New row inserted into user_roles
2025-03-03 15:10:19 [main] INFO  liquibase.changelog - New row inserted into priority
2025-03-03 15:10:19 [main] INFO  liquibase.changelog - New row inserted into priority
2025-03-03 15:10:19 [main] INFO  liquibase.changelog - New row inserted into priority
2025-03-03 15:10:19 [main] INFO  liquibase.changelog - New row inserted into status
2025-03-03 15:10:19 [main] INFO  liquibase.changelog - New row inserted into status
2025-03-03 15:10:19 [main] INFO  liquibase.changelog - New row inserted into status
2025-03-03 15:10:19 [main] INFO  liquibase.changelog - New row inserted into status
2025-03-03 15:10:19 [main] INFO  liquibase.changelog - New row inserted into status
2025-03-03 15:10:19 [main] INFO  liquibase.changelog - New row inserted into task
2025-03-03 15:10:19 [main] INFO  liquibase.changelog - New row inserted into task
2025-03-03 15:10:19 [main] INFO  liquibase.changelog - New row inserted into task
2025-03-03 15:10:19 [main] INFO  liquibase.changelog - New row inserted into task_executors
2025-03-03 15:10:19 [main] INFO  liquibase.changelog - New row inserted into task_executors
2025-03-03 15:10:19 [main] INFO  liquibase.changelog - New row inserted into task_executors
2025-03-03 15:10:19 [main] INFO  liquibase.changelog - New row inserted into task_executors
2025-03-03 15:10:19 [main] INFO  liquibase.changelog - New row inserted into comment
2025-03-03 15:10:19 [main] INFO  liquibase.changelog - New row inserted into comment
2025-03-03 15:10:19 [main] INFO  liquibase.changelog - New row inserted into comment
2025-03-03 15:10:19 [main] INFO  liquibase.changelog - ChangeSet db/changelog/10-insert-default-data.xml::10::xfnet ran successfully in 96ms
2025-03-03 15:10:19 [main] INFO  liquibase.util - UPDATE SUMMARY
2025-03-03 15:10:19 [main] INFO  liquibase.util - Run:                         10
2025-03-03 15:10:19 [main] INFO  liquibase.util - Previously run:               0
2025-03-03 15:10:19 [main] INFO  liquibase.util - Filtered out:                 0
2025-03-03 15:10:19 [main] INFO  liquibase.util - -------------------------------
2025-03-03 15:10:19 [main] INFO  liquibase.util - Total change sets:           10
2025-03-03 15:10:19 [main] INFO  liquibase.util - Update summary generated
2025-03-03 15:10:19 [main] INFO  liquibase.command - Update command completed successfully.
2025-03-03 15:10:19 [main] INFO  liquibase.ui - Liquibase: Update has been successful. Rows affected: 40
2025-03-03 15:10:19 [main] INFO  liquibase.lockservice - Successfully released change log lock
2025-03-03 15:10:19 [main] INFO  liquibase.command - Command execution complete
2025-03-03 15:10:19 [main] INFO  o.h.jpa.internal.util.LogHelper - HHH000204: Processing PersistenceUnitInfo [name: default]
2025-03-03 15:10:19 [main] INFO  org.hibernate.Version - HHH000412: Hibernate ORM core version 6.5.3.Final
2025-03-03 15:10:19 [main] INFO  o.h.c.i.RegionFactoryInitiator - HHH000026: Second-level cache disabled
2025-03-03 15:10:20 [main] INFO  o.s.o.j.p.SpringPersistenceUnitInfo - No LoadTimeWeaver setup: ignoring JPA class transformer
2025-03-03 15:10:21 [main] INFO  o.h.e.t.j.p.i.JtaPlatformInitiator - HHH000489: No JTA platform available (set 'hibernate.transaction.jta.platform' to enable JTA platform integration)
2025-03-03 15:10:21 [main] INFO  o.s.o.j.LocalContainerEntityManagerFactoryBean - Initialized JPA EntityManagerFactory for persistence unit 'default'
2025-03-03 15:10:21 [main] INFO  o.s.s.c.a.a.c.InitializeAuthenticationProviderBeanManagerConfigurer$InitializeAuthenticationProviderManagerConfigurer - Global AuthenticationManager configured with AuthenticationProvider bean with name authenticationProvider
2025-03-03 15:10:21 [main] WARN  o.s.s.c.a.a.c.InitializeUserDetailsBeanManagerConfigurer$InitializeUserDetailsManagerConfigurer - Global AuthenticationManager configured with an AuthenticationProvider bean. UserDetailsService beans will not be used for username/password login. Consider removing the AuthenticationProvider bean. Alternatively, consider using the UserDetailsService in a manually instantiated DaoAuthenticationProvider.
2025-03-03 15:10:21 [main] INFO  o.s.d.j.r.query.QueryEnhancerFactory - Hibernate is in classpath; If applicable, HQL parser will be used.
2025-03-03 15:10:22 [main] WARN  o.s.b.a.o.j.JpaBaseConfiguration$JpaWebConfiguration - spring.jpa.open-in-view is enabled by default. Therefore, database queries may be performed during view rendering. Explicitly configure spring.jpa.open-in-view to disable this warning
2025-03-03 15:10:23 [main] INFO  c.t.t.UserServiceImplIntegrationTest - Started UserServiceImplIntegrationTest in 9.03 seconds (process running for 16.03)
2025-03-03 15:10:24 [main] INFO  com.track.task.aspect.LoggingAspect - Entering method: UserServiceImpl.add(..)
2025-03-03 15:10:24 [main] INFO  c.t.t.s.user.impl.UserServiceImpl - Add user
2025-03-03 15:10:24 [main] WARN  o.h.e.jdbc.spi.SqlExceptionHelper - SQL Error: 0, SQLState: 23502
2025-03-03 15:10:24 [main] ERROR o.h.e.jdbc.spi.SqlExceptionHelper - ERROR: null value in column "username" of relation "user" violates not-null constraint
  Подробности: Failing row contains (6, concurrent@test.com, null, null, 2025-03-03 15:10:24.26).
2025-03-03 15:10:24 [main] ERROR com.track.task.aspect.LoggingAspect - Exception in method: UserServiceImpl.add(..): could not execute statement [ERROR: null value in column "username" of relation "user" violates not-null constraint
  Подробности: Failing row contains (6, concurrent@test.com, null, null, 2025-03-03 15:10:24.26).] [insert into private."user" (created_at,email,password,username) values (?,?,?,?) returning id]; SQL [insert into private."user" (created_at,email,password,username) values (?,?,?,?) returning id]; constraint [username" of relation "user]
org.springframework.dao.DataIntegrityViolationException: could not execute statement [ERROR: null value in column "username" of relation "user" violates not-null constraint
  Подробности: Failing row contains (6, concurrent@test.com, null, null, 2025-03-03 15:10:24.26).] [insert into private."user" (created_at,email,password,username) values (?,?,?,?) returning id]; SQL [insert into private."user" (created_at,email,password,username) values (?,?,?,?) returning id]; constraint [username" of relation "user]
	at org.springframework.orm.jpa.vendor.HibernateJpaDialect.convertHibernateAccessException(HibernateJpaDialect.java:290)
	at org.springframework.orm.jpa.vendor.HibernateJpaDialect.translateExceptionIfPossible(HibernateJpaDialect.java:241)
	at org.springframework.orm.jpa.AbstractEntityManagerFactoryBean.translateExceptionIfPossible(AbstractEntityManagerFactoryBean.java:550)
	at org.springframework.dao.support.ChainedPersistenceExceptionTranslator.translateExceptionIfPossible(ChainedPersistenceExceptionTranslator.java:61)
	at org.springframework.dao.support.DataAccessUtils.translateIfNecessary(DataAccessUtils.java:335)
	at org.springframework.dao.support.PersistenceExceptionTranslationInterceptor.invoke(PersistenceExceptionTranslationInterceptor.java:160)
	at org.springframework.aop.framework.ReflectiveMethodInvocation.proceed(ReflectiveMethodInvocation.java:184)
	at org.springframework.data.jpa.repository.support.CrudMethodMetadataPostProcessor$CrudMethodMetadataPopulatingMethodInterceptor.invoke(CrudMethodMetadataPostProcessor.java:165)
	at org.springframework.aop.framework.ReflectiveMethodInvocation.proceed(ReflectiveMethodInvocation.java:184)
	at org.springframework.aop.interceptor.ExposeInvocationInterceptor.invoke(ExposeInvocationInterceptor.java:97)
	at org.springframework.aop.framework.ReflectiveMethodInvocation.proceed(ReflectiveMethodInvocation.java:184)
	at org.springframework.aop.framework.JdkDynamicAopProxy.invoke(JdkDynamicAopProxy.java:223)
	at jdk.proxy2/jdk.proxy2.$Proxy181.save(Unknown Source)
	at com.track.task.service.user.impl.UserServiceImpl.add(UserServiceImpl.java:22)
	at java.base/jdk.internal.reflect.DirectMethodHandleAccessor.invoke(DirectMethodHandleAccessor.java:103)
	at java.base/java.lang.reflect.Method.invoke(Method.java:580)
	at org.springframework.aop.support.AopUtils.invokeJoinpointUsingReflection(AopUtils.java:355)
	at org.springframework.aop.framework.ReflectiveMethodInvocation.invokeJoinpoint(ReflectiveMethodInvocation.java:196)
	at org.springframework.aop.framework.ReflectiveMethodInvocation.proceed(ReflectiveMethodInvocation.java:163)
	at org.springframework.aop.framework.CglibAopProxy$CglibMethodInvocation.proceed(CglibAopProxy.java:768)
	at org.springframework.aop.aspectj.MethodInvocationProceedingJoinPoint.proceed(MethodInvocationProceedingJoinPoint.java:89)
	at com.track.task.aspect.LoggingAspect.logMethodExecution(LoggingAspect.java:19)
	at java.base/jdk.internal.reflect.DirectMethodHandleAccessor.invoke(DirectMethodHandleAccessor.java:103)
	at java.base/java.lang.reflect.Method.invoke(Method.java:580)
	at org.springframework.aop.aspectj.AbstractAspectJAdvice.invokeAdviceMethodWithGivenArgs(AbstractAspectJAdvice.java:637)
	at org.springframework.aop.aspectj.AbstractAspectJAdvice.invokeAdviceMethod(AbstractAspectJAdvice.java:627)
	at org.springframework.aop.aspectj.AspectJAroundAdvice.invoke(AspectJAroundAdvice.java:71)
	at org.springframework.aop.framework.ReflectiveMethodInvocation.proceed(ReflectiveMethodInvocation.java:184)
	at org.springframework.aop.framework.CglibAopProxy$CglibMethodInvocation.proceed(CglibAopProxy.java:768)
	at org.springframework.aop.interceptor.ExposeInvocationInterceptor.invoke(ExposeInvocationInterceptor.java:97)
	at org.springframework.aop.framework.ReflectiveMethodInvocation.proceed(ReflectiveMethodInvocation.java:184)
	at org.springframework.aop.framework.CglibAopProxy$CglibMethodInvocation.proceed(CglibAopProxy.java:768)
	at org.springframework.aop.framework.CglibAopProxy$DynamicAdvisedInterceptor.intercept(CglibAopProxy.java:720)
	at com.track.task.service.user.impl.UserServiceImpl$$SpringCGLIB$$0.add(<generated>)
	at com.track.task.UserServiceImplIntegrationTest.concurrentEmailCheckTest(UserServiceImplIntegrationTest.java:56)
	at java.base/jdk.internal.reflect.DirectMethodHandleAccessor.invoke(DirectMethodHandleAccessor.java:103)
	at java.base/java.lang.reflect.Method.invoke(Method.java:580)
	at org.junit.platform.commons.util.ReflectionUtils.invokeMethod(ReflectionUtils.java:728)
	at org.junit.jupiter.engine.execution.MethodInvocation.proceed(MethodInvocation.java:60)
	at org.junit.jupiter.engine.execution.InvocationInterceptorChain$ValidatingInvocation.proceed(InvocationInterceptorChain.java:131)
	at org.junit.jupiter.engine.extension.TimeoutExtension.intercept(TimeoutExtension.java:156)
	at org.junit.jupiter.engine.extension.TimeoutExtension.interceptTestableMethod(TimeoutExtension.java:147)
	at org.junit.jupiter.engine.extension.TimeoutExtension.interceptTestMethod(TimeoutExtension.java:86)
	at org.junit.jupiter.engine.execution.InterceptingExecutableInvoker$ReflectiveInterceptorCall.lambda$ofVoidMethod$0(InterceptingExecutableInvoker.java:103)
	at org.junit.jupiter.engine.execution.InterceptingExecutableInvoker.lambda$invoke$0(InterceptingExecutableInvoker.java:93)
	at org.junit.jupiter.engine.execution.InvocationInterceptorChain$InterceptedInvocation.proceed(InvocationInterceptorChain.java:106)
	at org.junit.jupiter.engine.execution.InvocationInterceptorChain.proceed(InvocationInterceptorChain.java:64)
	at org.junit.jupiter.engine.execution.InvocationInterceptorChain.chainAndInvoke(InvocationInterceptorChain.java:45)
	at org.junit.jupiter.engine.execution.InvocationInterceptorChain.invoke(InvocationInterceptorChain.java:37)
	at org.junit.jupiter.engine.execution.InterceptingExecutableInvoker.invoke(InterceptingExecutableInvoker.java:92)
	at org.junit.jupiter.engine.execution.InterceptingExecutableInvoker.invoke(InterceptingExecutableInvoker.java:86)
	at org.junit.jupiter.engine.descriptor.TestMethodTestDescriptor.lambda$invokeTestMethod$7(TestMethodTestDescriptor.java:218)
	at org.junit.platform.engine.support.hierarchical.ThrowableCollector.execute(ThrowableCollector.java:73)
	at org.junit.jupiter.engine.descriptor.TestMethodTestDescriptor.invokeTestMethod(TestMethodTestDescriptor.java:214)
	at org.junit.jupiter.engine.descriptor.TestMethodTestDescriptor.execute(TestMethodTestDescriptor.java:139)
	at org.junit.jupiter.engine.descriptor.TestMethodTestDescriptor.execute(TestMethodTestDescriptor.java:69)
	at org.junit.platform.engine.support.hierarchical.NodeTestTask.lambda$executeRecursively$6(NodeTestTask.java:156)
	at org.junit.platform.engine.support.hierarchical.ThrowableCollector.execute(ThrowableCollector.java:73)
	at org.junit.platform.engine.support.hierarchical.NodeTestTask.lambda$executeRecursively$8(NodeTestTask.java:146)
	at org.junit.platform.engine.support.hierarchical.Node.around(Node.java:137)
	at org.junit.platform.engine.support.hierarchical.NodeTestTask.lambda$executeRecursively$9(NodeTestTask.java:144)
	at org.junit.platform.engine.support.hierarchical.ThrowableCollector.execute(ThrowableCollector.java:73)
	at org.junit.platform.engine.support.hierarchical.NodeTestTask.executeRecursively(NodeTestTask.java:143)
	at org.junit.platform.engine.support.hierarchical.NodeTestTask.execute(NodeTestTask.java:100)
	at java.base/java.util.ArrayList.forEach(ArrayList.java:1597)
	at org.junit.platform.engine.support.hierarchical.SameThreadHierarchicalTestExecutorService.invokeAll(SameThreadHierarchicalTestExecutorService.java:41)
	at org.junit.platform.engine.support.hierarchical.NodeTestTask.lambda$executeRecursively$6(NodeTestTask.java:160)
	at org.junit.platform.engine.support.hierarchical.ThrowableCollector.execute(ThrowableCollector.java:73)
	at org.junit.platform.engine.support.hierarchical.NodeTestTask.lambda$executeRecursively$8(NodeTestTask.java:146)
	at org.junit.platform.engine.support.hierarchical.Node.around(Node.java:137)
	at org.junit.platform.engine.support.hierarchical.NodeTestTask.lambda$executeRecursively$9(NodeTestTask.java:144)
	at org.junit.platform.engine.support.hierarchical.ThrowableCollector.execute(ThrowableCollector.java:73)
	at org.junit.platform.engine.support.hierarchical.NodeTestTask.executeRecursively(NodeTestTask.java:143)
	at org.junit.platform.engine.support.hierarchical.NodeTestTask.execute(NodeTestTask.java:100)
	at java.base/java.util.ArrayList.forEach(ArrayList.java:1597)
	at org.junit.platform.engine.support.hierarchical.SameThreadHierarchicalTestExecutorService.invokeAll(SameThreadHierarchicalTestExecutorService.java:41)
	at org.junit.platform.engine.support.hierarchical.NodeTestTask.lambda$executeRecursively$6(NodeTestTask.java:160)
	at org.junit.platform.engine.support.hierarchical.ThrowableCollector.execute(ThrowableCollector.java:73)
	at org.junit.platform.engine.support.hierarchical.NodeTestTask.lambda$executeRecursively$8(NodeTestTask.java:146)
	at org.junit.platform.engine.support.hierarchical.Node.around(Node.java:137)
	at org.junit.platform.engine.support.hierarchical.NodeTestTask.lambda$executeRecursively$9(NodeTestTask.java:144)
	at org.junit.platform.engine.support.hierarchical.ThrowableCollector.execute(ThrowableCollector.java:73)
	at org.junit.platform.engine.support.hierarchical.NodeTestTask.executeRecursively(NodeTestTask.java:143)
	at org.junit.platform.engine.support.hierarchical.NodeTestTask.execute(NodeTestTask.java:100)
	at org.junit.platform.engine.support.hierarchical.SameThreadHierarchicalTestExecutorService.submit(SameThreadHierarchicalTestExecutorService.java:35)
	at org.junit.platform.engine.support.hierarchical.HierarchicalTestExecutor.execute(HierarchicalTestExecutor.java:57)
	at org.junit.platform.engine.support.hierarchical.HierarchicalTestEngine.execute(HierarchicalTestEngine.java:54)
	at org.junit.platform.launcher.core.EngineExecutionOrchestrator.execute(EngineExecutionOrchestrator.java:198)
	at org.junit.platform.launcher.core.EngineExecutionOrchestrator.execute(EngineExecutionOrchestrator.java:169)
	at org.junit.platform.launcher.core.EngineExecutionOrchestrator.execute(EngineExecutionOrchestrator.java:93)
	at org.junit.platform.launcher.core.EngineExecutionOrchestrator.lambda$execute$0(EngineExecutionOrchestrator.java:58)
	at org.junit.platform.launcher.core.EngineExecutionOrchestrator.withInterceptedStreams(EngineExecutionOrchestrator.java:141)
	at org.junit.platform.launcher.core.EngineExecutionOrchestrator.execute(EngineExecutionOrchestrator.java:57)
	at org.junit.platform.launcher.core.DefaultLauncher.execute(DefaultLauncher.java:103)
	at org.junit.platform.launcher.core.DefaultLauncher.execute(DefaultLauncher.java:85)
	at org.junit.platform.launcher.core.DelegatingLauncher.execute(DelegatingLauncher.java:47)
	at org.junit.platform.launcher.core.SessionPerRequestLauncher.execute(SessionPerRequestLauncher.java:63)
	at com.intellij.junit5.JUnit5IdeaTestRunner.startRunnerWithArgs(JUnit5IdeaTestRunner.java:57)
	at com.intellij.rt.junit.IdeaTestRunner$Repeater$1.execute(IdeaTestRunner.java:38)
	at com.intellij.rt.execution.junit.TestsRepeater.repeat(TestsRepeater.java:11)
	at com.intellij.rt.junit.IdeaTestRunner$Repeater.startRunnerWithArgs(IdeaTestRunner.java:35)
	at com.intellij.rt.junit.JUnitStarter.prepareStreamsAndStart(JUnitStarter.java:232)
	at com.intellij.rt.junit.JUnitStarter.main(JUnitStarter.java:55)
Caused by: org.hibernate.exception.ConstraintViolationException: could not execute statement [ERROR: null value in column "username" of relation "user" violates not-null constraint
  Подробности: Failing row contains (6, concurrent@test.com, null, null, 2025-03-03 15:10:24.26).] [insert into private."user" (created_at,email,password,username) values (?,?,?,?) returning id]
	at org.hibernate.exception.internal.SQLStateConversionDelegate.convert(SQLStateConversionDelegate.java:97)
	at org.hibernate.exception.internal.StandardSQLExceptionConverter.convert(StandardSQLExceptionConverter.java:58)
	at org.hibernate.engine.jdbc.spi.SqlExceptionHelper.convert(SqlExceptionHelper.java:108)
	at org.hibernate.engine.jdbc.internal.ResultSetReturnImpl.execute(ResultSetReturnImpl.java:145)
	at org.hibernate.id.insert.InsertReturningDelegate.executeAndExtractReturning(InsertReturningDelegate.java:96)
	at org.hibernate.id.insert.AbstractReturningDelegate.performMutation(AbstractReturningDelegate.java:58)
	at org.hibernate.engine.jdbc.mutation.internal.MutationExecutorSingleNonBatched.performNonBatchedOperations(MutationExecutorSingleNonBatched.java:47)
	at org.hibernate.engine.jdbc.mutation.internal.AbstractMutationExecutor.execute(AbstractMutationExecutor.java:55)
	at org.hibernate.persister.entity.mutation.InsertCoordinatorStandard.doStaticInserts(InsertCoordinatorStandard.java:194)
	at org.hibernate.persister.entity.mutation.InsertCoordinatorStandard.coordinateInsert(InsertCoordinatorStandard.java:132)
	at org.hibernate.persister.entity.mutation.InsertCoordinatorStandard.insert(InsertCoordinatorStandard.java:95)
	at org.hibernate.action.internal.EntityIdentityInsertAction.execute(EntityIdentityInsertAction.java:85)
	at org.hibernate.engine.spi.ActionQueue.execute(ActionQueue.java:671)
	at org.hibernate.engine.spi.ActionQueue.addResolvedEntityInsertAction(ActionQueue.java:292)
	at org.hibernate.engine.spi.ActionQueue.addInsertAction(ActionQueue.java:273)
	at org.hibernate.engine.spi.ActionQueue.addAction(ActionQueue.java:323)
	at org.hibernate.event.internal.AbstractSaveEventListener.addInsertAction(AbstractSaveEventListener.java:391)
	at org.hibernate.event.internal.AbstractSaveEventListener.performSaveOrReplicate(AbstractSaveEventListener.java:305)
	at org.hibernate.event.internal.AbstractSaveEventListener.performSave(AbstractSaveEventListener.java:224)
	at org.hibernate.event.internal.AbstractSaveEventListener.saveWithGeneratedId(AbstractSaveEventListener.java:137)
	at org.hibernate.event.internal.DefaultPersistEventListener.entityIsTransient(DefaultPersistEventListener.java:175)
	at org.hibernate.event.internal.DefaultPersistEventListener.persist(DefaultPersistEventListener.java:93)
	at org.hibernate.event.internal.DefaultPersistEventListener.onPersist(DefaultPersistEventListener.java:77)
	at org.hibernate.event.internal.DefaultPersistEventListener.onPersist(DefaultPersistEventListener.java:54)
	at org.hibernate.event.service.internal.EventListenerGroupImpl.fireEventOnEachListener(EventListenerGroupImpl.java:127)
	at org.hibernate.internal.SessionImpl.firePersist(SessionImpl.java:757)
	at org.hibernate.internal.SessionImpl.persist(SessionImpl.java:741)
	at java.base/jdk.internal.reflect.DirectMethodHandleAccessor.invoke(DirectMethodHandleAccessor.java:103)
	at java.base/java.lang.reflect.Method.invoke(Method.java:580)
	at org.springframework.orm.jpa.SharedEntityManagerCreator$SharedEntityManagerInvocationHandler.invoke(SharedEntityManagerCreator.java:319)
	at jdk.proxy2/jdk.proxy2.$Proxy178.persist(Unknown Source)
	at org.springframework.data.jpa.repository.support.SimpleJpaRepository.save(SimpleJpaRepository.java:628)
	at java.base/jdk.internal.reflect.DirectMethodHandleAccessor.invoke(DirectMethodHandleAccessor.java:103)
	at java.base/java.lang.reflect.Method.invoke(Method.java:580)
	at org.springframework.aop.support.AopUtils.invokeJoinpointUsingReflection(AopUtils.java:355)
	at org.springframework.data.repository.core.support.RepositoryMethodInvoker$RepositoryFragmentMethodInvoker.lambda$new$0(RepositoryMethodInvoker.java:277)
	at org.springframework.data.repository.core.support.RepositoryMethodInvoker.doInvoke(RepositoryMethodInvoker.java:170)
	at org.springframework.data.repository.core.support.RepositoryMethodInvoker.invoke(RepositoryMethodInvoker.java:158)
	at org.springframework.data.repository.core.support.RepositoryComposition$RepositoryFragments.invoke(RepositoryComposition.java:516)
	at org.springframework.data.repository.core.support.RepositoryComposition.invoke(RepositoryComposition.java:285)
	at org.springframework.data.repository.core.support.RepositoryFactorySupport$ImplementationMethodExecutionInterceptor.invoke(RepositoryFactorySupport.java:628)
	at org.springframework.aop.framework.ReflectiveMethodInvocation.proceed(ReflectiveMethodInvocation.java:184)
	at org.springframework.data.repository.core.support.QueryExecutorMethodInterceptor.doInvoke(QueryExecutorMethodInterceptor.java:173)
	at org.springframework.data.repository.core.support.QueryExecutorMethodInterceptor.invoke(QueryExecutorMethodInterceptor.java:148)
	at org.springframework.aop.framework.ReflectiveMethodInvocation.proceed(ReflectiveMethodInvocation.java:184)
	at org.springframework.data.projection.DefaultMethodInvokingMethodInterceptor.invoke(DefaultMethodInvokingMethodInterceptor.java:70)
	at org.springframework.aop.framework.ReflectiveMethodInvocation.proceed(ReflectiveMethodInvocation.java:184)
	at org.springframework.transaction.interceptor.TransactionAspectSupport.invokeWithinTransaction(TransactionAspectSupport.java:379)
	at org.springframework.transaction.interceptor.TransactionInterceptor.invoke(TransactionInterceptor.java:119)
	at org.springframework.aop.framework.ReflectiveMethodInvocation.proceed(ReflectiveMethodInvocation.java:184)
	at org.springframework.dao.support.PersistenceExceptionTranslationInterceptor.invoke(PersistenceExceptionTranslationInterceptor.java:138)
	... 97 common frames omitted
Caused by: org.postgresql.util.PSQLException: ERROR: null value in column "username" of relation "user" violates not-null constraint
  Подробности: Failing row contains (6, concurrent@test.com, null, null, 2025-03-03 15:10:24.26).
	at org.postgresql.core.v3.QueryExecutorImpl.receiveErrorResponse(QueryExecutorImpl.java:2733)
	at org.postgresql.core.v3.QueryExecutorImpl.processResults(QueryExecutorImpl.java:2420)
	at org.postgresql.core.v3.QueryExecutorImpl.execute(QueryExecutorImpl.java:372)
	at org.postgresql.jdbc.PgStatement.executeInternal(PgStatement.java:517)
	at org.postgresql.jdbc.PgStatement.execute(PgStatement.java:434)
	at org.postgresql.jdbc.PgPreparedStatement.executeWithFlags(PgPreparedStatement.java:194)
	at org.postgresql.jdbc.PgPreparedStatement.execute(PgPreparedStatement.java:180)
	at com.zaxxer.hikari.pool.ProxyPreparedStatement.execute(ProxyPreparedStatement.java:44)
	at com.zaxxer.hikari.pool.HikariProxyPreparedStatement.execute(HikariProxyPreparedStatement.java)
	at org.hibernate.engine.jdbc.internal.ResultSetReturnImpl.execute(ResultSetReturnImpl.java:129)
	... 144 common frames omitted
2025-03-03 15:10:25 [SpringApplicationShutdownHook] INFO  o.s.o.j.LocalContainerEntityManagerFactoryBean - Closing JPA EntityManagerFactory for persistence unit 'default'
2025-03-03 15:10:25 [SpringApplicationShutdownHook] INFO  com.zaxxer.hikari.HikariDataSource - HikariPool-1 - Shutdown initiated...
2025-03-03 15:10:25 [SpringApplicationShutdownHook] INFO  com.zaxxer.hikari.HikariDataSource - HikariPool-1 - Shutdown completed.
2025-03-03 15:11:54 [background-preinit] INFO  o.h.validator.internal.util.Version - HV000001: Hibernate Validator 8.0.1.Final
2025-03-03 15:11:54 [main] INFO  c.t.t.UserServiceImplIntegrationTest - Starting UserServiceImplIntegrationTest using Java 22.0.2 with PID 17956 (started by Admin in C:\Users\Admin\Desktop\task)
2025-03-03 15:11:54 [main] INFO  c.t.t.UserServiceImplIntegrationTest - No active profile set, falling back to 1 default profile: "default"
2025-03-03 15:11:55 [main] INFO  o.s.d.r.c.RepositoryConfigurationDelegate - Bootstrapping Spring Data JPA repositories in DEFAULT mode.
2025-03-03 15:11:55 [main] INFO  o.s.d.r.c.RepositoryConfigurationDelegate - Finished Spring Data repository scanning in 104 ms. Found 5 JPA repository interfaces.
2025-03-03 15:11:56 [main] INFO  com.zaxxer.hikari.HikariDataSource - HikariPool-1 - Starting...
2025-03-03 15:11:57 [main] INFO  com.zaxxer.hikari.pool.HikariPool - HikariPool-1 - Added connection org.postgresql.jdbc.PgConnection@1c787389
2025-03-03 15:11:57 [main] INFO  com.zaxxer.hikari.HikariDataSource - HikariPool-1 - Start completed.
2025-03-03 15:11:57 [main] INFO  liquibase.database - Set default schema name to public
2025-03-03 15:11:58 [main] INFO  liquibase.changelog - Creating database history table with name: public.databasechangelog
2025-03-03 15:11:58 [main] INFO  liquibase.changelog - Reading from public.databasechangelog
2025-03-03 15:11:58 [main] INFO  liquibase.lockservice - Successfully acquired change log lock
2025-03-03 15:11:58 [main] INFO  liquibase.command - Using deploymentId: 1003918208
2025-03-03 15:11:58 [main] INFO  liquibase.changelog - Reading from public.databasechangelog
2025-03-03 15:11:58 [main] INFO  liquibase.ui - Running Changeset: db/changelog/01-create-schema.xml::1::xfnet
2025-03-03 15:11:58 [main] WARN  liquibase.executor - schema "private" does not exist, skipping
2025-03-03 15:11:58 [main] INFO  liquibase.changelog - Custom SQL executed
2025-03-03 15:11:58 [main] INFO  liquibase.changelog - Custom SQL executed
2025-03-03 15:11:58 [main] INFO  liquibase.changelog - ChangeSet db/changelog/01-create-schema.xml::1::xfnet ran successfully in 24ms
2025-03-03 15:11:58 [main] INFO  liquibase.ui - Running Changeset: db/changelog/02-create-user-table.xml::2::xfnet
2025-03-03 15:11:58 [main] INFO  liquibase.changelog - Table user created
2025-03-03 15:11:58 [main] INFO  liquibase.changelog - ChangeSet db/changelog/02-create-user-table.xml::2::xfnet ran successfully in 11ms
2025-03-03 15:11:58 [main] INFO  liquibase.ui - Running Changeset: db/changelog/03-create-priority-table.xml::3::xfnet
2025-03-03 15:11:58 [main] INFO  liquibase.changelog - Table priority created
2025-03-03 15:11:58 [main] INFO  liquibase.changelog - ChangeSet db/changelog/03-create-priority-table.xml::3::xfnet ran successfully in 6ms
2025-03-03 15:11:58 [main] INFO  liquibase.ui - Running Changeset: db/changelog/04-create-status-table.xml::4::xfnet
2025-03-03 15:11:58 [main] INFO  liquibase.changelog - Table status created
2025-03-03 15:11:58 [main] INFO  liquibase.changelog - Foreign key constraint added to status (user_id)
2025-03-03 15:11:58 [main] INFO  liquibase.changelog - Unique constraint added to status(title, user_id)
2025-03-03 15:11:58 [main] INFO  liquibase.changelog - ChangeSet db/changelog/04-create-status-table.xml::4::xfnet ran successfully in 19ms
2025-03-03 15:11:58 [main] INFO  liquibase.ui - Running Changeset: db/changelog/05-create-role-table.xml::5::xfnet
2025-03-03 15:11:58 [main] INFO  liquibase.changelog - Table role created
2025-03-03 15:11:58 [main] INFO  liquibase.changelog - ChangeSet db/changelog/05-create-role-table.xml::5::xfnet ran successfully in 12ms
2025-03-03 15:11:58 [main] INFO  liquibase.ui - Running Changeset: db/changelog/06-create-user-roles-table.xml::6::xfnet
2025-03-03 15:11:58 [main] INFO  liquibase.changelog - Table user_roles created
2025-03-03 15:11:58 [main] INFO  liquibase.changelog - Primary key added to user_roles (user_id, role_id)
2025-03-03 15:11:58 [main] INFO  liquibase.changelog - Foreign key constraint added to user_roles (user_id)
2025-03-03 15:11:58 [main] INFO  liquibase.changelog - Foreign key constraint added to user_roles (role_id)
2025-03-03 15:11:58 [main] INFO  liquibase.changelog - ChangeSet db/changelog/06-create-user-roles-table.xml::6::xfnet ran successfully in 20ms
2025-03-03 15:11:58 [main] INFO  liquibase.ui - Running Changeset: db/changelog/07-create-task-table.xml::7::xfnet
2025-03-03 15:11:58 [main] INFO  liquibase.changelog - Table task created
2025-03-03 15:11:58 [main] INFO  liquibase.changelog - Foreign key constraint added to task (priority_id)
2025-03-03 15:11:58 [main] INFO  liquibase.changelog - Foreign key constraint added to task (status_id)
2025-03-03 15:11:58 [main] INFO  liquibase.changelog - Foreign key constraint added to task (user_id)
2025-03-03 15:11:58 [main] INFO  liquibase.changelog - ChangeSet db/changelog/07-create-task-table.xml::7::xfnet ran successfully in 25ms
2025-03-03 15:11:58 [main] INFO  liquibase.ui - Running Changeset: db/changelog/08-create-task-executors-table.xml::8::xfnet
2025-03-03 15:11:58 [main] INFO  liquibase.changelog - Table task_executors created
2025-03-03 15:11:58 [main] INFO  liquibase.changelog - Primary key added to task_executors (task_id, user_id)
2025-03-03 15:11:58 [main] INFO  liquibase.changelog - Foreign key constraint added to task_executors (task_id)
2025-03-03 15:11:58 [main] INFO  liquibase.changelog - Foreign key constraint added to task_executors (user_id)
2025-03-03 15:11:58 [main] INFO  liquibase.changelog - ChangeSet db/changelog/08-create-task-executors-table.xml::8::xfnet ran successfully in 17ms
2025-03-03 15:11:58 [main] INFO  liquibase.ui - Running Changeset: db/changelog/09-create-comment-table.xml::9::xfnet
2025-03-03 15:11:58 [main] INFO  liquibase.changelog - Table comment created
2025-03-03 15:11:58 [main] INFO  liquibase.changelog - Foreign key constraint added to comment (task_id)
2025-03-03 15:11:58 [main] INFO  liquibase.changelog - Foreign key constraint added to comment (user_id)
2025-03-03 15:11:58 [main] INFO  liquibase.changelog - Foreign key constraint added to comment (parent_id)
2025-03-03 15:11:58 [main] INFO  liquibase.changelog - ChangeSet db/changelog/09-create-comment-table.xml::9::xfnet ran successfully in 28ms
2025-03-03 15:11:58 [main] INFO  liquibase.ui - Running Changeset: db/changelog/10-insert-default-data.xml::10::xfnet
2025-03-03 15:11:58 [main] INFO  liquibase.changelog - New row inserted into role
2025-03-03 15:11:58 [main] INFO  liquibase.changelog - New row inserted into role
2025-03-03 15:11:58 [main] INFO  liquibase.changelog - New row inserted into user
2025-03-03 15:11:58 [main] INFO  liquibase.changelog - New row inserted into user
2025-03-03 15:11:58 [main] INFO  liquibase.changelog - New row inserted into user
2025-03-03 15:11:58 [main] INFO  liquibase.changelog - New row inserted into user
2025-03-03 15:11:58 [main] INFO  liquibase.changelog - New row inserted into user
2025-03-03 15:11:58 [main] INFO  liquibase.changelog - New row inserted into user_roles
2025-03-03 15:11:58 [main] INFO  liquibase.changelog - New row inserted into user_roles
2025-03-03 15:11:58 [main] INFO  liquibase.changelog - New row inserted into user_roles
2025-03-03 15:11:58 [main] INFO  liquibase.changelog - New row inserted into user_roles
2025-03-03 15:11:58 [main] INFO  liquibase.changelog - New row inserted into user_roles
2025-03-03 15:11:58 [main] INFO  liquibase.changelog - New row inserted into priority
2025-03-03 15:11:58 [main] INFO  liquibase.changelog - New row inserted into priority
2025-03-03 15:11:58 [main] INFO  liquibase.changelog - New row inserted into priority
2025-03-03 15:11:58 [main] INFO  liquibase.changelog - New row inserted into status
2025-03-03 15:11:58 [main] INFO  liquibase.changelog - New row inserted into status
2025-03-03 15:11:58 [main] INFO  liquibase.changelog - New row inserted into status
2025-03-03 15:11:58 [main] INFO  liquibase.changelog - New row inserted into status
2025-03-03 15:11:58 [main] INFO  liquibase.changelog - New row inserted into status
2025-03-03 15:11:58 [main] INFO  liquibase.changelog - New row inserted into task
2025-03-03 15:11:58 [main] INFO  liquibase.changelog - New row inserted into task
2025-03-03 15:11:58 [main] INFO  liquibase.changelog - New row inserted into task
2025-03-03 15:11:58 [main] INFO  liquibase.changelog - New row inserted into task_executors
2025-03-03 15:11:58 [main] INFO  liquibase.changelog - New row inserted into task_executors
2025-03-03 15:11:58 [main] INFO  liquibase.changelog - New row inserted into task_executors
2025-03-03 15:11:58 [main] INFO  liquibase.changelog - New row inserted into task_executors
2025-03-03 15:11:58 [main] INFO  liquibase.changelog - New row inserted into comment
2025-03-03 15:11:58 [main] INFO  liquibase.changelog - New row inserted into comment
2025-03-03 15:11:58 [main] INFO  liquibase.changelog - New row inserted into comment
2025-03-03 15:11:58 [main] INFO  liquibase.changelog - ChangeSet db/changelog/10-insert-default-data.xml::10::xfnet ran successfully in 123ms
2025-03-03 15:11:58 [main] INFO  liquibase.util - UPDATE SUMMARY
2025-03-03 15:11:58 [main] INFO  liquibase.util - Run:                         10
2025-03-03 15:11:58 [main] INFO  liquibase.util - Previously run:               0
2025-03-03 15:11:58 [main] INFO  liquibase.util - Filtered out:                 0
2025-03-03 15:11:58 [main] INFO  liquibase.util - -------------------------------
2025-03-03 15:11:58 [main] INFO  liquibase.util - Total change sets:           10
2025-03-03 15:11:58 [main] INFO  liquibase.util - Update summary generated
2025-03-03 15:11:58 [main] INFO  liquibase.command - Update command completed successfully.
2025-03-03 15:11:58 [main] INFO  liquibase.ui - Liquibase: Update has been successful. Rows affected: 40
2025-03-03 15:11:58 [main] INFO  liquibase.lockservice - Successfully released change log lock
2025-03-03 15:11:58 [main] INFO  liquibase.command - Command execution complete
2025-03-03 15:11:58 [main] INFO  o.h.jpa.internal.util.LogHelper - HHH000204: Processing PersistenceUnitInfo [name: default]
2025-03-03 15:11:58 [main] INFO  org.hibernate.Version - HHH000412: Hibernate ORM core version 6.5.3.Final
2025-03-03 15:11:58 [main] INFO  o.h.c.i.RegionFactoryInitiator - HHH000026: Second-level cache disabled
2025-03-03 15:11:59 [main] INFO  o.s.o.j.p.SpringPersistenceUnitInfo - No LoadTimeWeaver setup: ignoring JPA class transformer
2025-03-03 15:12:00 [main] INFO  o.h.e.t.j.p.i.JtaPlatformInitiator - HHH000489: No JTA platform available (set 'hibernate.transaction.jta.platform' to enable JTA platform integration)
2025-03-03 15:12:00 [main] INFO  o.s.o.j.LocalContainerEntityManagerFactoryBean - Initialized JPA EntityManagerFactory for persistence unit 'default'
2025-03-03 15:12:00 [main] INFO  o.s.s.c.a.a.c.InitializeAuthenticationProviderBeanManagerConfigurer$InitializeAuthenticationProviderManagerConfigurer - Global AuthenticationManager configured with AuthenticationProvider bean with name authenticationProvider
2025-03-03 15:12:00 [main] WARN  o.s.s.c.a.a.c.InitializeUserDetailsBeanManagerConfigurer$InitializeUserDetailsManagerConfigurer - Global AuthenticationManager configured with an AuthenticationProvider bean. UserDetailsService beans will not be used for username/password login. Consider removing the AuthenticationProvider bean. Alternatively, consider using the UserDetailsService in a manually instantiated DaoAuthenticationProvider.
2025-03-03 15:12:00 [main] INFO  o.s.d.j.r.query.QueryEnhancerFactory - Hibernate is in classpath; If applicable, HQL parser will be used.
2025-03-03 15:12:01 [main] WARN  o.s.b.a.o.j.JpaBaseConfiguration$JpaWebConfiguration - spring.jpa.open-in-view is enabled by default. Therefore, database queries may be performed during view rendering. Explicitly configure spring.jpa.open-in-view to disable this warning
2025-03-03 15:12:02 [main] INFO  c.t.t.UserServiceImplIntegrationTest - Started UserServiceImplIntegrationTest in 8.491 seconds (process running for 15.234)
2025-03-03 15:12:03 [main] INFO  com.track.task.aspect.LoggingAspect - Entering method: UserServiceImpl.add(..)
2025-03-03 15:12:03 [main] INFO  c.t.t.s.user.impl.UserServiceImpl - Add user
2025-03-03 15:12:03 [main] INFO  com.track.task.aspect.LoggingAspect - Exiting method: UserServiceImpl.add(..) with result: null
2025-03-03 15:12:03 [main] INFO  com.track.task.aspect.LoggingAspect - Entering method: UserServiceImpl.existsByEmail(..)
2025-03-03 15:12:03 [main] INFO  c.t.t.s.user.impl.UserServiceImpl - Exists user by email
2025-03-03 15:12:03 [main] INFO  com.track.task.aspect.LoggingAspect - Exiting method: UserServiceImpl.existsByEmail(..) with result: true
2025-03-03 15:12:04 [SpringApplicationShutdownHook] INFO  o.s.o.j.LocalContainerEntityManagerFactoryBean - Closing JPA EntityManagerFactory for persistence unit 'default'
2025-03-03 15:12:04 [SpringApplicationShutdownHook] INFO  com.zaxxer.hikari.HikariDataSource - HikariPool-1 - Shutdown initiated...
2025-03-03 15:12:04 [SpringApplicationShutdownHook] INFO  com.zaxxer.hikari.HikariDataSource - HikariPool-1 - Shutdown completed.
2025-03-03 15:15:11 [background-preinit] INFO  o.h.validator.internal.util.Version - HV000001: Hibernate Validator 8.0.1.Final
2025-03-03 15:15:11 [main] INFO  c.t.t.UserServiceImplIntegrationTest - Starting UserServiceImplIntegrationTest using Java 22.0.2 with PID 17584 (started by Admin in C:\Users\Admin\Desktop\task)
2025-03-03 15:15:11 [main] INFO  c.t.t.UserServiceImplIntegrationTest - No active profile set, falling back to 1 default profile: "default"
2025-03-03 15:15:13 [main] INFO  o.s.d.r.c.RepositoryConfigurationDelegate - Bootstrapping Spring Data JPA repositories in DEFAULT mode.
2025-03-03 15:15:13 [main] INFO  o.s.d.r.c.RepositoryConfigurationDelegate - Finished Spring Data repository scanning in 113 ms. Found 5 JPA repository interfaces.
2025-03-03 15:15:14 [main] INFO  com.zaxxer.hikari.HikariDataSource - HikariPool-1 - Starting...
2025-03-03 15:15:14 [main] INFO  com.zaxxer.hikari.pool.HikariPool - HikariPool-1 - Added connection org.postgresql.jdbc.PgConnection@6338afe2
2025-03-03 15:15:14 [main] INFO  com.zaxxer.hikari.HikariDataSource - HikariPool-1 - Start completed.
2025-03-03 15:15:14 [main] INFO  liquibase.database - Set default schema name to public
2025-03-03 15:15:15 [main] INFO  liquibase.changelog - Creating database history table with name: public.databasechangelog
2025-03-03 15:15:15 [main] INFO  liquibase.changelog - Reading from public.databasechangelog
2025-03-03 15:15:15 [main] INFO  liquibase.lockservice - Successfully acquired change log lock
2025-03-03 15:15:15 [main] INFO  liquibase.command - Using deploymentId: 1004115939
2025-03-03 15:15:15 [main] INFO  liquibase.changelog - Reading from public.databasechangelog
2025-03-03 15:15:16 [main] INFO  liquibase.ui - Running Changeset: db/changelog/01-create-schema.xml::1::xfnet
2025-03-03 15:15:16 [main] WARN  liquibase.executor - schema "private" does not exist, skipping
2025-03-03 15:15:16 [main] INFO  liquibase.changelog - Custom SQL executed
2025-03-03 15:15:16 [main] INFO  liquibase.changelog - Custom SQL executed
2025-03-03 15:15:16 [main] INFO  liquibase.changelog - ChangeSet db/changelog/01-create-schema.xml::1::xfnet ran successfully in 26ms
2025-03-03 15:15:16 [main] INFO  liquibase.ui - Running Changeset: db/changelog/02-create-user-table.xml::2::xfnet
2025-03-03 15:15:16 [main] INFO  liquibase.changelog - Table user created
2025-03-03 15:15:16 [main] INFO  liquibase.changelog - ChangeSet db/changelog/02-create-user-table.xml::2::xfnet ran successfully in 12ms
2025-03-03 15:15:16 [main] INFO  liquibase.ui - Running Changeset: db/changelog/03-create-priority-table.xml::3::xfnet
2025-03-03 15:15:16 [main] INFO  liquibase.changelog - Table priority created
2025-03-03 15:15:16 [main] INFO  liquibase.changelog - ChangeSet db/changelog/03-create-priority-table.xml::3::xfnet ran successfully in 9ms
2025-03-03 15:15:16 [main] INFO  liquibase.ui - Running Changeset: db/changelog/04-create-status-table.xml::4::xfnet
2025-03-03 15:15:16 [main] INFO  liquibase.changelog - Table status created
2025-03-03 15:15:16 [main] INFO  liquibase.changelog - Foreign key constraint added to status (user_id)
2025-03-03 15:15:16 [main] INFO  liquibase.changelog - Unique constraint added to status(title, user_id)
2025-03-03 15:15:16 [main] INFO  liquibase.changelog - ChangeSet db/changelog/04-create-status-table.xml::4::xfnet ran successfully in 22ms
2025-03-03 15:15:16 [main] INFO  liquibase.ui - Running Changeset: db/changelog/05-create-role-table.xml::5::xfnet
2025-03-03 15:15:16 [main] INFO  liquibase.changelog - Table role created
2025-03-03 15:15:16 [main] INFO  liquibase.changelog - ChangeSet db/changelog/05-create-role-table.xml::5::xfnet ran successfully in 8ms
2025-03-03 15:15:16 [main] INFO  liquibase.ui - Running Changeset: db/changelog/06-create-user-roles-table.xml::6::xfnet
2025-03-03 15:15:16 [main] INFO  liquibase.changelog - Table user_roles created
2025-03-03 15:15:16 [main] INFO  liquibase.changelog - Primary key added to user_roles (user_id, role_id)
2025-03-03 15:15:16 [main] INFO  liquibase.changelog - Foreign key constraint added to user_roles (user_id)
2025-03-03 15:15:16 [main] INFO  liquibase.changelog - Foreign key constraint added to user_roles (role_id)
2025-03-03 15:15:16 [main] INFO  liquibase.changelog - ChangeSet db/changelog/06-create-user-roles-table.xml::6::xfnet ran successfully in 21ms
2025-03-03 15:15:16 [main] INFO  liquibase.ui - Running Changeset: db/changelog/07-create-task-table.xml::7::xfnet
2025-03-03 15:15:16 [main] INFO  liquibase.changelog - Table task created
2025-03-03 15:15:16 [main] INFO  liquibase.changelog - Foreign key constraint added to task (priority_id)
2025-03-03 15:15:16 [main] INFO  liquibase.changelog - Foreign key constraint added to task (status_id)
2025-03-03 15:15:16 [main] INFO  liquibase.changelog - Foreign key constraint added to task (user_id)
2025-03-03 15:15:16 [main] INFO  liquibase.changelog - ChangeSet db/changelog/07-create-task-table.xml::7::xfnet ran successfully in 34ms
2025-03-03 15:15:16 [main] INFO  liquibase.ui - Running Changeset: db/changelog/08-create-task-executors-table.xml::8::xfnet
2025-03-03 15:15:16 [main] INFO  liquibase.changelog - Table task_executors created
2025-03-03 15:15:16 [main] INFO  liquibase.changelog - Primary key added to task_executors (task_id, user_id)
2025-03-03 15:15:16 [main] INFO  liquibase.changelog - Foreign key constraint added to task_executors (task_id)
2025-03-03 15:15:16 [main] INFO  liquibase.changelog - Foreign key constraint added to task_executors (user_id)
2025-03-03 15:15:16 [main] INFO  liquibase.changelog - ChangeSet db/changelog/08-create-task-executors-table.xml::8::xfnet ran successfully in 23ms
2025-03-03 15:15:16 [main] INFO  liquibase.ui - Running Changeset: db/changelog/09-create-comment-table.xml::9::xfnet
2025-03-03 15:15:16 [main] INFO  liquibase.changelog - Table comment created
2025-03-03 15:15:16 [main] INFO  liquibase.changelog - Foreign key constraint added to comment (task_id)
2025-03-03 15:15:16 [main] INFO  liquibase.changelog - Foreign key constraint added to comment (user_id)
2025-03-03 15:15:16 [main] INFO  liquibase.changelog - Foreign key constraint added to comment (parent_id)
2025-03-03 15:15:16 [main] INFO  liquibase.changelog - ChangeSet db/changelog/09-create-comment-table.xml::9::xfnet ran successfully in 25ms
2025-03-03 15:15:16 [main] INFO  liquibase.ui - Running Changeset: db/changelog/10-insert-default-data.xml::10::xfnet
2025-03-03 15:15:16 [main] INFO  liquibase.changelog - New row inserted into role
2025-03-03 15:15:16 [main] INFO  liquibase.changelog - New row inserted into role
2025-03-03 15:15:16 [main] INFO  liquibase.changelog - New row inserted into user
2025-03-03 15:15:16 [main] INFO  liquibase.changelog - New row inserted into user
2025-03-03 15:15:16 [main] INFO  liquibase.changelog - New row inserted into user
2025-03-03 15:15:16 [main] INFO  liquibase.changelog - New row inserted into user
2025-03-03 15:15:16 [main] INFO  liquibase.changelog - New row inserted into user
2025-03-03 15:15:16 [main] INFO  liquibase.changelog - New row inserted into user_roles
2025-03-03 15:15:16 [main] INFO  liquibase.changelog - New row inserted into user_roles
2025-03-03 15:15:16 [main] INFO  liquibase.changelog - New row inserted into user_roles
2025-03-03 15:15:16 [main] INFO  liquibase.changelog - New row inserted into user_roles
2025-03-03 15:15:16 [main] INFO  liquibase.changelog - New row inserted into user_roles
2025-03-03 15:15:16 [main] INFO  liquibase.changelog - New row inserted into priority
2025-03-03 15:15:16 [main] INFO  liquibase.changelog - New row inserted into priority
2025-03-03 15:15:16 [main] INFO  liquibase.changelog - New row inserted into priority
2025-03-03 15:15:16 [main] INFO  liquibase.changelog - New row inserted into status
2025-03-03 15:15:16 [main] INFO  liquibase.changelog - New row inserted into status
2025-03-03 15:15:16 [main] INFO  liquibase.changelog - New row inserted into status
2025-03-03 15:15:16 [main] INFO  liquibase.changelog - New row inserted into status
2025-03-03 15:15:16 [main] INFO  liquibase.changelog - New row inserted into status
2025-03-03 15:15:16 [main] INFO  liquibase.changelog - New row inserted into task
2025-03-03 15:15:16 [main] INFO  liquibase.changelog - New row inserted into task
2025-03-03 15:15:16 [main] INFO  liquibase.changelog - New row inserted into task
2025-03-03 15:15:16 [main] INFO  liquibase.changelog - New row inserted into task_executors
2025-03-03 15:15:16 [main] INFO  liquibase.changelog - New row inserted into task_executors
2025-03-03 15:15:16 [main] INFO  liquibase.changelog - New row inserted into task_executors
2025-03-03 15:15:16 [main] INFO  liquibase.changelog - New row inserted into task_executors
2025-03-03 15:15:16 [main] INFO  liquibase.changelog - New row inserted into comment
2025-03-03 15:15:16 [main] INFO  liquibase.changelog - New row inserted into comment
2025-03-03 15:15:16 [main] INFO  liquibase.changelog - New row inserted into comment
2025-03-03 15:15:16 [main] INFO  liquibase.changelog - ChangeSet db/changelog/10-insert-default-data.xml::10::xfnet ran successfully in 98ms
2025-03-03 15:15:16 [main] INFO  liquibase.util - UPDATE SUMMARY
2025-03-03 15:15:16 [main] INFO  liquibase.util - Run:                         10
2025-03-03 15:15:16 [main] INFO  liquibase.util - Previously run:               0
2025-03-03 15:15:16 [main] INFO  liquibase.util - Filtered out:                 0
2025-03-03 15:15:16 [main] INFO  liquibase.util - -------------------------------
2025-03-03 15:15:16 [main] INFO  liquibase.util - Total change sets:           10
2025-03-03 15:15:16 [main] INFO  liquibase.util - Update summary generated
2025-03-03 15:15:16 [main] INFO  liquibase.command - Update command completed successfully.
2025-03-03 15:15:16 [main] INFO  liquibase.ui - Liquibase: Update has been successful. Rows affected: 40
2025-03-03 15:15:16 [main] INFO  liquibase.lockservice - Successfully released change log lock
2025-03-03 15:15:16 [main] INFO  liquibase.command - Command execution complete
2025-03-03 15:15:16 [main] INFO  o.h.jpa.internal.util.LogHelper - HHH000204: Processing PersistenceUnitInfo [name: default]
2025-03-03 15:15:16 [main] INFO  org.hibernate.Version - HHH000412: Hibernate ORM core version 6.5.3.Final
2025-03-03 15:15:16 [main] INFO  o.h.c.i.RegionFactoryInitiator - HHH000026: Second-level cache disabled
2025-03-03 15:15:17 [main] INFO  o.s.o.j.p.SpringPersistenceUnitInfo - No LoadTimeWeaver setup: ignoring JPA class transformer
2025-03-03 15:15:18 [main] INFO  o.h.e.t.j.p.i.JtaPlatformInitiator - HHH000489: No JTA platform available (set 'hibernate.transaction.jta.platform' to enable JTA platform integration)
2025-03-03 15:15:18 [main] INFO  o.s.o.j.LocalContainerEntityManagerFactoryBean - Initialized JPA EntityManagerFactory for persistence unit 'default'
2025-03-03 15:15:18 [main] INFO  o.s.s.c.a.a.c.InitializeAuthenticationProviderBeanManagerConfigurer$InitializeAuthenticationProviderManagerConfigurer - Global AuthenticationManager configured with AuthenticationProvider bean with name authenticationProvider
2025-03-03 15:15:18 [main] WARN  o.s.s.c.a.a.c.InitializeUserDetailsBeanManagerConfigurer$InitializeUserDetailsManagerConfigurer - Global AuthenticationManager configured with an AuthenticationProvider bean. UserDetailsService beans will not be used for username/password login. Consider removing the AuthenticationProvider bean. Alternatively, consider using the UserDetailsService in a manually instantiated DaoAuthenticationProvider.
2025-03-03 15:15:19 [main] INFO  o.s.d.j.r.query.QueryEnhancerFactory - Hibernate is in classpath; If applicable, HQL parser will be used.
2025-03-03 15:15:19 [main] WARN  o.s.b.a.o.j.JpaBaseConfiguration$JpaWebConfiguration - spring.jpa.open-in-view is enabled by default. Therefore, database queries may be performed during view rendering. Explicitly configure spring.jpa.open-in-view to disable this warning
2025-03-03 15:15:21 [main] INFO  c.t.t.UserServiceImplIntegrationTest - Started UserServiceImplIntegrationTest in 9.54 seconds (process running for 16.45)
2025-03-03 15:15:21 [main] INFO  com.track.task.aspect.LoggingAspect - Entering method: UserServiceImpl.add(..)
2025-03-03 15:15:21 [main] INFO  c.t.t.s.user.impl.UserServiceImpl - Add user
2025-03-03 15:15:21 [main] INFO  com.track.task.aspect.LoggingAspect - Exiting method: UserServiceImpl.add(..) with result: null
2025-03-03 15:15:21 [main] INFO  com.track.task.aspect.LoggingAspect - Entering method: UserServiceImpl.existsByEmail(..)
2025-03-03 15:15:21 [main] INFO  c.t.t.s.user.impl.UserServiceImpl - Exists user by email
2025-03-03 15:15:21 [main] INFO  com.track.task.aspect.LoggingAspect - Exiting method: UserServiceImpl.existsByEmail(..) with result: true
2025-03-03 15:15:22 [SpringApplicationShutdownHook] INFO  o.s.o.j.LocalContainerEntityManagerFactoryBean - Closing JPA EntityManagerFactory for persistence unit 'default'
2025-03-03 15:15:22 [SpringApplicationShutdownHook] INFO  com.zaxxer.hikari.HikariDataSource - HikariPool-1 - Shutdown initiated...
2025-03-03 15:15:22 [SpringApplicationShutdownHook] INFO  com.zaxxer.hikari.HikariDataSource - HikariPool-1 - Shutdown completed.
2025-03-03 15:16:35 [background-preinit] INFO  o.h.validator.internal.util.Version - HV000001: Hibernate Validator 8.0.1.Final
2025-03-03 15:16:35 [main] INFO  c.t.t.UserServiceImplIntegrationTest - Starting UserServiceImplIntegrationTest using Java 22.0.2 with PID 7196 (started by Admin in C:\Users\Admin\Desktop\task)
2025-03-03 15:16:35 [main] INFO  c.t.t.UserServiceImplIntegrationTest - No active profile set, falling back to 1 default profile: "default"
2025-03-03 15:16:37 [main] INFO  o.s.d.r.c.RepositoryConfigurationDelegate - Bootstrapping Spring Data JPA repositories in DEFAULT mode.
2025-03-03 15:16:37 [main] INFO  o.s.d.r.c.RepositoryConfigurationDelegate - Finished Spring Data repository scanning in 115 ms. Found 5 JPA repository interfaces.
2025-03-03 15:16:38 [main] INFO  com.zaxxer.hikari.HikariDataSource - HikariPool-1 - Starting...
2025-03-03 15:16:39 [main] WARN  o.s.w.c.s.GenericWebApplicationContext - Exception encountered during context initialization - cancelling refresh attempt: org.springframework.beans.factory.BeanCreationException: Error creating bean with name 'entityManagerFactory' defined in class path resource [org/springframework/boot/autoconfigure/orm/jpa/HibernateJpaConfiguration.class]: Failed to initialize dependency 'liquibase' of LoadTimeWeaverAware bean 'entityManagerFactory': Error creating bean with name 'liquibase' defined in class path resource [org/springframework/boot/autoconfigure/liquibase/LiquibaseAutoConfiguration$LiquibaseConfiguration.class]: liquibase.exception.DatabaseException: org.postgresql.util.PSQLException: Подсоединение по адресу localhost:11303 отклонено. Проверьте что хост и порт указаны правильно и что postmaster принимает TCP/IP-подсоединения.
2025-03-03 15:16:47 [background-preinit] INFO  o.h.validator.internal.util.Version - HV000001: Hibernate Validator 8.0.1.Final
2025-03-03 15:16:47 [main] INFO  c.t.t.UserServiceImplIntegrationTest - Starting UserServiceImplIntegrationTest using Java 22.0.2 with PID 12132 (started by Admin in C:\Users\Admin\Desktop\task)
2025-03-03 15:16:47 [main] INFO  c.t.t.UserServiceImplIntegrationTest - No active profile set, falling back to 1 default profile: "default"
2025-03-03 15:16:48 [main] INFO  o.s.d.r.c.RepositoryConfigurationDelegate - Bootstrapping Spring Data JPA repositories in DEFAULT mode.
2025-03-03 15:16:48 [main] INFO  o.s.d.r.c.RepositoryConfigurationDelegate - Finished Spring Data repository scanning in 97 ms. Found 5 JPA repository interfaces.
2025-03-03 15:16:49 [main] INFO  com.zaxxer.hikari.HikariDataSource - HikariPool-1 - Starting...
2025-03-03 15:16:49 [main] INFO  com.zaxxer.hikari.pool.HikariPool - HikariPool-1 - Added connection org.postgresql.jdbc.PgConnection@7921a37d
2025-03-03 15:16:49 [main] INFO  com.zaxxer.hikari.HikariDataSource - HikariPool-1 - Start completed.
2025-03-03 15:16:49 [main] INFO  liquibase.database - Set default schema name to public
2025-03-03 15:16:50 [main] INFO  liquibase.changelog - Creating database history table with name: public.databasechangelog
2025-03-03 15:16:50 [main] INFO  liquibase.changelog - Reading from public.databasechangelog
2025-03-03 15:16:51 [main] INFO  liquibase.lockservice - Successfully acquired change log lock
2025-03-03 15:16:51 [main] INFO  liquibase.command - Using deploymentId: 1004211012
2025-03-03 15:16:51 [main] INFO  liquibase.changelog - Reading from public.databasechangelog
2025-03-03 15:16:51 [main] INFO  liquibase.ui - Running Changeset: db/changelog/01-create-schema.xml::1::xfnet
2025-03-03 15:16:51 [main] WARN  liquibase.executor - schema "private" does not exist, skipping
2025-03-03 15:16:51 [main] INFO  liquibase.changelog - Custom SQL executed
2025-03-03 15:16:51 [main] INFO  liquibase.changelog - Custom SQL executed
2025-03-03 15:16:51 [main] INFO  liquibase.changelog - ChangeSet db/changelog/01-create-schema.xml::1::xfnet ran successfully in 35ms
2025-03-03 15:16:51 [main] INFO  liquibase.ui - Running Changeset: db/changelog/02-create-user-table.xml::2::xfnet
2025-03-03 15:16:51 [main] INFO  liquibase.changelog - Table user created
2025-03-03 15:16:51 [main] INFO  liquibase.changelog - ChangeSet db/changelog/02-create-user-table.xml::2::xfnet ran successfully in 11ms
2025-03-03 15:16:51 [main] INFO  liquibase.ui - Running Changeset: db/changelog/03-create-priority-table.xml::3::xfnet
2025-03-03 15:16:51 [main] INFO  liquibase.changelog - Table priority created
2025-03-03 15:16:51 [main] INFO  liquibase.changelog - ChangeSet db/changelog/03-create-priority-table.xml::3::xfnet ran successfully in 8ms
2025-03-03 15:16:51 [main] INFO  liquibase.ui - Running Changeset: db/changelog/04-create-status-table.xml::4::xfnet
2025-03-03 15:16:51 [main] INFO  liquibase.changelog - Table status created
2025-03-03 15:16:51 [main] INFO  liquibase.changelog - Foreign key constraint added to status (user_id)
2025-03-03 15:16:51 [main] INFO  liquibase.changelog - Unique constraint added to status(title, user_id)
2025-03-03 15:16:51 [main] INFO  liquibase.changelog - ChangeSet db/changelog/04-create-status-table.xml::4::xfnet ran successfully in 22ms
2025-03-03 15:16:51 [main] INFO  liquibase.ui - Running Changeset: db/changelog/05-create-role-table.xml::5::xfnet
2025-03-03 15:16:51 [main] INFO  liquibase.changelog - Table role created
2025-03-03 15:16:51 [main] INFO  liquibase.changelog - ChangeSet db/changelog/05-create-role-table.xml::5::xfnet ran successfully in 12ms
2025-03-03 15:16:51 [main] INFO  liquibase.ui - Running Changeset: db/changelog/06-create-user-roles-table.xml::6::xfnet
2025-03-03 15:16:51 [main] INFO  liquibase.changelog - Table user_roles created
2025-03-03 15:16:51 [main] INFO  liquibase.changelog - Primary key added to user_roles (user_id, role_id)
2025-03-03 15:16:51 [main] INFO  liquibase.changelog - Foreign key constraint added to user_roles (user_id)
2025-03-03 15:16:51 [main] INFO  liquibase.changelog - Foreign key constraint added to user_roles (role_id)
2025-03-03 15:16:51 [main] INFO  liquibase.changelog - ChangeSet db/changelog/06-create-user-roles-table.xml::6::xfnet ran successfully in 24ms
2025-03-03 15:16:51 [main] INFO  liquibase.ui - Running Changeset: db/changelog/07-create-task-table.xml::7::xfnet
2025-03-03 15:16:51 [main] INFO  liquibase.changelog - Table task created
2025-03-03 15:16:51 [main] INFO  liquibase.changelog - Foreign key constraint added to task (priority_id)
2025-03-03 15:16:51 [main] INFO  liquibase.changelog - Foreign key constraint added to task (status_id)
2025-03-03 15:16:51 [main] INFO  liquibase.changelog - Foreign key constraint added to task (user_id)
2025-03-03 15:16:51 [main] INFO  liquibase.changelog - ChangeSet db/changelog/07-create-task-table.xml::7::xfnet ran successfully in 28ms
2025-03-03 15:16:51 [main] INFO  liquibase.ui - Running Changeset: db/changelog/08-create-task-executors-table.xml::8::xfnet
2025-03-03 15:16:51 [main] INFO  liquibase.changelog - Table task_executors created
2025-03-03 15:16:51 [main] INFO  liquibase.changelog - Primary key added to task_executors (task_id, user_id)
2025-03-03 15:16:51 [main] INFO  liquibase.changelog - Foreign key constraint added to task_executors (task_id)
2025-03-03 15:16:51 [main] INFO  liquibase.changelog - Foreign key constraint added to task_executors (user_id)
2025-03-03 15:16:51 [main] INFO  liquibase.changelog - ChangeSet db/changelog/08-create-task-executors-table.xml::8::xfnet ran successfully in 19ms
2025-03-03 15:16:51 [main] INFO  liquibase.ui - Running Changeset: db/changelog/09-create-comment-table.xml::9::xfnet
2025-03-03 15:16:51 [main] INFO  liquibase.changelog - Table comment created
2025-03-03 15:16:51 [main] INFO  liquibase.changelog - Foreign key constraint added to comment (task_id)
2025-03-03 15:16:51 [main] INFO  liquibase.changelog - Foreign key constraint added to comment (user_id)
2025-03-03 15:16:51 [main] INFO  liquibase.changelog - Foreign key constraint added to comment (parent_id)
2025-03-03 15:16:51 [main] INFO  liquibase.changelog - ChangeSet db/changelog/09-create-comment-table.xml::9::xfnet ran successfully in 24ms
2025-03-03 15:16:51 [main] INFO  liquibase.ui - Running Changeset: db/changelog/10-insert-default-data.xml::10::xfnet
2025-03-03 15:16:51 [main] INFO  liquibase.changelog - New row inserted into role
2025-03-03 15:16:51 [main] INFO  liquibase.changelog - New row inserted into role
2025-03-03 15:16:51 [main] INFO  liquibase.changelog - New row inserted into user
2025-03-03 15:16:51 [main] INFO  liquibase.changelog - New row inserted into user
2025-03-03 15:16:51 [main] INFO  liquibase.changelog - New row inserted into user
2025-03-03 15:16:51 [main] INFO  liquibase.changelog - New row inserted into user
2025-03-03 15:16:51 [main] INFO  liquibase.changelog - New row inserted into user
2025-03-03 15:16:51 [main] INFO  liquibase.changelog - New row inserted into user_roles
2025-03-03 15:16:51 [main] INFO  liquibase.changelog - New row inserted into user_roles
2025-03-03 15:16:51 [main] INFO  liquibase.changelog - New row inserted into user_roles
2025-03-03 15:16:51 [main] INFO  liquibase.changelog - New row inserted into user_roles
2025-03-03 15:16:51 [main] INFO  liquibase.changelog - New row inserted into user_roles
2025-03-03 15:16:51 [main] INFO  liquibase.changelog - New row inserted into priority
2025-03-03 15:16:51 [main] INFO  liquibase.changelog - New row inserted into priority
2025-03-03 15:16:51 [main] INFO  liquibase.changelog - New row inserted into priority
2025-03-03 15:16:51 [main] INFO  liquibase.changelog - New row inserted into status
2025-03-03 15:16:51 [main] INFO  liquibase.changelog - New row inserted into status
2025-03-03 15:16:51 [main] INFO  liquibase.changelog - New row inserted into status
2025-03-03 15:16:51 [main] INFO  liquibase.changelog - New row inserted into status
2025-03-03 15:16:51 [main] INFO  liquibase.changelog - New row inserted into status
2025-03-03 15:16:51 [main] INFO  liquibase.changelog - New row inserted into task
2025-03-03 15:16:51 [main] INFO  liquibase.changelog - New row inserted into task
2025-03-03 15:16:51 [main] INFO  liquibase.changelog - New row inserted into task
2025-03-03 15:16:51 [main] INFO  liquibase.changelog - New row inserted into task_executors
2025-03-03 15:16:51 [main] INFO  liquibase.changelog - New row inserted into task_executors
2025-03-03 15:16:51 [main] INFO  liquibase.changelog - New row inserted into task_executors
2025-03-03 15:16:51 [main] INFO  liquibase.changelog - New row inserted into task_executors
2025-03-03 15:16:51 [main] INFO  liquibase.changelog - New row inserted into comment
2025-03-03 15:16:51 [main] INFO  liquibase.changelog - New row inserted into comment
2025-03-03 15:16:51 [main] INFO  liquibase.changelog - New row inserted into comment
2025-03-03 15:16:51 [main] INFO  liquibase.changelog - ChangeSet db/changelog/10-insert-default-data.xml::10::xfnet ran successfully in 85ms
2025-03-03 15:16:51 [main] INFO  liquibase.util - UPDATE SUMMARY
2025-03-03 15:16:51 [main] INFO  liquibase.util - Run:                         10
2025-03-03 15:16:51 [main] INFO  liquibase.util - Previously run:               0
2025-03-03 15:16:51 [main] INFO  liquibase.util - Filtered out:                 0
2025-03-03 15:16:51 [main] INFO  liquibase.util - -------------------------------
2025-03-03 15:16:51 [main] INFO  liquibase.util - Total change sets:           10
2025-03-03 15:16:51 [main] INFO  liquibase.util - Update summary generated
2025-03-03 15:16:51 [main] INFO  liquibase.command - Update command completed successfully.
2025-03-03 15:16:51 [main] INFO  liquibase.ui - Liquibase: Update has been successful. Rows affected: 40
2025-03-03 15:16:51 [main] INFO  liquibase.lockservice - Successfully released change log lock
2025-03-03 15:16:51 [main] INFO  liquibase.command - Command execution complete
2025-03-03 15:16:51 [main] INFO  o.h.jpa.internal.util.LogHelper - HHH000204: Processing PersistenceUnitInfo [name: default]
2025-03-03 15:16:51 [main] INFO  org.hibernate.Version - HHH000412: Hibernate ORM core version 6.5.3.Final
2025-03-03 15:16:51 [main] INFO  o.h.c.i.RegionFactoryInitiator - HHH000026: Second-level cache disabled
2025-03-03 15:16:52 [main] INFO  o.s.o.j.p.SpringPersistenceUnitInfo - No LoadTimeWeaver setup: ignoring JPA class transformer
2025-03-03 15:16:53 [main] INFO  o.h.e.t.j.p.i.JtaPlatformInitiator - HHH000489: No JTA platform available (set 'hibernate.transaction.jta.platform' to enable JTA platform integration)
2025-03-03 15:16:53 [main] INFO  o.s.o.j.LocalContainerEntityManagerFactoryBean - Initialized JPA EntityManagerFactory for persistence unit 'default'
2025-03-03 15:16:53 [main] INFO  o.s.s.c.a.a.c.InitializeAuthenticationProviderBeanManagerConfigurer$InitializeAuthenticationProviderManagerConfigurer - Global AuthenticationManager configured with AuthenticationProvider bean with name authenticationProvider
2025-03-03 15:16:53 [main] WARN  o.s.s.c.a.a.c.InitializeUserDetailsBeanManagerConfigurer$InitializeUserDetailsManagerConfigurer - Global AuthenticationManager configured with an AuthenticationProvider bean. UserDetailsService beans will not be used for username/password login. Consider removing the AuthenticationProvider bean. Alternatively, consider using the UserDetailsService in a manually instantiated DaoAuthenticationProvider.
2025-03-03 15:16:53 [main] INFO  o.s.d.j.r.query.QueryEnhancerFactory - Hibernate is in classpath; If applicable, HQL parser will be used.
2025-03-03 15:16:54 [main] WARN  o.s.b.a.o.j.JpaBaseConfiguration$JpaWebConfiguration - spring.jpa.open-in-view is enabled by default. Therefore, database queries may be performed during view rendering. Explicitly configure spring.jpa.open-in-view to disable this warning
2025-03-03 15:16:55 [main] INFO  c.t.t.UserServiceImplIntegrationTest - Started UserServiceImplIntegrationTest in 8.571 seconds (process running for 14.568)
2025-03-03 15:16:55 [main] INFO  com.track.task.aspect.LoggingAspect - Entering method: UserServiceImpl.add(..)
2025-03-03 15:16:55 [main] INFO  c.t.t.s.user.impl.UserServiceImpl - Add user
2025-03-03 15:16:55 [main] INFO  com.track.task.aspect.LoggingAspect - Exiting method: UserServiceImpl.add(..) with result: null
2025-03-03 15:16:55 [main] INFO  com.track.task.aspect.LoggingAspect - Entering method: UserServiceImpl.existsByEmail(..)
2025-03-03 15:16:55 [main] INFO  c.t.t.s.user.impl.UserServiceImpl - Exists user by email
2025-03-03 15:16:56 [main] INFO  com.track.task.aspect.LoggingAspect - Exiting method: UserServiceImpl.existsByEmail(..) with result: true
2025-03-03 15:16:57 [SpringApplicationShutdownHook] INFO  o.s.o.j.LocalContainerEntityManagerFactoryBean - Closing JPA EntityManagerFactory for persistence unit 'default'
2025-03-03 15:16:57 [SpringApplicationShutdownHook] INFO  com.zaxxer.hikari.HikariDataSource - HikariPool-1 - Shutdown initiated...
2025-03-03 15:16:57 [SpringApplicationShutdownHook] INFO  com.zaxxer.hikari.HikariDataSource - HikariPool-1 - Shutdown completed.
2025-03-03 15:51:13 [background-preinit] INFO  o.h.validator.internal.util.Version - HV000001: Hibernate Validator 8.0.1.Final
2025-03-03 15:51:13 [main] INFO  c.t.t.UserServiceImplIntegrationTest - Starting UserServiceImplIntegrationTest using Java 22.0.2 with PID 5568 (started by Admin in C:\Users\Admin\Desktop\task)
2025-03-03 15:51:13 [main] INFO  c.t.t.UserServiceImplIntegrationTest - No active profile set, falling back to 1 default profile: "default"
2025-03-03 15:51:14 [main] INFO  o.s.d.r.c.RepositoryConfigurationDelegate - Bootstrapping Spring Data JPA repositories in DEFAULT mode.
2025-03-03 15:51:15 [main] INFO  o.s.d.r.c.RepositoryConfigurationDelegate - Finished Spring Data repository scanning in 116 ms. Found 5 JPA repository interfaces.
2025-03-03 15:51:15 [main] INFO  com.zaxxer.hikari.HikariDataSource - HikariPool-1 - Starting...
2025-03-03 15:51:16 [main] INFO  com.zaxxer.hikari.pool.HikariPool - HikariPool-1 - Added connection org.postgresql.jdbc.PgConnection@73958426
2025-03-03 15:51:16 [main] INFO  com.zaxxer.hikari.HikariDataSource - HikariPool-1 - Start completed.
2025-03-03 15:51:16 [main] INFO  liquibase.database - Set default schema name to public
2025-03-03 15:51:17 [main] INFO  liquibase.changelog - Creating database history table with name: public.databasechangelog
2025-03-03 15:51:17 [main] INFO  liquibase.changelog - Reading from public.databasechangelog
2025-03-03 15:51:17 [main] INFO  liquibase.lockservice - Successfully acquired change log lock
2025-03-03 15:51:17 [main] INFO  liquibase.command - Using deploymentId: 1006277422
2025-03-03 15:51:17 [main] INFO  liquibase.changelog - Reading from public.databasechangelog
2025-03-03 15:51:17 [main] INFO  liquibase.ui - Running Changeset: db/changelog/01-create-schema.xml::1::xfnet
2025-03-03 15:51:17 [main] WARN  liquibase.executor - schema "private" does not exist, skipping
2025-03-03 15:51:17 [main] INFO  liquibase.changelog - Custom SQL executed
2025-03-03 15:51:17 [main] INFO  liquibase.changelog - Custom SQL executed
2025-03-03 15:51:17 [main] INFO  liquibase.changelog - ChangeSet db/changelog/01-create-schema.xml::1::xfnet ran successfully in 19ms
2025-03-03 15:51:17 [main] INFO  liquibase.ui - Running Changeset: db/changelog/02-create-user-table.xml::2::xfnet
2025-03-03 15:51:17 [main] INFO  liquibase.changelog - Table user created
2025-03-03 15:51:17 [main] INFO  liquibase.changelog - ChangeSet db/changelog/02-create-user-table.xml::2::xfnet ran successfully in 10ms
2025-03-03 15:51:17 [main] INFO  liquibase.ui - Running Changeset: db/changelog/03-create-priority-table.xml::3::xfnet
2025-03-03 15:51:17 [main] INFO  liquibase.changelog - Table priority created
2025-03-03 15:51:17 [main] INFO  liquibase.changelog - ChangeSet db/changelog/03-create-priority-table.xml::3::xfnet ran successfully in 9ms
2025-03-03 15:51:17 [main] INFO  liquibase.ui - Running Changeset: db/changelog/04-create-status-table.xml::4::xfnet
2025-03-03 15:51:17 [main] INFO  liquibase.changelog - Table status created
2025-03-03 15:51:17 [main] INFO  liquibase.changelog - Foreign key constraint added to status (user_id)
2025-03-03 15:51:17 [main] INFO  liquibase.changelog - Unique constraint added to status(title, user_id)
2025-03-03 15:51:17 [main] INFO  liquibase.changelog - ChangeSet db/changelog/04-create-status-table.xml::4::xfnet ran successfully in 21ms
2025-03-03 15:51:17 [main] INFO  liquibase.ui - Running Changeset: db/changelog/05-create-role-table.xml::5::xfnet
2025-03-03 15:51:17 [main] INFO  liquibase.changelog - Table role created
2025-03-03 15:51:17 [main] INFO  liquibase.changelog - ChangeSet db/changelog/05-create-role-table.xml::5::xfnet ran successfully in 10ms
2025-03-03 15:51:17 [main] INFO  liquibase.ui - Running Changeset: db/changelog/06-create-user-roles-table.xml::6::xfnet
2025-03-03 15:51:17 [main] INFO  liquibase.changelog - Table user_roles created
2025-03-03 15:51:17 [main] INFO  liquibase.changelog - Primary key added to user_roles (user_id, role_id)
2025-03-03 15:51:17 [main] INFO  liquibase.changelog - Foreign key constraint added to user_roles (user_id)
2025-03-03 15:51:17 [main] INFO  liquibase.changelog - Foreign key constraint added to user_roles (role_id)
2025-03-03 15:51:17 [main] INFO  liquibase.changelog - ChangeSet db/changelog/06-create-user-roles-table.xml::6::xfnet ran successfully in 113ms
2025-03-03 15:51:17 [main] INFO  liquibase.ui - Running Changeset: db/changelog/07-create-task-table.xml::7::xfnet
2025-03-03 15:51:17 [main] INFO  liquibase.changelog - Table task created
2025-03-03 15:51:17 [main] INFO  liquibase.changelog - Foreign key constraint added to task (priority_id)
2025-03-03 15:51:17 [main] INFO  liquibase.changelog - Foreign key constraint added to task (status_id)
2025-03-03 15:51:17 [main] INFO  liquibase.changelog - Foreign key constraint added to task (user_id)
2025-03-03 15:51:17 [main] INFO  liquibase.changelog - ChangeSet db/changelog/07-create-task-table.xml::7::xfnet ran successfully in 27ms
2025-03-03 15:51:17 [main] INFO  liquibase.ui - Running Changeset: db/changelog/08-create-task-executors-table.xml::8::xfnet
2025-03-03 15:51:17 [main] INFO  liquibase.changelog - Table task_executors created
2025-03-03 15:51:17 [main] INFO  liquibase.changelog - Primary key added to task_executors (task_id, user_id)
2025-03-03 15:51:17 [main] INFO  liquibase.changelog - Foreign key constraint added to task_executors (task_id)
2025-03-03 15:51:17 [main] INFO  liquibase.changelog - Foreign key constraint added to task_executors (user_id)
2025-03-03 15:51:17 [main] INFO  liquibase.changelog - ChangeSet db/changelog/08-create-task-executors-table.xml::8::xfnet ran successfully in 17ms
2025-03-03 15:51:17 [main] INFO  liquibase.ui - Running Changeset: db/changelog/09-create-comment-table.xml::9::xfnet
2025-03-03 15:51:17 [main] INFO  liquibase.changelog - Table comment created
2025-03-03 15:51:17 [main] INFO  liquibase.changelog - Foreign key constraint added to comment (task_id)
2025-03-03 15:51:17 [main] INFO  liquibase.changelog - Foreign key constraint added to comment (user_id)
2025-03-03 15:51:17 [main] INFO  liquibase.changelog - Foreign key constraint added to comment (parent_id)
2025-03-03 15:51:17 [main] INFO  liquibase.changelog - ChangeSet db/changelog/09-create-comment-table.xml::9::xfnet ran successfully in 20ms
2025-03-03 15:51:17 [main] INFO  liquibase.ui - Running Changeset: db/changelog/10-insert-default-data.xml::10::xfnet
2025-03-03 15:51:17 [main] INFO  liquibase.changelog - New row inserted into role
2025-03-03 15:51:17 [main] INFO  liquibase.changelog - New row inserted into role
2025-03-03 15:51:17 [main] INFO  liquibase.changelog - New row inserted into user
2025-03-03 15:51:17 [main] INFO  liquibase.changelog - New row inserted into user
2025-03-03 15:51:17 [main] INFO  liquibase.changelog - New row inserted into user
2025-03-03 15:51:17 [main] INFO  liquibase.changelog - New row inserted into user
2025-03-03 15:51:17 [main] INFO  liquibase.changelog - New row inserted into user
2025-03-03 15:51:17 [main] INFO  liquibase.changelog - New row inserted into user_roles
2025-03-03 15:51:17 [main] INFO  liquibase.changelog - New row inserted into user_roles
2025-03-03 15:51:17 [main] INFO  liquibase.changelog - New row inserted into user_roles
2025-03-03 15:51:17 [main] INFO  liquibase.changelog - New row inserted into user_roles
2025-03-03 15:51:17 [main] INFO  liquibase.changelog - New row inserted into user_roles
2025-03-03 15:51:17 [main] INFO  liquibase.changelog - New row inserted into priority
2025-03-03 15:51:17 [main] INFO  liquibase.changelog - New row inserted into priority
2025-03-03 15:51:17 [main] INFO  liquibase.changelog - New row inserted into priority
2025-03-03 15:51:17 [main] INFO  liquibase.changelog - New row inserted into status
2025-03-03 15:51:17 [main] INFO  liquibase.changelog - New row inserted into status
2025-03-03 15:51:17 [main] INFO  liquibase.changelog - New row inserted into status
2025-03-03 15:51:17 [main] INFO  liquibase.changelog - New row inserted into status
2025-03-03 15:51:17 [main] INFO  liquibase.changelog - New row inserted into status
2025-03-03 15:51:17 [main] INFO  liquibase.changelog - New row inserted into task
2025-03-03 15:51:17 [main] INFO  liquibase.changelog - New row inserted into task
2025-03-03 15:51:17 [main] INFO  liquibase.changelog - New row inserted into task
2025-03-03 15:51:17 [main] INFO  liquibase.changelog - New row inserted into task_executors
2025-03-03 15:51:17 [main] INFO  liquibase.changelog - New row inserted into task_executors
2025-03-03 15:51:17 [main] INFO  liquibase.changelog - New row inserted into task_executors
2025-03-03 15:51:17 [main] INFO  liquibase.changelog - New row inserted into task_executors
2025-03-03 15:51:17 [main] INFO  liquibase.changelog - New row inserted into comment
2025-03-03 15:51:17 [main] INFO  liquibase.changelog - New row inserted into comment
2025-03-03 15:51:17 [main] INFO  liquibase.changelog - New row inserted into comment
2025-03-03 15:51:17 [main] INFO  liquibase.changelog - ChangeSet db/changelog/10-insert-default-data.xml::10::xfnet ran successfully in 74ms
2025-03-03 15:51:17 [main] INFO  liquibase.util - UPDATE SUMMARY
2025-03-03 15:51:17 [main] INFO  liquibase.util - Run:                         10
2025-03-03 15:51:17 [main] INFO  liquibase.util - Previously run:               0
2025-03-03 15:51:17 [main] INFO  liquibase.util - Filtered out:                 0
2025-03-03 15:51:17 [main] INFO  liquibase.util - -------------------------------
2025-03-03 15:51:17 [main] INFO  liquibase.util - Total change sets:           10
2025-03-03 15:51:17 [main] INFO  liquibase.util - Update summary generated
2025-03-03 15:51:17 [main] INFO  liquibase.command - Update command completed successfully.
2025-03-03 15:51:17 [main] INFO  liquibase.ui - Liquibase: Update has been successful. Rows affected: 40
2025-03-03 15:51:17 [main] INFO  liquibase.lockservice - Successfully released change log lock
2025-03-03 15:51:17 [main] INFO  liquibase.command - Command execution complete
2025-03-03 15:51:18 [main] INFO  o.h.jpa.internal.util.LogHelper - HHH000204: Processing PersistenceUnitInfo [name: default]
2025-03-03 15:51:18 [main] INFO  org.hibernate.Version - HHH000412: Hibernate ORM core version 6.5.3.Final
2025-03-03 15:51:18 [main] INFO  o.h.c.i.RegionFactoryInitiator - HHH000026: Second-level cache disabled
2025-03-03 15:51:18 [main] INFO  o.s.o.j.p.SpringPersistenceUnitInfo - No LoadTimeWeaver setup: ignoring JPA class transformer
2025-03-03 15:51:19 [main] INFO  o.h.e.t.j.p.i.JtaPlatformInitiator - HHH000489: No JTA platform available (set 'hibernate.transaction.jta.platform' to enable JTA platform integration)
2025-03-03 15:51:19 [main] INFO  o.s.o.j.LocalContainerEntityManagerFactoryBean - Initialized JPA EntityManagerFactory for persistence unit 'default'
2025-03-03 15:51:20 [main] INFO  o.s.s.c.a.a.c.InitializeAuthenticationProviderBeanManagerConfigurer$InitializeAuthenticationProviderManagerConfigurer - Global AuthenticationManager configured with AuthenticationProvider bean with name authenticationProvider
2025-03-03 15:51:20 [main] WARN  o.s.s.c.a.a.c.InitializeUserDetailsBeanManagerConfigurer$InitializeUserDetailsManagerConfigurer - Global AuthenticationManager configured with an AuthenticationProvider bean. UserDetailsService beans will not be used for username/password login. Consider removing the AuthenticationProvider bean. Alternatively, consider using the UserDetailsService in a manually instantiated DaoAuthenticationProvider.
2025-03-03 15:51:20 [main] INFO  o.s.d.j.r.query.QueryEnhancerFactory - Hibernate is in classpath; If applicable, HQL parser will be used.
2025-03-03 15:51:21 [main] WARN  o.s.b.a.o.j.JpaBaseConfiguration$JpaWebConfiguration - spring.jpa.open-in-view is enabled by default. Therefore, database queries may be performed during view rendering. Explicitly configure spring.jpa.open-in-view to disable this warning
2025-03-03 15:51:23 [main] INFO  c.t.t.UserServiceImplIntegrationTest - Started UserServiceImplIntegrationTest in 10.084 seconds (process running for 17.428)
2025-03-03 15:51:23 [main] INFO  com.track.task.aspect.LoggingAspect - Entering method: UserServiceImpl.add(..)
2025-03-03 15:51:23 [main] INFO  c.t.t.s.user.impl.UserServiceImpl - Add user
2025-03-03 15:51:23 [main] INFO  com.track.task.aspect.LoggingAspect - Exiting method: UserServiceImpl.add(..) with result: null
2025-03-03 15:51:23 [main] INFO  com.track.task.aspect.LoggingAspect - Entering method: UserServiceImpl.add(..)
2025-03-03 15:51:23 [main] INFO  c.t.t.s.user.impl.UserServiceImpl - Add user
2025-03-03 15:51:23 [main] WARN  o.h.e.jdbc.spi.SqlExceptionHelper - SQL Error: 0, SQLState: 23505
2025-03-03 15:51:23 [main] ERROR o.h.e.jdbc.spi.SqlExceptionHelper - ERROR: duplicate key value violates unique constraint "user_email_key"
  Подробности: Key (email)=(unique@test.com) already exists.
2025-03-03 15:51:23 [main] ERROR com.track.task.aspect.LoggingAspect - Exception in method: UserServiceImpl.add(..): could not execute statement [ERROR: duplicate key value violates unique constraint "user_email_key"
  Подробности: Key (email)=(unique@test.com) already exists.] [insert into private."user" (created_at,email,password,username) values (?,?,?,?) returning id]; SQL [insert into private."user" (created_at,email,password,username) values (?,?,?,?) returning id]; constraint [user_email_key]
org.springframework.dao.DataIntegrityViolationException: could not execute statement [ERROR: duplicate key value violates unique constraint "user_email_key"
  Подробности: Key (email)=(unique@test.com) already exists.] [insert into private."user" (created_at,email,password,username) values (?,?,?,?) returning id]; SQL [insert into private."user" (created_at,email,password,username) values (?,?,?,?) returning id]; constraint [user_email_key]
	at org.springframework.orm.jpa.vendor.HibernateJpaDialect.convertHibernateAccessException(HibernateJpaDialect.java:290)
	at org.springframework.orm.jpa.vendor.HibernateJpaDialect.translateExceptionIfPossible(HibernateJpaDialect.java:241)
	at org.springframework.orm.jpa.AbstractEntityManagerFactoryBean.translateExceptionIfPossible(AbstractEntityManagerFactoryBean.java:550)
	at org.springframework.dao.support.ChainedPersistenceExceptionTranslator.translateExceptionIfPossible(ChainedPersistenceExceptionTranslator.java:61)
	at org.springframework.dao.support.DataAccessUtils.translateIfNecessary(DataAccessUtils.java:335)
	at org.springframework.dao.support.PersistenceExceptionTranslationInterceptor.invoke(PersistenceExceptionTranslationInterceptor.java:160)
	at org.springframework.aop.framework.ReflectiveMethodInvocation.proceed(ReflectiveMethodInvocation.java:184)
	at org.springframework.data.jpa.repository.support.CrudMethodMetadataPostProcessor$CrudMethodMetadataPopulatingMethodInterceptor.invoke(CrudMethodMetadataPostProcessor.java:165)
	at org.springframework.aop.framework.ReflectiveMethodInvocation.proceed(ReflectiveMethodInvocation.java:184)
	at org.springframework.aop.interceptor.ExposeInvocationInterceptor.invoke(ExposeInvocationInterceptor.java:97)
	at org.springframework.aop.framework.ReflectiveMethodInvocation.proceed(ReflectiveMethodInvocation.java:184)
	at org.springframework.aop.framework.JdkDynamicAopProxy.invoke(JdkDynamicAopProxy.java:223)
	at jdk.proxy2/jdk.proxy2.$Proxy181.save(Unknown Source)
	at com.track.task.service.user.impl.UserServiceImpl.add(UserServiceImpl.java:22)
	at java.base/jdk.internal.reflect.DirectMethodHandleAccessor.invoke(DirectMethodHandleAccessor.java:103)
	at java.base/java.lang.reflect.Method.invoke(Method.java:580)
	at org.springframework.aop.support.AopUtils.invokeJoinpointUsingReflection(AopUtils.java:355)
	at org.springframework.aop.framework.ReflectiveMethodInvocation.invokeJoinpoint(ReflectiveMethodInvocation.java:196)
	at org.springframework.aop.framework.ReflectiveMethodInvocation.proceed(ReflectiveMethodInvocation.java:163)
	at org.springframework.aop.framework.CglibAopProxy$CglibMethodInvocation.proceed(CglibAopProxy.java:768)
	at org.springframework.aop.aspectj.MethodInvocationProceedingJoinPoint.proceed(MethodInvocationProceedingJoinPoint.java:89)
	at com.track.task.aspect.LoggingAspect.logMethodExecution(LoggingAspect.java:19)
	at java.base/jdk.internal.reflect.DirectMethodHandleAccessor.invoke(DirectMethodHandleAccessor.java:103)
	at java.base/java.lang.reflect.Method.invoke(Method.java:580)
	at org.springframework.aop.aspectj.AbstractAspectJAdvice.invokeAdviceMethodWithGivenArgs(AbstractAspectJAdvice.java:637)
	at org.springframework.aop.aspectj.AbstractAspectJAdvice.invokeAdviceMethod(AbstractAspectJAdvice.java:627)
	at org.springframework.aop.aspectj.AspectJAroundAdvice.invoke(AspectJAroundAdvice.java:71)
	at org.springframework.aop.framework.ReflectiveMethodInvocation.proceed(ReflectiveMethodInvocation.java:184)
	at org.springframework.aop.framework.CglibAopProxy$CglibMethodInvocation.proceed(CglibAopProxy.java:768)
	at org.springframework.aop.interceptor.ExposeInvocationInterceptor.invoke(ExposeInvocationInterceptor.java:97)
	at org.springframework.aop.framework.ReflectiveMethodInvocation.proceed(ReflectiveMethodInvocation.java:184)
	at org.springframework.aop.framework.CglibAopProxy$CglibMethodInvocation.proceed(CglibAopProxy.java:768)
	at org.springframework.aop.framework.CglibAopProxy$DynamicAdvisedInterceptor.intercept(CglibAopProxy.java:720)
	at com.track.task.service.user.impl.UserServiceImpl$$SpringCGLIB$$0.add(<generated>)
	at com.track.task.UserServiceImplIntegrationTest.lambda$uniqueEmailConstraintTest$0(UserServiceImplIntegrationTest.java:66)
	at org.assertj.core.api.ThrowableAssert.catchThrowable(ThrowableAssert.java:63)
	at org.assertj.core.api.AssertionsForClassTypes.catchThrowable(AssertionsForClassTypes.java:892)
	at org.assertj.core.api.AssertionsForClassTypes.assertThatThrownBy(AssertionsForClassTypes.java:746)
	at com.track.task.UserServiceImplIntegrationTest.uniqueEmailConstraintTest(UserServiceImplIntegrationTest.java:66)
	at java.base/jdk.internal.reflect.DirectMethodHandleAccessor.invoke(DirectMethodHandleAccessor.java:103)
	at java.base/java.lang.reflect.Method.invoke(Method.java:580)
	at org.junit.platform.commons.util.ReflectionUtils.invokeMethod(ReflectionUtils.java:728)
	at org.junit.jupiter.engine.execution.MethodInvocation.proceed(MethodInvocation.java:60)
	at org.junit.jupiter.engine.execution.InvocationInterceptorChain$ValidatingInvocation.proceed(InvocationInterceptorChain.java:131)
	at org.junit.jupiter.engine.extension.TimeoutExtension.intercept(TimeoutExtension.java:156)
	at org.junit.jupiter.engine.extension.TimeoutExtension.interceptTestableMethod(TimeoutExtension.java:147)
	at org.junit.jupiter.engine.extension.TimeoutExtension.interceptTestMethod(TimeoutExtension.java:86)
	at org.junit.jupiter.engine.execution.InterceptingExecutableInvoker$ReflectiveInterceptorCall.lambda$ofVoidMethod$0(InterceptingExecutableInvoker.java:103)
	at org.junit.jupiter.engine.execution.InterceptingExecutableInvoker.lambda$invoke$0(InterceptingExecutableInvoker.java:93)
	at org.junit.jupiter.engine.execution.InvocationInterceptorChain$InterceptedInvocation.proceed(InvocationInterceptorChain.java:106)
	at org.junit.jupiter.engine.execution.InvocationInterceptorChain.proceed(InvocationInterceptorChain.java:64)
	at org.junit.jupiter.engine.execution.InvocationInterceptorChain.chainAndInvoke(InvocationInterceptorChain.java:45)
	at org.junit.jupiter.engine.execution.InvocationInterceptorChain.invoke(InvocationInterceptorChain.java:37)
	at org.junit.jupiter.engine.execution.InterceptingExecutableInvoker.invoke(InterceptingExecutableInvoker.java:92)
	at org.junit.jupiter.engine.execution.InterceptingExecutableInvoker.invoke(InterceptingExecutableInvoker.java:86)
	at org.junit.jupiter.engine.descriptor.TestMethodTestDescriptor.lambda$invokeTestMethod$7(TestMethodTestDescriptor.java:218)
	at org.junit.platform.engine.support.hierarchical.ThrowableCollector.execute(ThrowableCollector.java:73)
	at org.junit.jupiter.engine.descriptor.TestMethodTestDescriptor.invokeTestMethod(TestMethodTestDescriptor.java:214)
	at org.junit.jupiter.engine.descriptor.TestMethodTestDescriptor.execute(TestMethodTestDescriptor.java:139)
	at org.junit.jupiter.engine.descriptor.TestMethodTestDescriptor.execute(TestMethodTestDescriptor.java:69)
	at org.junit.platform.engine.support.hierarchical.NodeTestTask.lambda$executeRecursively$6(NodeTestTask.java:156)
	at org.junit.platform.engine.support.hierarchical.ThrowableCollector.execute(ThrowableCollector.java:73)
	at org.junit.platform.engine.support.hierarchical.NodeTestTask.lambda$executeRecursively$8(NodeTestTask.java:146)
	at org.junit.platform.engine.support.hierarchical.Node.around(Node.java:137)
	at org.junit.platform.engine.support.hierarchical.NodeTestTask.lambda$executeRecursively$9(NodeTestTask.java:144)
	at org.junit.platform.engine.support.hierarchical.ThrowableCollector.execute(ThrowableCollector.java:73)
	at org.junit.platform.engine.support.hierarchical.NodeTestTask.executeRecursively(NodeTestTask.java:143)
	at org.junit.platform.engine.support.hierarchical.NodeTestTask.execute(NodeTestTask.java:100)
	at java.base/java.util.ArrayList.forEach(ArrayList.java:1597)
	at org.junit.platform.engine.support.hierarchical.SameThreadHierarchicalTestExecutorService.invokeAll(SameThreadHierarchicalTestExecutorService.java:41)
	at org.junit.platform.engine.support.hierarchical.NodeTestTask.lambda$executeRecursively$6(NodeTestTask.java:160)
	at org.junit.platform.engine.support.hierarchical.ThrowableCollector.execute(ThrowableCollector.java:73)
	at org.junit.platform.engine.support.hierarchical.NodeTestTask.lambda$executeRecursively$8(NodeTestTask.java:146)
	at org.junit.platform.engine.support.hierarchical.Node.around(Node.java:137)
	at org.junit.platform.engine.support.hierarchical.NodeTestTask.lambda$executeRecursively$9(NodeTestTask.java:144)
	at org.junit.platform.engine.support.hierarchical.ThrowableCollector.execute(ThrowableCollector.java:73)
	at org.junit.platform.engine.support.hierarchical.NodeTestTask.executeRecursively(NodeTestTask.java:143)
	at org.junit.platform.engine.support.hierarchical.NodeTestTask.execute(NodeTestTask.java:100)
	at java.base/java.util.ArrayList.forEach(ArrayList.java:1597)
	at org.junit.platform.engine.support.hierarchical.SameThreadHierarchicalTestExecutorService.invokeAll(SameThreadHierarchicalTestExecutorService.java:41)
	at org.junit.platform.engine.support.hierarchical.NodeTestTask.lambda$executeRecursively$6(NodeTestTask.java:160)
	at org.junit.platform.engine.support.hierarchical.ThrowableCollector.execute(ThrowableCollector.java:73)
	at org.junit.platform.engine.support.hierarchical.NodeTestTask.lambda$executeRecursively$8(NodeTestTask.java:146)
	at org.junit.platform.engine.support.hierarchical.Node.around(Node.java:137)
	at org.junit.platform.engine.support.hierarchical.NodeTestTask.lambda$executeRecursively$9(NodeTestTask.java:144)
	at org.junit.platform.engine.support.hierarchical.ThrowableCollector.execute(ThrowableCollector.java:73)
	at org.junit.platform.engine.support.hierarchical.NodeTestTask.executeRecursively(NodeTestTask.java:143)
	at org.junit.platform.engine.support.hierarchical.NodeTestTask.execute(NodeTestTask.java:100)
	at org.junit.platform.engine.support.hierarchical.SameThreadHierarchicalTestExecutorService.submit(SameThreadHierarchicalTestExecutorService.java:35)
	at org.junit.platform.engine.support.hierarchical.HierarchicalTestExecutor.execute(HierarchicalTestExecutor.java:57)
	at org.junit.platform.engine.support.hierarchical.HierarchicalTestEngine.execute(HierarchicalTestEngine.java:54)
	at org.junit.platform.launcher.core.EngineExecutionOrchestrator.execute(EngineExecutionOrchestrator.java:198)
	at org.junit.platform.launcher.core.EngineExecutionOrchestrator.execute(EngineExecutionOrchestrator.java:169)
	at org.junit.platform.launcher.core.EngineExecutionOrchestrator.execute(EngineExecutionOrchestrator.java:93)
	at org.junit.platform.launcher.core.EngineExecutionOrchestrator.lambda$execute$0(EngineExecutionOrchestrator.java:58)
	at org.junit.platform.launcher.core.EngineExecutionOrchestrator.withInterceptedStreams(EngineExecutionOrchestrator.java:141)
	at org.junit.platform.launcher.core.EngineExecutionOrchestrator.execute(EngineExecutionOrchestrator.java:57)
	at org.junit.platform.launcher.core.DefaultLauncher.execute(DefaultLauncher.java:103)
	at org.junit.platform.launcher.core.DefaultLauncher.execute(DefaultLauncher.java:85)
	at org.junit.platform.launcher.core.DelegatingLauncher.execute(DelegatingLauncher.java:47)
	at org.junit.platform.launcher.core.SessionPerRequestLauncher.execute(SessionPerRequestLauncher.java:63)
	at com.intellij.junit5.JUnit5IdeaTestRunner.startRunnerWithArgs(JUnit5IdeaTestRunner.java:57)
	at com.intellij.rt.junit.IdeaTestRunner$Repeater$1.execute(IdeaTestRunner.java:38)
	at com.intellij.rt.execution.junit.TestsRepeater.repeat(TestsRepeater.java:11)
	at com.intellij.rt.junit.IdeaTestRunner$Repeater.startRunnerWithArgs(IdeaTestRunner.java:35)
	at com.intellij.rt.junit.JUnitStarter.prepareStreamsAndStart(JUnitStarter.java:232)
	at com.intellij.rt.junit.JUnitStarter.main(JUnitStarter.java:55)
Caused by: org.hibernate.exception.ConstraintViolationException: could not execute statement [ERROR: duplicate key value violates unique constraint "user_email_key"
  Подробности: Key (email)=(unique@test.com) already exists.] [insert into private."user" (created_at,email,password,username) values (?,?,?,?) returning id]
	at org.hibernate.exception.internal.SQLStateConversionDelegate.convert(SQLStateConversionDelegate.java:97)
	at org.hibernate.exception.internal.StandardSQLExceptionConverter.convert(StandardSQLExceptionConverter.java:58)
	at org.hibernate.engine.jdbc.spi.SqlExceptionHelper.convert(SqlExceptionHelper.java:108)
	at org.hibernate.engine.jdbc.internal.ResultSetReturnImpl.execute(ResultSetReturnImpl.java:145)
	at org.hibernate.id.insert.InsertReturningDelegate.executeAndExtractReturning(InsertReturningDelegate.java:96)
	at org.hibernate.id.insert.AbstractReturningDelegate.performMutation(AbstractReturningDelegate.java:58)
	at org.hibernate.engine.jdbc.mutation.internal.MutationExecutorSingleNonBatched.performNonBatchedOperations(MutationExecutorSingleNonBatched.java:47)
	at org.hibernate.engine.jdbc.mutation.internal.AbstractMutationExecutor.execute(AbstractMutationExecutor.java:55)
	at org.hibernate.persister.entity.mutation.InsertCoordinatorStandard.doStaticInserts(InsertCoordinatorStandard.java:194)
	at org.hibernate.persister.entity.mutation.InsertCoordinatorStandard.coordinateInsert(InsertCoordinatorStandard.java:132)
	at org.hibernate.persister.entity.mutation.InsertCoordinatorStandard.insert(InsertCoordinatorStandard.java:95)
	at org.hibernate.action.internal.EntityIdentityInsertAction.execute(EntityIdentityInsertAction.java:85)
	at org.hibernate.engine.spi.ActionQueue.execute(ActionQueue.java:671)
	at org.hibernate.engine.spi.ActionQueue.addResolvedEntityInsertAction(ActionQueue.java:292)
	at org.hibernate.engine.spi.ActionQueue.addInsertAction(ActionQueue.java:273)
	at org.hibernate.engine.spi.ActionQueue.addAction(ActionQueue.java:323)
	at org.hibernate.event.internal.AbstractSaveEventListener.addInsertAction(AbstractSaveEventListener.java:391)
	at org.hibernate.event.internal.AbstractSaveEventListener.performSaveOrReplicate(AbstractSaveEventListener.java:305)
	at org.hibernate.event.internal.AbstractSaveEventListener.performSave(AbstractSaveEventListener.java:224)
	at org.hibernate.event.internal.AbstractSaveEventListener.saveWithGeneratedId(AbstractSaveEventListener.java:137)
	at org.hibernate.event.internal.DefaultPersistEventListener.entityIsTransient(DefaultPersistEventListener.java:175)
	at org.hibernate.event.internal.DefaultPersistEventListener.persist(DefaultPersistEventListener.java:93)
	at org.hibernate.event.internal.DefaultPersistEventListener.onPersist(DefaultPersistEventListener.java:77)
	at org.hibernate.event.internal.DefaultPersistEventListener.onPersist(DefaultPersistEventListener.java:54)
	at org.hibernate.event.service.internal.EventListenerGroupImpl.fireEventOnEachListener(EventListenerGroupImpl.java:127)
	at org.hibernate.internal.SessionImpl.firePersist(SessionImpl.java:757)
	at org.hibernate.internal.SessionImpl.persist(SessionImpl.java:741)
	at java.base/jdk.internal.reflect.DirectMethodHandleAccessor.invoke(DirectMethodHandleAccessor.java:103)
	at java.base/java.lang.reflect.Method.invoke(Method.java:580)
	at org.springframework.orm.jpa.SharedEntityManagerCreator$SharedEntityManagerInvocationHandler.invoke(SharedEntityManagerCreator.java:319)
	at jdk.proxy2/jdk.proxy2.$Proxy178.persist(Unknown Source)
	at org.springframework.data.jpa.repository.support.SimpleJpaRepository.save(SimpleJpaRepository.java:628)
	at java.base/jdk.internal.reflect.DirectMethodHandleAccessor.invoke(DirectMethodHandleAccessor.java:103)
	at java.base/java.lang.reflect.Method.invoke(Method.java:580)
	at org.springframework.aop.support.AopUtils.invokeJoinpointUsingReflection(AopUtils.java:355)
	at org.springframework.data.repository.core.support.RepositoryMethodInvoker$RepositoryFragmentMethodInvoker.lambda$new$0(RepositoryMethodInvoker.java:277)
	at org.springframework.data.repository.core.support.RepositoryMethodInvoker.doInvoke(RepositoryMethodInvoker.java:170)
	at org.springframework.data.repository.core.support.RepositoryMethodInvoker.invoke(RepositoryMethodInvoker.java:158)
	at org.springframework.data.repository.core.support.RepositoryComposition$RepositoryFragments.invoke(RepositoryComposition.java:516)
	at org.springframework.data.repository.core.support.RepositoryComposition.invoke(RepositoryComposition.java:285)
	at org.springframework.data.repository.core.support.RepositoryFactorySupport$ImplementationMethodExecutionInterceptor.invoke(RepositoryFactorySupport.java:628)
	at org.springframework.aop.framework.ReflectiveMethodInvocation.proceed(ReflectiveMethodInvocation.java:184)
	at org.springframework.data.repository.core.support.QueryExecutorMethodInterceptor.doInvoke(QueryExecutorMethodInterceptor.java:173)
	at org.springframework.data.repository.core.support.QueryExecutorMethodInterceptor.invoke(QueryExecutorMethodInterceptor.java:148)
	at org.springframework.aop.framework.ReflectiveMethodInvocation.proceed(ReflectiveMethodInvocation.java:184)
	at org.springframework.data.projection.DefaultMethodInvokingMethodInterceptor.invoke(DefaultMethodInvokingMethodInterceptor.java:70)
	at org.springframework.aop.framework.ReflectiveMethodInvocation.proceed(ReflectiveMethodInvocation.java:184)
	at org.springframework.transaction.interceptor.TransactionAspectSupport.invokeWithinTransaction(TransactionAspectSupport.java:379)
	at org.springframework.transaction.interceptor.TransactionInterceptor.invoke(TransactionInterceptor.java:119)
	at org.springframework.aop.framework.ReflectiveMethodInvocation.proceed(ReflectiveMethodInvocation.java:184)
	at org.springframework.dao.support.PersistenceExceptionTranslationInterceptor.invoke(PersistenceExceptionTranslationInterceptor.java:138)
	... 101 common frames omitted
Caused by: org.postgresql.util.PSQLException: ERROR: duplicate key value violates unique constraint "user_email_key"
  Подробности: Key (email)=(unique@test.com) already exists.
	at org.postgresql.core.v3.QueryExecutorImpl.receiveErrorResponse(QueryExecutorImpl.java:2733)
	at org.postgresql.core.v3.QueryExecutorImpl.processResults(QueryExecutorImpl.java:2420)
	at org.postgresql.core.v3.QueryExecutorImpl.execute(QueryExecutorImpl.java:372)
	at org.postgresql.jdbc.PgStatement.executeInternal(PgStatement.java:517)
	at org.postgresql.jdbc.PgStatement.execute(PgStatement.java:434)
	at org.postgresql.jdbc.PgPreparedStatement.executeWithFlags(PgPreparedStatement.java:194)
	at org.postgresql.jdbc.PgPreparedStatement.execute(PgPreparedStatement.java:180)
	at com.zaxxer.hikari.pool.ProxyPreparedStatement.execute(ProxyPreparedStatement.java:44)
	at com.zaxxer.hikari.pool.HikariProxyPreparedStatement.execute(HikariProxyPreparedStatement.java)
	at org.hibernate.engine.jdbc.internal.ResultSetReturnImpl.execute(ResultSetReturnImpl.java:129)
	... 148 common frames omitted
2025-03-03 15:51:24 [SpringApplicationShutdownHook] INFO  o.s.o.j.LocalContainerEntityManagerFactoryBean - Closing JPA EntityManagerFactory for persistence unit 'default'
2025-03-03 15:51:24 [SpringApplicationShutdownHook] INFO  com.zaxxer.hikari.HikariDataSource - HikariPool-1 - Shutdown initiated...
2025-03-03 15:51:24 [SpringApplicationShutdownHook] INFO  com.zaxxer.hikari.HikariDataSource - HikariPool-1 - Shutdown completed.
2025-03-03 15:53:19 [background-preinit] INFO  o.h.validator.internal.util.Version - HV000001: Hibernate Validator 8.0.1.Final
2025-03-03 15:53:19 [main] INFO  c.t.t.UserServiceImplIntegrationTest - Starting UserServiceImplIntegrationTest using Java 22.0.2 with PID 17608 (started by Admin in C:\Users\Admin\Desktop\task)
2025-03-03 15:53:19 [main] INFO  c.t.t.UserServiceImplIntegrationTest - No active profile set, falling back to 1 default profile: "default"
2025-03-03 15:53:21 [main] INFO  o.s.d.r.c.RepositoryConfigurationDelegate - Bootstrapping Spring Data JPA repositories in DEFAULT mode.
2025-03-03 15:53:22 [main] INFO  o.s.d.r.c.RepositoryConfigurationDelegate - Finished Spring Data repository scanning in 93 ms. Found 5 JPA repository interfaces.
2025-03-03 15:53:22 [main] INFO  com.zaxxer.hikari.HikariDataSource - HikariPool-1 - Starting...
2025-03-03 15:53:23 [main] INFO  com.zaxxer.hikari.pool.HikariPool - HikariPool-1 - Added connection org.postgresql.jdbc.PgConnection@4a5fab78
2025-03-03 15:53:23 [main] INFO  com.zaxxer.hikari.HikariDataSource - HikariPool-1 - Start completed.
2025-03-03 15:53:23 [main] INFO  liquibase.database - Set default schema name to public
2025-03-03 15:53:24 [main] INFO  liquibase.changelog - Creating database history table with name: public.databasechangelog
2025-03-03 15:53:24 [main] INFO  liquibase.changelog - Reading from public.databasechangelog
2025-03-03 15:53:24 [main] INFO  liquibase.lockservice - Successfully acquired change log lock
2025-03-03 15:53:24 [main] INFO  liquibase.command - Using deploymentId: 1006404404
2025-03-03 15:53:24 [main] INFO  liquibase.changelog - Reading from public.databasechangelog
2025-03-03 15:53:24 [main] INFO  liquibase.ui - Running Changeset: db/changelog/01-create-schema.xml::1::xfnet
2025-03-03 15:53:24 [main] WARN  liquibase.executor - schema "private" does not exist, skipping
2025-03-03 15:53:24 [main] INFO  liquibase.changelog - Custom SQL executed
2025-03-03 15:53:24 [main] INFO  liquibase.changelog - Custom SQL executed
2025-03-03 15:53:24 [main] INFO  liquibase.changelog - ChangeSet db/changelog/01-create-schema.xml::1::xfnet ran successfully in 24ms
2025-03-03 15:53:24 [main] INFO  liquibase.ui - Running Changeset: db/changelog/02-create-user-table.xml::2::xfnet
2025-03-03 15:53:24 [main] INFO  liquibase.changelog - Table user created
2025-03-03 15:53:24 [main] INFO  liquibase.changelog - ChangeSet db/changelog/02-create-user-table.xml::2::xfnet ran successfully in 12ms
2025-03-03 15:53:24 [main] INFO  liquibase.ui - Running Changeset: db/changelog/03-create-priority-table.xml::3::xfnet
2025-03-03 15:53:24 [main] INFO  liquibase.changelog - Table priority created
2025-03-03 15:53:24 [main] INFO  liquibase.changelog - ChangeSet db/changelog/03-create-priority-table.xml::3::xfnet ran successfully in 9ms
2025-03-03 15:53:24 [main] INFO  liquibase.ui - Running Changeset: db/changelog/04-create-status-table.xml::4::xfnet
2025-03-03 15:53:24 [main] INFO  liquibase.changelog - Table status created
2025-03-03 15:53:24 [main] INFO  liquibase.changelog - Foreign key constraint added to status (user_id)
2025-03-03 15:53:24 [main] INFO  liquibase.changelog - Unique constraint added to status(title, user_id)
2025-03-03 15:53:24 [main] INFO  liquibase.changelog - ChangeSet db/changelog/04-create-status-table.xml::4::xfnet ran successfully in 19ms
2025-03-03 15:53:24 [main] INFO  liquibase.ui - Running Changeset: db/changelog/05-create-role-table.xml::5::xfnet
2025-03-03 15:53:24 [main] INFO  liquibase.changelog - Table role created
2025-03-03 15:53:24 [main] INFO  liquibase.changelog - ChangeSet db/changelog/05-create-role-table.xml::5::xfnet ran successfully in 8ms
2025-03-03 15:53:24 [main] INFO  liquibase.ui - Running Changeset: db/changelog/06-create-user-roles-table.xml::6::xfnet
2025-03-03 15:53:24 [main] INFO  liquibase.changelog - Table user_roles created
2025-03-03 15:53:24 [main] INFO  liquibase.changelog - Primary key added to user_roles (user_id, role_id)
2025-03-03 15:53:24 [main] INFO  liquibase.changelog - Foreign key constraint added to user_roles (user_id)
2025-03-03 15:53:24 [main] INFO  liquibase.changelog - Foreign key constraint added to user_roles (role_id)
2025-03-03 15:53:24 [main] INFO  liquibase.changelog - ChangeSet db/changelog/06-create-user-roles-table.xml::6::xfnet ran successfully in 20ms
2025-03-03 15:53:24 [main] INFO  liquibase.ui - Running Changeset: db/changelog/07-create-task-table.xml::7::xfnet
2025-03-03 15:53:24 [main] INFO  liquibase.changelog - Table task created
2025-03-03 15:53:24 [main] INFO  liquibase.changelog - Foreign key constraint added to task (priority_id)
2025-03-03 15:53:24 [main] INFO  liquibase.changelog - Foreign key constraint added to task (status_id)
2025-03-03 15:53:24 [main] INFO  liquibase.changelog - Foreign key constraint added to task (user_id)
2025-03-03 15:53:24 [main] INFO  liquibase.changelog - ChangeSet db/changelog/07-create-task-table.xml::7::xfnet ran successfully in 22ms
2025-03-03 15:53:24 [main] INFO  liquibase.ui - Running Changeset: db/changelog/08-create-task-executors-table.xml::8::xfnet
2025-03-03 15:53:24 [main] INFO  liquibase.changelog - Table task_executors created
2025-03-03 15:53:24 [main] INFO  liquibase.changelog - Primary key added to task_executors (task_id, user_id)
2025-03-03 15:53:24 [main] INFO  liquibase.changelog - Foreign key constraint added to task_executors (task_id)
2025-03-03 15:53:24 [main] INFO  liquibase.changelog - Foreign key constraint added to task_executors (user_id)
2025-03-03 15:53:24 [main] INFO  liquibase.changelog - ChangeSet db/changelog/08-create-task-executors-table.xml::8::xfnet ran successfully in 18ms
2025-03-03 15:53:24 [main] INFO  liquibase.ui - Running Changeset: db/changelog/09-create-comment-table.xml::9::xfnet
2025-03-03 15:53:24 [main] INFO  liquibase.changelog - Table comment created
2025-03-03 15:53:24 [main] INFO  liquibase.changelog - Foreign key constraint added to comment (task_id)
2025-03-03 15:53:24 [main] INFO  liquibase.changelog - Foreign key constraint added to comment (user_id)
2025-03-03 15:53:24 [main] INFO  liquibase.changelog - Foreign key constraint added to comment (parent_id)
2025-03-03 15:53:24 [main] INFO  liquibase.changelog - ChangeSet db/changelog/09-create-comment-table.xml::9::xfnet ran successfully in 19ms
2025-03-03 15:53:24 [main] INFO  liquibase.ui - Running Changeset: db/changelog/10-insert-default-data.xml::10::xfnet
2025-03-03 15:53:24 [main] INFO  liquibase.changelog - New row inserted into role
2025-03-03 15:53:24 [main] INFO  liquibase.changelog - New row inserted into role
2025-03-03 15:53:24 [main] INFO  liquibase.changelog - New row inserted into user
2025-03-03 15:53:24 [main] INFO  liquibase.changelog - New row inserted into user
2025-03-03 15:53:24 [main] INFO  liquibase.changelog - New row inserted into user
2025-03-03 15:53:24 [main] INFO  liquibase.changelog - New row inserted into user
2025-03-03 15:53:24 [main] INFO  liquibase.changelog - New row inserted into user
2025-03-03 15:53:24 [main] INFO  liquibase.changelog - New row inserted into user_roles
2025-03-03 15:53:24 [main] INFO  liquibase.changelog - New row inserted into user_roles
2025-03-03 15:53:24 [main] INFO  liquibase.changelog - New row inserted into user_roles
2025-03-03 15:53:24 [main] INFO  liquibase.changelog - New row inserted into user_roles
2025-03-03 15:53:24 [main] INFO  liquibase.changelog - New row inserted into user_roles
2025-03-03 15:53:24 [main] INFO  liquibase.changelog - New row inserted into priority
2025-03-03 15:53:24 [main] INFO  liquibase.changelog - New row inserted into priority
2025-03-03 15:53:24 [main] INFO  liquibase.changelog - New row inserted into priority
2025-03-03 15:53:24 [main] INFO  liquibase.changelog - New row inserted into status
2025-03-03 15:53:24 [main] INFO  liquibase.changelog - New row inserted into status
2025-03-03 15:53:24 [main] INFO  liquibase.changelog - New row inserted into status
2025-03-03 15:53:24 [main] INFO  liquibase.changelog - New row inserted into status
2025-03-03 15:53:24 [main] INFO  liquibase.changelog - New row inserted into status
2025-03-03 15:53:24 [main] INFO  liquibase.changelog - New row inserted into task
2025-03-03 15:53:24 [main] INFO  liquibase.changelog - New row inserted into task
2025-03-03 15:53:24 [main] INFO  liquibase.changelog - New row inserted into task
2025-03-03 15:53:24 [main] INFO  liquibase.changelog - New row inserted into task_executors
2025-03-03 15:53:24 [main] INFO  liquibase.changelog - New row inserted into task_executors
2025-03-03 15:53:24 [main] INFO  liquibase.changelog - New row inserted into task_executors
2025-03-03 15:53:24 [main] INFO  liquibase.changelog - New row inserted into task_executors
2025-03-03 15:53:24 [main] INFO  liquibase.changelog - New row inserted into comment
2025-03-03 15:53:24 [main] INFO  liquibase.changelog - New row inserted into comment
2025-03-03 15:53:24 [main] INFO  liquibase.changelog - New row inserted into comment
2025-03-03 15:53:24 [main] INFO  liquibase.changelog - ChangeSet db/changelog/10-insert-default-data.xml::10::xfnet ran successfully in 105ms
2025-03-03 15:53:24 [main] INFO  liquibase.util - UPDATE SUMMARY
2025-03-03 15:53:24 [main] INFO  liquibase.util - Run:                         10
2025-03-03 15:53:24 [main] INFO  liquibase.util - Previously run:               0
2025-03-03 15:53:24 [main] INFO  liquibase.util - Filtered out:                 0
2025-03-03 15:53:24 [main] INFO  liquibase.util - -------------------------------
2025-03-03 15:53:24 [main] INFO  liquibase.util - Total change sets:           10
2025-03-03 15:53:24 [main] INFO  liquibase.util - Update summary generated
2025-03-03 15:53:24 [main] INFO  liquibase.command - Update command completed successfully.
2025-03-03 15:53:24 [main] INFO  liquibase.ui - Liquibase: Update has been successful. Rows affected: 40
2025-03-03 15:53:24 [main] INFO  liquibase.lockservice - Successfully released change log lock
2025-03-03 15:53:24 [main] INFO  liquibase.command - Command execution complete
2025-03-03 15:53:25 [main] INFO  o.h.jpa.internal.util.LogHelper - HHH000204: Processing PersistenceUnitInfo [name: default]
2025-03-03 15:53:25 [main] INFO  org.hibernate.Version - HHH000412: Hibernate ORM core version 6.5.3.Final
2025-03-03 15:53:25 [main] INFO  o.h.c.i.RegionFactoryInitiator - HHH000026: Second-level cache disabled
2025-03-03 15:53:25 [main] INFO  o.s.o.j.p.SpringPersistenceUnitInfo - No LoadTimeWeaver setup: ignoring JPA class transformer
2025-03-03 15:53:27 [main] INFO  o.h.e.t.j.p.i.JtaPlatformInitiator - HHH000489: No JTA platform available (set 'hibernate.transaction.jta.platform' to enable JTA platform integration)
2025-03-03 15:53:27 [main] INFO  o.s.o.j.LocalContainerEntityManagerFactoryBean - Initialized JPA EntityManagerFactory for persistence unit 'default'
2025-03-03 15:53:27 [main] INFO  o.s.s.c.a.a.c.InitializeAuthenticationProviderBeanManagerConfigurer$InitializeAuthenticationProviderManagerConfigurer - Global AuthenticationManager configured with AuthenticationProvider bean with name authenticationProvider
2025-03-03 15:53:27 [main] WARN  o.s.s.c.a.a.c.InitializeUserDetailsBeanManagerConfigurer$InitializeUserDetailsManagerConfigurer - Global AuthenticationManager configured with an AuthenticationProvider bean. UserDetailsService beans will not be used for username/password login. Consider removing the AuthenticationProvider bean. Alternatively, consider using the UserDetailsService in a manually instantiated DaoAuthenticationProvider.
2025-03-03 15:53:27 [main] INFO  o.s.d.j.r.query.QueryEnhancerFactory - Hibernate is in classpath; If applicable, HQL parser will be used.
2025-03-03 15:53:28 [main] WARN  o.s.b.a.o.j.JpaBaseConfiguration$JpaWebConfiguration - spring.jpa.open-in-view is enabled by default. Therefore, database queries may be performed during view rendering. Explicitly configure spring.jpa.open-in-view to disable this warning
2025-03-03 15:53:30 [main] INFO  c.t.t.UserServiceImplIntegrationTest - Started UserServiceImplIntegrationTest in 10.706 seconds (process running for 17.395)
2025-03-03 15:53:30 [main] INFO  com.track.task.aspect.LoggingAspect - Entering method: UserServiceImpl.add(..)
2025-03-03 15:53:30 [main] INFO  c.t.t.s.user.impl.UserServiceImpl - Add user
2025-03-03 15:53:30 [main] INFO  com.track.task.aspect.LoggingAspect - Exiting method: UserServiceImpl.add(..) with result: null
2025-03-03 15:53:30 [main] INFO  com.track.task.aspect.LoggingAspect - Entering method: UserServiceImpl.getUserByEmail(..)
2025-03-03 15:53:30 [main] INFO  c.t.t.s.user.impl.UserServiceImpl - Get user by email
2025-03-03 15:53:30 [main] INFO  com.track.task.aspect.LoggingAspect - Exiting method: UserServiceImpl.getUserByEmail(..) with result: Optional[User(id=6, email=test+filter@example.com, username=testuser, password=password, createdAt=Mon Mar 03 15:53:30 MSK 2025, tasks=null)]
2025-03-03 15:53:30 [main] INFO  com.track.task.aspect.LoggingAspect - Entering method: UserServiceImpl.add(..)
2025-03-03 15:53:30 [main] INFO  c.t.t.s.user.impl.UserServiceImpl - Add user
2025-03-03 15:53:30 [main] INFO  com.track.task.aspect.LoggingAspect - Exiting method: UserServiceImpl.add(..) with result: null
2025-03-03 15:53:30 [main] INFO  com.track.task.aspect.LoggingAspect - Entering method: UserServiceImpl.existsByEmail(..)
2025-03-03 15:53:30 [main] INFO  c.t.t.s.user.impl.UserServiceImpl - Exists user by email
2025-03-03 15:53:30 [main] INFO  com.track.task.aspect.LoggingAspect - Exiting method: UserServiceImpl.existsByEmail(..) with result: true
2025-03-03 15:53:31 [main] INFO  com.track.task.aspect.LoggingAspect - Entering method: UserServiceImpl.add(..)
2025-03-03 15:53:31 [main] INFO  c.t.t.s.user.impl.UserServiceImpl - Add user
2025-03-03 15:53:31 [main] INFO  com.track.task.aspect.LoggingAspect - Exiting method: UserServiceImpl.add(..) with result: null
2025-03-03 15:53:31 [main] INFO  com.track.task.aspect.LoggingAspect - Entering method: UserServiceImpl.getUserById(..)
2025-03-03 15:53:31 [main] INFO  c.t.t.s.user.impl.UserServiceImpl - Get user by id
2025-03-03 15:53:31 [main] INFO  com.track.task.aspect.LoggingAspect - Exiting method: UserServiceImpl.getUserById(..) with result: Optional[User(id=8, email=test@example.com, username=testuser, password=password, createdAt=Mon Mar 03 15:53:31 MSK 2025, tasks=null)]
2025-03-03 15:53:31 [main] INFO  com.track.task.aspect.LoggingAspect - Entering method: UserServiceImpl.existsByEmail(..)
2025-03-03 15:53:31 [main] INFO  c.t.t.s.user.impl.UserServiceImpl - Exists user by email
2025-03-03 15:53:31 [main] INFO  com.track.task.aspect.LoggingAspect - Exiting method: UserServiceImpl.existsByEmail(..) with result: false
2025-03-03 15:53:31 [main] INFO  com.track.task.aspect.LoggingAspect - Entering method: UserServiceImpl.getUserById(..)
2025-03-03 15:53:31 [main] INFO  c.t.t.s.user.impl.UserServiceImpl - Get user by id
2025-03-03 15:53:31 [main] INFO  com.track.task.aspect.LoggingAspect - Exiting method: UserServiceImpl.getUserById(..) with result: Optional.empty
2025-03-03 15:53:31 [main] INFO  com.track.task.aspect.LoggingAspect - Entering method: UserServiceImpl.add(..)
2025-03-03 15:53:31 [main] INFO  c.t.t.s.user.impl.UserServiceImpl - Add user
2025-03-03 15:53:31 [main] INFO  com.track.task.aspect.LoggingAspect - Exiting method: UserServiceImpl.add(..) with result: null
2025-03-03 15:53:31 [SpringApplicationShutdownHook] INFO  o.s.o.j.LocalContainerEntityManagerFactoryBean - Closing JPA EntityManagerFactory for persistence unit 'default'
2025-03-03 15:53:32 [SpringApplicationShutdownHook] INFO  com.zaxxer.hikari.HikariDataSource - HikariPool-1 - Shutdown initiated...
2025-03-03 15:53:32 [SpringApplicationShutdownHook] INFO  com.zaxxer.hikari.HikariDataSource - HikariPool-1 - Shutdown completed.
2025-03-03 15:57:01 [background-preinit] INFO  o.h.validator.internal.util.Version - HV000001: Hibernate Validator 8.0.1.Final
2025-03-03 15:57:01 [main] INFO  com.track.task.user.UserServiceImplTest - Starting UserServiceImplTest using Java 22.0.2 with PID 4956 (started by Admin in C:\Users\Admin\Desktop\task)
2025-03-03 15:57:01 [main] INFO  com.track.task.user.UserServiceImplTest - No active profile set, falling back to 1 default profile: "default"
2025-03-03 15:57:03 [main] INFO  o.s.d.r.c.RepositoryConfigurationDelegate - Bootstrapping Spring Data JPA repositories in DEFAULT mode.
2025-03-03 15:57:03 [main] INFO  o.s.d.r.c.RepositoryConfigurationDelegate - Finished Spring Data repository scanning in 89 ms. Found 5 JPA repository interfaces.
2025-03-03 15:57:04 [main] INFO  com.zaxxer.hikari.HikariDataSource - HikariPool-1 - Starting...
2025-03-03 15:57:04 [main] INFO  com.zaxxer.hikari.pool.HikariPool - HikariPool-1 - Added connection org.postgresql.jdbc.PgConnection@5d5cd210
2025-03-03 15:57:04 [main] INFO  com.zaxxer.hikari.HikariDataSource - HikariPool-1 - Start completed.
2025-03-03 15:57:05 [main] INFO  liquibase.database - Set default schema name to public
2025-03-03 15:57:05 [main] INFO  liquibase.changelog - Creating database history table with name: public.databasechangelog
2025-03-03 15:57:06 [main] INFO  liquibase.changelog - Reading from public.databasechangelog
2025-03-03 15:57:06 [main] INFO  liquibase.lockservice - Successfully acquired change log lock
2025-03-03 15:57:06 [main] INFO  liquibase.command - Using deploymentId: 1006626278
2025-03-03 15:57:06 [main] INFO  liquibase.changelog - Reading from public.databasechangelog
2025-03-03 15:57:06 [main] INFO  liquibase.ui - Running Changeset: db/changelog/01-create-schema.xml::1::xfnet
2025-03-03 15:57:06 [main] WARN  liquibase.executor - schema "private" does not exist, skipping
2025-03-03 15:57:06 [main] INFO  liquibase.changelog - Custom SQL executed
2025-03-03 15:57:06 [main] INFO  liquibase.changelog - Custom SQL executed
2025-03-03 15:57:06 [main] INFO  liquibase.changelog - ChangeSet db/changelog/01-create-schema.xml::1::xfnet ran successfully in 26ms
2025-03-03 15:57:06 [main] INFO  liquibase.ui - Running Changeset: db/changelog/02-create-user-table.xml::2::xfnet
2025-03-03 15:57:06 [main] INFO  liquibase.changelog - Table user created
2025-03-03 15:57:06 [main] INFO  liquibase.changelog - ChangeSet db/changelog/02-create-user-table.xml::2::xfnet ran successfully in 12ms
2025-03-03 15:57:06 [main] INFO  liquibase.ui - Running Changeset: db/changelog/03-create-priority-table.xml::3::xfnet
2025-03-03 15:57:06 [main] INFO  liquibase.changelog - Table priority created
2025-03-03 15:57:06 [main] INFO  liquibase.changelog - ChangeSet db/changelog/03-create-priority-table.xml::3::xfnet ran successfully in 244ms
2025-03-03 15:57:06 [main] INFO  liquibase.ui - Running Changeset: db/changelog/04-create-status-table.xml::4::xfnet
2025-03-03 15:57:07 [main] INFO  liquibase.changelog - Table status created
2025-03-03 15:57:07 [main] INFO  liquibase.changelog - Foreign key constraint added to status (user_id)
2025-03-03 15:57:07 [main] INFO  liquibase.changelog - Unique constraint added to status(title, user_id)
2025-03-03 15:57:07 [main] INFO  liquibase.changelog - ChangeSet db/changelog/04-create-status-table.xml::4::xfnet ran successfully in 71ms
2025-03-03 15:57:07 [main] INFO  liquibase.ui - Running Changeset: db/changelog/05-create-role-table.xml::5::xfnet
2025-03-03 15:57:07 [main] INFO  liquibase.changelog - Table role created
2025-03-03 15:57:07 [main] INFO  liquibase.changelog - ChangeSet db/changelog/05-create-role-table.xml::5::xfnet ran successfully in 40ms
2025-03-03 15:57:07 [main] INFO  liquibase.ui - Running Changeset: db/changelog/06-create-user-roles-table.xml::6::xfnet
2025-03-03 15:57:07 [main] INFO  liquibase.changelog - Table user_roles created
2025-03-03 15:57:07 [main] INFO  liquibase.changelog - Primary key added to user_roles (user_id, role_id)
2025-03-03 15:57:07 [main] INFO  liquibase.changelog - Foreign key constraint added to user_roles (user_id)
2025-03-03 15:57:07 [main] INFO  liquibase.changelog - Foreign key constraint added to user_roles (role_id)
2025-03-03 15:57:07 [main] INFO  liquibase.changelog - ChangeSet db/changelog/06-create-user-roles-table.xml::6::xfnet ran successfully in 91ms
2025-03-03 15:57:07 [main] INFO  liquibase.ui - Running Changeset: db/changelog/07-create-task-table.xml::7::xfnet
2025-03-03 15:57:07 [main] INFO  liquibase.changelog - Table task created
2025-03-03 15:57:07 [main] INFO  liquibase.changelog - Foreign key constraint added to task (priority_id)
2025-03-03 15:57:07 [main] INFO  liquibase.changelog - Foreign key constraint added to task (status_id)
2025-03-03 15:57:07 [main] INFO  liquibase.changelog - Foreign key constraint added to task (user_id)
2025-03-03 15:57:07 [main] INFO  liquibase.changelog - ChangeSet db/changelog/07-create-task-table.xml::7::xfnet ran successfully in 65ms
2025-03-03 15:57:07 [main] INFO  liquibase.ui - Running Changeset: db/changelog/08-create-task-executors-table.xml::8::xfnet
2025-03-03 15:57:07 [main] INFO  liquibase.changelog - Table task_executors created
2025-03-03 15:57:07 [main] INFO  liquibase.changelog - Primary key added to task_executors (task_id, user_id)
2025-03-03 15:57:07 [main] INFO  liquibase.changelog - Foreign key constraint added to task_executors (task_id)
2025-03-03 15:57:07 [main] INFO  liquibase.changelog - Foreign key constraint added to task_executors (user_id)
2025-03-03 15:57:07 [main] INFO  liquibase.changelog - ChangeSet db/changelog/08-create-task-executors-table.xml::8::xfnet ran successfully in 23ms
2025-03-03 15:57:07 [main] INFO  liquibase.ui - Running Changeset: db/changelog/09-create-comment-table.xml::9::xfnet
2025-03-03 15:57:07 [main] INFO  liquibase.changelog - Table comment created
2025-03-03 15:57:07 [main] INFO  liquibase.changelog - Foreign key constraint added to comment (task_id)
2025-03-03 15:57:07 [main] INFO  liquibase.changelog - Foreign key constraint added to comment (user_id)
2025-03-03 15:57:07 [main] INFO  liquibase.changelog - Foreign key constraint added to comment (parent_id)
2025-03-03 15:57:07 [main] INFO  liquibase.changelog - ChangeSet db/changelog/09-create-comment-table.xml::9::xfnet ran successfully in 29ms
2025-03-03 15:57:07 [main] INFO  liquibase.ui - Running Changeset: db/changelog/10-insert-default-data.xml::10::xfnet
2025-03-03 15:57:07 [main] INFO  liquibase.changelog - New row inserted into role
2025-03-03 15:57:07 [main] INFO  liquibase.changelog - New row inserted into role
2025-03-03 15:57:07 [main] INFO  liquibase.changelog - New row inserted into user
2025-03-03 15:57:07 [main] INFO  liquibase.changelog - New row inserted into user
2025-03-03 15:57:07 [main] INFO  liquibase.changelog - New row inserted into user
2025-03-03 15:57:07 [main] INFO  liquibase.changelog - New row inserted into user
2025-03-03 15:57:07 [main] INFO  liquibase.changelog - New row inserted into user
2025-03-03 15:57:07 [main] INFO  liquibase.changelog - New row inserted into user_roles
2025-03-03 15:57:07 [main] INFO  liquibase.changelog - New row inserted into user_roles
2025-03-03 15:57:07 [main] INFO  liquibase.changelog - New row inserted into user_roles
2025-03-03 15:57:07 [main] INFO  liquibase.changelog - New row inserted into user_roles
2025-03-03 15:57:07 [main] INFO  liquibase.changelog - New row inserted into user_roles
2025-03-03 15:57:07 [main] INFO  liquibase.changelog - New row inserted into priority
2025-03-03 15:57:07 [main] INFO  liquibase.changelog - New row inserted into priority
2025-03-03 15:57:07 [main] INFO  liquibase.changelog - New row inserted into priority
2025-03-03 15:57:07 [main] INFO  liquibase.changelog - New row inserted into status
2025-03-03 15:57:07 [main] INFO  liquibase.changelog - New row inserted into status
2025-03-03 15:57:07 [main] INFO  liquibase.changelog - New row inserted into status
2025-03-03 15:57:07 [main] INFO  liquibase.changelog - New row inserted into status
2025-03-03 15:57:07 [main] INFO  liquibase.changelog - New row inserted into status
2025-03-03 15:57:07 [main] INFO  liquibase.changelog - New row inserted into task
2025-03-03 15:57:07 [main] INFO  liquibase.changelog - New row inserted into task
2025-03-03 15:57:07 [main] INFO  liquibase.changelog - New row inserted into task
2025-03-03 15:57:07 [main] INFO  liquibase.changelog - New row inserted into task_executors
2025-03-03 15:57:07 [main] INFO  liquibase.changelog - New row inserted into task_executors
2025-03-03 15:57:08 [main] INFO  liquibase.changelog - New row inserted into task_executors
2025-03-03 15:57:08 [main] INFO  liquibase.changelog - New row inserted into task_executors
2025-03-03 15:57:08 [main] INFO  liquibase.changelog - New row inserted into comment
2025-03-03 15:57:08 [main] INFO  liquibase.changelog - New row inserted into comment
2025-03-03 15:57:08 [main] INFO  liquibase.changelog - New row inserted into comment
2025-03-03 15:57:08 [main] INFO  liquibase.changelog - ChangeSet db/changelog/10-insert-default-data.xml::10::xfnet ran successfully in 172ms
2025-03-03 15:57:08 [main] INFO  liquibase.util - UPDATE SUMMARY
2025-03-03 15:57:08 [main] INFO  liquibase.util - Run:                         10
2025-03-03 15:57:08 [main] INFO  liquibase.util - Previously run:               0
2025-03-03 15:57:08 [main] INFO  liquibase.util - Filtered out:                 0
2025-03-03 15:57:08 [main] INFO  liquibase.util - -------------------------------
2025-03-03 15:57:08 [main] INFO  liquibase.util - Total change sets:           10
2025-03-03 15:57:08 [main] INFO  liquibase.util - Update summary generated
2025-03-03 15:57:08 [main] INFO  liquibase.command - Update command completed successfully.
2025-03-03 15:57:08 [main] INFO  liquibase.ui - Liquibase: Update has been successful. Rows affected: 40
2025-03-03 15:57:08 [main] INFO  liquibase.lockservice - Successfully released change log lock
2025-03-03 15:57:08 [main] INFO  liquibase.command - Command execution complete
2025-03-03 15:57:08 [main] INFO  o.h.jpa.internal.util.LogHelper - HHH000204: Processing PersistenceUnitInfo [name: default]
2025-03-03 15:57:08 [main] INFO  org.hibernate.Version - HHH000412: Hibernate ORM core version 6.5.3.Final
2025-03-03 15:57:08 [main] INFO  o.h.c.i.RegionFactoryInitiator - HHH000026: Second-level cache disabled
2025-03-03 15:57:09 [main] INFO  o.s.o.j.p.SpringPersistenceUnitInfo - No LoadTimeWeaver setup: ignoring JPA class transformer
2025-03-03 15:57:10 [main] INFO  o.h.e.t.j.p.i.JtaPlatformInitiator - HHH000489: No JTA platform available (set 'hibernate.transaction.jta.platform' to enable JTA platform integration)
2025-03-03 15:57:10 [main] INFO  o.s.o.j.LocalContainerEntityManagerFactoryBean - Initialized JPA EntityManagerFactory for persistence unit 'default'
2025-03-03 15:57:10 [main] INFO  o.s.s.c.a.a.c.InitializeAuthenticationProviderBeanManagerConfigurer$InitializeAuthenticationProviderManagerConfigurer - Global AuthenticationManager configured with AuthenticationProvider bean with name authenticationProvider
2025-03-03 15:57:10 [main] WARN  o.s.s.c.a.a.c.InitializeUserDetailsBeanManagerConfigurer$InitializeUserDetailsManagerConfigurer - Global AuthenticationManager configured with an AuthenticationProvider bean. UserDetailsService beans will not be used for username/password login. Consider removing the AuthenticationProvider bean. Alternatively, consider using the UserDetailsService in a manually instantiated DaoAuthenticationProvider.
2025-03-03 15:57:10 [main] INFO  o.s.d.j.r.query.QueryEnhancerFactory - Hibernate is in classpath; If applicable, HQL parser will be used.
2025-03-03 15:57:11 [main] WARN  o.s.b.a.o.j.JpaBaseConfiguration$JpaWebConfiguration - spring.jpa.open-in-view is enabled by default. Therefore, database queries may be performed during view rendering. Explicitly configure spring.jpa.open-in-view to disable this warning
2025-03-03 15:57:12 [main] INFO  com.track.task.user.UserServiceImplTest - Started UserServiceImplTest in 11.949 seconds (process running for 18.618)
2025-03-03 15:57:13 [main] INFO  com.track.task.aspect.LoggingAspect - Entering method: UserServiceImpl.add(..)
2025-03-03 15:57:13 [main] INFO  c.t.t.s.user.impl.UserServiceImpl - Add user
2025-03-03 15:57:13 [main] INFO  com.track.task.aspect.LoggingAspect - Exiting method: UserServiceImpl.add(..) with result: null
2025-03-03 15:57:13 [main] INFO  com.track.task.aspect.LoggingAspect - Entering method: UserServiceImpl.getUserByEmail(..)
2025-03-03 15:57:13 [main] INFO  c.t.t.s.user.impl.UserServiceImpl - Get user by email
2025-03-03 15:57:13 [main] INFO  com.track.task.aspect.LoggingAspect - Exiting method: UserServiceImpl.getUserByEmail(..) with result: [FAILED toString()]
2025-03-03 15:57:13 [main] INFO  com.track.task.aspect.LoggingAspect - Entering method: UserServiceImpl.add(..)
2025-03-03 15:57:13 [main] INFO  c.t.t.s.user.impl.UserServiceImpl - Add user
2025-03-03 15:57:13 [main] WARN  o.h.e.jdbc.spi.SqlExceptionHelper - SQL Error: 0, SQLState: 23505
2025-03-03 15:57:13 [main] ERROR o.h.e.jdbc.spi.SqlExceptionHelper - ERROR: duplicate key value violates unique constraint "user_username_key"
  Подробности: Key (username)=(testuser) already exists.
2025-03-03 15:57:13 [main] ERROR com.track.task.aspect.LoggingAspect - Exception in method: UserServiceImpl.add(..): could not execute statement [ERROR: duplicate key value violates unique constraint "user_username_key"
  Подробности: Key (username)=(testuser) already exists.] [insert into private."user" (created_at,email,password,username) values (?,?,?,?) returning id]; SQL [insert into private."user" (created_at,email,password,username) values (?,?,?,?) returning id]; constraint [user_username_key]
org.springframework.dao.DataIntegrityViolationException: could not execute statement [ERROR: duplicate key value violates unique constraint "user_username_key"
  Подробности: Key (username)=(testuser) already exists.] [insert into private."user" (created_at,email,password,username) values (?,?,?,?) returning id]; SQL [insert into private."user" (created_at,email,password,username) values (?,?,?,?) returning id]; constraint [user_username_key]
	at org.springframework.orm.jpa.vendor.HibernateJpaDialect.convertHibernateAccessException(HibernateJpaDialect.java:290)
	at org.springframework.orm.jpa.vendor.HibernateJpaDialect.translateExceptionIfPossible(HibernateJpaDialect.java:241)
	at org.springframework.orm.jpa.AbstractEntityManagerFactoryBean.translateExceptionIfPossible(AbstractEntityManagerFactoryBean.java:550)
	at org.springframework.dao.support.ChainedPersistenceExceptionTranslator.translateExceptionIfPossible(ChainedPersistenceExceptionTranslator.java:61)
	at org.springframework.dao.support.DataAccessUtils.translateIfNecessary(DataAccessUtils.java:335)
	at org.springframework.dao.support.PersistenceExceptionTranslationInterceptor.invoke(PersistenceExceptionTranslationInterceptor.java:160)
	at org.springframework.aop.framework.ReflectiveMethodInvocation.proceed(ReflectiveMethodInvocation.java:184)
	at org.springframework.data.jpa.repository.support.CrudMethodMetadataPostProcessor$CrudMethodMetadataPopulatingMethodInterceptor.invoke(CrudMethodMetadataPostProcessor.java:165)
	at org.springframework.aop.framework.ReflectiveMethodInvocation.proceed(ReflectiveMethodInvocation.java:184)
	at org.springframework.aop.interceptor.ExposeInvocationInterceptor.invoke(ExposeInvocationInterceptor.java:97)
	at org.springframework.aop.framework.ReflectiveMethodInvocation.proceed(ReflectiveMethodInvocation.java:184)
	at org.springframework.aop.framework.JdkDynamicAopProxy.invoke(JdkDynamicAopProxy.java:223)
	at jdk.proxy2/jdk.proxy2.$Proxy171.save(Unknown Source)
	at com.track.task.service.user.impl.UserServiceImpl.add(UserServiceImpl.java:22)
	at java.base/jdk.internal.reflect.DirectMethodHandleAccessor.invoke(DirectMethodHandleAccessor.java:103)
	at java.base/java.lang.reflect.Method.invoke(Method.java:580)
	at org.springframework.aop.support.AopUtils.invokeJoinpointUsingReflection(AopUtils.java:355)
	at org.springframework.aop.framework.ReflectiveMethodInvocation.invokeJoinpoint(ReflectiveMethodInvocation.java:196)
	at org.springframework.aop.framework.ReflectiveMethodInvocation.proceed(ReflectiveMethodInvocation.java:163)
	at org.springframework.aop.framework.CglibAopProxy$CglibMethodInvocation.proceed(CglibAopProxy.java:768)
	at org.springframework.aop.aspectj.MethodInvocationProceedingJoinPoint.proceed(MethodInvocationProceedingJoinPoint.java:89)
	at com.track.task.aspect.LoggingAspect.logMethodExecution(LoggingAspect.java:19)
	at java.base/jdk.internal.reflect.DirectMethodHandleAccessor.invoke(DirectMethodHandleAccessor.java:103)
	at java.base/java.lang.reflect.Method.invoke(Method.java:580)
	at org.springframework.aop.aspectj.AbstractAspectJAdvice.invokeAdviceMethodWithGivenArgs(AbstractAspectJAdvice.java:637)
	at org.springframework.aop.aspectj.AbstractAspectJAdvice.invokeAdviceMethod(AbstractAspectJAdvice.java:627)
	at org.springframework.aop.aspectj.AspectJAroundAdvice.invoke(AspectJAroundAdvice.java:71)
	at org.springframework.aop.framework.ReflectiveMethodInvocation.proceed(ReflectiveMethodInvocation.java:184)
	at org.springframework.aop.framework.CglibAopProxy$CglibMethodInvocation.proceed(CglibAopProxy.java:768)
	at org.springframework.aop.interceptor.ExposeInvocationInterceptor.invoke(ExposeInvocationInterceptor.java:97)
	at org.springframework.aop.framework.ReflectiveMethodInvocation.proceed(ReflectiveMethodInvocation.java:184)
	at org.springframework.aop.framework.CglibAopProxy$CglibMethodInvocation.proceed(CglibAopProxy.java:768)
	at org.springframework.aop.framework.CglibAopProxy$DynamicAdvisedInterceptor.intercept(CglibAopProxy.java:720)
	at com.track.task.service.user.impl.UserServiceImpl$$SpringCGLIB$$0.add(<generated>)
	at com.track.task.user.UserServiceImplTest.existsByEmail_WhenEmailExists_ShouldReturnTrue(UserServiceImplTest.java:97)
	at java.base/jdk.internal.reflect.DirectMethodHandleAccessor.invoke(DirectMethodHandleAccessor.java:103)
	at java.base/java.lang.reflect.Method.invoke(Method.java:580)
	at org.junit.platform.commons.util.ReflectionUtils.invokeMethod(ReflectionUtils.java:728)
	at org.junit.jupiter.engine.execution.MethodInvocation.proceed(MethodInvocation.java:60)
	at org.junit.jupiter.engine.execution.InvocationInterceptorChain$ValidatingInvocation.proceed(InvocationInterceptorChain.java:131)
	at org.junit.jupiter.engine.extension.TimeoutExtension.intercept(TimeoutExtension.java:156)
	at org.junit.jupiter.engine.extension.TimeoutExtension.interceptTestableMethod(TimeoutExtension.java:147)
	at org.junit.jupiter.engine.extension.TimeoutExtension.interceptTestMethod(TimeoutExtension.java:86)
	at org.junit.jupiter.engine.execution.InterceptingExecutableInvoker$ReflectiveInterceptorCall.lambda$ofVoidMethod$0(InterceptingExecutableInvoker.java:103)
	at org.junit.jupiter.engine.execution.InterceptingExecutableInvoker.lambda$invoke$0(InterceptingExecutableInvoker.java:93)
	at org.junit.jupiter.engine.execution.InvocationInterceptorChain$InterceptedInvocation.proceed(InvocationInterceptorChain.java:106)
	at org.junit.jupiter.engine.execution.InvocationInterceptorChain.proceed(InvocationInterceptorChain.java:64)
	at org.junit.jupiter.engine.execution.InvocationInterceptorChain.chainAndInvoke(InvocationInterceptorChain.java:45)
	at org.junit.jupiter.engine.execution.InvocationInterceptorChain.invoke(InvocationInterceptorChain.java:37)
	at org.junit.jupiter.engine.execution.InterceptingExecutableInvoker.invoke(InterceptingExecutableInvoker.java:92)
	at org.junit.jupiter.engine.execution.InterceptingExecutableInvoker.invoke(InterceptingExecutableInvoker.java:86)
	at org.junit.jupiter.engine.descriptor.TestMethodTestDescriptor.lambda$invokeTestMethod$7(TestMethodTestDescriptor.java:218)
	at org.junit.platform.engine.support.hierarchical.ThrowableCollector.execute(ThrowableCollector.java:73)
	at org.junit.jupiter.engine.descriptor.TestMethodTestDescriptor.invokeTestMethod(TestMethodTestDescriptor.java:214)
	at org.junit.jupiter.engine.descriptor.TestMethodTestDescriptor.execute(TestMethodTestDescriptor.java:139)
	at org.junit.jupiter.engine.descriptor.TestMethodTestDescriptor.execute(TestMethodTestDescriptor.java:69)
	at org.junit.platform.engine.support.hierarchical.NodeTestTask.lambda$executeRecursively$6(NodeTestTask.java:156)
	at org.junit.platform.engine.support.hierarchical.ThrowableCollector.execute(ThrowableCollector.java:73)
	at org.junit.platform.engine.support.hierarchical.NodeTestTask.lambda$executeRecursively$8(NodeTestTask.java:146)
	at org.junit.platform.engine.support.hierarchical.Node.around(Node.java:137)
	at org.junit.platform.engine.support.hierarchical.NodeTestTask.lambda$executeRecursively$9(NodeTestTask.java:144)
	at org.junit.platform.engine.support.hierarchical.ThrowableCollector.execute(ThrowableCollector.java:73)
	at org.junit.platform.engine.support.hierarchical.NodeTestTask.executeRecursively(NodeTestTask.java:143)
	at org.junit.platform.engine.support.hierarchical.NodeTestTask.execute(NodeTestTask.java:100)
	at java.base/java.util.ArrayList.forEach(ArrayList.java:1597)
	at org.junit.platform.engine.support.hierarchical.SameThreadHierarchicalTestExecutorService.invokeAll(SameThreadHierarchicalTestExecutorService.java:41)
	at org.junit.platform.engine.support.hierarchical.NodeTestTask.lambda$executeRecursively$6(NodeTestTask.java:160)
	at org.junit.platform.engine.support.hierarchical.ThrowableCollector.execute(ThrowableCollector.java:73)
	at org.junit.platform.engine.support.hierarchical.NodeTestTask.lambda$executeRecursively$8(NodeTestTask.java:146)
	at org.junit.platform.engine.support.hierarchical.Node.around(Node.java:137)
	at org.junit.platform.engine.support.hierarchical.NodeTestTask.lambda$executeRecursively$9(NodeTestTask.java:144)
	at org.junit.platform.engine.support.hierarchical.ThrowableCollector.execute(ThrowableCollector.java:73)
	at org.junit.platform.engine.support.hierarchical.NodeTestTask.executeRecursively(NodeTestTask.java:143)
	at org.junit.platform.engine.support.hierarchical.NodeTestTask.execute(NodeTestTask.java:100)
	at java.base/java.util.ArrayList.forEach(ArrayList.java:1597)
	at org.junit.platform.engine.support.hierarchical.SameThreadHierarchicalTestExecutorService.invokeAll(SameThreadHierarchicalTestExecutorService.java:41)
	at org.junit.platform.engine.support.hierarchical.NodeTestTask.lambda$executeRecursively$6(NodeTestTask.java:160)
	at org.junit.platform.engine.support.hierarchical.ThrowableCollector.execute(ThrowableCollector.java:73)
	at org.junit.platform.engine.support.hierarchical.NodeTestTask.lambda$executeRecursively$8(NodeTestTask.java:146)
	at org.junit.platform.engine.support.hierarchical.Node.around(Node.java:137)
	at org.junit.platform.engine.support.hierarchical.NodeTestTask.lambda$executeRecursively$9(NodeTestTask.java:144)
	at org.junit.platform.engine.support.hierarchical.ThrowableCollector.execute(ThrowableCollector.java:73)
	at org.junit.platform.engine.support.hierarchical.NodeTestTask.executeRecursively(NodeTestTask.java:143)
	at org.junit.platform.engine.support.hierarchical.NodeTestTask.execute(NodeTestTask.java:100)
	at org.junit.platform.engine.support.hierarchical.SameThreadHierarchicalTestExecutorService.submit(SameThreadHierarchicalTestExecutorService.java:35)
	at org.junit.platform.engine.support.hierarchical.HierarchicalTestExecutor.execute(HierarchicalTestExecutor.java:57)
	at org.junit.platform.engine.support.hierarchical.HierarchicalTestEngine.execute(HierarchicalTestEngine.java:54)
	at org.junit.platform.launcher.core.EngineExecutionOrchestrator.execute(EngineExecutionOrchestrator.java:198)
	at org.junit.platform.launcher.core.EngineExecutionOrchestrator.execute(EngineExecutionOrchestrator.java:169)
	at org.junit.platform.launcher.core.EngineExecutionOrchestrator.execute(EngineExecutionOrchestrator.java:93)
	at org.junit.platform.launcher.core.EngineExecutionOrchestrator.lambda$execute$0(EngineExecutionOrchestrator.java:58)
	at org.junit.platform.launcher.core.EngineExecutionOrchestrator.withInterceptedStreams(EngineExecutionOrchestrator.java:141)
	at org.junit.platform.launcher.core.EngineExecutionOrchestrator.execute(EngineExecutionOrchestrator.java:57)
	at org.junit.platform.launcher.core.DefaultLauncher.execute(DefaultLauncher.java:103)
	at org.junit.platform.launcher.core.DefaultLauncher.execute(DefaultLauncher.java:85)
	at org.junit.platform.launcher.core.DelegatingLauncher.execute(DelegatingLauncher.java:47)
	at org.junit.platform.launcher.core.SessionPerRequestLauncher.execute(SessionPerRequestLauncher.java:63)
	at com.intellij.junit5.JUnit5IdeaTestRunner.startRunnerWithArgs(JUnit5IdeaTestRunner.java:57)
	at com.intellij.rt.junit.IdeaTestRunner$Repeater$1.execute(IdeaTestRunner.java:38)
	at com.intellij.rt.execution.junit.TestsRepeater.repeat(TestsRepeater.java:11)
	at com.intellij.rt.junit.IdeaTestRunner$Repeater.startRunnerWithArgs(IdeaTestRunner.java:35)
	at com.intellij.rt.junit.JUnitStarter.prepareStreamsAndStart(JUnitStarter.java:232)
	at com.intellij.rt.junit.JUnitStarter.main(JUnitStarter.java:55)
Caused by: org.hibernate.exception.ConstraintViolationException: could not execute statement [ERROR: duplicate key value violates unique constraint "user_username_key"
  Подробности: Key (username)=(testuser) already exists.] [insert into private."user" (created_at,email,password,username) values (?,?,?,?) returning id]
	at org.hibernate.exception.internal.SQLStateConversionDelegate.convert(SQLStateConversionDelegate.java:97)
	at org.hibernate.exception.internal.StandardSQLExceptionConverter.convert(StandardSQLExceptionConverter.java:58)
	at org.hibernate.engine.jdbc.spi.SqlExceptionHelper.convert(SqlExceptionHelper.java:108)
	at org.hibernate.engine.jdbc.internal.ResultSetReturnImpl.execute(ResultSetReturnImpl.java:145)
	at org.hibernate.id.insert.InsertReturningDelegate.executeAndExtractReturning(InsertReturningDelegate.java:96)
	at org.hibernate.id.insert.AbstractReturningDelegate.performMutation(AbstractReturningDelegate.java:58)
	at org.hibernate.engine.jdbc.mutation.internal.MutationExecutorSingleNonBatched.performNonBatchedOperations(MutationExecutorSingleNonBatched.java:47)
	at org.hibernate.engine.jdbc.mutation.internal.AbstractMutationExecutor.execute(AbstractMutationExecutor.java:55)
	at org.hibernate.persister.entity.mutation.InsertCoordinatorStandard.doStaticInserts(InsertCoordinatorStandard.java:194)
	at org.hibernate.persister.entity.mutation.InsertCoordinatorStandard.coordinateInsert(InsertCoordinatorStandard.java:132)
	at org.hibernate.persister.entity.mutation.InsertCoordinatorStandard.insert(InsertCoordinatorStandard.java:95)
	at org.hibernate.action.internal.EntityIdentityInsertAction.execute(EntityIdentityInsertAction.java:85)
	at org.hibernate.engine.spi.ActionQueue.execute(ActionQueue.java:671)
	at org.hibernate.engine.spi.ActionQueue.addResolvedEntityInsertAction(ActionQueue.java:292)
	at org.hibernate.engine.spi.ActionQueue.addInsertAction(ActionQueue.java:273)
	at org.hibernate.engine.spi.ActionQueue.addAction(ActionQueue.java:323)
	at org.hibernate.event.internal.AbstractSaveEventListener.addInsertAction(AbstractSaveEventListener.java:391)
	at org.hibernate.event.internal.AbstractSaveEventListener.performSaveOrReplicate(AbstractSaveEventListener.java:305)
	at org.hibernate.event.internal.AbstractSaveEventListener.performSave(AbstractSaveEventListener.java:224)
	at org.hibernate.event.internal.AbstractSaveEventListener.saveWithGeneratedId(AbstractSaveEventListener.java:137)
	at org.hibernate.event.internal.DefaultPersistEventListener.entityIsTransient(DefaultPersistEventListener.java:175)
	at org.hibernate.event.internal.DefaultPersistEventListener.persist(DefaultPersistEventListener.java:93)
	at org.hibernate.event.internal.DefaultPersistEventListener.onPersist(DefaultPersistEventListener.java:77)
	at org.hibernate.event.internal.DefaultPersistEventListener.onPersist(DefaultPersistEventListener.java:54)
	at org.hibernate.event.service.internal.EventListenerGroupImpl.fireEventOnEachListener(EventListenerGroupImpl.java:127)
	at org.hibernate.internal.SessionImpl.firePersist(SessionImpl.java:757)
	at org.hibernate.internal.SessionImpl.persist(SessionImpl.java:741)
	at java.base/jdk.internal.reflect.DirectMethodHandleAccessor.invoke(DirectMethodHandleAccessor.java:103)
	at java.base/java.lang.reflect.Method.invoke(Method.java:580)
	at org.springframework.orm.jpa.SharedEntityManagerCreator$SharedEntityManagerInvocationHandler.invoke(SharedEntityManagerCreator.java:319)
	at jdk.proxy2/jdk.proxy2.$Proxy168.persist(Unknown Source)
	at org.springframework.data.jpa.repository.support.SimpleJpaRepository.save(SimpleJpaRepository.java:628)
	at java.base/jdk.internal.reflect.DirectMethodHandleAccessor.invoke(DirectMethodHandleAccessor.java:103)
	at java.base/java.lang.reflect.Method.invoke(Method.java:580)
	at org.springframework.aop.support.AopUtils.invokeJoinpointUsingReflection(AopUtils.java:355)
	at org.springframework.data.repository.core.support.RepositoryMethodInvoker$RepositoryFragmentMethodInvoker.lambda$new$0(RepositoryMethodInvoker.java:277)
	at org.springframework.data.repository.core.support.RepositoryMethodInvoker.doInvoke(RepositoryMethodInvoker.java:170)
	at org.springframework.data.repository.core.support.RepositoryMethodInvoker.invoke(RepositoryMethodInvoker.java:158)
	at org.springframework.data.repository.core.support.RepositoryComposition$RepositoryFragments.invoke(RepositoryComposition.java:516)
	at org.springframework.data.repository.core.support.RepositoryComposition.invoke(RepositoryComposition.java:285)
	at org.springframework.data.repository.core.support.RepositoryFactorySupport$ImplementationMethodExecutionInterceptor.invoke(RepositoryFactorySupport.java:628)
	at org.springframework.aop.framework.ReflectiveMethodInvocation.proceed(ReflectiveMethodInvocation.java:184)
	at org.springframework.data.repository.core.support.QueryExecutorMethodInterceptor.doInvoke(QueryExecutorMethodInterceptor.java:173)
	at org.springframework.data.repository.core.support.QueryExecutorMethodInterceptor.invoke(QueryExecutorMethodInterceptor.java:148)
	at org.springframework.aop.framework.ReflectiveMethodInvocation.proceed(ReflectiveMethodInvocation.java:184)
	at org.springframework.data.projection.DefaultMethodInvokingMethodInterceptor.invoke(DefaultMethodInvokingMethodInterceptor.java:70)
	at org.springframework.aop.framework.ReflectiveMethodInvocation.proceed(ReflectiveMethodInvocation.java:184)
	at org.springframework.transaction.interceptor.TransactionAspectSupport.invokeWithinTransaction(TransactionAspectSupport.java:379)
	at org.springframework.transaction.interceptor.TransactionInterceptor.invoke(TransactionInterceptor.java:119)
	at org.springframework.aop.framework.ReflectiveMethodInvocation.proceed(ReflectiveMethodInvocation.java:184)
	at org.springframework.dao.support.PersistenceExceptionTranslationInterceptor.invoke(PersistenceExceptionTranslationInterceptor.java:138)
	... 97 common frames omitted
Caused by: org.postgresql.util.PSQLException: ERROR: duplicate key value violates unique constraint "user_username_key"
  Подробности: Key (username)=(testuser) already exists.
	at org.postgresql.core.v3.QueryExecutorImpl.receiveErrorResponse(QueryExecutorImpl.java:2733)
	at org.postgresql.core.v3.QueryExecutorImpl.processResults(QueryExecutorImpl.java:2420)
	at org.postgresql.core.v3.QueryExecutorImpl.execute(QueryExecutorImpl.java:372)
	at org.postgresql.jdbc.PgStatement.executeInternal(PgStatement.java:517)
	at org.postgresql.jdbc.PgStatement.execute(PgStatement.java:434)
	at org.postgresql.jdbc.PgPreparedStatement.executeWithFlags(PgPreparedStatement.java:194)
	at org.postgresql.jdbc.PgPreparedStatement.execute(PgPreparedStatement.java:180)
	at com.zaxxer.hikari.pool.ProxyPreparedStatement.execute(ProxyPreparedStatement.java:44)
	at com.zaxxer.hikari.pool.HikariProxyPreparedStatement.execute(HikariProxyPreparedStatement.java)
	at org.hibernate.engine.jdbc.internal.ResultSetReturnImpl.execute(ResultSetReturnImpl.java:129)
	... 144 common frames omitted
2025-03-03 15:57:13 [main] INFO  com.track.task.aspect.LoggingAspect - Entering method: UserServiceImpl.add(..)
2025-03-03 15:57:13 [main] INFO  c.t.t.s.user.impl.UserServiceImpl - Add user
2025-03-03 15:57:13 [main] WARN  o.h.e.jdbc.spi.SqlExceptionHelper - SQL Error: 0, SQLState: 23505
2025-03-03 15:57:13 [main] ERROR o.h.e.jdbc.spi.SqlExceptionHelper - ERROR: duplicate key value violates unique constraint "user_username_key"
  Подробности: Key (username)=(testuser) already exists.
2025-03-03 15:57:13 [main] ERROR com.track.task.aspect.LoggingAspect - Exception in method: UserServiceImpl.add(..): could not execute statement [ERROR: duplicate key value violates unique constraint "user_username_key"
  Подробности: Key (username)=(testuser) already exists.] [insert into private."user" (created_at,email,password,username) values (?,?,?,?) returning id]; SQL [insert into private."user" (created_at,email,password,username) values (?,?,?,?) returning id]; constraint [user_username_key]
org.springframework.dao.DataIntegrityViolationException: could not execute statement [ERROR: duplicate key value violates unique constraint "user_username_key"
  Подробности: Key (username)=(testuser) already exists.] [insert into private."user" (created_at,email,password,username) values (?,?,?,?) returning id]; SQL [insert into private."user" (created_at,email,password,username) values (?,?,?,?) returning id]; constraint [user_username_key]
	at org.springframework.orm.jpa.vendor.HibernateJpaDialect.convertHibernateAccessException(HibernateJpaDialect.java:290)
	at org.springframework.orm.jpa.vendor.HibernateJpaDialect.translateExceptionIfPossible(HibernateJpaDialect.java:241)
	at org.springframework.orm.jpa.AbstractEntityManagerFactoryBean.translateExceptionIfPossible(AbstractEntityManagerFactoryBean.java:550)
	at org.springframework.dao.support.ChainedPersistenceExceptionTranslator.translateExceptionIfPossible(ChainedPersistenceExceptionTranslator.java:61)
	at org.springframework.dao.support.DataAccessUtils.translateIfNecessary(DataAccessUtils.java:335)
	at org.springframework.dao.support.PersistenceExceptionTranslationInterceptor.invoke(PersistenceExceptionTranslationInterceptor.java:160)
	at org.springframework.aop.framework.ReflectiveMethodInvocation.proceed(ReflectiveMethodInvocation.java:184)
	at org.springframework.data.jpa.repository.support.CrudMethodMetadataPostProcessor$CrudMethodMetadataPopulatingMethodInterceptor.invoke(CrudMethodMetadataPostProcessor.java:165)
	at org.springframework.aop.framework.ReflectiveMethodInvocation.proceed(ReflectiveMethodInvocation.java:184)
	at org.springframework.aop.interceptor.ExposeInvocationInterceptor.invoke(ExposeInvocationInterceptor.java:97)
	at org.springframework.aop.framework.ReflectiveMethodInvocation.proceed(ReflectiveMethodInvocation.java:184)
	at org.springframework.aop.framework.JdkDynamicAopProxy.invoke(JdkDynamicAopProxy.java:223)
	at jdk.proxy2/jdk.proxy2.$Proxy171.save(Unknown Source)
	at com.track.task.service.user.impl.UserServiceImpl.add(UserServiceImpl.java:22)
	at java.base/jdk.internal.reflect.DirectMethodHandleAccessor.invoke(DirectMethodHandleAccessor.java:103)
	at java.base/java.lang.reflect.Method.invoke(Method.java:580)
	at org.springframework.aop.support.AopUtils.invokeJoinpointUsingReflection(AopUtils.java:355)
	at org.springframework.aop.framework.ReflectiveMethodInvocation.invokeJoinpoint(ReflectiveMethodInvocation.java:196)
	at org.springframework.aop.framework.ReflectiveMethodInvocation.proceed(ReflectiveMethodInvocation.java:163)
	at org.springframework.aop.framework.CglibAopProxy$CglibMethodInvocation.proceed(CglibAopProxy.java:768)
	at org.springframework.aop.aspectj.MethodInvocationProceedingJoinPoint.proceed(MethodInvocationProceedingJoinPoint.java:89)
	at com.track.task.aspect.LoggingAspect.logMethodExecution(LoggingAspect.java:19)
	at java.base/jdk.internal.reflect.DirectMethodHandleAccessor.invoke(DirectMethodHandleAccessor.java:103)
	at java.base/java.lang.reflect.Method.invoke(Method.java:580)
	at org.springframework.aop.aspectj.AbstractAspectJAdvice.invokeAdviceMethodWithGivenArgs(AbstractAspectJAdvice.java:637)
	at org.springframework.aop.aspectj.AbstractAspectJAdvice.invokeAdviceMethod(AbstractAspectJAdvice.java:627)
	at org.springframework.aop.aspectj.AspectJAroundAdvice.invoke(AspectJAroundAdvice.java:71)
	at org.springframework.aop.framework.ReflectiveMethodInvocation.proceed(ReflectiveMethodInvocation.java:184)
	at org.springframework.aop.framework.CglibAopProxy$CglibMethodInvocation.proceed(CglibAopProxy.java:768)
	at org.springframework.aop.interceptor.ExposeInvocationInterceptor.invoke(ExposeInvocationInterceptor.java:97)
	at org.springframework.aop.framework.ReflectiveMethodInvocation.proceed(ReflectiveMethodInvocation.java:184)
	at org.springframework.aop.framework.CglibAopProxy$CglibMethodInvocation.proceed(CglibAopProxy.java:768)
	at org.springframework.aop.framework.CglibAopProxy$DynamicAdvisedInterceptor.intercept(CglibAopProxy.java:720)
	at com.track.task.service.user.impl.UserServiceImpl$$SpringCGLIB$$0.add(<generated>)
	at com.track.task.user.UserServiceImplTest.getUserById_WhenUserExists_ShouldReturnUser(UserServiceImplTest.java:66)
	at java.base/jdk.internal.reflect.DirectMethodHandleAccessor.invoke(DirectMethodHandleAccessor.java:103)
	at java.base/java.lang.reflect.Method.invoke(Method.java:580)
	at org.junit.platform.commons.util.ReflectionUtils.invokeMethod(ReflectionUtils.java:728)
	at org.junit.jupiter.engine.execution.MethodInvocation.proceed(MethodInvocation.java:60)
	at org.junit.jupiter.engine.execution.InvocationInterceptorChain$ValidatingInvocation.proceed(InvocationInterceptorChain.java:131)
	at org.junit.jupiter.engine.extension.TimeoutExtension.intercept(TimeoutExtension.java:156)
	at org.junit.jupiter.engine.extension.TimeoutExtension.interceptTestableMethod(TimeoutExtension.java:147)
	at org.junit.jupiter.engine.extension.TimeoutExtension.interceptTestMethod(TimeoutExtension.java:86)
	at org.junit.jupiter.engine.execution.InterceptingExecutableInvoker$ReflectiveInterceptorCall.lambda$ofVoidMethod$0(InterceptingExecutableInvoker.java:103)
	at org.junit.jupiter.engine.execution.InterceptingExecutableInvoker.lambda$invoke$0(InterceptingExecutableInvoker.java:93)
	at org.junit.jupiter.engine.execution.InvocationInterceptorChain$InterceptedInvocation.proceed(InvocationInterceptorChain.java:106)
	at org.junit.jupiter.engine.execution.InvocationInterceptorChain.proceed(InvocationInterceptorChain.java:64)
	at org.junit.jupiter.engine.execution.InvocationInterceptorChain.chainAndInvoke(InvocationInterceptorChain.java:45)
	at org.junit.jupiter.engine.execution.InvocationInterceptorChain.invoke(InvocationInterceptorChain.java:37)
	at org.junit.jupiter.engine.execution.InterceptingExecutableInvoker.invoke(InterceptingExecutableInvoker.java:92)
	at org.junit.jupiter.engine.execution.InterceptingExecutableInvoker.invoke(InterceptingExecutableInvoker.java:86)
	at org.junit.jupiter.engine.descriptor.TestMethodTestDescriptor.lambda$invokeTestMethod$7(TestMethodTestDescriptor.java:218)
	at org.junit.platform.engine.support.hierarchical.ThrowableCollector.execute(ThrowableCollector.java:73)
	at org.junit.jupiter.engine.descriptor.TestMethodTestDescriptor.invokeTestMethod(TestMethodTestDescriptor.java:214)
	at org.junit.jupiter.engine.descriptor.TestMethodTestDescriptor.execute(TestMethodTestDescriptor.java:139)
	at org.junit.jupiter.engine.descriptor.TestMethodTestDescriptor.execute(TestMethodTestDescriptor.java:69)
	at org.junit.platform.engine.support.hierarchical.NodeTestTask.lambda$executeRecursively$6(NodeTestTask.java:156)
	at org.junit.platform.engine.support.hierarchical.ThrowableCollector.execute(ThrowableCollector.java:73)
	at org.junit.platform.engine.support.hierarchical.NodeTestTask.lambda$executeRecursively$8(NodeTestTask.java:146)
	at org.junit.platform.engine.support.hierarchical.Node.around(Node.java:137)
	at org.junit.platform.engine.support.hierarchical.NodeTestTask.lambda$executeRecursively$9(NodeTestTask.java:144)
	at org.junit.platform.engine.support.hierarchical.ThrowableCollector.execute(ThrowableCollector.java:73)
	at org.junit.platform.engine.support.hierarchical.NodeTestTask.executeRecursively(NodeTestTask.java:143)
	at org.junit.platform.engine.support.hierarchical.NodeTestTask.execute(NodeTestTask.java:100)
	at java.base/java.util.ArrayList.forEach(ArrayList.java:1597)
	at org.junit.platform.engine.support.hierarchical.SameThreadHierarchicalTestExecutorService.invokeAll(SameThreadHierarchicalTestExecutorService.java:41)
	at org.junit.platform.engine.support.hierarchical.NodeTestTask.lambda$executeRecursively$6(NodeTestTask.java:160)
	at org.junit.platform.engine.support.hierarchical.ThrowableCollector.execute(ThrowableCollector.java:73)
	at org.junit.platform.engine.support.hierarchical.NodeTestTask.lambda$executeRecursively$8(NodeTestTask.java:146)
	at org.junit.platform.engine.support.hierarchical.Node.around(Node.java:137)
	at org.junit.platform.engine.support.hierarchical.NodeTestTask.lambda$executeRecursively$9(NodeTestTask.java:144)
	at org.junit.platform.engine.support.hierarchical.ThrowableCollector.execute(ThrowableCollector.java:73)
	at org.junit.platform.engine.support.hierarchical.NodeTestTask.executeRecursively(NodeTestTask.java:143)
	at org.junit.platform.engine.support.hierarchical.NodeTestTask.execute(NodeTestTask.java:100)
	at java.base/java.util.ArrayList.forEach(ArrayList.java:1597)
	at org.junit.platform.engine.support.hierarchical.SameThreadHierarchicalTestExecutorService.invokeAll(SameThreadHierarchicalTestExecutorService.java:41)
	at org.junit.platform.engine.support.hierarchical.NodeTestTask.lambda$executeRecursively$6(NodeTestTask.java:160)
	at org.junit.platform.engine.support.hierarchical.ThrowableCollector.execute(ThrowableCollector.java:73)
	at org.junit.platform.engine.support.hierarchical.NodeTestTask.lambda$executeRecursively$8(NodeTestTask.java:146)
	at org.junit.platform.engine.support.hierarchical.Node.around(Node.java:137)
	at org.junit.platform.engine.support.hierarchical.NodeTestTask.lambda$executeRecursively$9(NodeTestTask.java:144)
	at org.junit.platform.engine.support.hierarchical.ThrowableCollector.execute(ThrowableCollector.java:73)
	at org.junit.platform.engine.support.hierarchical.NodeTestTask.executeRecursively(NodeTestTask.java:143)
	at org.junit.platform.engine.support.hierarchical.NodeTestTask.execute(NodeTestTask.java:100)
	at org.junit.platform.engine.support.hierarchical.SameThreadHierarchicalTestExecutorService.submit(SameThreadHierarchicalTestExecutorService.java:35)
	at org.junit.platform.engine.support.hierarchical.HierarchicalTestExecutor.execute(HierarchicalTestExecutor.java:57)
	at org.junit.platform.engine.support.hierarchical.HierarchicalTestEngine.execute(HierarchicalTestEngine.java:54)
	at org.junit.platform.launcher.core.EngineExecutionOrchestrator.execute(EngineExecutionOrchestrator.java:198)
	at org.junit.platform.launcher.core.EngineExecutionOrchestrator.execute(EngineExecutionOrchestrator.java:169)
	at org.junit.platform.launcher.core.EngineExecutionOrchestrator.execute(EngineExecutionOrchestrator.java:93)
	at org.junit.platform.launcher.core.EngineExecutionOrchestrator.lambda$execute$0(EngineExecutionOrchestrator.java:58)
	at org.junit.platform.launcher.core.EngineExecutionOrchestrator.withInterceptedStreams(EngineExecutionOrchestrator.java:141)
	at org.junit.platform.launcher.core.EngineExecutionOrchestrator.execute(EngineExecutionOrchestrator.java:57)
	at org.junit.platform.launcher.core.DefaultLauncher.execute(DefaultLauncher.java:103)
	at org.junit.platform.launcher.core.DefaultLauncher.execute(DefaultLauncher.java:85)
	at org.junit.platform.launcher.core.DelegatingLauncher.execute(DelegatingLauncher.java:47)
	at org.junit.platform.launcher.core.SessionPerRequestLauncher.execute(SessionPerRequestLauncher.java:63)
	at com.intellij.junit5.JUnit5IdeaTestRunner.startRunnerWithArgs(JUnit5IdeaTestRunner.java:57)
	at com.intellij.rt.junit.IdeaTestRunner$Repeater$1.execute(IdeaTestRunner.java:38)
	at com.intellij.rt.execution.junit.TestsRepeater.repeat(TestsRepeater.java:11)
	at com.intellij.rt.junit.IdeaTestRunner$Repeater.startRunnerWithArgs(IdeaTestRunner.java:35)
	at com.intellij.rt.junit.JUnitStarter.prepareStreamsAndStart(JUnitStarter.java:232)
	at com.intellij.rt.junit.JUnitStarter.main(JUnitStarter.java:55)
Caused by: org.hibernate.exception.ConstraintViolationException: could not execute statement [ERROR: duplicate key value violates unique constraint "user_username_key"
  Подробности: Key (username)=(testuser) already exists.] [insert into private."user" (created_at,email,password,username) values (?,?,?,?) returning id]
	at org.hibernate.exception.internal.SQLStateConversionDelegate.convert(SQLStateConversionDelegate.java:97)
	at org.hibernate.exception.internal.StandardSQLExceptionConverter.convert(StandardSQLExceptionConverter.java:58)
	at org.hibernate.engine.jdbc.spi.SqlExceptionHelper.convert(SqlExceptionHelper.java:108)
	at org.hibernate.engine.jdbc.internal.ResultSetReturnImpl.execute(ResultSetReturnImpl.java:145)
	at org.hibernate.id.insert.InsertReturningDelegate.executeAndExtractReturning(InsertReturningDelegate.java:96)
	at org.hibernate.id.insert.AbstractReturningDelegate.performMutation(AbstractReturningDelegate.java:58)
	at org.hibernate.engine.jdbc.mutation.internal.MutationExecutorSingleNonBatched.performNonBatchedOperations(MutationExecutorSingleNonBatched.java:47)
	at org.hibernate.engine.jdbc.mutation.internal.AbstractMutationExecutor.execute(AbstractMutationExecutor.java:55)
	at org.hibernate.persister.entity.mutation.InsertCoordinatorStandard.doStaticInserts(InsertCoordinatorStandard.java:194)
	at org.hibernate.persister.entity.mutation.InsertCoordinatorStandard.coordinateInsert(InsertCoordinatorStandard.java:132)
	at org.hibernate.persister.entity.mutation.InsertCoordinatorStandard.insert(InsertCoordinatorStandard.java:95)
	at org.hibernate.action.internal.EntityIdentityInsertAction.execute(EntityIdentityInsertAction.java:85)
	at org.hibernate.engine.spi.ActionQueue.execute(ActionQueue.java:671)
	at org.hibernate.engine.spi.ActionQueue.addResolvedEntityInsertAction(ActionQueue.java:292)
	at org.hibernate.engine.spi.ActionQueue.addInsertAction(ActionQueue.java:273)
	at org.hibernate.engine.spi.ActionQueue.addAction(ActionQueue.java:323)
	at org.hibernate.event.internal.AbstractSaveEventListener.addInsertAction(AbstractSaveEventListener.java:391)
	at org.hibernate.event.internal.AbstractSaveEventListener.performSaveOrReplicate(AbstractSaveEventListener.java:305)
	at org.hibernate.event.internal.AbstractSaveEventListener.performSave(AbstractSaveEventListener.java:224)
	at org.hibernate.event.internal.AbstractSaveEventListener.saveWithGeneratedId(AbstractSaveEventListener.java:137)
	at org.hibernate.event.internal.DefaultPersistEventListener.entityIsTransient(DefaultPersistEventListener.java:175)
	at org.hibernate.event.internal.DefaultPersistEventListener.persist(DefaultPersistEventListener.java:93)
	at org.hibernate.event.internal.DefaultPersistEventListener.onPersist(DefaultPersistEventListener.java:77)
	at org.hibernate.event.internal.DefaultPersistEventListener.onPersist(DefaultPersistEventListener.java:54)
	at org.hibernate.event.service.internal.EventListenerGroupImpl.fireEventOnEachListener(EventListenerGroupImpl.java:127)
	at org.hibernate.internal.SessionImpl.firePersist(SessionImpl.java:757)
	at org.hibernate.internal.SessionImpl.persist(SessionImpl.java:741)
	at java.base/jdk.internal.reflect.DirectMethodHandleAccessor.invoke(DirectMethodHandleAccessor.java:103)
	at java.base/java.lang.reflect.Method.invoke(Method.java:580)
	at org.springframework.orm.jpa.SharedEntityManagerCreator$SharedEntityManagerInvocationHandler.invoke(SharedEntityManagerCreator.java:319)
	at jdk.proxy2/jdk.proxy2.$Proxy168.persist(Unknown Source)
	at org.springframework.data.jpa.repository.support.SimpleJpaRepository.save(SimpleJpaRepository.java:628)
	at java.base/jdk.internal.reflect.DirectMethodHandleAccessor.invoke(DirectMethodHandleAccessor.java:103)
	at java.base/java.lang.reflect.Method.invoke(Method.java:580)
	at org.springframework.aop.support.AopUtils.invokeJoinpointUsingReflection(AopUtils.java:355)
	at org.springframework.data.repository.core.support.RepositoryMethodInvoker$RepositoryFragmentMethodInvoker.lambda$new$0(RepositoryMethodInvoker.java:277)
	at org.springframework.data.repository.core.support.RepositoryMethodInvoker.doInvoke(RepositoryMethodInvoker.java:170)
	at org.springframework.data.repository.core.support.RepositoryMethodInvoker.invoke(RepositoryMethodInvoker.java:158)
	at org.springframework.data.repository.core.support.RepositoryComposition$RepositoryFragments.invoke(RepositoryComposition.java:516)
	at org.springframework.data.repository.core.support.RepositoryComposition.invoke(RepositoryComposition.java:285)
	at org.springframework.data.repository.core.support.RepositoryFactorySupport$ImplementationMethodExecutionInterceptor.invoke(RepositoryFactorySupport.java:628)
	at org.springframework.aop.framework.ReflectiveMethodInvocation.proceed(ReflectiveMethodInvocation.java:184)
	at org.springframework.data.repository.core.support.QueryExecutorMethodInterceptor.doInvoke(QueryExecutorMethodInterceptor.java:173)
	at org.springframework.data.repository.core.support.QueryExecutorMethodInterceptor.invoke(QueryExecutorMethodInterceptor.java:148)
	at org.springframework.aop.framework.ReflectiveMethodInvocation.proceed(ReflectiveMethodInvocation.java:184)
	at org.springframework.data.projection.DefaultMethodInvokingMethodInterceptor.invoke(DefaultMethodInvokingMethodInterceptor.java:70)
	at org.springframework.aop.framework.ReflectiveMethodInvocation.proceed(ReflectiveMethodInvocation.java:184)
	at org.springframework.transaction.interceptor.TransactionAspectSupport.invokeWithinTransaction(TransactionAspectSupport.java:379)
	at org.springframework.transaction.interceptor.TransactionInterceptor.invoke(TransactionInterceptor.java:119)
	at org.springframework.aop.framework.ReflectiveMethodInvocation.proceed(ReflectiveMethodInvocation.java:184)
	at org.springframework.dao.support.PersistenceExceptionTranslationInterceptor.invoke(PersistenceExceptionTranslationInterceptor.java:138)
	... 97 common frames omitted
Caused by: org.postgresql.util.PSQLException: ERROR: duplicate key value violates unique constraint "user_username_key"
  Подробности: Key (username)=(testuser) already exists.
	at org.postgresql.core.v3.QueryExecutorImpl.receiveErrorResponse(QueryExecutorImpl.java:2733)
	at org.postgresql.core.v3.QueryExecutorImpl.processResults(QueryExecutorImpl.java:2420)
	at org.postgresql.core.v3.QueryExecutorImpl.execute(QueryExecutorImpl.java:372)
	at org.postgresql.jdbc.PgStatement.executeInternal(PgStatement.java:517)
	at org.postgresql.jdbc.PgStatement.execute(PgStatement.java:434)
	at org.postgresql.jdbc.PgPreparedStatement.executeWithFlags(PgPreparedStatement.java:194)
	at org.postgresql.jdbc.PgPreparedStatement.execute(PgPreparedStatement.java:180)
	at com.zaxxer.hikari.pool.ProxyPreparedStatement.execute(ProxyPreparedStatement.java:44)
	at com.zaxxer.hikari.pool.HikariProxyPreparedStatement.execute(HikariProxyPreparedStatement.java)
	at org.hibernate.engine.jdbc.internal.ResultSetReturnImpl.execute(ResultSetReturnImpl.java:129)
	... 144 common frames omitted
2025-03-03 15:57:13 [main] INFO  com.track.task.aspect.LoggingAspect - Entering method: UserServiceImpl.existsByEmail(..)
2025-03-03 15:57:13 [main] INFO  c.t.t.s.user.impl.UserServiceImpl - Exists user by email
2025-03-03 15:57:13 [main] INFO  com.track.task.aspect.LoggingAspect - Exiting method: UserServiceImpl.existsByEmail(..) with result: false
2025-03-03 15:57:13 [main] INFO  com.track.task.aspect.LoggingAspect - Entering method: UserServiceImpl.getUserById(..)
2025-03-03 15:57:13 [main] INFO  c.t.t.s.user.impl.UserServiceImpl - Get user by id
2025-03-03 15:57:13 [main] INFO  com.track.task.aspect.LoggingAspect - Exiting method: UserServiceImpl.getUserById(..) with result: Optional.empty
2025-03-03 15:57:13 [main] INFO  com.track.task.aspect.LoggingAspect - Entering method: UserServiceImpl.add(..)
2025-03-03 15:57:13 [main] INFO  c.t.t.s.user.impl.UserServiceImpl - Add user
2025-03-03 15:57:13 [main] WARN  o.h.e.jdbc.spi.SqlExceptionHelper - SQL Error: 0, SQLState: 23505
2025-03-03 15:57:13 [main] ERROR o.h.e.jdbc.spi.SqlExceptionHelper - ERROR: duplicate key value violates unique constraint "user_username_key"
  Подробности: Key (username)=(testuser) already exists.
2025-03-03 15:57:13 [main] ERROR com.track.task.aspect.LoggingAspect - Exception in method: UserServiceImpl.add(..): could not execute statement [ERROR: duplicate key value violates unique constraint "user_username_key"
  Подробности: Key (username)=(testuser) already exists.] [insert into private."user" (created_at,email,password,username) values (?,?,?,?) returning id]; SQL [insert into private."user" (created_at,email,password,username) values (?,?,?,?) returning id]; constraint [user_username_key]
org.springframework.dao.DataIntegrityViolationException: could not execute statement [ERROR: duplicate key value violates unique constraint "user_username_key"
  Подробности: Key (username)=(testuser) already exists.] [insert into private."user" (created_at,email,password,username) values (?,?,?,?) returning id]; SQL [insert into private."user" (created_at,email,password,username) values (?,?,?,?) returning id]; constraint [user_username_key]
	at org.springframework.orm.jpa.vendor.HibernateJpaDialect.convertHibernateAccessException(HibernateJpaDialect.java:290)
	at org.springframework.orm.jpa.vendor.HibernateJpaDialect.translateExceptionIfPossible(HibernateJpaDialect.java:241)
	at org.springframework.orm.jpa.AbstractEntityManagerFactoryBean.translateExceptionIfPossible(AbstractEntityManagerFactoryBean.java:550)
	at org.springframework.dao.support.ChainedPersistenceExceptionTranslator.translateExceptionIfPossible(ChainedPersistenceExceptionTranslator.java:61)
	at org.springframework.dao.support.DataAccessUtils.translateIfNecessary(DataAccessUtils.java:335)
	at org.springframework.dao.support.PersistenceExceptionTranslationInterceptor.invoke(PersistenceExceptionTranslationInterceptor.java:160)
	at org.springframework.aop.framework.ReflectiveMethodInvocation.proceed(ReflectiveMethodInvocation.java:184)
	at org.springframework.data.jpa.repository.support.CrudMethodMetadataPostProcessor$CrudMethodMetadataPopulatingMethodInterceptor.invoke(CrudMethodMetadataPostProcessor.java:165)
	at org.springframework.aop.framework.ReflectiveMethodInvocation.proceed(ReflectiveMethodInvocation.java:184)
	at org.springframework.aop.interceptor.ExposeInvocationInterceptor.invoke(ExposeInvocationInterceptor.java:97)
	at org.springframework.aop.framework.ReflectiveMethodInvocation.proceed(ReflectiveMethodInvocation.java:184)
	at org.springframework.aop.framework.JdkDynamicAopProxy.invoke(JdkDynamicAopProxy.java:223)
	at jdk.proxy2/jdk.proxy2.$Proxy171.save(Unknown Source)
	at com.track.task.service.user.impl.UserServiceImpl.add(UserServiceImpl.java:22)
	at java.base/jdk.internal.reflect.DirectMethodHandleAccessor.invoke(DirectMethodHandleAccessor.java:103)
	at java.base/java.lang.reflect.Method.invoke(Method.java:580)
	at org.springframework.aop.support.AopUtils.invokeJoinpointUsingReflection(AopUtils.java:355)
	at org.springframework.aop.framework.ReflectiveMethodInvocation.invokeJoinpoint(ReflectiveMethodInvocation.java:196)
	at org.springframework.aop.framework.ReflectiveMethodInvocation.proceed(ReflectiveMethodInvocation.java:163)
	at org.springframework.aop.framework.CglibAopProxy$CglibMethodInvocation.proceed(CglibAopProxy.java:768)
	at org.springframework.aop.aspectj.MethodInvocationProceedingJoinPoint.proceed(MethodInvocationProceedingJoinPoint.java:89)
	at com.track.task.aspect.LoggingAspect.logMethodExecution(LoggingAspect.java:19)
	at java.base/jdk.internal.reflect.DirectMethodHandleAccessor.invoke(DirectMethodHandleAccessor.java:103)
	at java.base/java.lang.reflect.Method.invoke(Method.java:580)
	at org.springframework.aop.aspectj.AbstractAspectJAdvice.invokeAdviceMethodWithGivenArgs(AbstractAspectJAdvice.java:637)
	at org.springframework.aop.aspectj.AbstractAspectJAdvice.invokeAdviceMethod(AbstractAspectJAdvice.java:627)
	at org.springframework.aop.aspectj.AspectJAroundAdvice.invoke(AspectJAroundAdvice.java:71)
	at org.springframework.aop.framework.ReflectiveMethodInvocation.proceed(ReflectiveMethodInvocation.java:184)
	at org.springframework.aop.framework.CglibAopProxy$CglibMethodInvocation.proceed(CglibAopProxy.java:768)
	at org.springframework.aop.interceptor.ExposeInvocationInterceptor.invoke(ExposeInvocationInterceptor.java:97)
	at org.springframework.aop.framework.ReflectiveMethodInvocation.proceed(ReflectiveMethodInvocation.java:184)
	at org.springframework.aop.framework.CglibAopProxy$CglibMethodInvocation.proceed(CglibAopProxy.java:768)
	at org.springframework.aop.framework.CglibAopProxy$DynamicAdvisedInterceptor.intercept(CglibAopProxy.java:720)
	at com.track.task.service.user.impl.UserServiceImpl$$SpringCGLIB$$0.add(<generated>)
	at com.track.task.user.UserServiceImplTest.addUser_ShouldSaveUserWithCorrectData(UserServiceImplTest.java:55)
	at java.base/jdk.internal.reflect.DirectMethodHandleAccessor.invoke(DirectMethodHandleAccessor.java:103)
	at java.base/java.lang.reflect.Method.invoke(Method.java:580)
	at org.junit.platform.commons.util.ReflectionUtils.invokeMethod(ReflectionUtils.java:728)
	at org.junit.jupiter.engine.execution.MethodInvocation.proceed(MethodInvocation.java:60)
	at org.junit.jupiter.engine.execution.InvocationInterceptorChain$ValidatingInvocation.proceed(InvocationInterceptorChain.java:131)
	at org.junit.jupiter.engine.extension.TimeoutExtension.intercept(TimeoutExtension.java:156)
	at org.junit.jupiter.engine.extension.TimeoutExtension.interceptTestableMethod(TimeoutExtension.java:147)
	at org.junit.jupiter.engine.extension.TimeoutExtension.interceptTestMethod(TimeoutExtension.java:86)
	at org.junit.jupiter.engine.execution.InterceptingExecutableInvoker$ReflectiveInterceptorCall.lambda$ofVoidMethod$0(InterceptingExecutableInvoker.java:103)
	at org.junit.jupiter.engine.execution.InterceptingExecutableInvoker.lambda$invoke$0(InterceptingExecutableInvoker.java:93)
	at org.junit.jupiter.engine.execution.InvocationInterceptorChain$InterceptedInvocation.proceed(InvocationInterceptorChain.java:106)
	at org.junit.jupiter.engine.execution.InvocationInterceptorChain.proceed(InvocationInterceptorChain.java:64)
	at org.junit.jupiter.engine.execution.InvocationInterceptorChain.chainAndInvoke(InvocationInterceptorChain.java:45)
	at org.junit.jupiter.engine.execution.InvocationInterceptorChain.invoke(InvocationInterceptorChain.java:37)
	at org.junit.jupiter.engine.execution.InterceptingExecutableInvoker.invoke(InterceptingExecutableInvoker.java:92)
	at org.junit.jupiter.engine.execution.InterceptingExecutableInvoker.invoke(InterceptingExecutableInvoker.java:86)
	at org.junit.jupiter.engine.descriptor.TestMethodTestDescriptor.lambda$invokeTestMethod$7(TestMethodTestDescriptor.java:218)
	at org.junit.platform.engine.support.hierarchical.ThrowableCollector.execute(ThrowableCollector.java:73)
	at org.junit.jupiter.engine.descriptor.TestMethodTestDescriptor.invokeTestMethod(TestMethodTestDescriptor.java:214)
	at org.junit.jupiter.engine.descriptor.TestMethodTestDescriptor.execute(TestMethodTestDescriptor.java:139)
	at org.junit.jupiter.engine.descriptor.TestMethodTestDescriptor.execute(TestMethodTestDescriptor.java:69)
	at org.junit.platform.engine.support.hierarchical.NodeTestTask.lambda$executeRecursively$6(NodeTestTask.java:156)
	at org.junit.platform.engine.support.hierarchical.ThrowableCollector.execute(ThrowableCollector.java:73)
	at org.junit.platform.engine.support.hierarchical.NodeTestTask.lambda$executeRecursively$8(NodeTestTask.java:146)
	at org.junit.platform.engine.support.hierarchical.Node.around(Node.java:137)
	at org.junit.platform.engine.support.hierarchical.NodeTestTask.lambda$executeRecursively$9(NodeTestTask.java:144)
	at org.junit.platform.engine.support.hierarchical.ThrowableCollector.execute(ThrowableCollector.java:73)
	at org.junit.platform.engine.support.hierarchical.NodeTestTask.executeRecursively(NodeTestTask.java:143)
	at org.junit.platform.engine.support.hierarchical.NodeTestTask.execute(NodeTestTask.java:100)
	at java.base/java.util.ArrayList.forEach(ArrayList.java:1597)
	at org.junit.platform.engine.support.hierarchical.SameThreadHierarchicalTestExecutorService.invokeAll(SameThreadHierarchicalTestExecutorService.java:41)
	at org.junit.platform.engine.support.hierarchical.NodeTestTask.lambda$executeRecursively$6(NodeTestTask.java:160)
	at org.junit.platform.engine.support.hierarchical.ThrowableCollector.execute(ThrowableCollector.java:73)
	at org.junit.platform.engine.support.hierarchical.NodeTestTask.lambda$executeRecursively$8(NodeTestTask.java:146)
	at org.junit.platform.engine.support.hierarchical.Node.around(Node.java:137)
	at org.junit.platform.engine.support.hierarchical.NodeTestTask.lambda$executeRecursively$9(NodeTestTask.java:144)
	at org.junit.platform.engine.support.hierarchical.ThrowableCollector.execute(ThrowableCollector.java:73)
	at org.junit.platform.engine.support.hierarchical.NodeTestTask.executeRecursively(NodeTestTask.java:143)
	at org.junit.platform.engine.support.hierarchical.NodeTestTask.execute(NodeTestTask.java:100)
	at java.base/java.util.ArrayList.forEach(ArrayList.java:1597)
	at org.junit.platform.engine.support.hierarchical.SameThreadHierarchicalTestExecutorService.invokeAll(SameThreadHierarchicalTestExecutorService.java:41)
	at org.junit.platform.engine.support.hierarchical.NodeTestTask.lambda$executeRecursively$6(NodeTestTask.java:160)
	at org.junit.platform.engine.support.hierarchical.ThrowableCollector.execute(ThrowableCollector.java:73)
	at org.junit.platform.engine.support.hierarchical.NodeTestTask.lambda$executeRecursively$8(NodeTestTask.java:146)
	at org.junit.platform.engine.support.hierarchical.Node.around(Node.java:137)
	at org.junit.platform.engine.support.hierarchical.NodeTestTask.lambda$executeRecursively$9(NodeTestTask.java:144)
	at org.junit.platform.engine.support.hierarchical.ThrowableCollector.execute(ThrowableCollector.java:73)
	at org.junit.platform.engine.support.hierarchical.NodeTestTask.executeRecursively(NodeTestTask.java:143)
	at org.junit.platform.engine.support.hierarchical.NodeTestTask.execute(NodeTestTask.java:100)
	at org.junit.platform.engine.support.hierarchical.SameThreadHierarchicalTestExecutorService.submit(SameThreadHierarchicalTestExecutorService.java:35)
	at org.junit.platform.engine.support.hierarchical.HierarchicalTestExecutor.execute(HierarchicalTestExecutor.java:57)
	at org.junit.platform.engine.support.hierarchical.HierarchicalTestEngine.execute(HierarchicalTestEngine.java:54)
	at org.junit.platform.launcher.core.EngineExecutionOrchestrator.execute(EngineExecutionOrchestrator.java:198)
	at org.junit.platform.launcher.core.EngineExecutionOrchestrator.execute(EngineExecutionOrchestrator.java:169)
	at org.junit.platform.launcher.core.EngineExecutionOrchestrator.execute(EngineExecutionOrchestrator.java:93)
	at org.junit.platform.launcher.core.EngineExecutionOrchestrator.lambda$execute$0(EngineExecutionOrchestrator.java:58)
	at org.junit.platform.launcher.core.EngineExecutionOrchestrator.withInterceptedStreams(EngineExecutionOrchestrator.java:141)
	at org.junit.platform.launcher.core.EngineExecutionOrchestrator.execute(EngineExecutionOrchestrator.java:57)
	at org.junit.platform.launcher.core.DefaultLauncher.execute(DefaultLauncher.java:103)
	at org.junit.platform.launcher.core.DefaultLauncher.execute(DefaultLauncher.java:85)
	at org.junit.platform.launcher.core.DelegatingLauncher.execute(DelegatingLauncher.java:47)
	at org.junit.platform.launcher.core.SessionPerRequestLauncher.execute(SessionPerRequestLauncher.java:63)
	at com.intellij.junit5.JUnit5IdeaTestRunner.startRunnerWithArgs(JUnit5IdeaTestRunner.java:57)
	at com.intellij.rt.junit.IdeaTestRunner$Repeater$1.execute(IdeaTestRunner.java:38)
	at com.intellij.rt.execution.junit.TestsRepeater.repeat(TestsRepeater.java:11)
	at com.intellij.rt.junit.IdeaTestRunner$Repeater.startRunnerWithArgs(IdeaTestRunner.java:35)
	at com.intellij.rt.junit.JUnitStarter.prepareStreamsAndStart(JUnitStarter.java:232)
	at com.intellij.rt.junit.JUnitStarter.main(JUnitStarter.java:55)
Caused by: org.hibernate.exception.ConstraintViolationException: could not execute statement [ERROR: duplicate key value violates unique constraint "user_username_key"
  Подробности: Key (username)=(testuser) already exists.] [insert into private."user" (created_at,email,password,username) values (?,?,?,?) returning id]
	at org.hibernate.exception.internal.SQLStateConversionDelegate.convert(SQLStateConversionDelegate.java:97)
	at org.hibernate.exception.internal.StandardSQLExceptionConverter.convert(StandardSQLExceptionConverter.java:58)
	at org.hibernate.engine.jdbc.spi.SqlExceptionHelper.convert(SqlExceptionHelper.java:108)
	at org.hibernate.engine.jdbc.internal.ResultSetReturnImpl.execute(ResultSetReturnImpl.java:145)
	at org.hibernate.id.insert.InsertReturningDelegate.executeAndExtractReturning(InsertReturningDelegate.java:96)
	at org.hibernate.id.insert.AbstractReturningDelegate.performMutation(AbstractReturningDelegate.java:58)
	at org.hibernate.engine.jdbc.mutation.internal.MutationExecutorSingleNonBatched.performNonBatchedOperations(MutationExecutorSingleNonBatched.java:47)
	at org.hibernate.engine.jdbc.mutation.internal.AbstractMutationExecutor.execute(AbstractMutationExecutor.java:55)
	at org.hibernate.persister.entity.mutation.InsertCoordinatorStandard.doStaticInserts(InsertCoordinatorStandard.java:194)
	at org.hibernate.persister.entity.mutation.InsertCoordinatorStandard.coordinateInsert(InsertCoordinatorStandard.java:132)
	at org.hibernate.persister.entity.mutation.InsertCoordinatorStandard.insert(InsertCoordinatorStandard.java:95)
	at org.hibernate.action.internal.EntityIdentityInsertAction.execute(EntityIdentityInsertAction.java:85)
	at org.hibernate.engine.spi.ActionQueue.execute(ActionQueue.java:671)
	at org.hibernate.engine.spi.ActionQueue.addResolvedEntityInsertAction(ActionQueue.java:292)
	at org.hibernate.engine.spi.ActionQueue.addInsertAction(ActionQueue.java:273)
	at org.hibernate.engine.spi.ActionQueue.addAction(ActionQueue.java:323)
	at org.hibernate.event.internal.AbstractSaveEventListener.addInsertAction(AbstractSaveEventListener.java:391)
	at org.hibernate.event.internal.AbstractSaveEventListener.performSaveOrReplicate(AbstractSaveEventListener.java:305)
	at org.hibernate.event.internal.AbstractSaveEventListener.performSave(AbstractSaveEventListener.java:224)
	at org.hibernate.event.internal.AbstractSaveEventListener.saveWithGeneratedId(AbstractSaveEventListener.java:137)
	at org.hibernate.event.internal.DefaultPersistEventListener.entityIsTransient(DefaultPersistEventListener.java:175)
	at org.hibernate.event.internal.DefaultPersistEventListener.persist(DefaultPersistEventListener.java:93)
	at org.hibernate.event.internal.DefaultPersistEventListener.onPersist(DefaultPersistEventListener.java:77)
	at org.hibernate.event.internal.DefaultPersistEventListener.onPersist(DefaultPersistEventListener.java:54)
	at org.hibernate.event.service.internal.EventListenerGroupImpl.fireEventOnEachListener(EventListenerGroupImpl.java:127)
	at org.hibernate.internal.SessionImpl.firePersist(SessionImpl.java:757)
	at org.hibernate.internal.SessionImpl.persist(SessionImpl.java:741)
	at java.base/jdk.internal.reflect.DirectMethodHandleAccessor.invoke(DirectMethodHandleAccessor.java:103)
	at java.base/java.lang.reflect.Method.invoke(Method.java:580)
	at org.springframework.orm.jpa.SharedEntityManagerCreator$SharedEntityManagerInvocationHandler.invoke(SharedEntityManagerCreator.java:319)
	at jdk.proxy2/jdk.proxy2.$Proxy168.persist(Unknown Source)
	at org.springframework.data.jpa.repository.support.SimpleJpaRepository.save(SimpleJpaRepository.java:628)
	at java.base/jdk.internal.reflect.DirectMethodHandleAccessor.invoke(DirectMethodHandleAccessor.java:103)
	at java.base/java.lang.reflect.Method.invoke(Method.java:580)
	at org.springframework.aop.support.AopUtils.invokeJoinpointUsingReflection(AopUtils.java:355)
	at org.springframework.data.repository.core.support.RepositoryMethodInvoker$RepositoryFragmentMethodInvoker.lambda$new$0(RepositoryMethodInvoker.java:277)
	at org.springframework.data.repository.core.support.RepositoryMethodInvoker.doInvoke(RepositoryMethodInvoker.java:170)
	at org.springframework.data.repository.core.support.RepositoryMethodInvoker.invoke(RepositoryMethodInvoker.java:158)
	at org.springframework.data.repository.core.support.RepositoryComposition$RepositoryFragments.invoke(RepositoryComposition.java:516)
	at org.springframework.data.repository.core.support.RepositoryComposition.invoke(RepositoryComposition.java:285)
	at org.springframework.data.repository.core.support.RepositoryFactorySupport$ImplementationMethodExecutionInterceptor.invoke(RepositoryFactorySupport.java:628)
	at org.springframework.aop.framework.ReflectiveMethodInvocation.proceed(ReflectiveMethodInvocation.java:184)
	at org.springframework.data.repository.core.support.QueryExecutorMethodInterceptor.doInvoke(QueryExecutorMethodInterceptor.java:173)
	at org.springframework.data.repository.core.support.QueryExecutorMethodInterceptor.invoke(QueryExecutorMethodInterceptor.java:148)
	at org.springframework.aop.framework.ReflectiveMethodInvocation.proceed(ReflectiveMethodInvocation.java:184)
	at org.springframework.data.projection.DefaultMethodInvokingMethodInterceptor.invoke(DefaultMethodInvokingMethodInterceptor.java:70)
	at org.springframework.aop.framework.ReflectiveMethodInvocation.proceed(ReflectiveMethodInvocation.java:184)
	at org.springframework.transaction.interceptor.TransactionAspectSupport.invokeWithinTransaction(TransactionAspectSupport.java:379)
	at org.springframework.transaction.interceptor.TransactionInterceptor.invoke(TransactionInterceptor.java:119)
	at org.springframework.aop.framework.ReflectiveMethodInvocation.proceed(ReflectiveMethodInvocation.java:184)
	at org.springframework.dao.support.PersistenceExceptionTranslationInterceptor.invoke(PersistenceExceptionTranslationInterceptor.java:138)
	... 97 common frames omitted
Caused by: org.postgresql.util.PSQLException: ERROR: duplicate key value violates unique constraint "user_username_key"
  Подробности: Key (username)=(testuser) already exists.
	at org.postgresql.core.v3.QueryExecutorImpl.receiveErrorResponse(QueryExecutorImpl.java:2733)
	at org.postgresql.core.v3.QueryExecutorImpl.processResults(QueryExecutorImpl.java:2420)
	at org.postgresql.core.v3.QueryExecutorImpl.execute(QueryExecutorImpl.java:372)
	at org.postgresql.jdbc.PgStatement.executeInternal(PgStatement.java:517)
	at org.postgresql.jdbc.PgStatement.execute(PgStatement.java:434)
	at org.postgresql.jdbc.PgPreparedStatement.executeWithFlags(PgPreparedStatement.java:194)
	at org.postgresql.jdbc.PgPreparedStatement.execute(PgPreparedStatement.java:180)
	at com.zaxxer.hikari.pool.ProxyPreparedStatement.execute(ProxyPreparedStatement.java:44)
	at com.zaxxer.hikari.pool.HikariProxyPreparedStatement.execute(HikariProxyPreparedStatement.java)
	at org.hibernate.engine.jdbc.internal.ResultSetReturnImpl.execute(ResultSetReturnImpl.java:129)
	... 144 common frames omitted
2025-03-03 15:57:14 [SpringApplicationShutdownHook] INFO  o.s.o.j.LocalContainerEntityManagerFactoryBean - Closing JPA EntityManagerFactory for persistence unit 'default'
2025-03-03 15:57:14 [SpringApplicationShutdownHook] INFO  com.zaxxer.hikari.HikariDataSource - HikariPool-1 - Shutdown initiated...
2025-03-03 15:57:14 [SpringApplicationShutdownHook] INFO  com.zaxxer.hikari.HikariDataSource - HikariPool-1 - Shutdown completed.
2025-03-03 16:00:02 [background-preinit] INFO  o.h.validator.internal.util.Version - HV000001: Hibernate Validator 8.0.1.Final
2025-03-03 16:00:02 [main] INFO  com.track.task.user.UserServiceImplTest - Starting UserServiceImplTest using Java 22.0.2 with PID 7328 (started by Admin in C:\Users\Admin\Desktop\task)
2025-03-03 16:00:02 [main] INFO  com.track.task.user.UserServiceImplTest - No active profile set, falling back to 1 default profile: "default"
2025-03-03 16:00:04 [main] INFO  o.s.d.r.c.RepositoryConfigurationDelegate - Bootstrapping Spring Data JPA repositories in DEFAULT mode.
2025-03-03 16:00:04 [main] INFO  o.s.d.r.c.RepositoryConfigurationDelegate - Finished Spring Data repository scanning in 125 ms. Found 5 JPA repository interfaces.
2025-03-03 16:00:05 [main] INFO  com.zaxxer.hikari.HikariDataSource - HikariPool-1 - Starting...
2025-03-03 16:00:05 [main] INFO  com.zaxxer.hikari.pool.HikariPool - HikariPool-1 - Added connection org.postgresql.jdbc.PgConnection@465d1345
2025-03-03 16:00:05 [main] INFO  com.zaxxer.hikari.HikariDataSource - HikariPool-1 - Start completed.
2025-03-03 16:00:05 [main] INFO  liquibase.database - Set default schema name to public
2025-03-03 16:00:06 [main] INFO  liquibase.changelog - Creating database history table with name: public.databasechangelog
2025-03-03 16:00:06 [main] INFO  liquibase.changelog - Reading from public.databasechangelog
2025-03-03 16:00:06 [main] INFO  liquibase.lockservice - Successfully acquired change log lock
2025-03-03 16:00:06 [main] INFO  liquibase.command - Using deploymentId: 1006806508
2025-03-03 16:00:06 [main] INFO  liquibase.changelog - Reading from public.databasechangelog
2025-03-03 16:00:06 [main] INFO  liquibase.ui - Running Changeset: db/changelog/01-create-schema.xml::1::xfnet
2025-03-03 16:00:06 [main] WARN  liquibase.executor - schema "private" does not exist, skipping
2025-03-03 16:00:06 [main] INFO  liquibase.changelog - Custom SQL executed
2025-03-03 16:00:06 [main] INFO  liquibase.changelog - Custom SQL executed
2025-03-03 16:00:06 [main] INFO  liquibase.changelog - ChangeSet db/changelog/01-create-schema.xml::1::xfnet ran successfully in 32ms
2025-03-03 16:00:06 [main] INFO  liquibase.ui - Running Changeset: db/changelog/02-create-user-table.xml::2::xfnet
2025-03-03 16:00:06 [main] INFO  liquibase.changelog - Table user created
2025-03-03 16:00:06 [main] INFO  liquibase.changelog - ChangeSet db/changelog/02-create-user-table.xml::2::xfnet ran successfully in 10ms
2025-03-03 16:00:06 [main] INFO  liquibase.ui - Running Changeset: db/changelog/03-create-priority-table.xml::3::xfnet
2025-03-03 16:00:06 [main] INFO  liquibase.changelog - Table priority created
2025-03-03 16:00:06 [main] INFO  liquibase.changelog - ChangeSet db/changelog/03-create-priority-table.xml::3::xfnet ran successfully in 8ms
2025-03-03 16:00:06 [main] INFO  liquibase.ui - Running Changeset: db/changelog/04-create-status-table.xml::4::xfnet
2025-03-03 16:00:06 [main] INFO  liquibase.changelog - Table status created
2025-03-03 16:00:06 [main] INFO  liquibase.changelog - Foreign key constraint added to status (user_id)
2025-03-03 16:00:06 [main] INFO  liquibase.changelog - Unique constraint added to status(title, user_id)
2025-03-03 16:00:06 [main] INFO  liquibase.changelog - ChangeSet db/changelog/04-create-status-table.xml::4::xfnet ran successfully in 23ms
2025-03-03 16:00:06 [main] INFO  liquibase.ui - Running Changeset: db/changelog/05-create-role-table.xml::5::xfnet
2025-03-03 16:00:06 [main] INFO  liquibase.changelog - Table role created
2025-03-03 16:00:06 [main] INFO  liquibase.changelog - ChangeSet db/changelog/05-create-role-table.xml::5::xfnet ran successfully in 9ms
2025-03-03 16:00:06 [main] INFO  liquibase.ui - Running Changeset: db/changelog/06-create-user-roles-table.xml::6::xfnet
2025-03-03 16:00:06 [main] INFO  liquibase.changelog - Table user_roles created
2025-03-03 16:00:06 [main] INFO  liquibase.changelog - Primary key added to user_roles (user_id, role_id)
2025-03-03 16:00:06 [main] INFO  liquibase.changelog - Foreign key constraint added to user_roles (user_id)
2025-03-03 16:00:06 [main] INFO  liquibase.changelog - Foreign key constraint added to user_roles (role_id)
2025-03-03 16:00:06 [main] INFO  liquibase.changelog - ChangeSet db/changelog/06-create-user-roles-table.xml::6::xfnet ran successfully in 19ms
2025-03-03 16:00:06 [main] INFO  liquibase.ui - Running Changeset: db/changelog/07-create-task-table.xml::7::xfnet
2025-03-03 16:00:06 [main] INFO  liquibase.changelog - Table task created
2025-03-03 16:00:06 [main] INFO  liquibase.changelog - Foreign key constraint added to task (priority_id)
2025-03-03 16:00:06 [main] INFO  liquibase.changelog - Foreign key constraint added to task (status_id)
2025-03-03 16:00:06 [main] INFO  liquibase.changelog - Foreign key constraint added to task (user_id)
2025-03-03 16:00:06 [main] INFO  liquibase.changelog - ChangeSet db/changelog/07-create-task-table.xml::7::xfnet ran successfully in 23ms
2025-03-03 16:00:06 [main] INFO  liquibase.ui - Running Changeset: db/changelog/08-create-task-executors-table.xml::8::xfnet
2025-03-03 16:00:06 [main] INFO  liquibase.changelog - Table task_executors created
2025-03-03 16:00:06 [main] INFO  liquibase.changelog - Primary key added to task_executors (task_id, user_id)
2025-03-03 16:00:06 [main] INFO  liquibase.changelog - Foreign key constraint added to task_executors (task_id)
2025-03-03 16:00:06 [main] INFO  liquibase.changelog - Foreign key constraint added to task_executors (user_id)
2025-03-03 16:00:06 [main] INFO  liquibase.changelog - ChangeSet db/changelog/08-create-task-executors-table.xml::8::xfnet ran successfully in 24ms
2025-03-03 16:00:06 [main] INFO  liquibase.ui - Running Changeset: db/changelog/09-create-comment-table.xml::9::xfnet
2025-03-03 16:00:06 [main] INFO  liquibase.changelog - Table comment created
2025-03-03 16:00:06 [main] INFO  liquibase.changelog - Foreign key constraint added to comment (task_id)
2025-03-03 16:00:06 [main] INFO  liquibase.changelog - Foreign key constraint added to comment (user_id)
2025-03-03 16:00:06 [main] INFO  liquibase.changelog - Foreign key constraint added to comment (parent_id)
2025-03-03 16:00:06 [main] INFO  liquibase.changelog - ChangeSet db/changelog/09-create-comment-table.xml::9::xfnet ran successfully in 33ms
2025-03-03 16:00:06 [main] INFO  liquibase.ui - Running Changeset: db/changelog/10-insert-default-data.xml::10::xfnet
2025-03-03 16:00:06 [main] INFO  liquibase.changelog - New row inserted into role
2025-03-03 16:00:06 [main] INFO  liquibase.changelog - New row inserted into role
2025-03-03 16:00:06 [main] INFO  liquibase.changelog - New row inserted into user
2025-03-03 16:00:06 [main] INFO  liquibase.changelog - New row inserted into user
2025-03-03 16:00:06 [main] INFO  liquibase.changelog - New row inserted into user
2025-03-03 16:00:06 [main] INFO  liquibase.changelog - New row inserted into user
2025-03-03 16:00:06 [main] INFO  liquibase.changelog - New row inserted into user
2025-03-03 16:00:06 [main] INFO  liquibase.changelog - New row inserted into user_roles
2025-03-03 16:00:06 [main] INFO  liquibase.changelog - New row inserted into user_roles
2025-03-03 16:00:06 [main] INFO  liquibase.changelog - New row inserted into user_roles
2025-03-03 16:00:06 [main] INFO  liquibase.changelog - New row inserted into user_roles
2025-03-03 16:00:06 [main] INFO  liquibase.changelog - New row inserted into user_roles
2025-03-03 16:00:06 [main] INFO  liquibase.changelog - New row inserted into priority
2025-03-03 16:00:06 [main] INFO  liquibase.changelog - New row inserted into priority
2025-03-03 16:00:06 [main] INFO  liquibase.changelog - New row inserted into priority
2025-03-03 16:00:06 [main] INFO  liquibase.changelog - New row inserted into status
2025-03-03 16:00:06 [main] INFO  liquibase.changelog - New row inserted into status
2025-03-03 16:00:06 [main] INFO  liquibase.changelog - New row inserted into status
2025-03-03 16:00:06 [main] INFO  liquibase.changelog - New row inserted into status
2025-03-03 16:00:06 [main] INFO  liquibase.changelog - New row inserted into status
2025-03-03 16:00:06 [main] INFO  liquibase.changelog - New row inserted into task
2025-03-03 16:00:06 [main] INFO  liquibase.changelog - New row inserted into task
2025-03-03 16:00:06 [main] INFO  liquibase.changelog - New row inserted into task
2025-03-03 16:00:06 [main] INFO  liquibase.changelog - New row inserted into task_executors
2025-03-03 16:00:06 [main] INFO  liquibase.changelog - New row inserted into task_executors
2025-03-03 16:00:06 [main] INFO  liquibase.changelog - New row inserted into task_executors
2025-03-03 16:00:06 [main] INFO  liquibase.changelog - New row inserted into task_executors
2025-03-03 16:00:06 [main] INFO  liquibase.changelog - New row inserted into comment
2025-03-03 16:00:06 [main] INFO  liquibase.changelog - New row inserted into comment
2025-03-03 16:00:06 [main] INFO  liquibase.changelog - New row inserted into comment
2025-03-03 16:00:06 [main] INFO  liquibase.changelog - ChangeSet db/changelog/10-insert-default-data.xml::10::xfnet ran successfully in 69ms
2025-03-03 16:00:06 [main] INFO  liquibase.util - UPDATE SUMMARY
2025-03-03 16:00:06 [main] INFO  liquibase.util - Run:                         10
2025-03-03 16:00:06 [main] INFO  liquibase.util - Previously run:               0
2025-03-03 16:00:06 [main] INFO  liquibase.util - Filtered out:                 0
2025-03-03 16:00:06 [main] INFO  liquibase.util - -------------------------------
2025-03-03 16:00:06 [main] INFO  liquibase.util - Total change sets:           10
2025-03-03 16:00:06 [main] INFO  liquibase.util - Update summary generated
2025-03-03 16:00:06 [main] INFO  liquibase.command - Update command completed successfully.
2025-03-03 16:00:06 [main] INFO  liquibase.ui - Liquibase: Update has been successful. Rows affected: 40
2025-03-03 16:00:06 [main] INFO  liquibase.lockservice - Successfully released change log lock
2025-03-03 16:00:06 [main] INFO  liquibase.command - Command execution complete
2025-03-03 16:00:07 [main] INFO  o.h.jpa.internal.util.LogHelper - HHH000204: Processing PersistenceUnitInfo [name: default]
2025-03-03 16:00:07 [main] INFO  org.hibernate.Version - HHH000412: Hibernate ORM core version 6.5.3.Final
2025-03-03 16:00:07 [main] INFO  o.h.c.i.RegionFactoryInitiator - HHH000026: Second-level cache disabled
2025-03-03 16:00:07 [main] INFO  o.s.o.j.p.SpringPersistenceUnitInfo - No LoadTimeWeaver setup: ignoring JPA class transformer
2025-03-03 16:00:08 [main] INFO  o.h.e.t.j.p.i.JtaPlatformInitiator - HHH000489: No JTA platform available (set 'hibernate.transaction.jta.platform' to enable JTA platform integration)
2025-03-03 16:00:08 [main] INFO  o.s.o.j.LocalContainerEntityManagerFactoryBean - Initialized JPA EntityManagerFactory for persistence unit 'default'
2025-03-03 16:00:09 [main] INFO  o.s.s.c.a.a.c.InitializeAuthenticationProviderBeanManagerConfigurer$InitializeAuthenticationProviderManagerConfigurer - Global AuthenticationManager configured with AuthenticationProvider bean with name authenticationProvider
2025-03-03 16:00:09 [main] WARN  o.s.s.c.a.a.c.InitializeUserDetailsBeanManagerConfigurer$InitializeUserDetailsManagerConfigurer - Global AuthenticationManager configured with an AuthenticationProvider bean. UserDetailsService beans will not be used for username/password login. Consider removing the AuthenticationProvider bean. Alternatively, consider using the UserDetailsService in a manually instantiated DaoAuthenticationProvider.
2025-03-03 16:00:09 [main] INFO  o.s.d.j.r.query.QueryEnhancerFactory - Hibernate is in classpath; If applicable, HQL parser will be used.
2025-03-03 16:00:10 [main] WARN  o.s.b.a.o.j.JpaBaseConfiguration$JpaWebConfiguration - spring.jpa.open-in-view is enabled by default. Therefore, database queries may be performed during view rendering. Explicitly configure spring.jpa.open-in-view to disable this warning
2025-03-03 16:00:11 [main] INFO  com.track.task.user.UserServiceImplTest - Started UserServiceImplTest in 9.002 seconds (process running for 15.024)
2025-03-03 16:00:11 [main] INFO  com.track.task.aspect.LoggingAspect - Entering method: UserServiceImpl.add(..)
2025-03-03 16:00:11 [main] INFO  c.t.t.s.user.impl.UserServiceImpl - Add user
2025-03-03 16:00:11 [main] INFO  com.track.task.aspect.LoggingAspect - Exiting method: UserServiceImpl.add(..) with result: null
2025-03-03 16:00:11 [main] INFO  com.track.task.aspect.LoggingAspect - Entering method: UserServiceImpl.getUserByEmail(..)
2025-03-03 16:00:11 [main] INFO  c.t.t.s.user.impl.UserServiceImpl - Get user by email
2025-03-03 16:00:11 [main] INFO  com.track.task.aspect.LoggingAspect - Exiting method: UserServiceImpl.getUserByEmail(..) with result: Optional[User(id=6, email=test+filter@example.com, username=testuser, password=password, createdAt=Mon Mar 03 16:00:11 MSK 2025, tasks=null)]
2025-03-03 16:00:12 [main] INFO  com.track.task.aspect.LoggingAspect - Entering method: UserServiceImpl.add(..)
2025-03-03 16:00:12 [main] INFO  c.t.t.s.user.impl.UserServiceImpl - Add user
2025-03-03 16:00:12 [main] INFO  com.track.task.aspect.LoggingAspect - Exiting method: UserServiceImpl.add(..) with result: null
2025-03-03 16:00:12 [main] INFO  com.track.task.aspect.LoggingAspect - Entering method: UserServiceImpl.existsByEmail(..)
2025-03-03 16:00:12 [main] INFO  c.t.t.s.user.impl.UserServiceImpl - Exists user by email
2025-03-03 16:00:12 [main] INFO  com.track.task.aspect.LoggingAspect - Exiting method: UserServiceImpl.existsByEmail(..) with result: true
2025-03-03 16:00:12 [main] INFO  com.track.task.aspect.LoggingAspect - Entering method: UserServiceImpl.add(..)
2025-03-03 16:00:12 [main] INFO  c.t.t.s.user.impl.UserServiceImpl - Add user
2025-03-03 16:00:12 [main] INFO  com.track.task.aspect.LoggingAspect - Exiting method: UserServiceImpl.add(..) with result: null
2025-03-03 16:00:12 [main] INFO  com.track.task.aspect.LoggingAspect - Entering method: UserServiceImpl.getUserById(..)
2025-03-03 16:00:12 [main] INFO  c.t.t.s.user.impl.UserServiceImpl - Get user by id
2025-03-03 16:00:12 [main] INFO  com.track.task.aspect.LoggingAspect - Exiting method: UserServiceImpl.getUserById(..) with result: Optional[User(id=8, email=test@example.com, username=testuser, password=password, createdAt=Mon Mar 03 16:00:12 MSK 2025, tasks=null)]
2025-03-03 16:00:12 [main] INFO  com.track.task.aspect.LoggingAspect - Entering method: UserServiceImpl.existsByEmail(..)
2025-03-03 16:00:12 [main] INFO  c.t.t.s.user.impl.UserServiceImpl - Exists user by email
2025-03-03 16:00:12 [main] INFO  com.track.task.aspect.LoggingAspect - Exiting method: UserServiceImpl.existsByEmail(..) with result: false
2025-03-03 16:00:12 [main] INFO  com.track.task.aspect.LoggingAspect - Entering method: UserServiceImpl.getUserById(..)
2025-03-03 16:00:12 [main] INFO  c.t.t.s.user.impl.UserServiceImpl - Get user by id
2025-03-03 16:00:12 [main] INFO  com.track.task.aspect.LoggingAspect - Exiting method: UserServiceImpl.getUserById(..) with result: Optional.empty
2025-03-03 16:00:12 [main] INFO  com.track.task.aspect.LoggingAspect - Entering method: UserServiceImpl.add(..)
2025-03-03 16:00:12 [main] INFO  c.t.t.s.user.impl.UserServiceImpl - Add user
2025-03-03 16:00:12 [main] INFO  com.track.task.aspect.LoggingAspect - Exiting method: UserServiceImpl.add(..) with result: null
2025-03-03 16:00:13 [SpringApplicationShutdownHook] INFO  o.s.o.j.LocalContainerEntityManagerFactoryBean - Closing JPA EntityManagerFactory for persistence unit 'default'
2025-03-03 16:00:13 [SpringApplicationShutdownHook] INFO  com.zaxxer.hikari.HikariDataSource - HikariPool-1 - Shutdown initiated...
2025-03-03 16:00:13 [SpringApplicationShutdownHook] INFO  com.zaxxer.hikari.HikariDataSource - HikariPool-1 - Shutdown completed.
2025-03-03 16:32:31 [background-preinit] INFO  o.h.validator.internal.util.Version - HV000001: Hibernate Validator 8.0.1.Final
2025-03-03 16:32:31 [main] INFO  com.track.task.task.TaskServiceTest - Starting TaskServiceTest using Java 22.0.2 with PID 14796 (started by Admin in C:\Users\Admin\Desktop\task)
2025-03-03 16:32:31 [main] INFO  com.track.task.task.TaskServiceTest - No active profile set, falling back to 1 default profile: "default"
2025-03-03 16:32:32 [main] INFO  o.s.d.r.c.RepositoryConfigurationDelegate - Bootstrapping Spring Data JPA repositories in DEFAULT mode.
2025-03-03 16:32:32 [main] INFO  o.s.d.r.c.RepositoryConfigurationDelegate - Finished Spring Data repository scanning in 102 ms. Found 5 JPA repository interfaces.
2025-03-03 16:32:34 [main] INFO  com.zaxxer.hikari.HikariDataSource - HikariPool-1 - Starting...
2025-03-03 16:32:34 [main] INFO  com.zaxxer.hikari.pool.HikariPool - HikariPool-1 - Added connection org.postgresql.jdbc.PgConnection@3085befb
2025-03-03 16:32:34 [main] INFO  com.zaxxer.hikari.HikariDataSource - HikariPool-1 - Start completed.
2025-03-03 16:32:34 [main] INFO  liquibase.database - Set default schema name to public
2025-03-03 16:32:35 [main] INFO  liquibase.changelog - Creating database history table with name: public.databasechangelog
2025-03-03 16:32:35 [main] INFO  liquibase.changelog - Reading from public.databasechangelog
2025-03-03 16:32:35 [main] INFO  liquibase.lockservice - Successfully acquired change log lock
2025-03-03 16:32:35 [main] INFO  liquibase.command - Using deploymentId: 1008755635
2025-03-03 16:32:35 [main] INFO  liquibase.changelog - Reading from public.databasechangelog
2025-03-03 16:32:35 [main] INFO  liquibase.ui - Running Changeset: db/changelog/01-create-schema.xml::1::xfnet
2025-03-03 16:32:35 [main] WARN  liquibase.executor - schema "private" does not exist, skipping
2025-03-03 16:32:35 [main] INFO  liquibase.changelog - Custom SQL executed
2025-03-03 16:32:35 [main] INFO  liquibase.changelog - Custom SQL executed
2025-03-03 16:32:35 [main] INFO  liquibase.changelog - ChangeSet db/changelog/01-create-schema.xml::1::xfnet ran successfully in 23ms
2025-03-03 16:32:35 [main] INFO  liquibase.ui - Running Changeset: db/changelog/02-create-user-table.xml::2::xfnet
2025-03-03 16:32:35 [main] INFO  liquibase.changelog - Table user created
2025-03-03 16:32:35 [main] INFO  liquibase.changelog - ChangeSet db/changelog/02-create-user-table.xml::2::xfnet ran successfully in 7ms
2025-03-03 16:32:35 [main] INFO  liquibase.ui - Running Changeset: db/changelog/03-create-priority-table.xml::3::xfnet
2025-03-03 16:32:35 [main] INFO  liquibase.changelog - Table priority created
2025-03-03 16:32:35 [main] INFO  liquibase.changelog - ChangeSet db/changelog/03-create-priority-table.xml::3::xfnet ran successfully in 8ms
2025-03-03 16:32:35 [main] INFO  liquibase.ui - Running Changeset: db/changelog/04-create-status-table.xml::4::xfnet
2025-03-03 16:32:35 [main] INFO  liquibase.changelog - Table status created
2025-03-03 16:32:35 [main] INFO  liquibase.changelog - Foreign key constraint added to status (user_id)
2025-03-03 16:32:35 [main] INFO  liquibase.changelog - Unique constraint added to status(title, user_id)
2025-03-03 16:32:35 [main] INFO  liquibase.changelog - ChangeSet db/changelog/04-create-status-table.xml::4::xfnet ran successfully in 17ms
2025-03-03 16:32:35 [main] INFO  liquibase.ui - Running Changeset: db/changelog/05-create-role-table.xml::5::xfnet
2025-03-03 16:32:35 [main] INFO  liquibase.changelog - Table role created
2025-03-03 16:32:35 [main] INFO  liquibase.changelog - ChangeSet db/changelog/05-create-role-table.xml::5::xfnet ran successfully in 8ms
2025-03-03 16:32:35 [main] INFO  liquibase.ui - Running Changeset: db/changelog/06-create-user-roles-table.xml::6::xfnet
2025-03-03 16:32:35 [main] INFO  liquibase.changelog - Table user_roles created
2025-03-03 16:32:35 [main] INFO  liquibase.changelog - Primary key added to user_roles (user_id, role_id)
2025-03-03 16:32:35 [main] INFO  liquibase.changelog - Foreign key constraint added to user_roles (user_id)
2025-03-03 16:32:35 [main] INFO  liquibase.changelog - Foreign key constraint added to user_roles (role_id)
2025-03-03 16:32:35 [main] INFO  liquibase.changelog - ChangeSet db/changelog/06-create-user-roles-table.xml::6::xfnet ran successfully in 20ms
2025-03-03 16:32:35 [main] INFO  liquibase.ui - Running Changeset: db/changelog/07-create-task-table.xml::7::xfnet
2025-03-03 16:32:35 [main] INFO  liquibase.changelog - Table task created
2025-03-03 16:32:35 [main] INFO  liquibase.changelog - Foreign key constraint added to task (priority_id)
2025-03-03 16:32:35 [main] INFO  liquibase.changelog - Foreign key constraint added to task (status_id)
2025-03-03 16:32:35 [main] INFO  liquibase.changelog - Foreign key constraint added to task (user_id)
2025-03-03 16:32:35 [main] INFO  liquibase.changelog - ChangeSet db/changelog/07-create-task-table.xml::7::xfnet ran successfully in 19ms
2025-03-03 16:32:35 [main] INFO  liquibase.ui - Running Changeset: db/changelog/08-create-task-executors-table.xml::8::xfnet
2025-03-03 16:32:35 [main] INFO  liquibase.changelog - Table task_executors created
2025-03-03 16:32:35 [main] INFO  liquibase.changelog - Primary key added to task_executors (task_id, user_id)
2025-03-03 16:32:35 [main] INFO  liquibase.changelog - Foreign key constraint added to task_executors (task_id)
2025-03-03 16:32:35 [main] INFO  liquibase.changelog - Foreign key constraint added to task_executors (user_id)
2025-03-03 16:32:35 [main] INFO  liquibase.changelog - ChangeSet db/changelog/08-create-task-executors-table.xml::8::xfnet ran successfully in 19ms
2025-03-03 16:32:35 [main] INFO  liquibase.ui - Running Changeset: db/changelog/09-create-comment-table.xml::9::xfnet
2025-03-03 16:32:35 [main] INFO  liquibase.changelog - Table comment created
2025-03-03 16:32:35 [main] INFO  liquibase.changelog - Foreign key constraint added to comment (task_id)
2025-03-03 16:32:35 [main] INFO  liquibase.changelog - Foreign key constraint added to comment (user_id)
2025-03-03 16:32:35 [main] INFO  liquibase.changelog - Foreign key constraint added to comment (parent_id)
2025-03-03 16:32:35 [main] INFO  liquibase.changelog - ChangeSet db/changelog/09-create-comment-table.xml::9::xfnet ran successfully in 16ms
2025-03-03 16:32:35 [main] INFO  liquibase.ui - Running Changeset: db/changelog/10-insert-default-data.xml::10::xfnet
2025-03-03 16:32:35 [main] INFO  liquibase.changelog - New row inserted into role
2025-03-03 16:32:35 [main] INFO  liquibase.changelog - New row inserted into role
2025-03-03 16:32:35 [main] INFO  liquibase.changelog - New row inserted into user
2025-03-03 16:32:35 [main] INFO  liquibase.changelog - New row inserted into user
2025-03-03 16:32:35 [main] INFO  liquibase.changelog - New row inserted into user
2025-03-03 16:32:35 [main] INFO  liquibase.changelog - New row inserted into user
2025-03-03 16:32:35 [main] INFO  liquibase.changelog - New row inserted into user
2025-03-03 16:32:36 [main] INFO  liquibase.changelog - New row inserted into user_roles
2025-03-03 16:32:36 [main] INFO  liquibase.changelog - New row inserted into user_roles
2025-03-03 16:32:36 [main] INFO  liquibase.changelog - New row inserted into user_roles
2025-03-03 16:32:36 [main] INFO  liquibase.changelog - New row inserted into user_roles
2025-03-03 16:32:36 [main] INFO  liquibase.changelog - New row inserted into user_roles
2025-03-03 16:32:36 [main] INFO  liquibase.changelog - New row inserted into priority
2025-03-03 16:32:36 [main] INFO  liquibase.changelog - New row inserted into priority
2025-03-03 16:32:36 [main] INFO  liquibase.changelog - New row inserted into priority
2025-03-03 16:32:36 [main] INFO  liquibase.changelog - New row inserted into status
2025-03-03 16:32:36 [main] INFO  liquibase.changelog - New row inserted into status
2025-03-03 16:32:36 [main] INFO  liquibase.changelog - New row inserted into status
2025-03-03 16:32:36 [main] INFO  liquibase.changelog - New row inserted into status
2025-03-03 16:32:36 [main] INFO  liquibase.changelog - New row inserted into status
2025-03-03 16:32:36 [main] INFO  liquibase.changelog - New row inserted into task
2025-03-03 16:32:36 [main] INFO  liquibase.changelog - New row inserted into task
2025-03-03 16:32:36 [main] INFO  liquibase.changelog - New row inserted into task
2025-03-03 16:32:36 [main] INFO  liquibase.changelog - New row inserted into task_executors
2025-03-03 16:32:36 [main] INFO  liquibase.changelog - New row inserted into task_executors
2025-03-03 16:32:36 [main] INFO  liquibase.changelog - New row inserted into task_executors
2025-03-03 16:32:36 [main] INFO  liquibase.changelog - New row inserted into task_executors
2025-03-03 16:32:36 [main] INFO  liquibase.changelog - New row inserted into comment
2025-03-03 16:32:36 [main] INFO  liquibase.changelog - New row inserted into comment
2025-03-03 16:32:36 [main] INFO  liquibase.changelog - New row inserted into comment
2025-03-03 16:32:36 [main] INFO  liquibase.changelog - ChangeSet db/changelog/10-insert-default-data.xml::10::xfnet ran successfully in 143ms
2025-03-03 16:32:36 [main] INFO  liquibase.util - UPDATE SUMMARY
2025-03-03 16:32:36 [main] INFO  liquibase.util - Run:                         10
2025-03-03 16:32:36 [main] INFO  liquibase.util - Previously run:               0
2025-03-03 16:32:36 [main] INFO  liquibase.util - Filtered out:                 0
2025-03-03 16:32:36 [main] INFO  liquibase.util - -------------------------------
2025-03-03 16:32:36 [main] INFO  liquibase.util - Total change sets:           10
2025-03-03 16:32:36 [main] INFO  liquibase.util - Update summary generated
2025-03-03 16:32:36 [main] INFO  liquibase.command - Update command completed successfully.
2025-03-03 16:32:36 [main] INFO  liquibase.ui - Liquibase: Update has been successful. Rows affected: 40
2025-03-03 16:32:36 [main] INFO  liquibase.lockservice - Successfully released change log lock
2025-03-03 16:32:36 [main] INFO  liquibase.command - Command execution complete
2025-03-03 16:32:36 [main] INFO  o.h.jpa.internal.util.LogHelper - HHH000204: Processing PersistenceUnitInfo [name: default]
2025-03-03 16:32:36 [main] INFO  org.hibernate.Version - HHH000412: Hibernate ORM core version 6.5.3.Final
2025-03-03 16:32:36 [main] INFO  o.h.c.i.RegionFactoryInitiator - HHH000026: Second-level cache disabled
2025-03-03 16:32:36 [main] INFO  o.s.o.j.p.SpringPersistenceUnitInfo - No LoadTimeWeaver setup: ignoring JPA class transformer
2025-03-03 16:32:37 [main] INFO  o.h.e.t.j.p.i.JtaPlatformInitiator - HHH000489: No JTA platform available (set 'hibernate.transaction.jta.platform' to enable JTA platform integration)
2025-03-03 16:32:37 [main] INFO  o.s.o.j.LocalContainerEntityManagerFactoryBean - Initialized JPA EntityManagerFactory for persistence unit 'default'
2025-03-03 16:32:38 [main] INFO  o.s.s.c.a.a.c.InitializeAuthenticationProviderBeanManagerConfigurer$InitializeAuthenticationProviderManagerConfigurer - Global AuthenticationManager configured with AuthenticationProvider bean with name authenticationProvider
2025-03-03 16:32:38 [main] WARN  o.s.s.c.a.a.c.InitializeUserDetailsBeanManagerConfigurer$InitializeUserDetailsManagerConfigurer - Global AuthenticationManager configured with an AuthenticationProvider bean. UserDetailsService beans will not be used for username/password login. Consider removing the AuthenticationProvider bean. Alternatively, consider using the UserDetailsService in a manually instantiated DaoAuthenticationProvider.
2025-03-03 16:32:38 [main] INFO  o.s.d.j.r.query.QueryEnhancerFactory - Hibernate is in classpath; If applicable, HQL parser will be used.
2025-03-03 16:32:38 [main] WARN  o.s.b.a.o.j.JpaBaseConfiguration$JpaWebConfiguration - spring.jpa.open-in-view is enabled by default. Therefore, database queries may be performed during view rendering. Explicitly configure spring.jpa.open-in-view to disable this warning
2025-03-03 16:32:39 [main] INFO  com.track.task.task.TaskServiceTest - Started TaskServiceTest in 9.087 seconds (process running for 15.515)
2025-03-03 16:32:39 [main] WARN  o.h.e.jdbc.spi.SqlExceptionHelper - SQL Error: 0, SQLState: 23502
2025-03-03 16:32:39 [main] ERROR o.h.e.jdbc.spi.SqlExceptionHelper - ERROR: null value in column "description" of relation "task" violates not-null constraint
  Подробности: Failing row contains (4, Task to update status, null, 1, 1, 1, null, 2025-03-03 16:32:39.845).
2025-03-03 16:32:39 [main] WARN  o.h.e.jdbc.spi.SqlExceptionHelper - SQL Error: 0, SQLState: 23502
2025-03-03 16:32:39 [main] ERROR o.h.e.jdbc.spi.SqlExceptionHelper - ERROR: null value in column "visibility" of relation "task" violates not-null constraint
  Подробности: Failing row contains (5, Old Title, Old Description, 1, 1, 1, null, 2025-03-03 16:32:39.91).
2025-03-03 16:32:39 [main] INFO  c.t.t.s.task.impl.TaskServiceImpl - [Task] Creating new task. Initiator: test@example.com
2025-03-03 16:32:39 [main] WARN  o.h.e.jdbc.spi.SqlExceptionHelper - SQL Error: 0, SQLState: 23502
2025-03-03 16:32:39 [main] ERROR o.h.e.jdbc.spi.SqlExceptionHelper - ERROR: null value in column "visibility" of relation "task" violates not-null constraint
  Подробности: Failing row contains (6, Existing Task, Existing Description, 1, 1, 1, null, 2025-03-03 16:32:39.967).
2025-03-03 16:32:39 [main] WARN  o.h.e.jdbc.spi.SqlExceptionHelper - SQL Error: 0, SQLState: 23502
2025-03-03 16:32:39 [main] ERROR o.h.e.jdbc.spi.SqlExceptionHelper - ERROR: null value in column "description" of relation "task" violates not-null constraint
  Подробности: Failing row contains (7, Task to delete, null, null, null, 1, null, 2025-03-03 16:32:39.988).
2025-03-03 16:32:40 [main] WARN  o.h.e.jdbc.spi.SqlExceptionHelper - SQL Error: 0, SQLState: 23502
2025-03-03 16:32:40 [main] ERROR o.h.e.jdbc.spi.SqlExceptionHelper - ERROR: null value in column "description" of relation "task" violates not-null constraint
  Подробности: Failing row contains (8, Private Task, null, null, null, 1, null, 2025-03-03 16:32:40.004).
2025-03-03 16:32:40 [SpringApplicationShutdownHook] INFO  o.s.o.j.LocalContainerEntityManagerFactoryBean - Closing JPA EntityManagerFactory for persistence unit 'default'
2025-03-03 16:32:40 [SpringApplicationShutdownHook] INFO  com.zaxxer.hikari.HikariDataSource - HikariPool-1 - Shutdown initiated...
2025-03-03 16:32:40 [SpringApplicationShutdownHook] INFO  com.zaxxer.hikari.HikariDataSource - HikariPool-1 - Shutdown completed.
2025-03-03 17:22:55 [background-preinit] INFO  o.h.validator.internal.util.Version - HV000001: Hibernate Validator 8.0.1.Final
2025-03-03 17:22:55 [main] INFO  com.track.task.task.TaskServiceTest - Starting TaskServiceTest using Java 22.0.2 with PID 656 (started by Admin in C:\Users\Admin\Desktop\task)
2025-03-03 17:22:55 [main] INFO  com.track.task.task.TaskServiceTest - No active profile set, falling back to 1 default profile: "default"
2025-03-03 17:22:57 [main] INFO  o.s.d.r.c.RepositoryConfigurationDelegate - Bootstrapping Spring Data JPA repositories in DEFAULT mode.
2025-03-03 17:22:57 [main] INFO  o.s.d.r.c.RepositoryConfigurationDelegate - Finished Spring Data repository scanning in 115 ms. Found 5 JPA repository interfaces.
2025-03-03 17:22:59 [main] INFO  com.zaxxer.hikari.HikariDataSource - HikariPool-1 - Starting...
2025-03-03 17:22:59 [main] INFO  com.zaxxer.hikari.pool.HikariPool - HikariPool-1 - Added connection org.postgresql.jdbc.PgConnection@792b9dd3
2025-03-03 17:22:59 [main] INFO  com.zaxxer.hikari.HikariDataSource - HikariPool-1 - Start completed.
2025-03-03 17:22:59 [main] INFO  liquibase.database - Set default schema name to public
2025-03-03 17:23:00 [main] INFO  liquibase.changelog - Creating database history table with name: public.databasechangelog
2025-03-03 17:23:00 [main] INFO  liquibase.changelog - Reading from public.databasechangelog
2025-03-03 17:23:00 [main] INFO  liquibase.lockservice - Successfully acquired change log lock
2025-03-03 17:23:00 [main] INFO  liquibase.command - Using deploymentId: 1011780738
2025-03-03 17:23:00 [main] INFO  liquibase.changelog - Reading from public.databasechangelog
2025-03-03 17:23:00 [main] INFO  liquibase.ui - Running Changeset: db/changelog/01-create-schema.xml::1::xfnet
2025-03-03 17:23:00 [main] WARN  liquibase.executor - schema "private" does not exist, skipping
2025-03-03 17:23:00 [main] INFO  liquibase.changelog - Custom SQL executed
2025-03-03 17:23:00 [main] INFO  liquibase.changelog - Custom SQL executed
2025-03-03 17:23:00 [main] INFO  liquibase.changelog - ChangeSet db/changelog/01-create-schema.xml::1::xfnet ran successfully in 35ms
2025-03-03 17:23:00 [main] INFO  liquibase.ui - Running Changeset: db/changelog/02-create-user-table.xml::2::xfnet
2025-03-03 17:23:00 [main] INFO  liquibase.changelog - Table user created
2025-03-03 17:23:00 [main] INFO  liquibase.changelog - ChangeSet db/changelog/02-create-user-table.xml::2::xfnet ran successfully in 10ms
2025-03-03 17:23:00 [main] INFO  liquibase.ui - Running Changeset: db/changelog/03-create-priority-table.xml::3::xfnet
2025-03-03 17:23:00 [main] INFO  liquibase.changelog - Table priority created
2025-03-03 17:23:00 [main] INFO  liquibase.changelog - ChangeSet db/changelog/03-create-priority-table.xml::3::xfnet ran successfully in 8ms
2025-03-03 17:23:00 [main] INFO  liquibase.ui - Running Changeset: db/changelog/04-create-status-table.xml::4::xfnet
2025-03-03 17:23:00 [main] INFO  liquibase.changelog - Table status created
2025-03-03 17:23:00 [main] INFO  liquibase.changelog - Foreign key constraint added to status (user_id)
2025-03-03 17:23:00 [main] INFO  liquibase.changelog - Unique constraint added to status(title, user_id)
2025-03-03 17:23:00 [main] INFO  liquibase.changelog - ChangeSet db/changelog/04-create-status-table.xml::4::xfnet ran successfully in 19ms
2025-03-03 17:23:00 [main] INFO  liquibase.ui - Running Changeset: db/changelog/05-create-role-table.xml::5::xfnet
2025-03-03 17:23:00 [main] INFO  liquibase.changelog - Table role created
2025-03-03 17:23:00 [main] INFO  liquibase.changelog - ChangeSet db/changelog/05-create-role-table.xml::5::xfnet ran successfully in 7ms
2025-03-03 17:23:00 [main] INFO  liquibase.ui - Running Changeset: db/changelog/06-create-user-roles-table.xml::6::xfnet
2025-03-03 17:23:00 [main] INFO  liquibase.changelog - Table user_roles created
2025-03-03 17:23:00 [main] INFO  liquibase.changelog - Primary key added to user_roles (user_id, role_id)
2025-03-03 17:23:00 [main] INFO  liquibase.changelog - Foreign key constraint added to user_roles (user_id)
2025-03-03 17:23:00 [main] INFO  liquibase.changelog - Foreign key constraint added to user_roles (role_id)
2025-03-03 17:23:00 [main] INFO  liquibase.changelog - ChangeSet db/changelog/06-create-user-roles-table.xml::6::xfnet ran successfully in 20ms
2025-03-03 17:23:00 [main] INFO  liquibase.ui - Running Changeset: db/changelog/07-create-task-table.xml::7::xfnet
2025-03-03 17:23:00 [main] INFO  liquibase.changelog - Table task created
2025-03-03 17:23:00 [main] INFO  liquibase.changelog - Foreign key constraint added to task (priority_id)
2025-03-03 17:23:00 [main] INFO  liquibase.changelog - Foreign key constraint added to task (status_id)
2025-03-03 17:23:00 [main] INFO  liquibase.changelog - Foreign key constraint added to task (user_id)
2025-03-03 17:23:00 [main] INFO  liquibase.changelog - ChangeSet db/changelog/07-create-task-table.xml::7::xfnet ran successfully in 20ms
2025-03-03 17:23:00 [main] INFO  liquibase.ui - Running Changeset: db/changelog/08-create-task-executors-table.xml::8::xfnet
2025-03-03 17:23:01 [main] INFO  liquibase.changelog - Table task_executors created
2025-03-03 17:23:01 [main] INFO  liquibase.changelog - Primary key added to task_executors (task_id, user_id)
2025-03-03 17:23:01 [main] INFO  liquibase.changelog - Foreign key constraint added to task_executors (task_id)
2025-03-03 17:23:01 [main] INFO  liquibase.changelog - Foreign key constraint added to task_executors (user_id)
2025-03-03 17:23:01 [main] INFO  liquibase.changelog - ChangeSet db/changelog/08-create-task-executors-table.xml::8::xfnet ran successfully in 20ms
2025-03-03 17:23:01 [main] INFO  liquibase.ui - Running Changeset: db/changelog/09-create-comment-table.xml::9::xfnet
2025-03-03 17:23:01 [main] INFO  liquibase.changelog - Table comment created
2025-03-03 17:23:01 [main] INFO  liquibase.changelog - Foreign key constraint added to comment (task_id)
2025-03-03 17:23:01 [main] INFO  liquibase.changelog - Foreign key constraint added to comment (user_id)
2025-03-03 17:23:01 [main] INFO  liquibase.changelog - Foreign key constraint added to comment (parent_id)
2025-03-03 17:23:01 [main] INFO  liquibase.changelog - ChangeSet db/changelog/09-create-comment-table.xml::9::xfnet ran successfully in 36ms
2025-03-03 17:23:01 [main] INFO  liquibase.ui - Running Changeset: db/changelog/10-insert-default-data.xml::10::xfnet
2025-03-03 17:23:01 [main] INFO  liquibase.changelog - New row inserted into role
2025-03-03 17:23:01 [main] INFO  liquibase.changelog - New row inserted into role
2025-03-03 17:23:01 [main] INFO  liquibase.changelog - New row inserted into user
2025-03-03 17:23:01 [main] INFO  liquibase.changelog - New row inserted into user
2025-03-03 17:23:01 [main] INFO  liquibase.changelog - New row inserted into user
2025-03-03 17:23:01 [main] INFO  liquibase.changelog - New row inserted into user
2025-03-03 17:23:01 [main] INFO  liquibase.changelog - New row inserted into user
2025-03-03 17:23:01 [main] INFO  liquibase.changelog - New row inserted into user_roles
2025-03-03 17:23:01 [main] INFO  liquibase.changelog - New row inserted into user_roles
2025-03-03 17:23:01 [main] INFO  liquibase.changelog - New row inserted into user_roles
2025-03-03 17:23:01 [main] INFO  liquibase.changelog - New row inserted into user_roles
2025-03-03 17:23:01 [main] INFO  liquibase.changelog - New row inserted into user_roles
2025-03-03 17:23:01 [main] INFO  liquibase.changelog - New row inserted into priority
2025-03-03 17:23:01 [main] INFO  liquibase.changelog - New row inserted into priority
2025-03-03 17:23:01 [main] INFO  liquibase.changelog - New row inserted into priority
2025-03-03 17:23:01 [main] INFO  liquibase.changelog - New row inserted into status
2025-03-03 17:23:01 [main] INFO  liquibase.changelog - New row inserted into status
2025-03-03 17:23:01 [main] INFO  liquibase.changelog - New row inserted into status
2025-03-03 17:23:01 [main] INFO  liquibase.changelog - New row inserted into status
2025-03-03 17:23:01 [main] INFO  liquibase.changelog - New row inserted into status
2025-03-03 17:23:01 [main] INFO  liquibase.changelog - New row inserted into task
2025-03-03 17:23:01 [main] INFO  liquibase.changelog - New row inserted into task
2025-03-03 17:23:01 [main] INFO  liquibase.changelog - New row inserted into task
2025-03-03 17:23:01 [main] INFO  liquibase.changelog - New row inserted into task_executors
2025-03-03 17:23:01 [main] INFO  liquibase.changelog - New row inserted into task_executors
2025-03-03 17:23:01 [main] INFO  liquibase.changelog - New row inserted into task_executors
2025-03-03 17:23:01 [main] INFO  liquibase.changelog - New row inserted into task_executors
2025-03-03 17:23:01 [main] INFO  liquibase.changelog - New row inserted into comment
2025-03-03 17:23:01 [main] INFO  liquibase.changelog - New row inserted into comment
2025-03-03 17:23:01 [main] INFO  liquibase.changelog - New row inserted into comment
2025-03-03 17:23:01 [main] INFO  liquibase.changelog - ChangeSet db/changelog/10-insert-default-data.xml::10::xfnet ran successfully in 72ms
2025-03-03 17:23:01 [main] INFO  liquibase.util - UPDATE SUMMARY
2025-03-03 17:23:01 [main] INFO  liquibase.util - Run:                         10
2025-03-03 17:23:01 [main] INFO  liquibase.util - Previously run:               0
2025-03-03 17:23:01 [main] INFO  liquibase.util - Filtered out:                 0
2025-03-03 17:23:01 [main] INFO  liquibase.util - -------------------------------
2025-03-03 17:23:01 [main] INFO  liquibase.util - Total change sets:           10
2025-03-03 17:23:01 [main] INFO  liquibase.util - Update summary generated
2025-03-03 17:23:01 [main] INFO  liquibase.command - Update command completed successfully.
2025-03-03 17:23:01 [main] INFO  liquibase.ui - Liquibase: Update has been successful. Rows affected: 40
2025-03-03 17:23:01 [main] INFO  liquibase.lockservice - Successfully released change log lock
2025-03-03 17:23:01 [main] INFO  liquibase.command - Command execution complete
2025-03-03 17:23:01 [main] INFO  o.h.jpa.internal.util.LogHelper - HHH000204: Processing PersistenceUnitInfo [name: default]
2025-03-03 17:23:01 [main] INFO  org.hibernate.Version - HHH000412: Hibernate ORM core version 6.5.3.Final
2025-03-03 17:23:01 [main] INFO  o.h.c.i.RegionFactoryInitiator - HHH000026: Second-level cache disabled
2025-03-03 17:23:01 [main] INFO  o.s.o.j.p.SpringPersistenceUnitInfo - No LoadTimeWeaver setup: ignoring JPA class transformer
2025-03-03 17:23:02 [main] INFO  o.h.e.t.j.p.i.JtaPlatformInitiator - HHH000489: No JTA platform available (set 'hibernate.transaction.jta.platform' to enable JTA platform integration)
2025-03-03 17:23:02 [main] INFO  o.s.o.j.LocalContainerEntityManagerFactoryBean - Initialized JPA EntityManagerFactory for persistence unit 'default'
2025-03-03 17:23:03 [main] INFO  o.s.s.c.a.a.c.InitializeAuthenticationProviderBeanManagerConfigurer$InitializeAuthenticationProviderManagerConfigurer - Global AuthenticationManager configured with AuthenticationProvider bean with name authenticationProvider
2025-03-03 17:23:03 [main] WARN  o.s.s.c.a.a.c.InitializeUserDetailsBeanManagerConfigurer$InitializeUserDetailsManagerConfigurer - Global AuthenticationManager configured with an AuthenticationProvider bean. UserDetailsService beans will not be used for username/password login. Consider removing the AuthenticationProvider bean. Alternatively, consider using the UserDetailsService in a manually instantiated DaoAuthenticationProvider.
2025-03-03 17:23:03 [main] INFO  o.s.d.j.r.query.QueryEnhancerFactory - Hibernate is in classpath; If applicable, HQL parser will be used.
2025-03-03 17:23:03 [main] WARN  o.s.b.a.o.j.JpaBaseConfiguration$JpaWebConfiguration - spring.jpa.open-in-view is enabled by default. Therefore, database queries may be performed during view rendering. Explicitly configure spring.jpa.open-in-view to disable this warning
2025-03-03 17:23:04 [main] INFO  com.track.task.task.TaskServiceTest - Started TaskServiceTest in 9.875 seconds (process running for 17.915)
2025-03-03 17:23:05 [main] INFO  c.t.t.s.task.impl.TaskServiceImpl - [Task] Updating status for task ID: 4
2025-03-03 17:23:05 [main] INFO  c.t.t.s.task.impl.TaskServiceImpl - [Task] Getting task ID: 4
2025-03-03 17:23:05 [main] INFO  c.t.t.s.task.impl.TaskServiceImpl - [Task] Successfully updated status for task ID: 4
2025-03-03 17:23:05 [main] INFO  c.t.t.s.task.impl.TaskServiceImpl - [Task] Updating task ID: 5
2025-03-03 17:23:05 [main] INFO  c.t.t.s.task.impl.TaskServiceImpl - [Task] Creating new task. Initiator: test@example.com
2025-03-03 17:23:05 [main] INFO  c.t.t.s.task.impl.TaskServiceImpl - [Task] Successfully created task ID: 6
2025-03-03 17:23:05 [main] INFO  c.t.t.s.task.impl.TaskServiceImpl - [Task] Getting task ID: 7
2025-03-03 17:23:05 [main] INFO  c.t.t.s.task.impl.TaskServiceImpl - [Task] Deleting task ID: 8
2025-03-03 17:23:05 [main] INFO  c.t.t.s.task.impl.TaskServiceImpl - [Task] Successfully deleted task ID: 8
2025-03-03 17:23:05 [main] WARN  o.h.e.jdbc.spi.SqlExceptionHelper - SQL Error: 0, SQLState: 23502
2025-03-03 17:23:05 [main] ERROR o.h.e.jdbc.spi.SqlExceptionHelper - ERROR: null value in column "status_id" of relation "task" violates not-null constraint
  Подробности: Failing row contains (9, Private Task, Sensitive data, null, null, 1, t, 2025-03-03 17:23:05.392).
2025-03-03 17:23:06 [SpringApplicationShutdownHook] INFO  o.s.o.j.LocalContainerEntityManagerFactoryBean - Closing JPA EntityManagerFactory for persistence unit 'default'
2025-03-03 17:23:06 [SpringApplicationShutdownHook] INFO  com.zaxxer.hikari.HikariDataSource - HikariPool-1 - Shutdown initiated...
2025-03-03 17:23:06 [SpringApplicationShutdownHook] INFO  com.zaxxer.hikari.HikariDataSource - HikariPool-1 - Shutdown completed.
2025-03-03 17:26:13 [background-preinit] INFO  o.h.validator.internal.util.Version - HV000001: Hibernate Validator 8.0.1.Final
2025-03-03 17:26:13 [main] INFO  com.track.task.task.TaskServiceTest - Starting TaskServiceTest using Java 22.0.2 with PID 10704 (started by Admin in C:\Users\Admin\Desktop\task)
2025-03-03 17:26:13 [main] INFO  com.track.task.task.TaskServiceTest - No active profile set, falling back to 1 default profile: "default"
2025-03-03 17:26:15 [main] INFO  o.s.d.r.c.RepositoryConfigurationDelegate - Bootstrapping Spring Data JPA repositories in DEFAULT mode.
2025-03-03 17:26:15 [main] INFO  o.s.d.r.c.RepositoryConfigurationDelegate - Finished Spring Data repository scanning in 129 ms. Found 5 JPA repository interfaces.
2025-03-03 17:26:16 [main] INFO  com.zaxxer.hikari.HikariDataSource - HikariPool-1 - Starting...
2025-03-03 17:26:17 [main] INFO  com.zaxxer.hikari.pool.HikariPool - HikariPool-1 - Added connection org.postgresql.jdbc.PgConnection@4abfa2ff
2025-03-03 17:26:17 [main] INFO  com.zaxxer.hikari.HikariDataSource - HikariPool-1 - Start completed.
2025-03-03 17:26:17 [main] INFO  liquibase.database - Set default schema name to public
2025-03-03 17:26:18 [main] INFO  liquibase.changelog - Creating database history table with name: public.databasechangelog
2025-03-03 17:26:18 [main] INFO  liquibase.changelog - Reading from public.databasechangelog
2025-03-03 17:26:18 [main] INFO  liquibase.lockservice - Successfully acquired change log lock
2025-03-03 17:26:18 [main] INFO  liquibase.command - Using deploymentId: 1011978616
2025-03-03 17:26:18 [main] INFO  liquibase.changelog - Reading from public.databasechangelog
2025-03-03 17:26:18 [main] INFO  liquibase.ui - Running Changeset: db/changelog/01-create-schema.xml::1::xfnet
2025-03-03 17:26:18 [main] WARN  liquibase.executor - schema "private" does not exist, skipping
2025-03-03 17:26:18 [main] INFO  liquibase.changelog - Custom SQL executed
2025-03-03 17:26:18 [main] INFO  liquibase.changelog - Custom SQL executed
2025-03-03 17:26:18 [main] INFO  liquibase.changelog - ChangeSet db/changelog/01-create-schema.xml::1::xfnet ran successfully in 27ms
2025-03-03 17:26:18 [main] INFO  liquibase.ui - Running Changeset: db/changelog/02-create-user-table.xml::2::xfnet
2025-03-03 17:26:18 [main] INFO  liquibase.changelog - Table user created
2025-03-03 17:26:18 [main] INFO  liquibase.changelog - ChangeSet db/changelog/02-create-user-table.xml::2::xfnet ran successfully in 12ms
2025-03-03 17:26:18 [main] INFO  liquibase.ui - Running Changeset: db/changelog/03-create-priority-table.xml::3::xfnet
2025-03-03 17:26:18 [main] INFO  liquibase.changelog - Table priority created
2025-03-03 17:26:18 [main] INFO  liquibase.changelog - ChangeSet db/changelog/03-create-priority-table.xml::3::xfnet ran successfully in 9ms
2025-03-03 17:26:18 [main] INFO  liquibase.ui - Running Changeset: db/changelog/04-create-status-table.xml::4::xfnet
2025-03-03 17:26:18 [main] INFO  liquibase.changelog - Table status created
2025-03-03 17:26:18 [main] INFO  liquibase.changelog - Foreign key constraint added to status (user_id)
2025-03-03 17:26:18 [main] INFO  liquibase.changelog - Unique constraint added to status(title, user_id)
2025-03-03 17:26:18 [main] INFO  liquibase.changelog - ChangeSet db/changelog/04-create-status-table.xml::4::xfnet ran successfully in 37ms
2025-03-03 17:26:18 [main] INFO  liquibase.ui - Running Changeset: db/changelog/05-create-role-table.xml::5::xfnet
2025-03-03 17:26:18 [main] INFO  liquibase.changelog - Table role created
2025-03-03 17:26:18 [main] INFO  liquibase.changelog - ChangeSet db/changelog/05-create-role-table.xml::5::xfnet ran successfully in 15ms
2025-03-03 17:26:18 [main] INFO  liquibase.ui - Running Changeset: db/changelog/06-create-user-roles-table.xml::6::xfnet
2025-03-03 17:26:18 [main] INFO  liquibase.changelog - Table user_roles created
2025-03-03 17:26:18 [main] INFO  liquibase.changelog - Primary key added to user_roles (user_id, role_id)
2025-03-03 17:26:18 [main] INFO  liquibase.changelog - Foreign key constraint added to user_roles (user_id)
2025-03-03 17:26:18 [main] INFO  liquibase.changelog - Foreign key constraint added to user_roles (role_id)
2025-03-03 17:26:18 [main] INFO  liquibase.changelog - ChangeSet db/changelog/06-create-user-roles-table.xml::6::xfnet ran successfully in 24ms
2025-03-03 17:26:18 [main] INFO  liquibase.ui - Running Changeset: db/changelog/07-create-task-table.xml::7::xfnet
2025-03-03 17:26:18 [main] INFO  liquibase.changelog - Table task created
2025-03-03 17:26:18 [main] INFO  liquibase.changelog - Foreign key constraint added to task (priority_id)
2025-03-03 17:26:18 [main] INFO  liquibase.changelog - Foreign key constraint added to task (status_id)
2025-03-03 17:26:18 [main] INFO  liquibase.changelog - Foreign key constraint added to task (user_id)
2025-03-03 17:26:18 [main] INFO  liquibase.changelog - ChangeSet db/changelog/07-create-task-table.xml::7::xfnet ran successfully in 29ms
2025-03-03 17:26:18 [main] INFO  liquibase.ui - Running Changeset: db/changelog/08-create-task-executors-table.xml::8::xfnet
2025-03-03 17:26:18 [main] INFO  liquibase.changelog - Table task_executors created
2025-03-03 17:26:18 [main] INFO  liquibase.changelog - Primary key added to task_executors (task_id, user_id)
2025-03-03 17:26:18 [main] INFO  liquibase.changelog - Foreign key constraint added to task_executors (task_id)
2025-03-03 17:26:18 [main] INFO  liquibase.changelog - Foreign key constraint added to task_executors (user_id)
2025-03-03 17:26:18 [main] INFO  liquibase.changelog - ChangeSet db/changelog/08-create-task-executors-table.xml::8::xfnet ran successfully in 16ms
2025-03-03 17:26:18 [main] INFO  liquibase.ui - Running Changeset: db/changelog/09-create-comment-table.xml::9::xfnet
2025-03-03 17:26:18 [main] INFO  liquibase.changelog - Table comment created
2025-03-03 17:26:18 [main] INFO  liquibase.changelog - Foreign key constraint added to comment (task_id)
2025-03-03 17:26:18 [main] INFO  liquibase.changelog - Foreign key constraint added to comment (user_id)
2025-03-03 17:26:18 [main] INFO  liquibase.changelog - Foreign key constraint added to comment (parent_id)
2025-03-03 17:26:18 [main] INFO  liquibase.changelog - ChangeSet db/changelog/09-create-comment-table.xml::9::xfnet ran successfully in 23ms
2025-03-03 17:26:18 [main] INFO  liquibase.ui - Running Changeset: db/changelog/10-insert-default-data.xml::10::xfnet
2025-03-03 17:26:18 [main] INFO  liquibase.changelog - New row inserted into role
2025-03-03 17:26:18 [main] INFO  liquibase.changelog - New row inserted into role
2025-03-03 17:26:18 [main] INFO  liquibase.changelog - New row inserted into user
2025-03-03 17:26:19 [main] INFO  liquibase.changelog - New row inserted into user
2025-03-03 17:26:19 [main] INFO  liquibase.changelog - New row inserted into user
2025-03-03 17:26:19 [main] INFO  liquibase.changelog - New row inserted into user
2025-03-03 17:26:19 [main] INFO  liquibase.changelog - New row inserted into user
2025-03-03 17:26:19 [main] INFO  liquibase.changelog - New row inserted into user_roles
2025-03-03 17:26:19 [main] INFO  liquibase.changelog - New row inserted into user_roles
2025-03-03 17:26:19 [main] INFO  liquibase.changelog - New row inserted into user_roles
2025-03-03 17:26:19 [main] INFO  liquibase.changelog - New row inserted into user_roles
2025-03-03 17:26:19 [main] INFO  liquibase.changelog - New row inserted into user_roles
2025-03-03 17:26:19 [main] INFO  liquibase.changelog - New row inserted into priority
2025-03-03 17:26:19 [main] INFO  liquibase.changelog - New row inserted into priority
2025-03-03 17:26:19 [main] INFO  liquibase.changelog - New row inserted into priority
2025-03-03 17:26:19 [main] INFO  liquibase.changelog - New row inserted into status
2025-03-03 17:26:19 [main] INFO  liquibase.changelog - New row inserted into status
2025-03-03 17:26:19 [main] INFO  liquibase.changelog - New row inserted into status
2025-03-03 17:26:19 [main] INFO  liquibase.changelog - New row inserted into status
2025-03-03 17:26:19 [main] INFO  liquibase.changelog - New row inserted into status
2025-03-03 17:26:19 [main] INFO  liquibase.changelog - New row inserted into task
2025-03-03 17:26:19 [main] INFO  liquibase.changelog - New row inserted into task
2025-03-03 17:26:19 [main] INFO  liquibase.changelog - New row inserted into task
2025-03-03 17:26:19 [main] INFO  liquibase.changelog - New row inserted into task_executors
2025-03-03 17:26:19 [main] INFO  liquibase.changelog - New row inserted into task_executors
2025-03-03 17:26:19 [main] INFO  liquibase.changelog - New row inserted into task_executors
2025-03-03 17:26:19 [main] INFO  liquibase.changelog - New row inserted into task_executors
2025-03-03 17:26:19 [main] INFO  liquibase.changelog - New row inserted into comment
2025-03-03 17:26:19 [main] INFO  liquibase.changelog - New row inserted into comment
2025-03-03 17:26:19 [main] INFO  liquibase.changelog - New row inserted into comment
2025-03-03 17:26:19 [main] INFO  liquibase.changelog - ChangeSet db/changelog/10-insert-default-data.xml::10::xfnet ran successfully in 95ms
2025-03-03 17:26:19 [main] INFO  liquibase.util - UPDATE SUMMARY
2025-03-03 17:26:19 [main] INFO  liquibase.util - Run:                         10
2025-03-03 17:26:19 [main] INFO  liquibase.util - Previously run:               0
2025-03-03 17:26:19 [main] INFO  liquibase.util - Filtered out:                 0
2025-03-03 17:26:19 [main] INFO  liquibase.util - -------------------------------
2025-03-03 17:26:19 [main] INFO  liquibase.util - Total change sets:           10
2025-03-03 17:26:19 [main] INFO  liquibase.util - Update summary generated
2025-03-03 17:26:19 [main] INFO  liquibase.command - Update command completed successfully.
2025-03-03 17:26:19 [main] INFO  liquibase.ui - Liquibase: Update has been successful. Rows affected: 40
2025-03-03 17:26:19 [main] INFO  liquibase.lockservice - Successfully released change log lock
2025-03-03 17:26:19 [main] INFO  liquibase.command - Command execution complete
2025-03-03 17:26:19 [main] INFO  o.h.jpa.internal.util.LogHelper - HHH000204: Processing PersistenceUnitInfo [name: default]
2025-03-03 17:26:19 [main] INFO  org.hibernate.Version - HHH000412: Hibernate ORM core version 6.5.3.Final
2025-03-03 17:26:19 [main] INFO  o.h.c.i.RegionFactoryInitiator - HHH000026: Second-level cache disabled
2025-03-03 17:26:19 [main] INFO  o.s.o.j.p.SpringPersistenceUnitInfo - No LoadTimeWeaver setup: ignoring JPA class transformer
2025-03-03 17:26:20 [main] INFO  o.h.e.t.j.p.i.JtaPlatformInitiator - HHH000489: No JTA platform available (set 'hibernate.transaction.jta.platform' to enable JTA platform integration)
2025-03-03 17:26:20 [main] INFO  o.s.o.j.LocalContainerEntityManagerFactoryBean - Initialized JPA EntityManagerFactory for persistence unit 'default'
2025-03-03 17:26:21 [main] INFO  o.s.s.c.a.a.c.InitializeAuthenticationProviderBeanManagerConfigurer$InitializeAuthenticationProviderManagerConfigurer - Global AuthenticationManager configured with AuthenticationProvider bean with name authenticationProvider
2025-03-03 17:26:21 [main] WARN  o.s.s.c.a.a.c.InitializeUserDetailsBeanManagerConfigurer$InitializeUserDetailsManagerConfigurer - Global AuthenticationManager configured with an AuthenticationProvider bean. UserDetailsService beans will not be used for username/password login. Consider removing the AuthenticationProvider bean. Alternatively, consider using the UserDetailsService in a manually instantiated DaoAuthenticationProvider.
2025-03-03 17:26:21 [main] INFO  o.s.d.j.r.query.QueryEnhancerFactory - Hibernate is in classpath; If applicable, HQL parser will be used.
2025-03-03 17:26:21 [main] WARN  o.s.b.a.o.j.JpaBaseConfiguration$JpaWebConfiguration - spring.jpa.open-in-view is enabled by default. Therefore, database queries may be performed during view rendering. Explicitly configure spring.jpa.open-in-view to disable this warning
2025-03-03 17:26:23 [main] INFO  com.track.task.task.TaskServiceTest - Started TaskServiceTest in 9.97 seconds (process running for 16.991)
2025-03-03 17:26:23 [main] INFO  c.t.t.s.task.impl.TaskServiceImpl - [Task] Updating status for task ID: 4
2025-03-03 17:26:23 [main] INFO  c.t.t.s.task.impl.TaskServiceImpl - [Task] Getting task ID: 4
2025-03-03 17:26:23 [main] INFO  c.t.t.s.task.impl.TaskServiceImpl - [Task] Successfully updated status for task ID: 4
2025-03-03 17:26:23 [main] INFO  c.t.t.s.task.impl.TaskServiceImpl - [Task] Updating task ID: 5
2025-03-03 17:26:23 [main] INFO  c.t.t.s.task.impl.TaskServiceImpl - [Task] Creating new task. Initiator: test@example.com
2025-03-03 17:26:23 [main] INFO  c.t.t.s.task.impl.TaskServiceImpl - [Task] Successfully created task ID: 6
2025-03-03 17:26:23 [main] INFO  c.t.t.s.task.impl.TaskServiceImpl - [Task] Getting task ID: 7
2025-03-03 17:26:23 [main] INFO  c.t.t.s.task.impl.TaskServiceImpl - [Task] Deleting task ID: 8
2025-03-03 17:26:23 [main] INFO  c.t.t.s.task.impl.TaskServiceImpl - [Task] Successfully deleted task ID: 8
2025-03-03 17:26:23 [main] WARN  o.h.e.jdbc.spi.SqlExceptionHelper - SQL Error: 0, SQLState: 23502
2025-03-03 17:26:23 [main] ERROR o.h.e.jdbc.spi.SqlExceptionHelper - ERROR: null value in column "status_id" of relation "task" violates not-null constraint
  Подробности: Failing row contains (9, Private Task, Sensitive data, null, null, 1, t, 2025-03-03 17:26:23.566).
2025-03-03 17:26:24 [SpringApplicationShutdownHook] INFO  o.s.o.j.LocalContainerEntityManagerFactoryBean - Closing JPA EntityManagerFactory for persistence unit 'default'
2025-03-03 17:26:24 [SpringApplicationShutdownHook] INFO  com.zaxxer.hikari.HikariDataSource - HikariPool-1 - Shutdown initiated...
2025-03-03 17:26:24 [SpringApplicationShutdownHook] INFO  com.zaxxer.hikari.HikariDataSource - HikariPool-1 - Shutdown completed.
2025-03-03 17:27:12 [background-preinit] INFO  o.h.validator.internal.util.Version - HV000001: Hibernate Validator 8.0.1.Final
2025-03-03 17:27:12 [main] INFO  com.track.task.task.TaskServiceTest - Starting TaskServiceTest using Java 22.0.2 with PID 19056 (started by Admin in C:\Users\Admin\Desktop\task)
2025-03-03 17:27:12 [main] INFO  com.track.task.task.TaskServiceTest - No active profile set, falling back to 1 default profile: "default"
2025-03-03 17:27:14 [main] INFO  o.s.d.r.c.RepositoryConfigurationDelegate - Bootstrapping Spring Data JPA repositories in DEFAULT mode.
2025-03-03 17:27:14 [main] INFO  o.s.d.r.c.RepositoryConfigurationDelegate - Finished Spring Data repository scanning in 87 ms. Found 5 JPA repository interfaces.
2025-03-03 17:27:15 [main] INFO  com.zaxxer.hikari.HikariDataSource - HikariPool-1 - Starting...
2025-03-03 17:27:16 [main] INFO  com.zaxxer.hikari.pool.HikariPool - HikariPool-1 - Added connection org.postgresql.jdbc.PgConnection@73230721
2025-03-03 17:27:16 [main] INFO  com.zaxxer.hikari.HikariDataSource - HikariPool-1 - Start completed.
2025-03-03 17:27:16 [main] INFO  liquibase.database - Set default schema name to public
2025-03-03 17:27:17 [main] INFO  liquibase.changelog - Creating database history table with name: public.databasechangelog
2025-03-03 17:27:17 [main] INFO  liquibase.changelog - Reading from public.databasechangelog
2025-03-03 17:27:17 [main] INFO  liquibase.lockservice - Successfully acquired change log lock
2025-03-03 17:27:17 [main] INFO  liquibase.command - Using deploymentId: 1012037233
2025-03-03 17:27:17 [main] INFO  liquibase.changelog - Reading from public.databasechangelog
2025-03-03 17:27:17 [main] INFO  liquibase.ui - Running Changeset: db/changelog/01-create-schema.xml::1::xfnet
2025-03-03 17:27:17 [main] WARN  liquibase.executor - schema "private" does not exist, skipping
2025-03-03 17:27:17 [main] INFO  liquibase.changelog - Custom SQL executed
2025-03-03 17:27:17 [main] INFO  liquibase.changelog - Custom SQL executed
2025-03-03 17:27:17 [main] INFO  liquibase.changelog - ChangeSet db/changelog/01-create-schema.xml::1::xfnet ran successfully in 29ms
2025-03-03 17:27:17 [main] INFO  liquibase.ui - Running Changeset: db/changelog/02-create-user-table.xml::2::xfnet
2025-03-03 17:27:17 [main] INFO  liquibase.changelog - Table user created
2025-03-03 17:27:17 [main] INFO  liquibase.changelog - ChangeSet db/changelog/02-create-user-table.xml::2::xfnet ran successfully in 10ms
2025-03-03 17:27:17 [main] INFO  liquibase.ui - Running Changeset: db/changelog/03-create-priority-table.xml::3::xfnet
2025-03-03 17:27:17 [main] INFO  liquibase.changelog - Table priority created
2025-03-03 17:27:17 [main] INFO  liquibase.changelog - ChangeSet db/changelog/03-create-priority-table.xml::3::xfnet ran successfully in 9ms
2025-03-03 17:27:17 [main] INFO  liquibase.ui - Running Changeset: db/changelog/04-create-status-table.xml::4::xfnet
2025-03-03 17:27:17 [main] INFO  liquibase.changelog - Table status created
2025-03-03 17:27:17 [main] INFO  liquibase.changelog - Foreign key constraint added to status (user_id)
2025-03-03 17:27:17 [main] INFO  liquibase.changelog - Unique constraint added to status(title, user_id)
2025-03-03 17:27:17 [main] INFO  liquibase.changelog - ChangeSet db/changelog/04-create-status-table.xml::4::xfnet ran successfully in 16ms
2025-03-03 17:27:17 [main] INFO  liquibase.ui - Running Changeset: db/changelog/05-create-role-table.xml::5::xfnet
2025-03-03 17:27:17 [main] INFO  liquibase.changelog - Table role created
2025-03-03 17:27:17 [main] INFO  liquibase.changelog - ChangeSet db/changelog/05-create-role-table.xml::5::xfnet ran successfully in 6ms
2025-03-03 17:27:17 [main] INFO  liquibase.ui - Running Changeset: db/changelog/06-create-user-roles-table.xml::6::xfnet
2025-03-03 17:27:17 [main] INFO  liquibase.changelog - Table user_roles created
2025-03-03 17:27:17 [main] INFO  liquibase.changelog - Primary key added to user_roles (user_id, role_id)
2025-03-03 17:27:17 [main] INFO  liquibase.changelog - Foreign key constraint added to user_roles (user_id)
2025-03-03 17:27:17 [main] INFO  liquibase.changelog - Foreign key constraint added to user_roles (role_id)
2025-03-03 17:27:17 [main] INFO  liquibase.changelog - ChangeSet db/changelog/06-create-user-roles-table.xml::6::xfnet ran successfully in 17ms
2025-03-03 17:27:17 [main] INFO  liquibase.ui - Running Changeset: db/changelog/07-create-task-table.xml::7::xfnet
2025-03-03 17:27:17 [main] INFO  liquibase.changelog - Table task created
2025-03-03 17:27:17 [main] INFO  liquibase.changelog - Foreign key constraint added to task (priority_id)
2025-03-03 17:27:17 [main] INFO  liquibase.changelog - Foreign key constraint added to task (status_id)
2025-03-03 17:27:17 [main] INFO  liquibase.changelog - Foreign key constraint added to task (user_id)
2025-03-03 17:27:17 [main] INFO  liquibase.changelog - ChangeSet db/changelog/07-create-task-table.xml::7::xfnet ran successfully in 22ms
2025-03-03 17:27:17 [main] INFO  liquibase.ui - Running Changeset: db/changelog/08-create-task-executors-table.xml::8::xfnet
2025-03-03 17:27:17 [main] INFO  liquibase.changelog - Table task_executors created
2025-03-03 17:27:17 [main] INFO  liquibase.changelog - Primary key added to task_executors (task_id, user_id)
2025-03-03 17:27:17 [main] INFO  liquibase.changelog - Foreign key constraint added to task_executors (task_id)
2025-03-03 17:27:17 [main] INFO  liquibase.changelog - Foreign key constraint added to task_executors (user_id)
2025-03-03 17:27:17 [main] INFO  liquibase.changelog - ChangeSet db/changelog/08-create-task-executors-table.xml::8::xfnet ran successfully in 15ms
2025-03-03 17:27:17 [main] INFO  liquibase.ui - Running Changeset: db/changelog/09-create-comment-table.xml::9::xfnet
2025-03-03 17:27:17 [main] INFO  liquibase.changelog - Table comment created
2025-03-03 17:27:17 [main] INFO  liquibase.changelog - Foreign key constraint added to comment (task_id)
2025-03-03 17:27:17 [main] INFO  liquibase.changelog - Foreign key constraint added to comment (user_id)
2025-03-03 17:27:17 [main] INFO  liquibase.changelog - Foreign key constraint added to comment (parent_id)
2025-03-03 17:27:17 [main] INFO  liquibase.changelog - ChangeSet db/changelog/09-create-comment-table.xml::9::xfnet ran successfully in 18ms
2025-03-03 17:27:17 [main] INFO  liquibase.ui - Running Changeset: db/changelog/10-insert-default-data.xml::10::xfnet
2025-03-03 17:27:17 [main] INFO  liquibase.changelog - New row inserted into role
2025-03-03 17:27:17 [main] INFO  liquibase.changelog - New row inserted into role
2025-03-03 17:27:17 [main] INFO  liquibase.changelog - New row inserted into user
2025-03-03 17:27:17 [main] INFO  liquibase.changelog - New row inserted into user
2025-03-03 17:27:17 [main] INFO  liquibase.changelog - New row inserted into user
2025-03-03 17:27:17 [main] INFO  liquibase.changelog - New row inserted into user
2025-03-03 17:27:17 [main] INFO  liquibase.changelog - New row inserted into user
2025-03-03 17:27:17 [main] INFO  liquibase.changelog - New row inserted into user_roles
2025-03-03 17:27:17 [main] INFO  liquibase.changelog - New row inserted into user_roles
2025-03-03 17:27:17 [main] INFO  liquibase.changelog - New row inserted into user_roles
2025-03-03 17:27:17 [main] INFO  liquibase.changelog - New row inserted into user_roles
2025-03-03 17:27:17 [main] INFO  liquibase.changelog - New row inserted into user_roles
2025-03-03 17:27:17 [main] INFO  liquibase.changelog - New row inserted into priority
2025-03-03 17:27:17 [main] INFO  liquibase.changelog - New row inserted into priority
2025-03-03 17:27:17 [main] INFO  liquibase.changelog - New row inserted into priority
2025-03-03 17:27:17 [main] INFO  liquibase.changelog - New row inserted into status
2025-03-03 17:27:17 [main] INFO  liquibase.changelog - New row inserted into status
2025-03-03 17:27:17 [main] INFO  liquibase.changelog - New row inserted into status
2025-03-03 17:27:17 [main] INFO  liquibase.changelog - New row inserted into status
2025-03-03 17:27:17 [main] INFO  liquibase.changelog - New row inserted into status
2025-03-03 17:27:17 [main] INFO  liquibase.changelog - New row inserted into task
2025-03-03 17:27:17 [main] INFO  liquibase.changelog - New row inserted into task
2025-03-03 17:27:17 [main] INFO  liquibase.changelog - New row inserted into task
2025-03-03 17:27:17 [main] INFO  liquibase.changelog - New row inserted into task_executors
2025-03-03 17:27:17 [main] INFO  liquibase.changelog - New row inserted into task_executors
2025-03-03 17:27:17 [main] INFO  liquibase.changelog - New row inserted into task_executors
2025-03-03 17:27:17 [main] INFO  liquibase.changelog - New row inserted into task_executors
2025-03-03 17:27:17 [main] INFO  liquibase.changelog - New row inserted into comment
2025-03-03 17:27:17 [main] INFO  liquibase.changelog - New row inserted into comment
2025-03-03 17:27:17 [main] INFO  liquibase.changelog - New row inserted into comment
2025-03-03 17:27:17 [main] INFO  liquibase.changelog - ChangeSet db/changelog/10-insert-default-data.xml::10::xfnet ran successfully in 113ms
2025-03-03 17:27:17 [main] INFO  liquibase.util - UPDATE SUMMARY
2025-03-03 17:27:17 [main] INFO  liquibase.util - Run:                         10
2025-03-03 17:27:17 [main] INFO  liquibase.util - Previously run:               0
2025-03-03 17:27:17 [main] INFO  liquibase.util - Filtered out:                 0
2025-03-03 17:27:17 [main] INFO  liquibase.util - -------------------------------
2025-03-03 17:27:17 [main] INFO  liquibase.util - Total change sets:           10
2025-03-03 17:27:17 [main] INFO  liquibase.util - Update summary generated
2025-03-03 17:27:17 [main] INFO  liquibase.command - Update command completed successfully.
2025-03-03 17:27:17 [main] INFO  liquibase.ui - Liquibase: Update has been successful. Rows affected: 40
2025-03-03 17:27:17 [main] INFO  liquibase.lockservice - Successfully released change log lock
2025-03-03 17:27:17 [main] INFO  liquibase.command - Command execution complete
2025-03-03 17:27:17 [main] INFO  o.h.jpa.internal.util.LogHelper - HHH000204: Processing PersistenceUnitInfo [name: default]
2025-03-03 17:27:17 [main] INFO  org.hibernate.Version - HHH000412: Hibernate ORM core version 6.5.3.Final
2025-03-03 17:27:17 [main] INFO  o.h.c.i.RegionFactoryInitiator - HHH000026: Second-level cache disabled
2025-03-03 17:27:17 [main] INFO  o.s.o.j.p.SpringPersistenceUnitInfo - No LoadTimeWeaver setup: ignoring JPA class transformer
2025-03-03 17:27:18 [main] INFO  o.h.e.t.j.p.i.JtaPlatformInitiator - HHH000489: No JTA platform available (set 'hibernate.transaction.jta.platform' to enable JTA platform integration)
2025-03-03 17:27:18 [main] INFO  o.s.o.j.LocalContainerEntityManagerFactoryBean - Initialized JPA EntityManagerFactory for persistence unit 'default'
2025-03-03 17:27:19 [main] INFO  o.s.s.c.a.a.c.InitializeAuthenticationProviderBeanManagerConfigurer$InitializeAuthenticationProviderManagerConfigurer - Global AuthenticationManager configured with AuthenticationProvider bean with name authenticationProvider
2025-03-03 17:27:19 [main] WARN  o.s.s.c.a.a.c.InitializeUserDetailsBeanManagerConfigurer$InitializeUserDetailsManagerConfigurer - Global AuthenticationManager configured with an AuthenticationProvider bean. UserDetailsService beans will not be used for username/password login. Consider removing the AuthenticationProvider bean. Alternatively, consider using the UserDetailsService in a manually instantiated DaoAuthenticationProvider.
2025-03-03 17:27:19 [main] INFO  o.s.d.j.r.query.QueryEnhancerFactory - Hibernate is in classpath; If applicable, HQL parser will be used.
2025-03-03 17:27:19 [main] WARN  o.s.b.a.o.j.JpaBaseConfiguration$JpaWebConfiguration - spring.jpa.open-in-view is enabled by default. Therefore, database queries may be performed during view rendering. Explicitly configure spring.jpa.open-in-view to disable this warning
2025-03-03 17:27:20 [main] INFO  com.track.task.task.TaskServiceTest - Started TaskServiceTest in 8.334 seconds (process running for 14.259)
2025-03-03 17:27:21 [main] INFO  c.t.t.s.task.impl.TaskServiceImpl - [Task] Getting task ID: 4
2025-03-03 17:27:21 [SpringApplicationShutdownHook] INFO  o.s.o.j.LocalContainerEntityManagerFactoryBean - Closing JPA EntityManagerFactory for persistence unit 'default'
2025-03-03 17:27:21 [SpringApplicationShutdownHook] INFO  com.zaxxer.hikari.HikariDataSource - HikariPool-1 - Shutdown initiated...
2025-03-03 17:27:21 [SpringApplicationShutdownHook] INFO  com.zaxxer.hikari.HikariDataSource - HikariPool-1 - Shutdown completed.
2025-03-03 17:39:30 [background-preinit] INFO  o.h.validator.internal.util.Version - HV000001: Hibernate Validator 8.0.1.Final
2025-03-03 17:39:30 [main] INFO  com.track.task.task.TaskServiceTest - Starting TaskServiceTest using Java 22.0.2 with PID 13276 (started by Admin in C:\Users\Admin\Desktop\task)
2025-03-03 17:39:30 [main] INFO  com.track.task.task.TaskServiceTest - No active profile set, falling back to 1 default profile: "default"
2025-03-03 17:39:32 [main] INFO  o.s.d.r.c.RepositoryConfigurationDelegate - Bootstrapping Spring Data JPA repositories in DEFAULT mode.
2025-03-03 17:39:32 [main] INFO  o.s.d.r.c.RepositoryConfigurationDelegate - Finished Spring Data repository scanning in 162 ms. Found 5 JPA repository interfaces.
2025-03-03 17:39:34 [main] INFO  com.zaxxer.hikari.HikariDataSource - HikariPool-1 - Starting...
2025-03-03 17:39:34 [main] INFO  com.zaxxer.hikari.pool.HikariPool - HikariPool-1 - Added connection org.postgresql.jdbc.PgConnection@34001c5d
2025-03-03 17:39:34 [main] INFO  com.zaxxer.hikari.HikariDataSource - HikariPool-1 - Start completed.
2025-03-03 17:39:35 [main] INFO  liquibase.database - Set default schema name to public
2025-03-03 17:39:36 [main] INFO  liquibase.changelog - Creating database history table with name: public.databasechangelog
2025-03-03 17:39:36 [main] INFO  liquibase.changelog - Reading from public.databasechangelog
2025-03-03 17:39:36 [main] INFO  liquibase.lockservice - Successfully acquired change log lock
2025-03-03 17:39:36 [main] INFO  liquibase.command - Using deploymentId: 1012776418
2025-03-03 17:39:36 [main] INFO  liquibase.changelog - Reading from public.databasechangelog
2025-03-03 17:39:36 [main] INFO  liquibase.ui - Running Changeset: db/changelog/01-create-schema.xml::1::xfnet
2025-03-03 17:39:36 [main] WARN  liquibase.executor - schema "private" does not exist, skipping
2025-03-03 17:39:36 [main] INFO  liquibase.changelog - Custom SQL executed
2025-03-03 17:39:36 [main] INFO  liquibase.changelog - Custom SQL executed
2025-03-03 17:39:36 [main] INFO  liquibase.changelog - ChangeSet db/changelog/01-create-schema.xml::1::xfnet ran successfully in 25ms
2025-03-03 17:39:36 [main] INFO  liquibase.ui - Running Changeset: db/changelog/02-create-user-table.xml::2::xfnet
2025-03-03 17:39:36 [main] INFO  liquibase.changelog - Table user created
2025-03-03 17:39:36 [main] INFO  liquibase.changelog - ChangeSet db/changelog/02-create-user-table.xml::2::xfnet ran successfully in 10ms
2025-03-03 17:39:36 [main] INFO  liquibase.ui - Running Changeset: db/changelog/03-create-priority-table.xml::3::xfnet
2025-03-03 17:39:36 [main] INFO  liquibase.changelog - Table priority created
2025-03-03 17:39:36 [main] INFO  liquibase.changelog - ChangeSet db/changelog/03-create-priority-table.xml::3::xfnet ran successfully in 7ms
2025-03-03 17:39:36 [main] INFO  liquibase.ui - Running Changeset: db/changelog/04-create-status-table.xml::4::xfnet
2025-03-03 17:39:36 [main] INFO  liquibase.changelog - Table status created
2025-03-03 17:39:36 [main] INFO  liquibase.changelog - Foreign key constraint added to status (user_id)
2025-03-03 17:39:36 [main] INFO  liquibase.changelog - Unique constraint added to status(title, user_id)
2025-03-03 17:39:36 [main] INFO  liquibase.changelog - ChangeSet db/changelog/04-create-status-table.xml::4::xfnet ran successfully in 104ms
2025-03-03 17:39:36 [main] INFO  liquibase.ui - Running Changeset: db/changelog/05-create-role-table.xml::5::xfnet
2025-03-03 17:39:36 [main] INFO  liquibase.changelog - Table role created
2025-03-03 17:39:36 [main] INFO  liquibase.changelog - ChangeSet db/changelog/05-create-role-table.xml::5::xfnet ran successfully in 14ms
2025-03-03 17:39:36 [main] INFO  liquibase.ui - Running Changeset: db/changelog/06-create-user-roles-table.xml::6::xfnet
2025-03-03 17:39:36 [main] INFO  liquibase.changelog - Table user_roles created
2025-03-03 17:39:36 [main] INFO  liquibase.changelog - Primary key added to user_roles (user_id, role_id)
2025-03-03 17:39:36 [main] INFO  liquibase.changelog - Foreign key constraint added to user_roles (user_id)
2025-03-03 17:39:36 [main] INFO  liquibase.changelog - Foreign key constraint added to user_roles (role_id)
2025-03-03 17:39:36 [main] INFO  liquibase.changelog - ChangeSet db/changelog/06-create-user-roles-table.xml::6::xfnet ran successfully in 18ms
2025-03-03 17:39:36 [main] INFO  liquibase.ui - Running Changeset: db/changelog/07-create-task-table.xml::7::xfnet
2025-03-03 17:39:36 [main] INFO  liquibase.changelog - Table task created
2025-03-03 17:39:36 [main] INFO  liquibase.changelog - Foreign key constraint added to task (priority_id)
2025-03-03 17:39:36 [main] INFO  liquibase.changelog - Foreign key constraint added to task (status_id)
2025-03-03 17:39:36 [main] INFO  liquibase.changelog - Foreign key constraint added to task (user_id)
2025-03-03 17:39:36 [main] INFO  liquibase.changelog - ChangeSet db/changelog/07-create-task-table.xml::7::xfnet ran successfully in 22ms
2025-03-03 17:39:36 [main] INFO  liquibase.ui - Running Changeset: db/changelog/08-create-task-executors-table.xml::8::xfnet
2025-03-03 17:39:36 [main] INFO  liquibase.changelog - Table task_executors created
2025-03-03 17:39:36 [main] INFO  liquibase.changelog - Primary key added to task_executors (task_id, user_id)
2025-03-03 17:39:36 [main] INFO  liquibase.changelog - Foreign key constraint added to task_executors (task_id)
2025-03-03 17:39:36 [main] INFO  liquibase.changelog - Foreign key constraint added to task_executors (user_id)
2025-03-03 17:39:36 [main] INFO  liquibase.changelog - ChangeSet db/changelog/08-create-task-executors-table.xml::8::xfnet ran successfully in 18ms
2025-03-03 17:39:36 [main] INFO  liquibase.ui - Running Changeset: db/changelog/09-create-comment-table.xml::9::xfnet
2025-03-03 17:39:36 [main] INFO  liquibase.changelog - Table comment created
2025-03-03 17:39:36 [main] INFO  liquibase.changelog - Foreign key constraint added to comment (task_id)
2025-03-03 17:39:36 [main] INFO  liquibase.changelog - Foreign key constraint added to comment (user_id)
2025-03-03 17:39:36 [main] INFO  liquibase.changelog - Foreign key constraint added to comment (parent_id)
2025-03-03 17:39:36 [main] INFO  liquibase.changelog - ChangeSet db/changelog/09-create-comment-table.xml::9::xfnet ran successfully in 20ms
2025-03-03 17:39:36 [main] INFO  liquibase.ui - Running Changeset: db/changelog/10-insert-default-data.xml::10::xfnet
2025-03-03 17:39:36 [main] INFO  liquibase.changelog - New row inserted into role
2025-03-03 17:39:36 [main] INFO  liquibase.changelog - New row inserted into role
2025-03-03 17:39:36 [main] INFO  liquibase.changelog - New row inserted into user
2025-03-03 17:39:36 [main] INFO  liquibase.changelog - New row inserted into user
2025-03-03 17:39:36 [main] INFO  liquibase.changelog - New row inserted into user
2025-03-03 17:39:36 [main] INFO  liquibase.changelog - New row inserted into user
2025-03-03 17:39:36 [main] INFO  liquibase.changelog - New row inserted into user
2025-03-03 17:39:36 [main] INFO  liquibase.changelog - New row inserted into user_roles
2025-03-03 17:39:36 [main] INFO  liquibase.changelog - New row inserted into user_roles
2025-03-03 17:39:36 [main] INFO  liquibase.changelog - New row inserted into user_roles
2025-03-03 17:39:36 [main] INFO  liquibase.changelog - New row inserted into user_roles
2025-03-03 17:39:36 [main] INFO  liquibase.changelog - New row inserted into user_roles
2025-03-03 17:39:36 [main] INFO  liquibase.changelog - New row inserted into priority
2025-03-03 17:39:36 [main] INFO  liquibase.changelog - New row inserted into priority
2025-03-03 17:39:37 [main] INFO  liquibase.changelog - New row inserted into priority
2025-03-03 17:39:37 [main] INFO  liquibase.changelog - New row inserted into status
2025-03-03 17:39:37 [main] INFO  liquibase.changelog - New row inserted into status
2025-03-03 17:39:37 [main] INFO  liquibase.changelog - New row inserted into status
2025-03-03 17:39:37 [main] INFO  liquibase.changelog - New row inserted into status
2025-03-03 17:39:37 [main] INFO  liquibase.changelog - New row inserted into status
2025-03-03 17:39:37 [main] INFO  liquibase.changelog - New row inserted into task
2025-03-03 17:39:37 [main] INFO  liquibase.changelog - New row inserted into task
2025-03-03 17:39:37 [main] INFO  liquibase.changelog - New row inserted into task
2025-03-03 17:39:37 [main] INFO  liquibase.changelog - New row inserted into task_executors
2025-03-03 17:39:37 [main] INFO  liquibase.changelog - New row inserted into task_executors
2025-03-03 17:39:37 [main] INFO  liquibase.changelog - New row inserted into task_executors
2025-03-03 17:39:37 [main] INFO  liquibase.changelog - New row inserted into task_executors
2025-03-03 17:39:37 [main] INFO  liquibase.changelog - New row inserted into comment
2025-03-03 17:39:37 [main] INFO  liquibase.changelog - New row inserted into comment
2025-03-03 17:39:37 [main] INFO  liquibase.changelog - New row inserted into comment
2025-03-03 17:39:37 [main] INFO  liquibase.changelog - ChangeSet db/changelog/10-insert-default-data.xml::10::xfnet ran successfully in 83ms
2025-03-03 17:39:37 [main] INFO  liquibase.util - UPDATE SUMMARY
2025-03-03 17:39:37 [main] INFO  liquibase.util - Run:                         10
2025-03-03 17:39:37 [main] INFO  liquibase.util - Previously run:               0
2025-03-03 17:39:37 [main] INFO  liquibase.util - Filtered out:                 0
2025-03-03 17:39:37 [main] INFO  liquibase.util - -------------------------------
2025-03-03 17:39:37 [main] INFO  liquibase.util - Total change sets:           10
2025-03-03 17:39:37 [main] INFO  liquibase.util - Update summary generated
2025-03-03 17:39:37 [main] INFO  liquibase.command - Update command completed successfully.
2025-03-03 17:39:37 [main] INFO  liquibase.ui - Liquibase: Update has been successful. Rows affected: 40
2025-03-03 17:39:37 [main] INFO  liquibase.lockservice - Successfully released change log lock
2025-03-03 17:39:37 [main] INFO  liquibase.command - Command execution complete
2025-03-03 17:39:37 [main] INFO  o.h.jpa.internal.util.LogHelper - HHH000204: Processing PersistenceUnitInfo [name: default]
2025-03-03 17:39:37 [main] INFO  org.hibernate.Version - HHH000412: Hibernate ORM core version 6.5.3.Final
2025-03-03 17:39:37 [main] INFO  o.h.c.i.RegionFactoryInitiator - HHH000026: Second-level cache disabled
2025-03-03 17:39:37 [main] INFO  o.s.o.j.p.SpringPersistenceUnitInfo - No LoadTimeWeaver setup: ignoring JPA class transformer
2025-03-03 17:39:38 [main] INFO  o.h.e.t.j.p.i.JtaPlatformInitiator - HHH000489: No JTA platform available (set 'hibernate.transaction.jta.platform' to enable JTA platform integration)
2025-03-03 17:39:38 [main] INFO  o.s.o.j.LocalContainerEntityManagerFactoryBean - Initialized JPA EntityManagerFactory for persistence unit 'default'
2025-03-03 17:39:39 [main] INFO  o.s.s.c.a.a.c.InitializeAuthenticationProviderBeanManagerConfigurer$InitializeAuthenticationProviderManagerConfigurer - Global AuthenticationManager configured with AuthenticationProvider bean with name authenticationProvider
2025-03-03 17:39:39 [main] WARN  o.s.s.c.a.a.c.InitializeUserDetailsBeanManagerConfigurer$InitializeUserDetailsManagerConfigurer - Global AuthenticationManager configured with an AuthenticationProvider bean. UserDetailsService beans will not be used for username/password login. Consider removing the AuthenticationProvider bean. Alternatively, consider using the UserDetailsService in a manually instantiated DaoAuthenticationProvider.
2025-03-03 17:39:39 [main] INFO  o.s.d.j.r.query.QueryEnhancerFactory - Hibernate is in classpath; If applicable, HQL parser will be used.
2025-03-03 17:39:40 [main] WARN  o.s.b.a.o.j.JpaBaseConfiguration$JpaWebConfiguration - spring.jpa.open-in-view is enabled by default. Therefore, database queries may be performed during view rendering. Explicitly configure spring.jpa.open-in-view to disable this warning
2025-03-03 17:39:41 [main] INFO  com.track.task.task.TaskServiceTest - Started TaskServiceTest in 11.318 seconds (process running for 18.426)
2025-03-03 17:39:41 [main] INFO  c.t.t.s.task.impl.TaskServiceImpl - [Task] Getting task ID: 4
2025-03-03 17:39:41 [main] WARN  c.t.t.s.task.impl.TaskServiceImpl - [Task] Unauthorized access attempt by: another@example.com
2025-03-03 17:39:42 [SpringApplicationShutdownHook] INFO  o.s.o.j.LocalContainerEntityManagerFactoryBean - Closing JPA EntityManagerFactory for persistence unit 'default'
2025-03-03 17:39:42 [SpringApplicationShutdownHook] INFO  com.zaxxer.hikari.HikariDataSource - HikariPool-1 - Shutdown initiated...
2025-03-03 17:39:42 [SpringApplicationShutdownHook] INFO  com.zaxxer.hikari.HikariDataSource - HikariPool-1 - Shutdown completed.
2025-03-03 17:40:14 [background-preinit] INFO  o.h.validator.internal.util.Version - HV000001: Hibernate Validator 8.0.1.Final
2025-03-03 17:40:14 [main] INFO  com.track.task.task.TaskServiceTest - Starting TaskServiceTest using Java 22.0.2 with PID 12024 (started by Admin in C:\Users\Admin\Desktop\task)
2025-03-03 17:40:14 [main] INFO  com.track.task.task.TaskServiceTest - No active profile set, falling back to 1 default profile: "default"
2025-03-03 17:40:16 [main] INFO  o.s.d.r.c.RepositoryConfigurationDelegate - Bootstrapping Spring Data JPA repositories in DEFAULT mode.
2025-03-03 17:40:16 [main] INFO  o.s.d.r.c.RepositoryConfigurationDelegate - Finished Spring Data repository scanning in 83 ms. Found 5 JPA repository interfaces.
2025-03-03 17:40:18 [main] INFO  com.zaxxer.hikari.HikariDataSource - HikariPool-1 - Starting...
2025-03-03 17:40:18 [main] INFO  com.zaxxer.hikari.pool.HikariPool - HikariPool-1 - Added connection org.postgresql.jdbc.PgConnection@792b9dd3
2025-03-03 17:40:18 [main] INFO  com.zaxxer.hikari.HikariDataSource - HikariPool-1 - Start completed.
2025-03-03 17:40:18 [main] INFO  liquibase.database - Set default schema name to public
2025-03-03 17:40:19 [main] INFO  liquibase.changelog - Creating database history table with name: public.databasechangelog
2025-03-03 17:40:19 [main] INFO  liquibase.changelog - Reading from public.databasechangelog
2025-03-03 17:40:19 [main] INFO  liquibase.lockservice - Successfully acquired change log lock
2025-03-03 17:40:19 [main] INFO  liquibase.command - Using deploymentId: 1012819851
2025-03-03 17:40:19 [main] INFO  liquibase.changelog - Reading from public.databasechangelog
2025-03-03 17:40:19 [main] INFO  liquibase.ui - Running Changeset: db/changelog/01-create-schema.xml::1::xfnet
2025-03-03 17:40:19 [main] WARN  liquibase.executor - schema "private" does not exist, skipping
2025-03-03 17:40:19 [main] INFO  liquibase.changelog - Custom SQL executed
2025-03-03 17:40:19 [main] INFO  liquibase.changelog - Custom SQL executed
2025-03-03 17:40:19 [main] INFO  liquibase.changelog - ChangeSet db/changelog/01-create-schema.xml::1::xfnet ran successfully in 26ms
2025-03-03 17:40:19 [main] INFO  liquibase.ui - Running Changeset: db/changelog/02-create-user-table.xml::2::xfnet
2025-03-03 17:40:19 [main] INFO  liquibase.changelog - Table user created
2025-03-03 17:40:19 [main] INFO  liquibase.changelog - ChangeSet db/changelog/02-create-user-table.xml::2::xfnet ran successfully in 13ms
2025-03-03 17:40:20 [main] INFO  liquibase.ui - Running Changeset: db/changelog/03-create-priority-table.xml::3::xfnet
2025-03-03 17:40:20 [main] INFO  liquibase.changelog - Table priority created
2025-03-03 17:40:20 [main] INFO  liquibase.changelog - ChangeSet db/changelog/03-create-priority-table.xml::3::xfnet ran successfully in 11ms
2025-03-03 17:40:20 [main] INFO  liquibase.ui - Running Changeset: db/changelog/04-create-status-table.xml::4::xfnet
2025-03-03 17:40:20 [main] INFO  liquibase.changelog - Table status created
2025-03-03 17:40:20 [main] INFO  liquibase.changelog - Foreign key constraint added to status (user_id)
2025-03-03 17:40:20 [main] INFO  liquibase.changelog - Unique constraint added to status(title, user_id)
2025-03-03 17:40:20 [main] INFO  liquibase.changelog - ChangeSet db/changelog/04-create-status-table.xml::4::xfnet ran successfully in 19ms
2025-03-03 17:40:20 [main] INFO  liquibase.ui - Running Changeset: db/changelog/05-create-role-table.xml::5::xfnet
2025-03-03 17:40:20 [main] INFO  liquibase.changelog - Table role created
2025-03-03 17:40:20 [main] INFO  liquibase.changelog - ChangeSet db/changelog/05-create-role-table.xml::5::xfnet ran successfully in 7ms
2025-03-03 17:40:20 [main] INFO  liquibase.ui - Running Changeset: db/changelog/06-create-user-roles-table.xml::6::xfnet
2025-03-03 17:40:20 [main] INFO  liquibase.changelog - Table user_roles created
2025-03-03 17:40:20 [main] INFO  liquibase.changelog - Primary key added to user_roles (user_id, role_id)
2025-03-03 17:40:20 [main] INFO  liquibase.changelog - Foreign key constraint added to user_roles (user_id)
2025-03-03 17:40:20 [main] INFO  liquibase.changelog - Foreign key constraint added to user_roles (role_id)
2025-03-03 17:40:20 [main] INFO  liquibase.changelog - ChangeSet db/changelog/06-create-user-roles-table.xml::6::xfnet ran successfully in 22ms
2025-03-03 17:40:20 [main] INFO  liquibase.ui - Running Changeset: db/changelog/07-create-task-table.xml::7::xfnet
2025-03-03 17:40:20 [main] INFO  liquibase.changelog - Table task created
2025-03-03 17:40:20 [main] INFO  liquibase.changelog - Foreign key constraint added to task (priority_id)
2025-03-03 17:40:20 [main] INFO  liquibase.changelog - Foreign key constraint added to task (status_id)
2025-03-03 17:40:20 [main] INFO  liquibase.changelog - Foreign key constraint added to task (user_id)
2025-03-03 17:40:20 [main] INFO  liquibase.changelog - ChangeSet db/changelog/07-create-task-table.xml::7::xfnet ran successfully in 23ms
2025-03-03 17:40:20 [main] INFO  liquibase.ui - Running Changeset: db/changelog/08-create-task-executors-table.xml::8::xfnet
2025-03-03 17:40:20 [main] INFO  liquibase.changelog - Table task_executors created
2025-03-03 17:40:20 [main] INFO  liquibase.changelog - Primary key added to task_executors (task_id, user_id)
2025-03-03 17:40:20 [main] INFO  liquibase.changelog - Foreign key constraint added to task_executors (task_id)
2025-03-03 17:40:20 [main] INFO  liquibase.changelog - Foreign key constraint added to task_executors (user_id)
2025-03-03 17:40:20 [main] INFO  liquibase.changelog - ChangeSet db/changelog/08-create-task-executors-table.xml::8::xfnet ran successfully in 13ms
2025-03-03 17:40:20 [main] INFO  liquibase.ui - Running Changeset: db/changelog/09-create-comment-table.xml::9::xfnet
2025-03-03 17:40:20 [main] INFO  liquibase.changelog - Table comment created
2025-03-03 17:40:20 [main] INFO  liquibase.changelog - Foreign key constraint added to comment (task_id)
2025-03-03 17:40:20 [main] INFO  liquibase.changelog - Foreign key constraint added to comment (user_id)
2025-03-03 17:40:20 [main] INFO  liquibase.changelog - Foreign key constraint added to comment (parent_id)
2025-03-03 17:40:20 [main] INFO  liquibase.changelog - ChangeSet db/changelog/09-create-comment-table.xml::9::xfnet ran successfully in 32ms
2025-03-03 17:40:20 [main] INFO  liquibase.ui - Running Changeset: db/changelog/10-insert-default-data.xml::10::xfnet
2025-03-03 17:40:20 [main] INFO  liquibase.changelog - New row inserted into role
2025-03-03 17:40:20 [main] INFO  liquibase.changelog - New row inserted into role
2025-03-03 17:40:20 [main] INFO  liquibase.changelog - New row inserted into user
2025-03-03 17:40:20 [main] INFO  liquibase.changelog - New row inserted into user
2025-03-03 17:40:20 [main] INFO  liquibase.changelog - New row inserted into user
2025-03-03 17:40:20 [main] INFO  liquibase.changelog - New row inserted into user
2025-03-03 17:40:20 [main] INFO  liquibase.changelog - New row inserted into user
2025-03-03 17:40:20 [main] INFO  liquibase.changelog - New row inserted into user_roles
2025-03-03 17:40:20 [main] INFO  liquibase.changelog - New row inserted into user_roles
2025-03-03 17:40:20 [main] INFO  liquibase.changelog - New row inserted into user_roles
2025-03-03 17:40:20 [main] INFO  liquibase.changelog - New row inserted into user_roles
2025-03-03 17:40:20 [main] INFO  liquibase.changelog - New row inserted into user_roles
2025-03-03 17:40:20 [main] INFO  liquibase.changelog - New row inserted into priority
2025-03-03 17:40:20 [main] INFO  liquibase.changelog - New row inserted into priority
2025-03-03 17:40:20 [main] INFO  liquibase.changelog - New row inserted into priority
2025-03-03 17:40:20 [main] INFO  liquibase.changelog - New row inserted into status
2025-03-03 17:40:20 [main] INFO  liquibase.changelog - New row inserted into status
2025-03-03 17:40:20 [main] INFO  liquibase.changelog - New row inserted into status
2025-03-03 17:40:20 [main] INFO  liquibase.changelog - New row inserted into status
2025-03-03 17:40:20 [main] INFO  liquibase.changelog - New row inserted into status
2025-03-03 17:40:20 [main] INFO  liquibase.changelog - New row inserted into task
2025-03-03 17:40:20 [main] INFO  liquibase.changelog - New row inserted into task
2025-03-03 17:40:20 [main] INFO  liquibase.changelog - New row inserted into task
2025-03-03 17:40:20 [main] INFO  liquibase.changelog - New row inserted into task_executors
2025-03-03 17:40:20 [main] INFO  liquibase.changelog - New row inserted into task_executors
2025-03-03 17:40:20 [main] INFO  liquibase.changelog - New row inserted into task_executors
2025-03-03 17:40:20 [main] INFO  liquibase.changelog - New row inserted into task_executors
2025-03-03 17:40:20 [main] INFO  liquibase.changelog - New row inserted into comment
2025-03-03 17:40:20 [main] INFO  liquibase.changelog - New row inserted into comment
2025-03-03 17:40:20 [main] INFO  liquibase.changelog - New row inserted into comment
2025-03-03 17:40:20 [main] INFO  liquibase.changelog - ChangeSet db/changelog/10-insert-default-data.xml::10::xfnet ran successfully in 97ms
2025-03-03 17:40:20 [main] INFO  liquibase.util - UPDATE SUMMARY
2025-03-03 17:40:20 [main] INFO  liquibase.util - Run:                         10
2025-03-03 17:40:20 [main] INFO  liquibase.util - Previously run:               0
2025-03-03 17:40:20 [main] INFO  liquibase.util - Filtered out:                 0
2025-03-03 17:40:20 [main] INFO  liquibase.util - -------------------------------
2025-03-03 17:40:20 [main] INFO  liquibase.util - Total change sets:           10
2025-03-03 17:40:20 [main] INFO  liquibase.util - Update summary generated
2025-03-03 17:40:20 [main] INFO  liquibase.command - Update command completed successfully.
2025-03-03 17:40:20 [main] INFO  liquibase.ui - Liquibase: Update has been successful. Rows affected: 40
2025-03-03 17:40:20 [main] INFO  liquibase.lockservice - Successfully released change log lock
2025-03-03 17:40:20 [main] INFO  liquibase.command - Command execution complete
2025-03-03 17:40:20 [main] INFO  o.h.jpa.internal.util.LogHelper - HHH000204: Processing PersistenceUnitInfo [name: default]
2025-03-03 17:40:20 [main] INFO  org.hibernate.Version - HHH000412: Hibernate ORM core version 6.5.3.Final
2025-03-03 17:40:20 [main] INFO  o.h.c.i.RegionFactoryInitiator - HHH000026: Second-level cache disabled
2025-03-03 17:40:20 [main] INFO  o.s.o.j.p.SpringPersistenceUnitInfo - No LoadTimeWeaver setup: ignoring JPA class transformer
2025-03-03 17:40:22 [main] INFO  o.h.e.t.j.p.i.JtaPlatformInitiator - HHH000489: No JTA platform available (set 'hibernate.transaction.jta.platform' to enable JTA platform integration)
2025-03-03 17:40:22 [main] INFO  o.s.o.j.LocalContainerEntityManagerFactoryBean - Initialized JPA EntityManagerFactory for persistence unit 'default'
2025-03-03 17:40:22 [main] INFO  o.s.s.c.a.a.c.InitializeAuthenticationProviderBeanManagerConfigurer$InitializeAuthenticationProviderManagerConfigurer - Global AuthenticationManager configured with AuthenticationProvider bean with name authenticationProvider
2025-03-03 17:40:22 [main] WARN  o.s.s.c.a.a.c.InitializeUserDetailsBeanManagerConfigurer$InitializeUserDetailsManagerConfigurer - Global AuthenticationManager configured with an AuthenticationProvider bean. UserDetailsService beans will not be used for username/password login. Consider removing the AuthenticationProvider bean. Alternatively, consider using the UserDetailsService in a manually instantiated DaoAuthenticationProvider.
2025-03-03 17:40:22 [main] INFO  o.s.d.j.r.query.QueryEnhancerFactory - Hibernate is in classpath; If applicable, HQL parser will be used.
2025-03-03 17:40:23 [main] WARN  o.s.b.a.o.j.JpaBaseConfiguration$JpaWebConfiguration - spring.jpa.open-in-view is enabled by default. Therefore, database queries may be performed during view rendering. Explicitly configure spring.jpa.open-in-view to disable this warning
2025-03-03 17:40:24 [main] INFO  com.track.task.task.TaskServiceTest - Started TaskServiceTest in 10.209 seconds (process running for 17.568)
2025-03-03 17:40:24 [main] INFO  c.t.t.s.task.impl.TaskServiceImpl - [Task] Updating task ID: 4
2025-03-03 17:40:25 [SpringApplicationShutdownHook] INFO  o.s.o.j.LocalContainerEntityManagerFactoryBean - Closing JPA EntityManagerFactory for persistence unit 'default'
2025-03-03 17:40:25 [SpringApplicationShutdownHook] INFO  com.zaxxer.hikari.HikariDataSource - HikariPool-1 - Shutdown initiated...
2025-03-03 17:40:25 [SpringApplicationShutdownHook] INFO  com.zaxxer.hikari.HikariDataSource - HikariPool-1 - Shutdown completed.
2025-03-03 17:41:32 [background-preinit] INFO  o.h.validator.internal.util.Version - HV000001: Hibernate Validator 8.0.1.Final
2025-03-03 17:41:33 [main] INFO  com.track.task.task.TaskServiceTest - Starting TaskServiceTest using Java 22.0.2 with PID 8004 (started by Admin in C:\Users\Admin\Desktop\task)
2025-03-03 17:41:33 [main] INFO  com.track.task.task.TaskServiceTest - No active profile set, falling back to 1 default profile: "default"
2025-03-03 17:41:34 [main] INFO  o.s.d.r.c.RepositoryConfigurationDelegate - Bootstrapping Spring Data JPA repositories in DEFAULT mode.
2025-03-03 17:41:34 [main] INFO  o.s.d.r.c.RepositoryConfigurationDelegate - Finished Spring Data repository scanning in 117 ms. Found 5 JPA repository interfaces.
2025-03-03 17:41:36 [main] INFO  com.zaxxer.hikari.HikariDataSource - HikariPool-1 - Starting...
2025-03-03 17:41:36 [main] INFO  com.zaxxer.hikari.pool.HikariPool - HikariPool-1 - Added connection org.postgresql.jdbc.PgConnection@30ca66c5
2025-03-03 17:41:36 [main] INFO  com.zaxxer.hikari.HikariDataSource - HikariPool-1 - Start completed.
2025-03-03 17:41:36 [main] INFO  liquibase.database - Set default schema name to public
2025-03-03 17:41:37 [main] INFO  liquibase.changelog - Creating database history table with name: public.databasechangelog
2025-03-03 17:41:37 [main] INFO  liquibase.changelog - Reading from public.databasechangelog
2025-03-03 17:41:37 [main] INFO  liquibase.lockservice - Successfully acquired change log lock
2025-03-03 17:41:37 [main] INFO  liquibase.command - Using deploymentId: 1012897617
2025-03-03 17:41:37 [main] INFO  liquibase.changelog - Reading from public.databasechangelog
2025-03-03 17:41:37 [main] INFO  liquibase.ui - Running Changeset: db/changelog/01-create-schema.xml::1::xfnet
2025-03-03 17:41:37 [main] WARN  liquibase.executor - schema "private" does not exist, skipping
2025-03-03 17:41:37 [main] INFO  liquibase.changelog - Custom SQL executed
2025-03-03 17:41:37 [main] INFO  liquibase.changelog - Custom SQL executed
2025-03-03 17:41:37 [main] INFO  liquibase.changelog - ChangeSet db/changelog/01-create-schema.xml::1::xfnet ran successfully in 23ms
2025-03-03 17:41:37 [main] INFO  liquibase.ui - Running Changeset: db/changelog/02-create-user-table.xml::2::xfnet
2025-03-03 17:41:37 [main] INFO  liquibase.changelog - Table user created
2025-03-03 17:41:37 [main] INFO  liquibase.changelog - ChangeSet db/changelog/02-create-user-table.xml::2::xfnet ran successfully in 8ms
2025-03-03 17:41:37 [main] INFO  liquibase.ui - Running Changeset: db/changelog/03-create-priority-table.xml::3::xfnet
2025-03-03 17:41:37 [main] INFO  liquibase.changelog - Table priority created
2025-03-03 17:41:37 [main] INFO  liquibase.changelog - ChangeSet db/changelog/03-create-priority-table.xml::3::xfnet ran successfully in 12ms
2025-03-03 17:41:37 [main] INFO  liquibase.ui - Running Changeset: db/changelog/04-create-status-table.xml::4::xfnet
2025-03-03 17:41:37 [main] INFO  liquibase.changelog - Table status created
2025-03-03 17:41:37 [main] INFO  liquibase.changelog - Foreign key constraint added to status (user_id)
2025-03-03 17:41:37 [main] INFO  liquibase.changelog - Unique constraint added to status(title, user_id)
2025-03-03 17:41:37 [main] INFO  liquibase.changelog - ChangeSet db/changelog/04-create-status-table.xml::4::xfnet ran successfully in 25ms
2025-03-03 17:41:37 [main] INFO  liquibase.ui - Running Changeset: db/changelog/05-create-role-table.xml::5::xfnet
2025-03-03 17:41:37 [main] INFO  liquibase.changelog - Table role created
2025-03-03 17:41:37 [main] INFO  liquibase.changelog - ChangeSet db/changelog/05-create-role-table.xml::5::xfnet ran successfully in 15ms
2025-03-03 17:41:37 [main] INFO  liquibase.ui - Running Changeset: db/changelog/06-create-user-roles-table.xml::6::xfnet
2025-03-03 17:41:37 [main] INFO  liquibase.changelog - Table user_roles created
2025-03-03 17:41:37 [main] INFO  liquibase.changelog - Primary key added to user_roles (user_id, role_id)
2025-03-03 17:41:37 [main] INFO  liquibase.changelog - Foreign key constraint added to user_roles (user_id)
2025-03-03 17:41:37 [main] INFO  liquibase.changelog - Foreign key constraint added to user_roles (role_id)
2025-03-03 17:41:37 [main] INFO  liquibase.changelog - ChangeSet db/changelog/06-create-user-roles-table.xml::6::xfnet ran successfully in 77ms
2025-03-03 17:41:37 [main] INFO  liquibase.ui - Running Changeset: db/changelog/07-create-task-table.xml::7::xfnet
2025-03-03 17:41:37 [main] INFO  liquibase.changelog - Table task created
2025-03-03 17:41:37 [main] INFO  liquibase.changelog - Foreign key constraint added to task (priority_id)
2025-03-03 17:41:37 [main] INFO  liquibase.changelog - Foreign key constraint added to task (status_id)
2025-03-03 17:41:37 [main] INFO  liquibase.changelog - Foreign key constraint added to task (user_id)
2025-03-03 17:41:37 [main] INFO  liquibase.changelog - ChangeSet db/changelog/07-create-task-table.xml::7::xfnet ran successfully in 53ms
2025-03-03 17:41:37 [main] INFO  liquibase.ui - Running Changeset: db/changelog/08-create-task-executors-table.xml::8::xfnet
2025-03-03 17:41:37 [main] INFO  liquibase.changelog - Table task_executors created
2025-03-03 17:41:37 [main] INFO  liquibase.changelog - Primary key added to task_executors (task_id, user_id)
2025-03-03 17:41:38 [main] INFO  liquibase.changelog - Foreign key constraint added to task_executors (task_id)
2025-03-03 17:41:38 [main] INFO  liquibase.changelog - Foreign key constraint added to task_executors (user_id)
2025-03-03 17:41:38 [main] INFO  liquibase.changelog - ChangeSet db/changelog/08-create-task-executors-table.xml::8::xfnet ran successfully in 26ms
2025-03-03 17:41:38 [main] INFO  liquibase.ui - Running Changeset: db/changelog/09-create-comment-table.xml::9::xfnet
2025-03-03 17:41:38 [main] INFO  liquibase.changelog - Table comment created
2025-03-03 17:41:38 [main] INFO  liquibase.changelog - Foreign key constraint added to comment (task_id)
2025-03-03 17:41:38 [main] INFO  liquibase.changelog - Foreign key constraint added to comment (user_id)
2025-03-03 17:41:38 [main] INFO  liquibase.changelog - Foreign key constraint added to comment (parent_id)
2025-03-03 17:41:38 [main] INFO  liquibase.changelog - ChangeSet db/changelog/09-create-comment-table.xml::9::xfnet ran successfully in 67ms
2025-03-03 17:41:38 [main] INFO  liquibase.ui - Running Changeset: db/changelog/10-insert-default-data.xml::10::xfnet
2025-03-03 17:41:38 [main] INFO  liquibase.changelog - New row inserted into role
2025-03-03 17:41:38 [main] INFO  liquibase.changelog - New row inserted into role
2025-03-03 17:41:38 [main] INFO  liquibase.changelog - New row inserted into user
2025-03-03 17:41:38 [main] INFO  liquibase.changelog - New row inserted into user
2025-03-03 17:41:38 [main] INFO  liquibase.changelog - New row inserted into user
2025-03-03 17:41:38 [main] INFO  liquibase.changelog - New row inserted into user
2025-03-03 17:41:38 [main] INFO  liquibase.changelog - New row inserted into user
2025-03-03 17:41:38 [main] INFO  liquibase.changelog - New row inserted into user_roles
2025-03-03 17:41:38 [main] INFO  liquibase.changelog - New row inserted into user_roles
2025-03-03 17:41:38 [main] INFO  liquibase.changelog - New row inserted into user_roles
2025-03-03 17:41:38 [main] INFO  liquibase.changelog - New row inserted into user_roles
2025-03-03 17:41:38 [main] INFO  liquibase.changelog - New row inserted into user_roles
2025-03-03 17:41:38 [main] INFO  liquibase.changelog - New row inserted into priority
2025-03-03 17:41:38 [main] INFO  liquibase.changelog - New row inserted into priority
2025-03-03 17:41:38 [main] INFO  liquibase.changelog - New row inserted into priority
2025-03-03 17:41:38 [main] INFO  liquibase.changelog - New row inserted into status
2025-03-03 17:41:38 [main] INFO  liquibase.changelog - New row inserted into status
2025-03-03 17:41:38 [main] INFO  liquibase.changelog - New row inserted into status
2025-03-03 17:41:38 [main] INFO  liquibase.changelog - New row inserted into status
2025-03-03 17:41:38 [main] INFO  liquibase.changelog - New row inserted into status
2025-03-03 17:41:38 [main] INFO  liquibase.changelog - New row inserted into task
2025-03-03 17:41:38 [main] INFO  liquibase.changelog - New row inserted into task
2025-03-03 17:41:38 [main] INFO  liquibase.changelog - New row inserted into task
2025-03-03 17:41:38 [main] INFO  liquibase.changelog - New row inserted into task_executors
2025-03-03 17:41:38 [main] INFO  liquibase.changelog - New row inserted into task_executors
2025-03-03 17:41:38 [main] INFO  liquibase.changelog - New row inserted into task_executors
2025-03-03 17:41:38 [main] INFO  liquibase.changelog - New row inserted into task_executors
2025-03-03 17:41:38 [main] INFO  liquibase.changelog - New row inserted into comment
2025-03-03 17:41:38 [main] INFO  liquibase.changelog - New row inserted into comment
2025-03-03 17:41:38 [main] INFO  liquibase.changelog - New row inserted into comment
2025-03-03 17:41:38 [main] INFO  liquibase.changelog - ChangeSet db/changelog/10-insert-default-data.xml::10::xfnet ran successfully in 90ms
2025-03-03 17:41:38 [main] INFO  liquibase.util - UPDATE SUMMARY
2025-03-03 17:41:38 [main] INFO  liquibase.util - Run:                         10
2025-03-03 17:41:38 [main] INFO  liquibase.util - Previously run:               0
2025-03-03 17:41:38 [main] INFO  liquibase.util - Filtered out:                 0
2025-03-03 17:41:38 [main] INFO  liquibase.util - -------------------------------
2025-03-03 17:41:38 [main] INFO  liquibase.util - Total change sets:           10
2025-03-03 17:41:38 [main] INFO  liquibase.util - Update summary generated
2025-03-03 17:41:38 [main] INFO  liquibase.command - Update command completed successfully.
2025-03-03 17:41:38 [main] INFO  liquibase.ui - Liquibase: Update has been successful. Rows affected: 40
2025-03-03 17:41:38 [main] INFO  liquibase.lockservice - Successfully released change log lock
2025-03-03 17:41:38 [main] INFO  liquibase.command - Command execution complete
2025-03-03 17:41:38 [main] INFO  o.h.jpa.internal.util.LogHelper - HHH000204: Processing PersistenceUnitInfo [name: default]
2025-03-03 17:41:38 [main] INFO  org.hibernate.Version - HHH000412: Hibernate ORM core version 6.5.3.Final
2025-03-03 17:41:38 [main] INFO  o.h.c.i.RegionFactoryInitiator - HHH000026: Second-level cache disabled
2025-03-03 17:41:38 [main] INFO  o.s.o.j.p.SpringPersistenceUnitInfo - No LoadTimeWeaver setup: ignoring JPA class transformer
2025-03-03 17:41:39 [main] INFO  o.h.e.t.j.p.i.JtaPlatformInitiator - HHH000489: No JTA platform available (set 'hibernate.transaction.jta.platform' to enable JTA platform integration)
2025-03-03 17:41:39 [main] INFO  o.s.o.j.LocalContainerEntityManagerFactoryBean - Initialized JPA EntityManagerFactory for persistence unit 'default'
2025-03-03 17:41:40 [main] INFO  o.s.s.c.a.a.c.InitializeAuthenticationProviderBeanManagerConfigurer$InitializeAuthenticationProviderManagerConfigurer - Global AuthenticationManager configured with AuthenticationProvider bean with name authenticationProvider
2025-03-03 17:41:40 [main] WARN  o.s.s.c.a.a.c.InitializeUserDetailsBeanManagerConfigurer$InitializeUserDetailsManagerConfigurer - Global AuthenticationManager configured with an AuthenticationProvider bean. UserDetailsService beans will not be used for username/password login. Consider removing the AuthenticationProvider bean. Alternatively, consider using the UserDetailsService in a manually instantiated DaoAuthenticationProvider.
2025-03-03 17:41:40 [main] INFO  o.s.d.j.r.query.QueryEnhancerFactory - Hibernate is in classpath; If applicable, HQL parser will be used.
2025-03-03 17:41:40 [main] WARN  o.s.b.a.o.j.JpaBaseConfiguration$JpaWebConfiguration - spring.jpa.open-in-view is enabled by default. Therefore, database queries may be performed during view rendering. Explicitly configure spring.jpa.open-in-view to disable this warning
2025-03-03 17:41:41 [main] INFO  com.track.task.task.TaskServiceTest - Started TaskServiceTest in 9.163 seconds (process running for 15.446)
2025-03-03 17:41:41 [main] INFO  c.t.t.s.task.impl.TaskServiceImpl - [Task] Updating task ID: 4
2025-03-03 17:41:41 [main] INFO  c.t.t.s.task.impl.TaskServiceImpl - [Task] Successfully updated task ID: 4
2025-03-03 17:41:42 [SpringApplicationShutdownHook] INFO  o.s.o.j.LocalContainerEntityManagerFactoryBean - Closing JPA EntityManagerFactory for persistence unit 'default'
2025-03-03 17:41:42 [SpringApplicationShutdownHook] INFO  com.zaxxer.hikari.HikariDataSource - HikariPool-1 - Shutdown initiated...
2025-03-03 17:41:42 [SpringApplicationShutdownHook] INFO  com.zaxxer.hikari.HikariDataSource - HikariPool-1 - Shutdown completed.
2025-03-03 17:41:59 [background-preinit] INFO  o.h.validator.internal.util.Version - HV000001: Hibernate Validator 8.0.1.Final
2025-03-03 17:41:59 [main] INFO  com.track.task.task.TaskServiceTest - Starting TaskServiceTest using Java 22.0.2 with PID 9036 (started by Admin in C:\Users\Admin\Desktop\task)
2025-03-03 17:41:59 [main] INFO  com.track.task.task.TaskServiceTest - No active profile set, falling back to 1 default profile: "default"
2025-03-03 17:42:00 [main] INFO  o.s.d.r.c.RepositoryConfigurationDelegate - Bootstrapping Spring Data JPA repositories in DEFAULT mode.
2025-03-03 17:42:00 [main] INFO  o.s.d.r.c.RepositoryConfigurationDelegate - Finished Spring Data repository scanning in 127 ms. Found 5 JPA repository interfaces.
2025-03-03 17:42:02 [main] INFO  com.zaxxer.hikari.HikariDataSource - HikariPool-1 - Starting...
2025-03-03 17:42:02 [main] INFO  com.zaxxer.hikari.pool.HikariPool - HikariPool-1 - Added connection org.postgresql.jdbc.PgConnection@22ed2886
2025-03-03 17:42:02 [main] INFO  com.zaxxer.hikari.HikariDataSource - HikariPool-1 - Start completed.
2025-03-03 17:42:03 [main] INFO  liquibase.database - Set default schema name to public
2025-03-03 17:42:03 [main] INFO  liquibase.changelog - Creating database history table with name: public.databasechangelog
2025-03-03 17:42:03 [main] INFO  liquibase.changelog - Reading from public.databasechangelog
2025-03-03 17:42:04 [main] INFO  liquibase.lockservice - Successfully acquired change log lock
2025-03-03 17:42:04 [main] INFO  liquibase.command - Using deploymentId: 1012924105
2025-03-03 17:42:04 [main] INFO  liquibase.changelog - Reading from public.databasechangelog
2025-03-03 17:42:04 [main] INFO  liquibase.ui - Running Changeset: db/changelog/01-create-schema.xml::1::xfnet
2025-03-03 17:42:04 [main] WARN  liquibase.executor - schema "private" does not exist, skipping
2025-03-03 17:42:04 [main] INFO  liquibase.changelog - Custom SQL executed
2025-03-03 17:42:04 [main] INFO  liquibase.changelog - Custom SQL executed
2025-03-03 17:42:04 [main] INFO  liquibase.changelog - ChangeSet db/changelog/01-create-schema.xml::1::xfnet ran successfully in 22ms
2025-03-03 17:42:04 [main] INFO  liquibase.ui - Running Changeset: db/changelog/02-create-user-table.xml::2::xfnet
2025-03-03 17:42:04 [main] INFO  liquibase.changelog - Table user created
2025-03-03 17:42:04 [main] INFO  liquibase.changelog - ChangeSet db/changelog/02-create-user-table.xml::2::xfnet ran successfully in 9ms
2025-03-03 17:42:04 [main] INFO  liquibase.ui - Running Changeset: db/changelog/03-create-priority-table.xml::3::xfnet
2025-03-03 17:42:04 [main] INFO  liquibase.changelog - Table priority created
2025-03-03 17:42:04 [main] INFO  liquibase.changelog - ChangeSet db/changelog/03-create-priority-table.xml::3::xfnet ran successfully in 6ms
2025-03-03 17:42:04 [main] INFO  liquibase.ui - Running Changeset: db/changelog/04-create-status-table.xml::4::xfnet
2025-03-03 17:42:04 [main] INFO  liquibase.changelog - Table status created
2025-03-03 17:42:04 [main] INFO  liquibase.changelog - Foreign key constraint added to status (user_id)
2025-03-03 17:42:04 [main] INFO  liquibase.changelog - Unique constraint added to status(title, user_id)
2025-03-03 17:42:04 [main] INFO  liquibase.changelog - ChangeSet db/changelog/04-create-status-table.xml::4::xfnet ran successfully in 17ms
2025-03-03 17:42:04 [main] INFO  liquibase.ui - Running Changeset: db/changelog/05-create-role-table.xml::5::xfnet
2025-03-03 17:42:04 [main] INFO  liquibase.changelog - Table role created
2025-03-03 17:42:04 [main] INFO  liquibase.changelog - ChangeSet db/changelog/05-create-role-table.xml::5::xfnet ran successfully in 7ms
2025-03-03 17:42:04 [main] INFO  liquibase.ui - Running Changeset: db/changelog/06-create-user-roles-table.xml::6::xfnet
2025-03-03 17:42:04 [main] INFO  liquibase.changelog - Table user_roles created
2025-03-03 17:42:04 [main] INFO  liquibase.changelog - Primary key added to user_roles (user_id, role_id)
2025-03-03 17:42:04 [main] INFO  liquibase.changelog - Foreign key constraint added to user_roles (user_id)
2025-03-03 17:42:04 [main] INFO  liquibase.changelog - Foreign key constraint added to user_roles (role_id)
2025-03-03 17:42:04 [main] INFO  liquibase.changelog - ChangeSet db/changelog/06-create-user-roles-table.xml::6::xfnet ran successfully in 15ms
2025-03-03 17:42:04 [main] INFO  liquibase.ui - Running Changeset: db/changelog/07-create-task-table.xml::7::xfnet
2025-03-03 17:42:04 [main] INFO  liquibase.changelog - Table task created
2025-03-03 17:42:04 [main] INFO  liquibase.changelog - Foreign key constraint added to task (priority_id)
2025-03-03 17:42:04 [main] INFO  liquibase.changelog - Foreign key constraint added to task (status_id)
2025-03-03 17:42:04 [main] INFO  liquibase.changelog - Foreign key constraint added to task (user_id)
2025-03-03 17:42:04 [main] INFO  liquibase.changelog - ChangeSet db/changelog/07-create-task-table.xml::7::xfnet ran successfully in 20ms
2025-03-03 17:42:04 [main] INFO  liquibase.ui - Running Changeset: db/changelog/08-create-task-executors-table.xml::8::xfnet
2025-03-03 17:42:04 [main] INFO  liquibase.changelog - Table task_executors created
2025-03-03 17:42:04 [main] INFO  liquibase.changelog - Primary key added to task_executors (task_id, user_id)
2025-03-03 17:42:04 [main] INFO  liquibase.changelog - Foreign key constraint added to task_executors (task_id)
2025-03-03 17:42:04 [main] INFO  liquibase.changelog - Foreign key constraint added to task_executors (user_id)
2025-03-03 17:42:04 [main] INFO  liquibase.changelog - ChangeSet db/changelog/08-create-task-executors-table.xml::8::xfnet ran successfully in 13ms
2025-03-03 17:42:04 [main] INFO  liquibase.ui - Running Changeset: db/changelog/09-create-comment-table.xml::9::xfnet
2025-03-03 17:42:04 [main] INFO  liquibase.changelog - Table comment created
2025-03-03 17:42:04 [main] INFO  liquibase.changelog - Foreign key constraint added to comment (task_id)
2025-03-03 17:42:04 [main] INFO  liquibase.changelog - Foreign key constraint added to comment (user_id)
2025-03-03 17:42:04 [main] INFO  liquibase.changelog - Foreign key constraint added to comment (parent_id)
2025-03-03 17:42:04 [main] INFO  liquibase.changelog - ChangeSet db/changelog/09-create-comment-table.xml::9::xfnet ran successfully in 19ms
2025-03-03 17:42:04 [main] INFO  liquibase.ui - Running Changeset: db/changelog/10-insert-default-data.xml::10::xfnet
2025-03-03 17:42:04 [main] INFO  liquibase.changelog - New row inserted into role
2025-03-03 17:42:04 [main] INFO  liquibase.changelog - New row inserted into role
2025-03-03 17:42:04 [main] INFO  liquibase.changelog - New row inserted into user
2025-03-03 17:42:04 [main] INFO  liquibase.changelog - New row inserted into user
2025-03-03 17:42:04 [main] INFO  liquibase.changelog - New row inserted into user
2025-03-03 17:42:04 [main] INFO  liquibase.changelog - New row inserted into user
2025-03-03 17:42:04 [main] INFO  liquibase.changelog - New row inserted into user
2025-03-03 17:42:04 [main] INFO  liquibase.changelog - New row inserted into user_roles
2025-03-03 17:42:04 [main] INFO  liquibase.changelog - New row inserted into user_roles
2025-03-03 17:42:04 [main] INFO  liquibase.changelog - New row inserted into user_roles
2025-03-03 17:42:04 [main] INFO  liquibase.changelog - New row inserted into user_roles
2025-03-03 17:42:04 [main] INFO  liquibase.changelog - New row inserted into user_roles
2025-03-03 17:42:04 [main] INFO  liquibase.changelog - New row inserted into priority
2025-03-03 17:42:04 [main] INFO  liquibase.changelog - New row inserted into priority
2025-03-03 17:42:04 [main] INFO  liquibase.changelog - New row inserted into priority
2025-03-03 17:42:04 [main] INFO  liquibase.changelog - New row inserted into status
2025-03-03 17:42:04 [main] INFO  liquibase.changelog - New row inserted into status
2025-03-03 17:42:04 [main] INFO  liquibase.changelog - New row inserted into status
2025-03-03 17:42:04 [main] INFO  liquibase.changelog - New row inserted into status
2025-03-03 17:42:04 [main] INFO  liquibase.changelog - New row inserted into status
2025-03-03 17:42:04 [main] INFO  liquibase.changelog - New row inserted into task
2025-03-03 17:42:04 [main] INFO  liquibase.changelog - New row inserted into task
2025-03-03 17:42:04 [main] INFO  liquibase.changelog - New row inserted into task
2025-03-03 17:42:04 [main] INFO  liquibase.changelog - New row inserted into task_executors
2025-03-03 17:42:04 [main] INFO  liquibase.changelog - New row inserted into task_executors
2025-03-03 17:42:04 [main] INFO  liquibase.changelog - New row inserted into task_executors
2025-03-03 17:42:04 [main] INFO  liquibase.changelog - New row inserted into task_executors
2025-03-03 17:42:04 [main] INFO  liquibase.changelog - New row inserted into comment
2025-03-03 17:42:04 [main] INFO  liquibase.changelog - New row inserted into comment
2025-03-03 17:42:04 [main] INFO  liquibase.changelog - New row inserted into comment
2025-03-03 17:42:04 [main] INFO  liquibase.changelog - ChangeSet db/changelog/10-insert-default-data.xml::10::xfnet ran successfully in 82ms
2025-03-03 17:42:04 [main] INFO  liquibase.util - UPDATE SUMMARY
2025-03-03 17:42:04 [main] INFO  liquibase.util - Run:                         10
2025-03-03 17:42:04 [main] INFO  liquibase.util - Previously run:               0
2025-03-03 17:42:04 [main] INFO  liquibase.util - Filtered out:                 0
2025-03-03 17:42:04 [main] INFO  liquibase.util - -------------------------------
2025-03-03 17:42:04 [main] INFO  liquibase.util - Total change sets:           10
2025-03-03 17:42:04 [main] INFO  liquibase.util - Update summary generated
2025-03-03 17:42:04 [main] INFO  liquibase.command - Update command completed successfully.
2025-03-03 17:42:04 [main] INFO  liquibase.ui - Liquibase: Update has been successful. Rows affected: 40
2025-03-03 17:42:04 [main] INFO  liquibase.lockservice - Successfully released change log lock
2025-03-03 17:42:04 [main] INFO  liquibase.command - Command execution complete
2025-03-03 17:42:04 [main] INFO  o.h.jpa.internal.util.LogHelper - HHH000204: Processing PersistenceUnitInfo [name: default]
2025-03-03 17:42:04 [main] INFO  org.hibernate.Version - HHH000412: Hibernate ORM core version 6.5.3.Final
2025-03-03 17:42:04 [main] INFO  o.h.c.i.RegionFactoryInitiator - HHH000026: Second-level cache disabled
2025-03-03 17:42:04 [main] INFO  o.s.o.j.p.SpringPersistenceUnitInfo - No LoadTimeWeaver setup: ignoring JPA class transformer
2025-03-03 17:42:05 [main] INFO  o.h.e.t.j.p.i.JtaPlatformInitiator - HHH000489: No JTA platform available (set 'hibernate.transaction.jta.platform' to enable JTA platform integration)
2025-03-03 17:42:05 [main] INFO  o.s.o.j.LocalContainerEntityManagerFactoryBean - Initialized JPA EntityManagerFactory for persistence unit 'default'
2025-03-03 17:42:06 [main] INFO  o.s.s.c.a.a.c.InitializeAuthenticationProviderBeanManagerConfigurer$InitializeAuthenticationProviderManagerConfigurer - Global AuthenticationManager configured with AuthenticationProvider bean with name authenticationProvider
2025-03-03 17:42:06 [main] WARN  o.s.s.c.a.a.c.InitializeUserDetailsBeanManagerConfigurer$InitializeUserDetailsManagerConfigurer - Global AuthenticationManager configured with an AuthenticationProvider bean. UserDetailsService beans will not be used for username/password login. Consider removing the AuthenticationProvider bean. Alternatively, consider using the UserDetailsService in a manually instantiated DaoAuthenticationProvider.
2025-03-03 17:42:06 [main] INFO  o.s.d.j.r.query.QueryEnhancerFactory - Hibernate is in classpath; If applicable, HQL parser will be used.
2025-03-03 17:42:07 [main] WARN  o.s.b.a.o.j.JpaBaseConfiguration$JpaWebConfiguration - spring.jpa.open-in-view is enabled by default. Therefore, database queries may be performed during view rendering. Explicitly configure spring.jpa.open-in-view to disable this warning
2025-03-03 17:42:08 [main] INFO  com.track.task.task.TaskServiceTest - Started TaskServiceTest in 9.358 seconds (process running for 15.812)
2025-03-03 17:42:08 [main] INFO  c.t.t.s.task.impl.TaskServiceImpl - [Task] Updating status for task ID: 4
2025-03-03 17:42:08 [main] INFO  c.t.t.s.task.impl.TaskServiceImpl - [Task] Getting task ID: 4
2025-03-03 17:42:08 [main] INFO  c.t.t.s.task.impl.TaskServiceImpl - [Task] Successfully updated status for task ID: 4
2025-03-03 17:42:08 [main] INFO  c.t.t.s.task.impl.TaskServiceImpl - [Task] Updating task ID: 5
2025-03-03 17:42:08 [main] INFO  c.t.t.s.task.impl.TaskServiceImpl - [Task] Successfully updated task ID: 5
2025-03-03 17:42:08 [main] INFO  c.t.t.s.task.impl.TaskServiceImpl - [Task] Creating new task. Initiator: test@example.com
2025-03-03 17:42:08 [main] INFO  c.t.t.s.task.impl.TaskServiceImpl - [Task] Successfully created task ID: 6
2025-03-03 17:42:08 [main] INFO  c.t.t.s.task.impl.TaskServiceImpl - [Task] Getting task ID: 7
2025-03-03 17:42:08 [main] INFO  c.t.t.s.task.impl.TaskServiceImpl - [Task] Deleting task ID: 8
2025-03-03 17:42:08 [main] INFO  c.t.t.s.task.impl.TaskServiceImpl - [Task] Successfully deleted task ID: 8
2025-03-03 17:42:08 [main] INFO  c.t.t.s.task.impl.TaskServiceImpl - [Task] Getting task ID: 9
2025-03-03 17:42:08 [main] WARN  c.t.t.s.task.impl.TaskServiceImpl - [Task] Unauthorized access attempt by: another@example.com
2025-03-03 17:42:09 [SpringApplicationShutdownHook] INFO  o.s.o.j.LocalContainerEntityManagerFactoryBean - Closing JPA EntityManagerFactory for persistence unit 'default'
2025-03-03 17:42:09 [SpringApplicationShutdownHook] INFO  com.zaxxer.hikari.HikariDataSource - HikariPool-1 - Shutdown initiated...
2025-03-03 17:42:09 [SpringApplicationShutdownHook] INFO  com.zaxxer.hikari.HikariDataSource - HikariPool-1 - Shutdown completed.
