2025-03-03 17:47:45 [background-preinit] INFO  o.h.validator.internal.util.Version - HV000001: Hibernate Validator 8.0.1.Final
2025-03-03 17:47:46 [main] INFO  com.track.task.task.TaskServiceTest - Starting TaskServiceTest using Java 22.0.2 with PID 13056 (started by Admin in C:\Users\Admin\Desktop\task)
2025-03-03 17:47:46 [main] INFO  com.track.task.task.TaskServiceTest - No active profile set, falling back to 1 default profile: "default"
2025-03-03 17:47:47 [main] INFO  o.s.d.r.c.RepositoryConfigurationDelegate - Bootstrapping Spring Data JPA repositories in DEFAULT mode.
2025-03-03 17:47:47 [main] INFO  o.s.d.r.c.RepositoryConfigurationDelegate - Finished Spring Data repository scanning in 88 ms. Found 5 JPA repository interfaces.
2025-03-03 17:47:49 [main] INFO  com.zaxxer.hikari.HikariDataSource - HikariPool-1 - Starting...
2025-03-03 17:47:49 [main] INFO  com.zaxxer.hikari.pool.HikariPool - HikariPool-1 - Added connection org.postgresql.jdbc.PgConnection@5e83298e
2025-03-03 17:47:49 [main] INFO  com.zaxxer.hikari.HikariDataSource - HikariPool-1 - Start completed.
2025-03-03 17:47:50 [main] INFO  liquibase.database - Set default schema name to public
2025-03-03 17:47:51 [main] INFO  liquibase.changelog - Creating database history table with name: public.databasechangelog
2025-03-03 17:47:51 [main] INFO  liquibase.changelog - Reading from public.databasechangelog
2025-03-03 17:47:51 [main] INFO  liquibase.lockservice - Successfully acquired change log lock
2025-03-03 17:47:51 [main] INFO  liquibase.command - Using deploymentId: 1013271383
2025-03-03 17:47:51 [main] INFO  liquibase.changelog - Reading from public.databasechangelog
2025-03-03 17:47:51 [main] INFO  liquibase.ui - Running Changeset: db/changelog/01-create-schema.xml::1::xfnet
2025-03-03 17:47:51 [main] WARN  liquibase.executor - schema "private" does not exist, skipping
2025-03-03 17:47:51 [main] INFO  liquibase.changelog - Custom SQL executed
2025-03-03 17:47:51 [main] INFO  liquibase.changelog - Custom SQL executed
2025-03-03 17:47:51 [main] INFO  liquibase.changelog - ChangeSet db/changelog/01-create-schema.xml::1::xfnet ran successfully in 36ms
2025-03-03 17:47:51 [main] INFO  liquibase.ui - Running Changeset: db/changelog/02-create-user-table.xml::2::xfnet
2025-03-03 17:47:51 [main] INFO  liquibase.changelog - Table user created
2025-03-03 17:47:51 [main] INFO  liquibase.changelog - ChangeSet db/changelog/02-create-user-table.xml::2::xfnet ran successfully in 10ms
2025-03-03 17:47:51 [main] INFO  liquibase.ui - Running Changeset: db/changelog/03-create-priority-table.xml::3::xfnet
2025-03-03 17:47:51 [main] INFO  liquibase.changelog - Table priority created
2025-03-03 17:47:51 [main] INFO  liquibase.changelog - ChangeSet db/changelog/03-create-priority-table.xml::3::xfnet ran successfully in 19ms
2025-03-03 17:47:51 [main] INFO  liquibase.ui - Running Changeset: db/changelog/04-create-status-table.xml::4::xfnet
2025-03-03 17:47:51 [main] INFO  liquibase.changelog - Table status created
2025-03-03 17:47:51 [main] INFO  liquibase.changelog - Foreign key constraint added to status (user_id)
2025-03-03 17:47:51 [main] INFO  liquibase.changelog - Unique constraint added to status(title, user_id)
2025-03-03 17:47:51 [main] INFO  liquibase.changelog - ChangeSet db/changelog/04-create-status-table.xml::4::xfnet ran successfully in 28ms
2025-03-03 17:47:51 [main] INFO  liquibase.ui - Running Changeset: db/changelog/05-create-role-table.xml::5::xfnet
2025-03-03 17:47:51 [main] INFO  liquibase.changelog - Table role created
2025-03-03 17:47:51 [main] INFO  liquibase.changelog - ChangeSet db/changelog/05-create-role-table.xml::5::xfnet ran successfully in 26ms
2025-03-03 17:47:51 [main] INFO  liquibase.ui - Running Changeset: db/changelog/06-create-user-roles-table.xml::6::xfnet
2025-03-03 17:47:51 [main] INFO  liquibase.changelog - Table user_roles created
2025-03-03 17:47:51 [main] INFO  liquibase.changelog - Primary key added to user_roles (user_id, role_id)
2025-03-03 17:47:51 [main] INFO  liquibase.changelog - Foreign key constraint added to user_roles (user_id)
2025-03-03 17:47:51 [main] INFO  liquibase.changelog - Foreign key constraint added to user_roles (role_id)
2025-03-03 17:47:51 [main] INFO  liquibase.changelog - ChangeSet db/changelog/06-create-user-roles-table.xml::6::xfnet ran successfully in 30ms
2025-03-03 17:47:51 [main] INFO  liquibase.ui - Running Changeset: db/changelog/07-create-task-table.xml::7::xfnet
2025-03-03 17:47:51 [main] INFO  liquibase.changelog - Table task created
2025-03-03 17:47:51 [main] INFO  liquibase.changelog - Foreign key constraint added to task (priority_id)
2025-03-03 17:47:51 [main] INFO  liquibase.changelog - Foreign key constraint added to task (status_id)
2025-03-03 17:47:51 [main] INFO  liquibase.changelog - Foreign key constraint added to task (user_id)
2025-03-03 17:47:51 [main] INFO  liquibase.changelog - ChangeSet db/changelog/07-create-task-table.xml::7::xfnet ran successfully in 19ms
2025-03-03 17:47:51 [main] INFO  liquibase.ui - Running Changeset: db/changelog/08-create-task-executors-table.xml::8::xfnet
2025-03-03 17:47:51 [main] INFO  liquibase.changelog - Table task_executors created
2025-03-03 17:47:51 [main] INFO  liquibase.changelog - Primary key added to task_executors (task_id, user_id)
2025-03-03 17:47:51 [main] INFO  liquibase.changelog - Foreign key constraint added to task_executors (task_id)
2025-03-03 17:47:51 [main] INFO  liquibase.changelog - Foreign key constraint added to task_executors (user_id)
2025-03-03 17:47:51 [main] INFO  liquibase.changelog - ChangeSet db/changelog/08-create-task-executors-table.xml::8::xfnet ran successfully in 24ms
2025-03-03 17:47:51 [main] INFO  liquibase.ui - Running Changeset: db/changelog/09-create-comment-table.xml::9::xfnet
2025-03-03 17:47:51 [main] INFO  liquibase.changelog - Table comment created
2025-03-03 17:47:51 [main] INFO  liquibase.changelog - Foreign key constraint added to comment (task_id)
2025-03-03 17:47:51 [main] INFO  liquibase.changelog - Foreign key constraint added to comment (user_id)
2025-03-03 17:47:51 [main] INFO  liquibase.changelog - Foreign key constraint added to comment (parent_id)
2025-03-03 17:47:51 [main] INFO  liquibase.changelog - ChangeSet db/changelog/09-create-comment-table.xml::9::xfnet ran successfully in 19ms
2025-03-03 17:47:51 [main] INFO  liquibase.ui - Running Changeset: db/changelog/10-insert-default-data.xml::10::xfnet
2025-03-03 17:47:51 [main] INFO  liquibase.changelog - New row inserted into role
2025-03-03 17:47:51 [main] INFO  liquibase.changelog - New row inserted into role
2025-03-03 17:47:51 [main] INFO  liquibase.changelog - New row inserted into user
2025-03-03 17:47:51 [main] INFO  liquibase.changelog - New row inserted into user
2025-03-03 17:47:51 [main] INFO  liquibase.changelog - New row inserted into user
2025-03-03 17:47:51 [main] INFO  liquibase.changelog - New row inserted into user
2025-03-03 17:47:51 [main] INFO  liquibase.changelog - New row inserted into user
2025-03-03 17:47:51 [main] INFO  liquibase.changelog - New row inserted into user_roles
2025-03-03 17:47:51 [main] INFO  liquibase.changelog - New row inserted into user_roles
2025-03-03 17:47:51 [main] INFO  liquibase.changelog - New row inserted into user_roles
2025-03-03 17:47:51 [main] INFO  liquibase.changelog - New row inserted into user_roles
2025-03-03 17:47:51 [main] INFO  liquibase.changelog - New row inserted into user_roles
2025-03-03 17:47:51 [main] INFO  liquibase.changelog - New row inserted into priority
2025-03-03 17:47:51 [main] INFO  liquibase.changelog - New row inserted into priority
2025-03-03 17:47:51 [main] INFO  liquibase.changelog - New row inserted into priority
2025-03-03 17:47:51 [main] INFO  liquibase.changelog - New row inserted into status
2025-03-03 17:47:51 [main] INFO  liquibase.changelog - New row inserted into status
2025-03-03 17:47:51 [main] INFO  liquibase.changelog - New row inserted into status
2025-03-03 17:47:51 [main] INFO  liquibase.changelog - New row inserted into status
2025-03-03 17:47:51 [main] INFO  liquibase.changelog - New row inserted into status
2025-03-03 17:47:51 [main] INFO  liquibase.changelog - New row inserted into task
2025-03-03 17:47:51 [main] INFO  liquibase.changelog - New row inserted into task
2025-03-03 17:47:51 [main] INFO  liquibase.changelog - New row inserted into task
2025-03-03 17:47:51 [main] INFO  liquibase.changelog - New row inserted into task_executors
2025-03-03 17:47:51 [main] INFO  liquibase.changelog - New row inserted into task_executors
2025-03-03 17:47:51 [main] INFO  liquibase.changelog - New row inserted into task_executors
2025-03-03 17:47:51 [main] INFO  liquibase.changelog - New row inserted into task_executors
2025-03-03 17:47:51 [main] INFO  liquibase.changelog - New row inserted into comment
2025-03-03 17:47:51 [main] INFO  liquibase.changelog - New row inserted into comment
2025-03-03 17:47:51 [main] INFO  liquibase.changelog - New row inserted into comment
2025-03-03 17:47:51 [main] INFO  liquibase.changelog - ChangeSet db/changelog/10-insert-default-data.xml::10::xfnet ran successfully in 100ms
2025-03-03 17:47:51 [main] INFO  liquibase.util - UPDATE SUMMARY
2025-03-03 17:47:51 [main] INFO  liquibase.util - Run:                         10
2025-03-03 17:47:51 [main] INFO  liquibase.util - Previously run:               0
2025-03-03 17:47:51 [main] INFO  liquibase.util - Filtered out:                 0
2025-03-03 17:47:51 [main] INFO  liquibase.util - -------------------------------
2025-03-03 17:47:51 [main] INFO  liquibase.util - Total change sets:           10
2025-03-03 17:47:51 [main] INFO  liquibase.util - Update summary generated
2025-03-03 17:47:51 [main] INFO  liquibase.command - Update command completed successfully.
2025-03-03 17:47:51 [main] INFO  liquibase.ui - Liquibase: Update has been successful. Rows affected: 40
2025-03-03 17:47:51 [main] INFO  liquibase.lockservice - Successfully released change log lock
2025-03-03 17:47:51 [main] INFO  liquibase.command - Command execution complete
2025-03-03 17:47:52 [main] INFO  o.h.jpa.internal.util.LogHelper - HHH000204: Processing PersistenceUnitInfo [name: default]
2025-03-03 17:47:52 [main] INFO  org.hibernate.Version - HHH000412: Hibernate ORM core version 6.5.3.Final
2025-03-03 17:47:52 [main] INFO  o.h.c.i.RegionFactoryInitiator - HHH000026: Second-level cache disabled
2025-03-03 17:47:52 [main] INFO  o.s.o.j.p.SpringPersistenceUnitInfo - No LoadTimeWeaver setup: ignoring JPA class transformer
2025-03-03 17:47:53 [main] INFO  o.h.e.t.j.p.i.JtaPlatformInitiator - HHH000489: No JTA platform available (set 'hibernate.transaction.jta.platform' to enable JTA platform integration)
2025-03-03 17:47:53 [main] INFO  o.s.o.j.LocalContainerEntityManagerFactoryBean - Initialized JPA EntityManagerFactory for persistence unit 'default'
2025-03-03 17:47:54 [main] INFO  o.s.s.c.a.a.c.InitializeAuthenticationProviderBeanManagerConfigurer$InitializeAuthenticationProviderManagerConfigurer - Global AuthenticationManager configured with AuthenticationProvider bean with name authenticationProvider
2025-03-03 17:47:54 [main] WARN  o.s.s.c.a.a.c.InitializeUserDetailsBeanManagerConfigurer$InitializeUserDetailsManagerConfigurer - Global AuthenticationManager configured with an AuthenticationProvider bean. UserDetailsService beans will not be used for username/password login. Consider removing the AuthenticationProvider bean. Alternatively, consider using the UserDetailsService in a manually instantiated DaoAuthenticationProvider.
2025-03-03 17:47:54 [main] INFO  o.s.d.j.r.query.QueryEnhancerFactory - Hibernate is in classpath; If applicable, HQL parser will be used.
2025-03-03 17:47:55 [main] WARN  o.s.b.a.o.j.JpaBaseConfiguration$JpaWebConfiguration - spring.jpa.open-in-view is enabled by default. Therefore, database queries may be performed during view rendering. Explicitly configure spring.jpa.open-in-view to disable this warning
2025-03-03 17:47:56 [main] INFO  com.track.task.task.TaskServiceTest - Started TaskServiceTest in 10.819 seconds (process running for 16.866)
2025-03-03 17:47:56 [main] INFO  c.t.t.s.task.impl.TaskServiceImpl - [Task] Updating status for task ID: 4
2025-03-03 17:47:56 [main] INFO  c.t.t.s.task.impl.TaskServiceImpl - [Task] Getting task ID: 4
2025-03-03 17:47:56 [main] INFO  c.t.t.s.task.impl.TaskServiceImpl - [Task] Successfully updated status for task ID: 4
2025-03-03 17:47:56 [main] INFO  c.t.t.s.task.impl.TaskServiceImpl - [Task] Updating task ID: 5
2025-03-03 17:47:56 [main] INFO  c.t.t.s.task.impl.TaskServiceImpl - [Task] Successfully updated task ID: 5
2025-03-03 17:47:56 [main] INFO  c.t.t.s.task.impl.TaskServiceImpl - [Task] Creating new task. Initiator: test@example.com
2025-03-03 17:47:56 [main] INFO  c.t.t.s.task.impl.TaskServiceImpl - [Task] Successfully created task ID: 6
2025-03-03 17:47:56 [main] INFO  c.t.t.s.task.impl.TaskServiceImpl - [Task] Getting task ID: 7
2025-03-03 17:47:56 [main] INFO  c.t.t.s.task.impl.TaskServiceImpl - [Task] Deleting task ID: 8
2025-03-03 17:47:56 [main] INFO  c.t.t.s.task.impl.TaskServiceImpl - [Task] Successfully deleted task ID: 8
2025-03-03 17:47:56 [main] INFO  c.t.t.s.task.impl.TaskServiceImpl - [Task] Getting task ID: 9
2025-03-03 17:47:56 [main] WARN  c.t.t.s.task.impl.TaskServiceImpl - [Task] Unauthorized access attempt by: another@example.com
2025-03-03 17:47:57 [main] INFO  o.s.t.c.s.AnnotationConfigContextLoaderUtils - Could not detect default configuration classes for test class [com.track.task.TaskTrackerApplicationTests]: TaskTrackerApplicationTests does not declare any static, non-private, non-final, nested classes annotated with @Configuration.
2025-03-03 17:47:57 [main] INFO  o.s.b.t.c.SpringBootTestContextBootstrapper - Found @SpringBootConfiguration com.track.task.TaskTrackerApplication for test class com.track.task.TaskTrackerApplicationTests
2025-03-03 17:47:57 [main] INFO  c.t.task.TaskTrackerApplicationTests - Starting TaskTrackerApplicationTests using Java 22.0.2 with PID 13056 (started by Admin in C:\Users\Admin\Desktop\task)
2025-03-03 17:47:57 [main] INFO  c.t.task.TaskTrackerApplicationTests - No active profile set, falling back to 1 default profile: "default"
2025-03-03 17:47:58 [main] INFO  o.s.d.r.c.RepositoryConfigurationDelegate - Bootstrapping Spring Data JPA repositories in DEFAULT mode.
2025-03-03 17:47:58 [main] INFO  o.s.d.r.c.RepositoryConfigurationDelegate - Finished Spring Data repository scanning in 32 ms. Found 5 JPA repository interfaces.
2025-03-03 17:47:58 [main] INFO  com.zaxxer.hikari.HikariDataSource - HikariPool-2 - Starting...
2025-03-03 17:48:02 [main] WARN  o.s.w.c.s.GenericWebApplicationContext - Exception encountered during context initialization - cancelling refresh attempt: org.springframework.beans.factory.BeanCreationException: Error creating bean with name 'entityManagerFactory' defined in class path resource [org/springframework/boot/autoconfigure/orm/jpa/HibernateJpaConfiguration.class]: Failed to initialize dependency 'liquibase' of LoadTimeWeaverAware bean 'entityManagerFactory': Error creating bean with name 'liquibase' defined in class path resource [org/springframework/boot/autoconfigure/liquibase/LiquibaseAutoConfiguration$LiquibaseConfiguration.class]: liquibase.exception.DatabaseException: org.postgresql.util.PSQLException: Ошибка при попытке подсоединения.
2025-03-03 17:48:02 [main] INFO  o.s.b.a.l.ConditionEvaluationReportLogger - 

Error starting ApplicationContext. To display the condition evaluation report re-run your application with 'debug' enabled.
2025-03-03 17:48:02 [main] ERROR o.s.boot.SpringApplication - Application run failed
org.springframework.beans.factory.BeanCreationException: Error creating bean with name 'entityManagerFactory' defined in class path resource [org/springframework/boot/autoconfigure/orm/jpa/HibernateJpaConfiguration.class]: Failed to initialize dependency 'liquibase' of LoadTimeWeaverAware bean 'entityManagerFactory': Error creating bean with name 'liquibase' defined in class path resource [org/springframework/boot/autoconfigure/liquibase/LiquibaseAutoConfiguration$LiquibaseConfiguration.class]: liquibase.exception.DatabaseException: org.postgresql.util.PSQLException: Ошибка при попытке подсоединения.
	at org.springframework.beans.factory.support.AbstractBeanFactory.doGetBean(AbstractBeanFactory.java:326)
	at org.springframework.beans.factory.support.AbstractBeanFactory.getBean(AbstractBeanFactory.java:205)
	at org.springframework.context.support.AbstractApplicationContext.finishBeanFactoryInitialization(AbstractApplicationContext.java:954)
	at org.springframework.context.support.AbstractApplicationContext.refresh(AbstractApplicationContext.java:625)
	at org.springframework.boot.SpringApplication.refresh(SpringApplication.java:754)
	at org.springframework.boot.SpringApplication.refreshContext(SpringApplication.java:456)
	at org.springframework.boot.SpringApplication.run(SpringApplication.java:335)
	at org.springframework.boot.test.context.SpringBootContextLoader.lambda$loadContext$3(SpringBootContextLoader.java:137)
	at org.springframework.util.function.ThrowingSupplier.get(ThrowingSupplier.java:58)
	at org.springframework.util.function.ThrowingSupplier.get(ThrowingSupplier.java:46)
	at org.springframework.boot.SpringApplication.withHook(SpringApplication.java:1463)
	at org.springframework.boot.test.context.SpringBootContextLoader$ContextLoaderHook.run(SpringBootContextLoader.java:553)
	at org.springframework.boot.test.context.SpringBootContextLoader.loadContext(SpringBootContextLoader.java:137)
	at org.springframework.boot.test.context.SpringBootContextLoader.loadContext(SpringBootContextLoader.java:108)
	at org.springframework.test.context.cache.DefaultCacheAwareContextLoaderDelegate.loadContextInternal(DefaultCacheAwareContextLoaderDelegate.java:225)
	at org.springframework.test.context.cache.DefaultCacheAwareContextLoaderDelegate.loadContext(DefaultCacheAwareContextLoaderDelegate.java:152)
	at org.springframework.test.context.support.DefaultTestContext.getApplicationContext(DefaultTestContext.java:130)
	at org.springframework.test.context.web.ServletTestExecutionListener.setUpRequestContextIfNecessary(ServletTestExecutionListener.java:191)
	at org.springframework.test.context.web.ServletTestExecutionListener.prepareTestInstance(ServletTestExecutionListener.java:130)
	at org.springframework.test.context.TestContextManager.prepareTestInstance(TestContextManager.java:260)
	at org.springframework.test.context.junit.jupiter.SpringExtension.postProcessTestInstance(SpringExtension.java:163)
	at org.junit.jupiter.engine.descriptor.ClassBasedTestDescriptor.lambda$invokeTestInstancePostProcessors$10(ClassBasedTestDescriptor.java:378)
	at org.junit.jupiter.engine.descriptor.ClassBasedTestDescriptor.executeAndMaskThrowable(ClassBasedTestDescriptor.java:383)
	at org.junit.jupiter.engine.descriptor.ClassBasedTestDescriptor.lambda$invokeTestInstancePostProcessors$11(ClassBasedTestDescriptor.java:378)
	at java.base/java.util.stream.ReferencePipeline$3$1.accept(ReferencePipeline.java:212)
	at java.base/java.util.stream.ReferencePipeline$2$1.accept(ReferencePipeline.java:194)
	at java.base/java.util.ArrayList$ArrayListSpliterator.forEachRemaining(ArrayList.java:1709)
	at java.base/java.util.stream.AbstractPipeline.copyInto(AbstractPipeline.java:556)
	at java.base/java.util.stream.AbstractPipeline.wrapAndCopyInto(AbstractPipeline.java:546)
	at java.base/java.util.stream.StreamSpliterators$WrappingSpliterator.forEachRemaining(StreamSpliterators.java:310)
	at java.base/java.util.stream.Streams$ConcatSpliterator.forEachRemaining(Streams.java:735)
	at java.base/java.util.stream.Streams$ConcatSpliterator.forEachRemaining(Streams.java:734)
	at java.base/java.util.stream.ReferencePipeline$Head.forEach(ReferencePipeline.java:782)
	at org.junit.jupiter.engine.descriptor.ClassBasedTestDescriptor.invokeTestInstancePostProcessors(ClassBasedTestDescriptor.java:377)
	at org.junit.jupiter.engine.descriptor.ClassBasedTestDescriptor.lambda$instantiateAndPostProcessTestInstance$6(ClassBasedTestDescriptor.java:290)
	at org.junit.platform.engine.support.hierarchical.ThrowableCollector.execute(ThrowableCollector.java:73)
	at org.junit.jupiter.engine.descriptor.ClassBasedTestDescriptor.instantiateAndPostProcessTestInstance(ClassBasedTestDescriptor.java:289)
	at org.junit.jupiter.engine.descriptor.ClassBasedTestDescriptor.lambda$testInstancesProvider$4(ClassBasedTestDescriptor.java:279)
	at java.base/java.util.Optional.orElseGet(Optional.java:364)
	at org.junit.jupiter.engine.descriptor.ClassBasedTestDescriptor.lambda$testInstancesProvider$5(ClassBasedTestDescriptor.java:278)
	at org.junit.jupiter.engine.execution.TestInstancesProvider.getTestInstances(TestInstancesProvider.java:31)
	at org.junit.jupiter.engine.descriptor.TestMethodTestDescriptor.lambda$prepare$0(TestMethodTestDescriptor.java:106)
	at org.junit.platform.engine.support.hierarchical.ThrowableCollector.execute(ThrowableCollector.java:73)
	at org.junit.jupiter.engine.descriptor.TestMethodTestDescriptor.prepare(TestMethodTestDescriptor.java:105)
	at org.junit.jupiter.engine.descriptor.TestMethodTestDescriptor.prepare(TestMethodTestDescriptor.java:69)
	at org.junit.platform.engine.support.hierarchical.NodeTestTask.lambda$prepare$2(NodeTestTask.java:128)
	at org.junit.platform.engine.support.hierarchical.ThrowableCollector.execute(ThrowableCollector.java:73)
	at org.junit.platform.engine.support.hierarchical.NodeTestTask.prepare(NodeTestTask.java:128)
	at org.junit.platform.engine.support.hierarchical.NodeTestTask.execute(NodeTestTask.java:95)
	at java.base/java.util.ArrayList.forEach(ArrayList.java:1597)
	at org.junit.platform.engine.support.hierarchical.SameThreadHierarchicalTestExecutorService.invokeAll(SameThreadHierarchicalTestExecutorService.java:41)
	at org.junit.platform.engine.support.hierarchical.NodeTestTask.lambda$executeRecursively$6(NodeTestTask.java:160)
	at org.junit.platform.engine.support.hierarchical.ThrowableCollector.execute(ThrowableCollector.java:73)
	at org.junit.platform.engine.support.hierarchical.NodeTestTask.lambda$executeRecursively$8(NodeTestTask.java:146)
	at org.junit.platform.engine.support.hierarchical.Node.around(Node.java:137)
	at org.junit.platform.engine.support.hierarchical.NodeTestTask.lambda$executeRecursively$9(NodeTestTask.java:144)
	at org.junit.platform.engine.support.hierarchical.ThrowableCollector.execute(ThrowableCollector.java:73)
	at org.junit.platform.engine.support.hierarchical.NodeTestTask.executeRecursively(NodeTestTask.java:143)
	at org.junit.platform.engine.support.hierarchical.NodeTestTask.execute(NodeTestTask.java:100)
	at java.base/java.util.ArrayList.forEach(ArrayList.java:1597)
	at org.junit.platform.engine.support.hierarchical.SameThreadHierarchicalTestExecutorService.invokeAll(SameThreadHierarchicalTestExecutorService.java:41)
	at org.junit.platform.engine.support.hierarchical.NodeTestTask.lambda$executeRecursively$6(NodeTestTask.java:160)
	at org.junit.platform.engine.support.hierarchical.ThrowableCollector.execute(ThrowableCollector.java:73)
	at org.junit.platform.engine.support.hierarchical.NodeTestTask.lambda$executeRecursively$8(NodeTestTask.java:146)
	at org.junit.platform.engine.support.hierarchical.Node.around(Node.java:137)
	at org.junit.platform.engine.support.hierarchical.NodeTestTask.lambda$executeRecursively$9(NodeTestTask.java:144)
	at org.junit.platform.engine.support.hierarchical.ThrowableCollector.execute(ThrowableCollector.java:73)
	at org.junit.platform.engine.support.hierarchical.NodeTestTask.executeRecursively(NodeTestTask.java:143)
	at org.junit.platform.engine.support.hierarchical.NodeTestTask.execute(NodeTestTask.java:100)
	at org.junit.platform.engine.support.hierarchical.SameThreadHierarchicalTestExecutorService.submit(SameThreadHierarchicalTestExecutorService.java:35)
	at org.junit.platform.engine.support.hierarchical.HierarchicalTestExecutor.execute(HierarchicalTestExecutor.java:57)
	at org.junit.platform.engine.support.hierarchical.HierarchicalTestEngine.execute(HierarchicalTestEngine.java:54)
	at org.junit.platform.launcher.core.EngineExecutionOrchestrator.execute(EngineExecutionOrchestrator.java:198)
	at org.junit.platform.launcher.core.EngineExecutionOrchestrator.execute(EngineExecutionOrchestrator.java:169)
	at org.junit.platform.launcher.core.EngineExecutionOrchestrator.execute(EngineExecutionOrchestrator.java:93)
	at org.junit.platform.launcher.core.EngineExecutionOrchestrator.lambda$execute$0(EngineExecutionOrchestrator.java:58)
	at org.junit.platform.launcher.core.EngineExecutionOrchestrator.withInterceptedStreams(EngineExecutionOrchestrator.java:141)
	at org.junit.platform.launcher.core.EngineExecutionOrchestrator.execute(EngineExecutionOrchestrator.java:57)
	at org.junit.platform.launcher.core.DefaultLauncher.execute(DefaultLauncher.java:103)
	at org.junit.platform.launcher.core.DefaultLauncher.execute(DefaultLauncher.java:85)
	at org.junit.platform.launcher.core.DelegatingLauncher.execute(DelegatingLauncher.java:47)
	at org.apache.maven.surefire.junitplatform.LazyLauncher.execute(LazyLauncher.java:56)
	at org.apache.maven.surefire.junitplatform.JUnitPlatformProvider.execute(JUnitPlatformProvider.java:184)
	at org.apache.maven.surefire.junitplatform.JUnitPlatformProvider.invokeAllTests(JUnitPlatformProvider.java:148)
	at org.apache.maven.surefire.junitplatform.JUnitPlatformProvider.invoke(JUnitPlatformProvider.java:122)
	at org.apache.maven.surefire.booter.ForkedBooter.runSuitesInProcess(ForkedBooter.java:385)
	at org.apache.maven.surefire.booter.ForkedBooter.execute(ForkedBooter.java:162)
	at org.apache.maven.surefire.booter.ForkedBooter.run(ForkedBooter.java:507)
	at org.apache.maven.surefire.booter.ForkedBooter.main(ForkedBooter.java:495)
Caused by: org.springframework.beans.factory.BeanCreationException: Error creating bean with name 'liquibase' defined in class path resource [org/springframework/boot/autoconfigure/liquibase/LiquibaseAutoConfiguration$LiquibaseConfiguration.class]: liquibase.exception.DatabaseException: org.postgresql.util.PSQLException: Ошибка при попытке подсоединения.
	at org.springframework.beans.factory.support.AbstractAutowireCapableBeanFactory.initializeBean(AbstractAutowireCapableBeanFactory.java:1806)
	at org.springframework.beans.factory.support.AbstractAutowireCapableBeanFactory.doCreateBean(AbstractAutowireCapableBeanFactory.java:600)
	at org.springframework.beans.factory.support.AbstractAutowireCapableBeanFactory.createBean(AbstractAutowireCapableBeanFactory.java:522)
	at org.springframework.beans.factory.support.AbstractBeanFactory.lambda$doGetBean$0(AbstractBeanFactory.java:337)
	at org.springframework.beans.factory.support.DefaultSingletonBeanRegistry.getSingleton(DefaultSingletonBeanRegistry.java:234)
	at org.springframework.beans.factory.support.AbstractBeanFactory.doGetBean(AbstractBeanFactory.java:335)
	at org.springframework.beans.factory.support.AbstractBeanFactory.getBean(AbstractBeanFactory.java:200)
	at org.springframework.beans.factory.support.AbstractBeanFactory.doGetBean(AbstractBeanFactory.java:313)
	... 88 common frames omitted
Caused by: liquibase.exception.UnexpectedLiquibaseException: liquibase.exception.DatabaseException: org.postgresql.util.PSQLException: Ошибка при попытке подсоединения.
	at liquibase.integration.spring.SpringLiquibase.afterPropertiesSet(SpringLiquibase.java:259)
	at org.springframework.beans.factory.support.AbstractAutowireCapableBeanFactory.invokeInitMethods(AbstractAutowireCapableBeanFactory.java:1853)
	at org.springframework.beans.factory.support.AbstractAutowireCapableBeanFactory.initializeBean(AbstractAutowireCapableBeanFactory.java:1802)
	... 95 common frames omitted
Caused by: liquibase.exception.DatabaseException: org.postgresql.util.PSQLException: Ошибка при попытке подсоединения.
	at liquibase.integration.spring.SpringLiquibase.lambda$afterPropertiesSet$0(SpringLiquibase.java:251)
	at liquibase.Scope.lambda$child$0(Scope.java:190)
	at liquibase.Scope.child(Scope.java:199)
	at liquibase.Scope.child(Scope.java:189)
	at liquibase.Scope.child(Scope.java:168)
	at liquibase.Scope.child(Scope.java:256)
	at liquibase.integration.spring.SpringLiquibase.afterPropertiesSet(SpringLiquibase.java:242)
	... 97 common frames omitted
Caused by: org.postgresql.util.PSQLException: Ошибка при попытке подсоединения.
	at org.postgresql.core.v3.ConnectionFactoryImpl.openConnectionImpl(ConnectionFactoryImpl.java:364)
	at org.postgresql.core.ConnectionFactory.openConnection(ConnectionFactory.java:54)
	at org.postgresql.jdbc.PgConnection.<init>(PgConnection.java:273)
	at org.postgresql.Driver.makeConnection(Driver.java:446)
	at org.postgresql.Driver.connect(Driver.java:298)
	at com.zaxxer.hikari.util.DriverDataSource.getConnection(DriverDataSource.java:137)
	at com.zaxxer.hikari.pool.PoolBase.newConnection(PoolBase.java:360)
	at com.zaxxer.hikari.pool.PoolBase.newPoolEntry(PoolBase.java:202)
	at com.zaxxer.hikari.pool.HikariPool.createPoolEntry(HikariPool.java:461)
	at com.zaxxer.hikari.pool.HikariPool.checkFailFast(HikariPool.java:550)
	at com.zaxxer.hikari.pool.HikariPool.<init>(HikariPool.java:98)
	at com.zaxxer.hikari.HikariDataSource.getConnection(HikariDataSource.java:111)
	at liquibase.integration.spring.SpringLiquibase.lambda$afterPropertiesSet$0(SpringLiquibase.java:246)
	... 103 common frames omitted
Caused by: java.net.UnknownHostException: postgres-db
	at java.base/sun.nio.ch.NioSocketImpl.connect(NioSocketImpl.java:567)
	at java.base/java.net.SocksSocketImpl.connect(SocksSocketImpl.java:327)
	at java.base/java.net.Socket.connect(Socket.java:752)
	at org.postgresql.core.PGStream.createSocket(PGStream.java:260)
	at org.postgresql.core.PGStream.<init>(PGStream.java:121)
	at org.postgresql.core.v3.ConnectionFactoryImpl.tryConnect(ConnectionFactoryImpl.java:140)
	at org.postgresql.core.v3.ConnectionFactoryImpl.openConnectionImpl(ConnectionFactoryImpl.java:268)
	... 115 common frames omitted
2025-03-03 17:48:02 [main] WARN  o.s.test.context.TestContextManager - Caught exception while allowing TestExecutionListener [org.springframework.test.context.web.ServletTestExecutionListener] to prepare test instance [com.track.task.TaskTrackerApplicationTests@2d55b38b]
java.lang.IllegalStateException: Failed to load ApplicationContext for [WebMergedContextConfiguration@79f3d15f testClass = com.track.task.TaskTrackerApplicationTests, locations = [], classes = [com.track.task.TaskTrackerApplication], contextInitializerClasses = [], activeProfiles = [], propertySourceDescriptors = [], propertySourceProperties = ["org.springframework.boot.test.context.SpringBootTestContextBootstrapper=true"], contextCustomizers = [org.springframework.boot.test.context.filter.ExcludeFilterContextCustomizer@a37aefe, org.springframework.boot.test.json.DuplicateJsonObjectContextCustomizerFactory$DuplicateJsonObjectContextCustomizer@37fb0bed, org.springframework.boot.test.mock.mockito.MockitoContextCustomizer@0, org.springframework.boot.test.web.client.TestRestTemplateContextCustomizer@14008db3, org.springframework.boot.test.web.reactor.netty.DisableReactorResourceFactoryGlobalResourcesContextCustomizerFactory$DisableReactorResourceFactoryGlobalResourcesContextCustomizerCustomizer@275bf9b3, org.springframework.boot.test.autoconfigure.OnFailureConditionReportContextCustomizerFactory$OnFailureConditionReportContextCustomizer@12a94400, org.springframework.boot.test.autoconfigure.actuate.observability.ObservabilityContextCustomizerFactory$DisableObservabilityContextCustomizer@1f, org.springframework.boot.test.autoconfigure.properties.PropertyMappingContextCustomizer@0, org.springframework.boot.test.autoconfigure.web.servlet.WebDriverContextCustomizer@35399441, org.springframework.boot.test.context.SpringBootTestAnnotation@133b4eef], resourceBasePath = "src/main/webapp", contextLoader = org.springframework.boot.test.context.SpringBootContextLoader, parent = null]
	at org.springframework.test.context.cache.DefaultCacheAwareContextLoaderDelegate.loadContext(DefaultCacheAwareContextLoaderDelegate.java:180)
	at org.springframework.test.context.support.DefaultTestContext.getApplicationContext(DefaultTestContext.java:130)
	at org.springframework.test.context.web.ServletTestExecutionListener.setUpRequestContextIfNecessary(ServletTestExecutionListener.java:191)
	at org.springframework.test.context.web.ServletTestExecutionListener.prepareTestInstance(ServletTestExecutionListener.java:130)
	at org.springframework.test.context.TestContextManager.prepareTestInstance(TestContextManager.java:260)
	at org.springframework.test.context.junit.jupiter.SpringExtension.postProcessTestInstance(SpringExtension.java:163)
	at org.junit.jupiter.engine.descriptor.ClassBasedTestDescriptor.lambda$invokeTestInstancePostProcessors$10(ClassBasedTestDescriptor.java:378)
	at org.junit.jupiter.engine.descriptor.ClassBasedTestDescriptor.executeAndMaskThrowable(ClassBasedTestDescriptor.java:383)
	at org.junit.jupiter.engine.descriptor.ClassBasedTestDescriptor.lambda$invokeTestInstancePostProcessors$11(ClassBasedTestDescriptor.java:378)
	at java.base/java.util.stream.ReferencePipeline$3$1.accept(ReferencePipeline.java:212)
	at java.base/java.util.stream.ReferencePipeline$2$1.accept(ReferencePipeline.java:194)
	at java.base/java.util.ArrayList$ArrayListSpliterator.forEachRemaining(ArrayList.java:1709)
	at java.base/java.util.stream.AbstractPipeline.copyInto(AbstractPipeline.java:556)
	at java.base/java.util.stream.AbstractPipeline.wrapAndCopyInto(AbstractPipeline.java:546)
	at java.base/java.util.stream.StreamSpliterators$WrappingSpliterator.forEachRemaining(StreamSpliterators.java:310)
	at java.base/java.util.stream.Streams$ConcatSpliterator.forEachRemaining(Streams.java:735)
	at java.base/java.util.stream.Streams$ConcatSpliterator.forEachRemaining(Streams.java:734)
	at java.base/java.util.stream.ReferencePipeline$Head.forEach(ReferencePipeline.java:782)
	at org.junit.jupiter.engine.descriptor.ClassBasedTestDescriptor.invokeTestInstancePostProcessors(ClassBasedTestDescriptor.java:377)
	at org.junit.jupiter.engine.descriptor.ClassBasedTestDescriptor.lambda$instantiateAndPostProcessTestInstance$6(ClassBasedTestDescriptor.java:290)
	at org.junit.platform.engine.support.hierarchical.ThrowableCollector.execute(ThrowableCollector.java:73)
	at org.junit.jupiter.engine.descriptor.ClassBasedTestDescriptor.instantiateAndPostProcessTestInstance(ClassBasedTestDescriptor.java:289)
	at org.junit.jupiter.engine.descriptor.ClassBasedTestDescriptor.lambda$testInstancesProvider$4(ClassBasedTestDescriptor.java:279)
	at java.base/java.util.Optional.orElseGet(Optional.java:364)
	at org.junit.jupiter.engine.descriptor.ClassBasedTestDescriptor.lambda$testInstancesProvider$5(ClassBasedTestDescriptor.java:278)
	at org.junit.jupiter.engine.execution.TestInstancesProvider.getTestInstances(TestInstancesProvider.java:31)
	at org.junit.jupiter.engine.descriptor.TestMethodTestDescriptor.lambda$prepare$0(TestMethodTestDescriptor.java:106)
	at org.junit.platform.engine.support.hierarchical.ThrowableCollector.execute(ThrowableCollector.java:73)
	at org.junit.jupiter.engine.descriptor.TestMethodTestDescriptor.prepare(TestMethodTestDescriptor.java:105)
	at org.junit.jupiter.engine.descriptor.TestMethodTestDescriptor.prepare(TestMethodTestDescriptor.java:69)
	at org.junit.platform.engine.support.hierarchical.NodeTestTask.lambda$prepare$2(NodeTestTask.java:128)
	at org.junit.platform.engine.support.hierarchical.ThrowableCollector.execute(ThrowableCollector.java:73)
	at org.junit.platform.engine.support.hierarchical.NodeTestTask.prepare(NodeTestTask.java:128)
	at org.junit.platform.engine.support.hierarchical.NodeTestTask.execute(NodeTestTask.java:95)
	at java.base/java.util.ArrayList.forEach(ArrayList.java:1597)
	at org.junit.platform.engine.support.hierarchical.SameThreadHierarchicalTestExecutorService.invokeAll(SameThreadHierarchicalTestExecutorService.java:41)
	at org.junit.platform.engine.support.hierarchical.NodeTestTask.lambda$executeRecursively$6(NodeTestTask.java:160)
	at org.junit.platform.engine.support.hierarchical.ThrowableCollector.execute(ThrowableCollector.java:73)
	at org.junit.platform.engine.support.hierarchical.NodeTestTask.lambda$executeRecursively$8(NodeTestTask.java:146)
	at org.junit.platform.engine.support.hierarchical.Node.around(Node.java:137)
	at org.junit.platform.engine.support.hierarchical.NodeTestTask.lambda$executeRecursively$9(NodeTestTask.java:144)
	at org.junit.platform.engine.support.hierarchical.ThrowableCollector.execute(ThrowableCollector.java:73)
	at org.junit.platform.engine.support.hierarchical.NodeTestTask.executeRecursively(NodeTestTask.java:143)
	at org.junit.platform.engine.support.hierarchical.NodeTestTask.execute(NodeTestTask.java:100)
	at java.base/java.util.ArrayList.forEach(ArrayList.java:1597)
	at org.junit.platform.engine.support.hierarchical.SameThreadHierarchicalTestExecutorService.invokeAll(SameThreadHierarchicalTestExecutorService.java:41)
	at org.junit.platform.engine.support.hierarchical.NodeTestTask.lambda$executeRecursively$6(NodeTestTask.java:160)
	at org.junit.platform.engine.support.hierarchical.ThrowableCollector.execute(ThrowableCollector.java:73)
	at org.junit.platform.engine.support.hierarchical.NodeTestTask.lambda$executeRecursively$8(NodeTestTask.java:146)
	at org.junit.platform.engine.support.hierarchical.Node.around(Node.java:137)
	at org.junit.platform.engine.support.hierarchical.NodeTestTask.lambda$executeRecursively$9(NodeTestTask.java:144)
	at org.junit.platform.engine.support.hierarchical.ThrowableCollector.execute(ThrowableCollector.java:73)
	at org.junit.platform.engine.support.hierarchical.NodeTestTask.executeRecursively(NodeTestTask.java:143)
	at org.junit.platform.engine.support.hierarchical.NodeTestTask.execute(NodeTestTask.java:100)
	at org.junit.platform.engine.support.hierarchical.SameThreadHierarchicalTestExecutorService.submit(SameThreadHierarchicalTestExecutorService.java:35)
	at org.junit.platform.engine.support.hierarchical.HierarchicalTestExecutor.execute(HierarchicalTestExecutor.java:57)
	at org.junit.platform.engine.support.hierarchical.HierarchicalTestEngine.execute(HierarchicalTestEngine.java:54)
	at org.junit.platform.launcher.core.EngineExecutionOrchestrator.execute(EngineExecutionOrchestrator.java:198)
	at org.junit.platform.launcher.core.EngineExecutionOrchestrator.execute(EngineExecutionOrchestrator.java:169)
	at org.junit.platform.launcher.core.EngineExecutionOrchestrator.execute(EngineExecutionOrchestrator.java:93)
	at org.junit.platform.launcher.core.EngineExecutionOrchestrator.lambda$execute$0(EngineExecutionOrchestrator.java:58)
	at org.junit.platform.launcher.core.EngineExecutionOrchestrator.withInterceptedStreams(EngineExecutionOrchestrator.java:141)
	at org.junit.platform.launcher.core.EngineExecutionOrchestrator.execute(EngineExecutionOrchestrator.java:57)
	at org.junit.platform.launcher.core.DefaultLauncher.execute(DefaultLauncher.java:103)
	at org.junit.platform.launcher.core.DefaultLauncher.execute(DefaultLauncher.java:85)
	at org.junit.platform.launcher.core.DelegatingLauncher.execute(DelegatingLauncher.java:47)
	at org.apache.maven.surefire.junitplatform.LazyLauncher.execute(LazyLauncher.java:56)
	at org.apache.maven.surefire.junitplatform.JUnitPlatformProvider.execute(JUnitPlatformProvider.java:184)
	at org.apache.maven.surefire.junitplatform.JUnitPlatformProvider.invokeAllTests(JUnitPlatformProvider.java:148)
	at org.apache.maven.surefire.junitplatform.JUnitPlatformProvider.invoke(JUnitPlatformProvider.java:122)
	at org.apache.maven.surefire.booter.ForkedBooter.runSuitesInProcess(ForkedBooter.java:385)
	at org.apache.maven.surefire.booter.ForkedBooter.execute(ForkedBooter.java:162)
	at org.apache.maven.surefire.booter.ForkedBooter.run(ForkedBooter.java:507)
	at org.apache.maven.surefire.booter.ForkedBooter.main(ForkedBooter.java:495)
Caused by: org.springframework.beans.factory.BeanCreationException: Error creating bean with name 'entityManagerFactory' defined in class path resource [org/springframework/boot/autoconfigure/orm/jpa/HibernateJpaConfiguration.class]: Failed to initialize dependency 'liquibase' of LoadTimeWeaverAware bean 'entityManagerFactory': Error creating bean with name 'liquibase' defined in class path resource [org/springframework/boot/autoconfigure/liquibase/LiquibaseAutoConfiguration$LiquibaseConfiguration.class]: liquibase.exception.DatabaseException: org.postgresql.util.PSQLException: Ошибка при попытке подсоединения.
	at org.springframework.beans.factory.support.AbstractBeanFactory.doGetBean(AbstractBeanFactory.java:326)
	at org.springframework.beans.factory.support.AbstractBeanFactory.getBean(AbstractBeanFactory.java:205)
	at org.springframework.context.support.AbstractApplicationContext.finishBeanFactoryInitialization(AbstractApplicationContext.java:954)
	at org.springframework.context.support.AbstractApplicationContext.refresh(AbstractApplicationContext.java:625)
	at org.springframework.boot.SpringApplication.refresh(SpringApplication.java:754)
	at org.springframework.boot.SpringApplication.refreshContext(SpringApplication.java:456)
	at org.springframework.boot.SpringApplication.run(SpringApplication.java:335)
	at org.springframework.boot.test.context.SpringBootContextLoader.lambda$loadContext$3(SpringBootContextLoader.java:137)
	at org.springframework.util.function.ThrowingSupplier.get(ThrowingSupplier.java:58)
	at org.springframework.util.function.ThrowingSupplier.get(ThrowingSupplier.java:46)
	at org.springframework.boot.SpringApplication.withHook(SpringApplication.java:1463)
	at org.springframework.boot.test.context.SpringBootContextLoader$ContextLoaderHook.run(SpringBootContextLoader.java:553)
	at org.springframework.boot.test.context.SpringBootContextLoader.loadContext(SpringBootContextLoader.java:137)
	at org.springframework.boot.test.context.SpringBootContextLoader.loadContext(SpringBootContextLoader.java:108)
	at org.springframework.test.context.cache.DefaultCacheAwareContextLoaderDelegate.loadContextInternal(DefaultCacheAwareContextLoaderDelegate.java:225)
	at org.springframework.test.context.cache.DefaultCacheAwareContextLoaderDelegate.loadContext(DefaultCacheAwareContextLoaderDelegate.java:152)
	... 73 common frames omitted
Caused by: org.springframework.beans.factory.BeanCreationException: Error creating bean with name 'liquibase' defined in class path resource [org/springframework/boot/autoconfigure/liquibase/LiquibaseAutoConfiguration$LiquibaseConfiguration.class]: liquibase.exception.DatabaseException: org.postgresql.util.PSQLException: Ошибка при попытке подсоединения.
	at org.springframework.beans.factory.support.AbstractAutowireCapableBeanFactory.initializeBean(AbstractAutowireCapableBeanFactory.java:1806)
	at org.springframework.beans.factory.support.AbstractAutowireCapableBeanFactory.doCreateBean(AbstractAutowireCapableBeanFactory.java:600)
	at org.springframework.beans.factory.support.AbstractAutowireCapableBeanFactory.createBean(AbstractAutowireCapableBeanFactory.java:522)
	at org.springframework.beans.factory.support.AbstractBeanFactory.lambda$doGetBean$0(AbstractBeanFactory.java:337)
	at org.springframework.beans.factory.support.DefaultSingletonBeanRegistry.getSingleton(DefaultSingletonBeanRegistry.java:234)
	at org.springframework.beans.factory.support.AbstractBeanFactory.doGetBean(AbstractBeanFactory.java:335)
	at org.springframework.beans.factory.support.AbstractBeanFactory.getBean(AbstractBeanFactory.java:200)
	at org.springframework.beans.factory.support.AbstractBeanFactory.doGetBean(AbstractBeanFactory.java:313)
	... 88 common frames omitted
Caused by: liquibase.exception.UnexpectedLiquibaseException: liquibase.exception.DatabaseException: org.postgresql.util.PSQLException: Ошибка при попытке подсоединения.
	at liquibase.integration.spring.SpringLiquibase.afterPropertiesSet(SpringLiquibase.java:259)
	at org.springframework.beans.factory.support.AbstractAutowireCapableBeanFactory.invokeInitMethods(AbstractAutowireCapableBeanFactory.java:1853)
	at org.springframework.beans.factory.support.AbstractAutowireCapableBeanFactory.initializeBean(AbstractAutowireCapableBeanFactory.java:1802)
	... 95 common frames omitted
Caused by: liquibase.exception.DatabaseException: org.postgresql.util.PSQLException: Ошибка при попытке подсоединения.
	at liquibase.integration.spring.SpringLiquibase.lambda$afterPropertiesSet$0(SpringLiquibase.java:251)
	at liquibase.Scope.lambda$child$0(Scope.java:190)
	at liquibase.Scope.child(Scope.java:199)
	at liquibase.Scope.child(Scope.java:189)
	at liquibase.Scope.child(Scope.java:168)
	at liquibase.Scope.child(Scope.java:256)
	at liquibase.integration.spring.SpringLiquibase.afterPropertiesSet(SpringLiquibase.java:242)
	... 97 common frames omitted
Caused by: org.postgresql.util.PSQLException: Ошибка при попытке подсоединения.
	at org.postgresql.core.v3.ConnectionFactoryImpl.openConnectionImpl(ConnectionFactoryImpl.java:364)
	at org.postgresql.core.ConnectionFactory.openConnection(ConnectionFactory.java:54)
	at org.postgresql.jdbc.PgConnection.<init>(PgConnection.java:273)
	at org.postgresql.Driver.makeConnection(Driver.java:446)
	at org.postgresql.Driver.connect(Driver.java:298)
	at com.zaxxer.hikari.util.DriverDataSource.getConnection(DriverDataSource.java:137)
	at com.zaxxer.hikari.pool.PoolBase.newConnection(PoolBase.java:360)
	at com.zaxxer.hikari.pool.PoolBase.newPoolEntry(PoolBase.java:202)
	at com.zaxxer.hikari.pool.HikariPool.createPoolEntry(HikariPool.java:461)
	at com.zaxxer.hikari.pool.HikariPool.checkFailFast(HikariPool.java:550)
	at com.zaxxer.hikari.pool.HikariPool.<init>(HikariPool.java:98)
	at com.zaxxer.hikari.HikariDataSource.getConnection(HikariDataSource.java:111)
	at liquibase.integration.spring.SpringLiquibase.lambda$afterPropertiesSet$0(SpringLiquibase.java:246)
	... 103 common frames omitted
Caused by: java.net.UnknownHostException: postgres-db
	at java.base/sun.nio.ch.NioSocketImpl.connect(NioSocketImpl.java:567)
	at java.base/java.net.SocksSocketImpl.connect(SocksSocketImpl.java:327)
	at java.base/java.net.Socket.connect(Socket.java:752)
	at org.postgresql.core.PGStream.createSocket(PGStream.java:260)
	at org.postgresql.core.PGStream.<init>(PGStream.java:121)
	at org.postgresql.core.v3.ConnectionFactoryImpl.tryConnect(ConnectionFactoryImpl.java:140)
	at org.postgresql.core.v3.ConnectionFactoryImpl.openConnectionImpl(ConnectionFactoryImpl.java:268)
	... 115 common frames omitted
2025-03-03 17:48:02 [main] INFO  tc.postgres:15 - Creating container for image: postgres:15
2025-03-03 17:48:02 [main] INFO  tc.postgres:15 - Container postgres:15 is starting: de97cf01213313c93ab75b7ed2df73cd8c7ead42f986501e408f9ea73aa91395
2025-03-03 17:48:05 [main] INFO  tc.postgres:15 - Container postgres:15 started in PT2.7315811S
2025-03-03 17:48:05 [main] INFO  tc.postgres:15 - Container is started (JDBC URL: jdbc:postgresql://localhost:65370/task_tracker?loggerLevel=OFF)
2025-03-03 17:48:05 [main] INFO  o.s.t.c.s.AnnotationConfigContextLoaderUtils - Could not detect default configuration classes for test class [com.track.task.user.UserServiceImplTest]: UserServiceImplTest does not declare any static, non-private, non-final, nested classes annotated with @Configuration.
2025-03-03 17:48:05 [main] INFO  o.s.b.t.c.SpringBootTestContextBootstrapper - Found @SpringBootConfiguration com.track.task.TaskTrackerApplication for test class com.track.task.user.UserServiceImplTest
2025-03-03 17:48:05 [main] INFO  tc.postgres:15 - Creating container for image: postgres:15
2025-03-03 17:48:05 [main] INFO  tc.postgres:15 - Container postgres:15 is starting: 1823519d9594f7061c63d78742175679a7ef9e12d6a77ba216766a4bbd237ee9
2025-03-03 17:48:07 [main] INFO  tc.postgres:15 - Container postgres:15 started in PT1.981429S
2025-03-03 17:48:07 [main] INFO  tc.postgres:15 - Container is started (JDBC URL: jdbc:postgresql://localhost:65375/task_tracker?loggerLevel=OFF)
2025-03-03 17:48:07 [main] INFO  o.s.t.c.s.AnnotationConfigContextLoaderUtils - Could not detect default configuration classes for test class [com.track.task.UserServiceImplTest]: UserServiceImplTest does not declare any static, non-private, non-final, nested classes annotated with @Configuration.
2025-03-03 17:48:07 [main] INFO  o.s.b.t.c.SpringBootTestContextBootstrapper - Found @SpringBootConfiguration com.track.task.TaskTrackerApplication for test class com.track.task.UserServiceImplTest
2025-03-03 17:48:08 [SpringApplicationShutdownHook] INFO  o.s.o.j.LocalContainerEntityManagerFactoryBean - Closing JPA EntityManagerFactory for persistence unit 'default'
2025-03-03 17:48:08 [SpringApplicationShutdownHook] INFO  com.zaxxer.hikari.HikariDataSource - HikariPool-1 - Shutdown initiated...
2025-03-03 17:48:08 [SpringApplicationShutdownHook] INFO  com.zaxxer.hikari.HikariDataSource - HikariPool-1 - Shutdown completed.
2025-03-03 17:52:22 [background-preinit] INFO  o.h.validator.internal.util.Version - HV000001: Hibernate Validator 8.0.1.Final
2025-03-03 17:52:22 [main] INFO  c.t.t.status.StatusServiceImplTest - Starting StatusServiceImplTest using Java 22.0.2 with PID 8612 (started by Admin in C:\Users\Admin\Desktop\task)
2025-03-03 17:52:22 [main] INFO  c.t.t.status.StatusServiceImplTest - No active profile set, falling back to 1 default profile: "default"
2025-03-03 17:52:24 [main] INFO  o.s.d.r.c.RepositoryConfigurationDelegate - Bootstrapping Spring Data JPA repositories in DEFAULT mode.
2025-03-03 17:52:24 [main] INFO  o.s.d.r.c.RepositoryConfigurationDelegate - Finished Spring Data repository scanning in 104 ms. Found 5 JPA repository interfaces.
2025-03-03 17:52:25 [main] INFO  com.zaxxer.hikari.HikariDataSource - HikariPool-1 - Starting...
2025-03-03 17:52:29 [main] WARN  o.s.w.c.s.GenericWebApplicationContext - Exception encountered during context initialization - cancelling refresh attempt: org.springframework.beans.factory.BeanCreationException: Error creating bean with name 'entityManagerFactory' defined in class path resource [org/springframework/boot/autoconfigure/orm/jpa/HibernateJpaConfiguration.class]: Failed to initialize dependency 'liquibase' of LoadTimeWeaverAware bean 'entityManagerFactory': Error creating bean with name 'liquibase' defined in class path resource [org/springframework/boot/autoconfigure/liquibase/LiquibaseAutoConfiguration$LiquibaseConfiguration.class]: liquibase.exception.DatabaseException: org.postgresql.util.PSQLException: Ошибка при попытке подсоединения.
2025-03-03 17:52:29 [main] INFO  o.s.b.a.l.ConditionEvaluationReportLogger - 

Error starting ApplicationContext. To display the condition evaluation report re-run your application with 'debug' enabled.
2025-03-03 17:52:29 [main] ERROR o.s.boot.SpringApplication - Application run failed
org.springframework.beans.factory.BeanCreationException: Error creating bean with name 'entityManagerFactory' defined in class path resource [org/springframework/boot/autoconfigure/orm/jpa/HibernateJpaConfiguration.class]: Failed to initialize dependency 'liquibase' of LoadTimeWeaverAware bean 'entityManagerFactory': Error creating bean with name 'liquibase' defined in class path resource [org/springframework/boot/autoconfigure/liquibase/LiquibaseAutoConfiguration$LiquibaseConfiguration.class]: liquibase.exception.DatabaseException: org.postgresql.util.PSQLException: Ошибка при попытке подсоединения.
	at org.springframework.beans.factory.support.AbstractBeanFactory.doGetBean(AbstractBeanFactory.java:326)
	at org.springframework.beans.factory.support.AbstractBeanFactory.getBean(AbstractBeanFactory.java:205)
	at org.springframework.context.support.AbstractApplicationContext.finishBeanFactoryInitialization(AbstractApplicationContext.java:954)
	at org.springframework.context.support.AbstractApplicationContext.refresh(AbstractApplicationContext.java:625)
	at org.springframework.boot.SpringApplication.refresh(SpringApplication.java:754)
	at org.springframework.boot.SpringApplication.refreshContext(SpringApplication.java:456)
	at org.springframework.boot.SpringApplication.run(SpringApplication.java:335)
	at org.springframework.boot.test.context.SpringBootContextLoader.lambda$loadContext$3(SpringBootContextLoader.java:137)
	at org.springframework.util.function.ThrowingSupplier.get(ThrowingSupplier.java:58)
	at org.springframework.util.function.ThrowingSupplier.get(ThrowingSupplier.java:46)
	at org.springframework.boot.SpringApplication.withHook(SpringApplication.java:1463)
	at org.springframework.boot.test.context.SpringBootContextLoader$ContextLoaderHook.run(SpringBootContextLoader.java:553)
	at org.springframework.boot.test.context.SpringBootContextLoader.loadContext(SpringBootContextLoader.java:137)
	at org.springframework.boot.test.context.SpringBootContextLoader.loadContext(SpringBootContextLoader.java:108)
	at org.springframework.test.context.cache.DefaultCacheAwareContextLoaderDelegate.loadContextInternal(DefaultCacheAwareContextLoaderDelegate.java:225)
	at org.springframework.test.context.cache.DefaultCacheAwareContextLoaderDelegate.loadContext(DefaultCacheAwareContextLoaderDelegate.java:152)
	at org.springframework.test.context.support.DefaultTestContext.getApplicationContext(DefaultTestContext.java:130)
	at org.springframework.test.context.web.ServletTestExecutionListener.setUpRequestContextIfNecessary(ServletTestExecutionListener.java:191)
	at org.springframework.test.context.web.ServletTestExecutionListener.prepareTestInstance(ServletTestExecutionListener.java:130)
	at org.springframework.test.context.TestContextManager.prepareTestInstance(TestContextManager.java:260)
	at org.springframework.test.context.junit.jupiter.SpringExtension.postProcessTestInstance(SpringExtension.java:163)
	at org.junit.jupiter.engine.descriptor.ClassBasedTestDescriptor.lambda$invokeTestInstancePostProcessors$10(ClassBasedTestDescriptor.java:378)
	at org.junit.jupiter.engine.descriptor.ClassBasedTestDescriptor.executeAndMaskThrowable(ClassBasedTestDescriptor.java:383)
	at org.junit.jupiter.engine.descriptor.ClassBasedTestDescriptor.lambda$invokeTestInstancePostProcessors$11(ClassBasedTestDescriptor.java:378)
	at java.base/java.util.stream.ReferencePipeline$3$1.accept(ReferencePipeline.java:212)
	at java.base/java.util.stream.ReferencePipeline$2$1.accept(ReferencePipeline.java:194)
	at java.base/java.util.ArrayList$ArrayListSpliterator.forEachRemaining(ArrayList.java:1709)
	at java.base/java.util.stream.AbstractPipeline.copyInto(AbstractPipeline.java:556)
	at java.base/java.util.stream.AbstractPipeline.wrapAndCopyInto(AbstractPipeline.java:546)
	at java.base/java.util.stream.StreamSpliterators$WrappingSpliterator.forEachRemaining(StreamSpliterators.java:310)
	at java.base/java.util.stream.Streams$ConcatSpliterator.forEachRemaining(Streams.java:735)
	at java.base/java.util.stream.Streams$ConcatSpliterator.forEachRemaining(Streams.java:734)
	at java.base/java.util.stream.ReferencePipeline$Head.forEach(ReferencePipeline.java:782)
	at org.junit.jupiter.engine.descriptor.ClassBasedTestDescriptor.invokeTestInstancePostProcessors(ClassBasedTestDescriptor.java:377)
	at org.junit.jupiter.engine.descriptor.ClassBasedTestDescriptor.lambda$instantiateAndPostProcessTestInstance$6(ClassBasedTestDescriptor.java:290)
	at org.junit.platform.engine.support.hierarchical.ThrowableCollector.execute(ThrowableCollector.java:73)
	at org.junit.jupiter.engine.descriptor.ClassBasedTestDescriptor.instantiateAndPostProcessTestInstance(ClassBasedTestDescriptor.java:289)
	at org.junit.jupiter.engine.descriptor.ClassBasedTestDescriptor.lambda$testInstancesProvider$4(ClassBasedTestDescriptor.java:279)
	at java.base/java.util.Optional.orElseGet(Optional.java:364)
	at org.junit.jupiter.engine.descriptor.ClassBasedTestDescriptor.lambda$testInstancesProvider$5(ClassBasedTestDescriptor.java:278)
	at org.junit.jupiter.engine.execution.TestInstancesProvider.getTestInstances(TestInstancesProvider.java:31)
	at org.junit.jupiter.engine.descriptor.TestMethodTestDescriptor.lambda$prepare$0(TestMethodTestDescriptor.java:106)
	at org.junit.platform.engine.support.hierarchical.ThrowableCollector.execute(ThrowableCollector.java:73)
	at org.junit.jupiter.engine.descriptor.TestMethodTestDescriptor.prepare(TestMethodTestDescriptor.java:105)
	at org.junit.jupiter.engine.descriptor.TestMethodTestDescriptor.prepare(TestMethodTestDescriptor.java:69)
	at org.junit.platform.engine.support.hierarchical.NodeTestTask.lambda$prepare$2(NodeTestTask.java:128)
	at org.junit.platform.engine.support.hierarchical.ThrowableCollector.execute(ThrowableCollector.java:73)
	at org.junit.platform.engine.support.hierarchical.NodeTestTask.prepare(NodeTestTask.java:128)
	at org.junit.platform.engine.support.hierarchical.NodeTestTask.execute(NodeTestTask.java:95)
	at java.base/java.util.ArrayList.forEach(ArrayList.java:1597)
	at org.junit.platform.engine.support.hierarchical.SameThreadHierarchicalTestExecutorService.invokeAll(SameThreadHierarchicalTestExecutorService.java:41)
	at org.junit.platform.engine.support.hierarchical.NodeTestTask.lambda$executeRecursively$6(NodeTestTask.java:160)
	at org.junit.platform.engine.support.hierarchical.ThrowableCollector.execute(ThrowableCollector.java:73)
	at org.junit.platform.engine.support.hierarchical.NodeTestTask.lambda$executeRecursively$8(NodeTestTask.java:146)
	at org.junit.platform.engine.support.hierarchical.Node.around(Node.java:137)
	at org.junit.platform.engine.support.hierarchical.NodeTestTask.lambda$executeRecursively$9(NodeTestTask.java:144)
	at org.junit.platform.engine.support.hierarchical.ThrowableCollector.execute(ThrowableCollector.java:73)
	at org.junit.platform.engine.support.hierarchical.NodeTestTask.executeRecursively(NodeTestTask.java:143)
	at org.junit.platform.engine.support.hierarchical.NodeTestTask.execute(NodeTestTask.java:100)
	at java.base/java.util.ArrayList.forEach(ArrayList.java:1597)
	at org.junit.platform.engine.support.hierarchical.SameThreadHierarchicalTestExecutorService.invokeAll(SameThreadHierarchicalTestExecutorService.java:41)
	at org.junit.platform.engine.support.hierarchical.NodeTestTask.lambda$executeRecursively$6(NodeTestTask.java:160)
	at org.junit.platform.engine.support.hierarchical.ThrowableCollector.execute(ThrowableCollector.java:73)
	at org.junit.platform.engine.support.hierarchical.NodeTestTask.lambda$executeRecursively$8(NodeTestTask.java:146)
	at org.junit.platform.engine.support.hierarchical.Node.around(Node.java:137)
	at org.junit.platform.engine.support.hierarchical.NodeTestTask.lambda$executeRecursively$9(NodeTestTask.java:144)
	at org.junit.platform.engine.support.hierarchical.ThrowableCollector.execute(ThrowableCollector.java:73)
	at org.junit.platform.engine.support.hierarchical.NodeTestTask.executeRecursively(NodeTestTask.java:143)
	at org.junit.platform.engine.support.hierarchical.NodeTestTask.execute(NodeTestTask.java:100)
	at org.junit.platform.engine.support.hierarchical.SameThreadHierarchicalTestExecutorService.submit(SameThreadHierarchicalTestExecutorService.java:35)
	at org.junit.platform.engine.support.hierarchical.HierarchicalTestExecutor.execute(HierarchicalTestExecutor.java:57)
	at org.junit.platform.engine.support.hierarchical.HierarchicalTestEngine.execute(HierarchicalTestEngine.java:54)
	at org.junit.platform.launcher.core.EngineExecutionOrchestrator.execute(EngineExecutionOrchestrator.java:198)
	at org.junit.platform.launcher.core.EngineExecutionOrchestrator.execute(EngineExecutionOrchestrator.java:169)
	at org.junit.platform.launcher.core.EngineExecutionOrchestrator.execute(EngineExecutionOrchestrator.java:93)
	at org.junit.platform.launcher.core.EngineExecutionOrchestrator.lambda$execute$0(EngineExecutionOrchestrator.java:58)
	at org.junit.platform.launcher.core.EngineExecutionOrchestrator.withInterceptedStreams(EngineExecutionOrchestrator.java:141)
	at org.junit.platform.launcher.core.EngineExecutionOrchestrator.execute(EngineExecutionOrchestrator.java:57)
	at org.junit.platform.launcher.core.DefaultLauncher.execute(DefaultLauncher.java:103)
	at org.junit.platform.launcher.core.DefaultLauncher.execute(DefaultLauncher.java:85)
	at org.junit.platform.launcher.core.DelegatingLauncher.execute(DelegatingLauncher.java:47)
	at org.junit.platform.launcher.core.SessionPerRequestLauncher.execute(SessionPerRequestLauncher.java:63)
	at com.intellij.junit5.JUnit5IdeaTestRunner.startRunnerWithArgs(JUnit5IdeaTestRunner.java:57)
	at com.intellij.rt.junit.IdeaTestRunner$Repeater$1.execute(IdeaTestRunner.java:38)
	at com.intellij.rt.execution.junit.TestsRepeater.repeat(TestsRepeater.java:11)
	at com.intellij.rt.junit.IdeaTestRunner$Repeater.startRunnerWithArgs(IdeaTestRunner.java:35)
	at com.intellij.rt.junit.JUnitStarter.prepareStreamsAndStart(JUnitStarter.java:232)
	at com.intellij.rt.junit.JUnitStarter.main(JUnitStarter.java:55)
Caused by: org.springframework.beans.factory.BeanCreationException: Error creating bean with name 'liquibase' defined in class path resource [org/springframework/boot/autoconfigure/liquibase/LiquibaseAutoConfiguration$LiquibaseConfiguration.class]: liquibase.exception.DatabaseException: org.postgresql.util.PSQLException: Ошибка при попытке подсоединения.
	at org.springframework.beans.factory.support.AbstractAutowireCapableBeanFactory.initializeBean(AbstractAutowireCapableBeanFactory.java:1806)
	at org.springframework.beans.factory.support.AbstractAutowireCapableBeanFactory.doCreateBean(AbstractAutowireCapableBeanFactory.java:600)
	at org.springframework.beans.factory.support.AbstractAutowireCapableBeanFactory.createBean(AbstractAutowireCapableBeanFactory.java:522)
	at org.springframework.beans.factory.support.AbstractBeanFactory.lambda$doGetBean$0(AbstractBeanFactory.java:337)
	at org.springframework.beans.factory.support.DefaultSingletonBeanRegistry.getSingleton(DefaultSingletonBeanRegistry.java:234)
	at org.springframework.beans.factory.support.AbstractBeanFactory.doGetBean(AbstractBeanFactory.java:335)
	at org.springframework.beans.factory.support.AbstractBeanFactory.getBean(AbstractBeanFactory.java:200)
	at org.springframework.beans.factory.support.AbstractBeanFactory.doGetBean(AbstractBeanFactory.java:313)
	... 87 common frames omitted
Caused by: liquibase.exception.UnexpectedLiquibaseException: liquibase.exception.DatabaseException: org.postgresql.util.PSQLException: Ошибка при попытке подсоединения.
	at liquibase.integration.spring.SpringLiquibase.afterPropertiesSet(SpringLiquibase.java:259)
	at org.springframework.beans.factory.support.AbstractAutowireCapableBeanFactory.invokeInitMethods(AbstractAutowireCapableBeanFactory.java:1853)
	at org.springframework.beans.factory.support.AbstractAutowireCapableBeanFactory.initializeBean(AbstractAutowireCapableBeanFactory.java:1802)
	... 94 common frames omitted
Caused by: liquibase.exception.DatabaseException: org.postgresql.util.PSQLException: Ошибка при попытке подсоединения.
	at liquibase.integration.spring.SpringLiquibase.lambda$afterPropertiesSet$0(SpringLiquibase.java:251)
	at liquibase.Scope.lambda$child$0(Scope.java:190)
	at liquibase.Scope.child(Scope.java:199)
	at liquibase.Scope.child(Scope.java:189)
	at liquibase.Scope.child(Scope.java:168)
	at liquibase.Scope.child(Scope.java:256)
	at liquibase.integration.spring.SpringLiquibase.afterPropertiesSet(SpringLiquibase.java:242)
	... 96 common frames omitted
Caused by: org.postgresql.util.PSQLException: Ошибка при попытке подсоединения.
	at org.postgresql.core.v3.ConnectionFactoryImpl.openConnectionImpl(ConnectionFactoryImpl.java:364)
	at org.postgresql.core.ConnectionFactory.openConnection(ConnectionFactory.java:54)
	at org.postgresql.jdbc.PgConnection.<init>(PgConnection.java:273)
	at org.postgresql.Driver.makeConnection(Driver.java:446)
	at org.postgresql.Driver.connect(Driver.java:298)
	at com.zaxxer.hikari.util.DriverDataSource.getConnection(DriverDataSource.java:137)
	at com.zaxxer.hikari.pool.PoolBase.newConnection(PoolBase.java:360)
	at com.zaxxer.hikari.pool.PoolBase.newPoolEntry(PoolBase.java:202)
	at com.zaxxer.hikari.pool.HikariPool.createPoolEntry(HikariPool.java:461)
	at com.zaxxer.hikari.pool.HikariPool.checkFailFast(HikariPool.java:550)
	at com.zaxxer.hikari.pool.HikariPool.<init>(HikariPool.java:98)
	at com.zaxxer.hikari.HikariDataSource.getConnection(HikariDataSource.java:111)
	at liquibase.integration.spring.SpringLiquibase.lambda$afterPropertiesSet$0(SpringLiquibase.java:246)
	... 102 common frames omitted
Caused by: java.net.UnknownHostException: postgres-db
	at java.base/sun.nio.ch.NioSocketImpl.connect(NioSocketImpl.java:567)
	at java.base/java.net.SocksSocketImpl.connect(SocksSocketImpl.java:327)
	at java.base/java.net.Socket.connect(Socket.java:752)
	at org.postgresql.core.PGStream.createSocket(PGStream.java:260)
	at org.postgresql.core.PGStream.<init>(PGStream.java:121)
	at org.postgresql.core.v3.ConnectionFactoryImpl.tryConnect(ConnectionFactoryImpl.java:140)
	at org.postgresql.core.v3.ConnectionFactoryImpl.openConnectionImpl(ConnectionFactoryImpl.java:268)
	... 114 common frames omitted
2025-03-03 17:52:29 [main] WARN  o.s.test.context.TestContextManager - Caught exception while allowing TestExecutionListener [org.springframework.test.context.web.ServletTestExecutionListener] to prepare test instance [com.track.task.status.StatusServiceImplTest@33f2eb04]
java.lang.IllegalStateException: Failed to load ApplicationContext for [WebMergedContextConfiguration@3265995e testClass = com.track.task.status.StatusServiceImplTest, locations = [], classes = [com.track.task.TaskTrackerApplication], contextInitializerClasses = [], activeProfiles = [], propertySourceDescriptors = [], propertySourceProperties = ["org.springframework.boot.test.context.SpringBootTestContextBootstrapper=true"], contextCustomizers = [org.springframework.boot.test.context.filter.ExcludeFilterContextCustomizer@23202fce, org.springframework.boot.test.json.DuplicateJsonObjectContextCustomizerFactory$DuplicateJsonObjectContextCustomizer@7f284218, org.springframework.boot.test.mock.mockito.MockitoContextCustomizer@0, org.springframework.boot.test.web.client.TestRestTemplateContextCustomizer@5456afaa, org.springframework.boot.test.web.reactor.netty.DisableReactorResourceFactoryGlobalResourcesContextCustomizerFactory$DisableReactorResourceFactoryGlobalResourcesContextCustomizerCustomizer@7f8a9499, org.springframework.boot.test.autoconfigure.OnFailureConditionReportContextCustomizerFactory$OnFailureConditionReportContextCustomizer@2fba3fc4, org.springframework.boot.test.autoconfigure.actuate.observability.ObservabilityContextCustomizerFactory$DisableObservabilityContextCustomizer@1f, org.springframework.boot.test.autoconfigure.properties.PropertyMappingContextCustomizer@0, org.springframework.boot.test.autoconfigure.web.servlet.WebDriverContextCustomizer@1e4d3ce5, org.springframework.boot.test.context.SpringBootTestAnnotation@bceb00d5], resourceBasePath = "src/main/webapp", contextLoader = org.springframework.boot.test.context.SpringBootContextLoader, parent = null]
	at org.springframework.test.context.cache.DefaultCacheAwareContextLoaderDelegate.loadContext(DefaultCacheAwareContextLoaderDelegate.java:180)
	at org.springframework.test.context.support.DefaultTestContext.getApplicationContext(DefaultTestContext.java:130)
	at org.springframework.test.context.web.ServletTestExecutionListener.setUpRequestContextIfNecessary(ServletTestExecutionListener.java:191)
	at org.springframework.test.context.web.ServletTestExecutionListener.prepareTestInstance(ServletTestExecutionListener.java:130)
	at org.springframework.test.context.TestContextManager.prepareTestInstance(TestContextManager.java:260)
	at org.springframework.test.context.junit.jupiter.SpringExtension.postProcessTestInstance(SpringExtension.java:163)
	at org.junit.jupiter.engine.descriptor.ClassBasedTestDescriptor.lambda$invokeTestInstancePostProcessors$10(ClassBasedTestDescriptor.java:378)
	at org.junit.jupiter.engine.descriptor.ClassBasedTestDescriptor.executeAndMaskThrowable(ClassBasedTestDescriptor.java:383)
	at org.junit.jupiter.engine.descriptor.ClassBasedTestDescriptor.lambda$invokeTestInstancePostProcessors$11(ClassBasedTestDescriptor.java:378)
	at java.base/java.util.stream.ReferencePipeline$3$1.accept(ReferencePipeline.java:212)
	at java.base/java.util.stream.ReferencePipeline$2$1.accept(ReferencePipeline.java:194)
	at java.base/java.util.ArrayList$ArrayListSpliterator.forEachRemaining(ArrayList.java:1709)
	at java.base/java.util.stream.AbstractPipeline.copyInto(AbstractPipeline.java:556)
	at java.base/java.util.stream.AbstractPipeline.wrapAndCopyInto(AbstractPipeline.java:546)
	at java.base/java.util.stream.StreamSpliterators$WrappingSpliterator.forEachRemaining(StreamSpliterators.java:310)
	at java.base/java.util.stream.Streams$ConcatSpliterator.forEachRemaining(Streams.java:735)
	at java.base/java.util.stream.Streams$ConcatSpliterator.forEachRemaining(Streams.java:734)
	at java.base/java.util.stream.ReferencePipeline$Head.forEach(ReferencePipeline.java:782)
	at org.junit.jupiter.engine.descriptor.ClassBasedTestDescriptor.invokeTestInstancePostProcessors(ClassBasedTestDescriptor.java:377)
	at org.junit.jupiter.engine.descriptor.ClassBasedTestDescriptor.lambda$instantiateAndPostProcessTestInstance$6(ClassBasedTestDescriptor.java:290)
	at org.junit.platform.engine.support.hierarchical.ThrowableCollector.execute(ThrowableCollector.java:73)
	at org.junit.jupiter.engine.descriptor.ClassBasedTestDescriptor.instantiateAndPostProcessTestInstance(ClassBasedTestDescriptor.java:289)
	at org.junit.jupiter.engine.descriptor.ClassBasedTestDescriptor.lambda$testInstancesProvider$4(ClassBasedTestDescriptor.java:279)
	at java.base/java.util.Optional.orElseGet(Optional.java:364)
	at org.junit.jupiter.engine.descriptor.ClassBasedTestDescriptor.lambda$testInstancesProvider$5(ClassBasedTestDescriptor.java:278)
	at org.junit.jupiter.engine.execution.TestInstancesProvider.getTestInstances(TestInstancesProvider.java:31)
	at org.junit.jupiter.engine.descriptor.TestMethodTestDescriptor.lambda$prepare$0(TestMethodTestDescriptor.java:106)
	at org.junit.platform.engine.support.hierarchical.ThrowableCollector.execute(ThrowableCollector.java:73)
	at org.junit.jupiter.engine.descriptor.TestMethodTestDescriptor.prepare(TestMethodTestDescriptor.java:105)
	at org.junit.jupiter.engine.descriptor.TestMethodTestDescriptor.prepare(TestMethodTestDescriptor.java:69)
	at org.junit.platform.engine.support.hierarchical.NodeTestTask.lambda$prepare$2(NodeTestTask.java:128)
	at org.junit.platform.engine.support.hierarchical.ThrowableCollector.execute(ThrowableCollector.java:73)
	at org.junit.platform.engine.support.hierarchical.NodeTestTask.prepare(NodeTestTask.java:128)
	at org.junit.platform.engine.support.hierarchical.NodeTestTask.execute(NodeTestTask.java:95)
	at java.base/java.util.ArrayList.forEach(ArrayList.java:1597)
	at org.junit.platform.engine.support.hierarchical.SameThreadHierarchicalTestExecutorService.invokeAll(SameThreadHierarchicalTestExecutorService.java:41)
	at org.junit.platform.engine.support.hierarchical.NodeTestTask.lambda$executeRecursively$6(NodeTestTask.java:160)
	at org.junit.platform.engine.support.hierarchical.ThrowableCollector.execute(ThrowableCollector.java:73)
	at org.junit.platform.engine.support.hierarchical.NodeTestTask.lambda$executeRecursively$8(NodeTestTask.java:146)
	at org.junit.platform.engine.support.hierarchical.Node.around(Node.java:137)
	at org.junit.platform.engine.support.hierarchical.NodeTestTask.lambda$executeRecursively$9(NodeTestTask.java:144)
	at org.junit.platform.engine.support.hierarchical.ThrowableCollector.execute(ThrowableCollector.java:73)
	at org.junit.platform.engine.support.hierarchical.NodeTestTask.executeRecursively(NodeTestTask.java:143)
	at org.junit.platform.engine.support.hierarchical.NodeTestTask.execute(NodeTestTask.java:100)
	at java.base/java.util.ArrayList.forEach(ArrayList.java:1597)
	at org.junit.platform.engine.support.hierarchical.SameThreadHierarchicalTestExecutorService.invokeAll(SameThreadHierarchicalTestExecutorService.java:41)
	at org.junit.platform.engine.support.hierarchical.NodeTestTask.lambda$executeRecursively$6(NodeTestTask.java:160)
	at org.junit.platform.engine.support.hierarchical.ThrowableCollector.execute(ThrowableCollector.java:73)
	at org.junit.platform.engine.support.hierarchical.NodeTestTask.lambda$executeRecursively$8(NodeTestTask.java:146)
	at org.junit.platform.engine.support.hierarchical.Node.around(Node.java:137)
	at org.junit.platform.engine.support.hierarchical.NodeTestTask.lambda$executeRecursively$9(NodeTestTask.java:144)
	at org.junit.platform.engine.support.hierarchical.ThrowableCollector.execute(ThrowableCollector.java:73)
	at org.junit.platform.engine.support.hierarchical.NodeTestTask.executeRecursively(NodeTestTask.java:143)
	at org.junit.platform.engine.support.hierarchical.NodeTestTask.execute(NodeTestTask.java:100)
	at org.junit.platform.engine.support.hierarchical.SameThreadHierarchicalTestExecutorService.submit(SameThreadHierarchicalTestExecutorService.java:35)
	at org.junit.platform.engine.support.hierarchical.HierarchicalTestExecutor.execute(HierarchicalTestExecutor.java:57)
	at org.junit.platform.engine.support.hierarchical.HierarchicalTestEngine.execute(HierarchicalTestEngine.java:54)
	at org.junit.platform.launcher.core.EngineExecutionOrchestrator.execute(EngineExecutionOrchestrator.java:198)
	at org.junit.platform.launcher.core.EngineExecutionOrchestrator.execute(EngineExecutionOrchestrator.java:169)
	at org.junit.platform.launcher.core.EngineExecutionOrchestrator.execute(EngineExecutionOrchestrator.java:93)
	at org.junit.platform.launcher.core.EngineExecutionOrchestrator.lambda$execute$0(EngineExecutionOrchestrator.java:58)
	at org.junit.platform.launcher.core.EngineExecutionOrchestrator.withInterceptedStreams(EngineExecutionOrchestrator.java:141)
	at org.junit.platform.launcher.core.EngineExecutionOrchestrator.execute(EngineExecutionOrchestrator.java:57)
	at org.junit.platform.launcher.core.DefaultLauncher.execute(DefaultLauncher.java:103)
	at org.junit.platform.launcher.core.DefaultLauncher.execute(DefaultLauncher.java:85)
	at org.junit.platform.launcher.core.DelegatingLauncher.execute(DelegatingLauncher.java:47)
	at org.junit.platform.launcher.core.SessionPerRequestLauncher.execute(SessionPerRequestLauncher.java:63)
	at com.intellij.junit5.JUnit5IdeaTestRunner.startRunnerWithArgs(JUnit5IdeaTestRunner.java:57)
	at com.intellij.rt.junit.IdeaTestRunner$Repeater$1.execute(IdeaTestRunner.java:38)
	at com.intellij.rt.execution.junit.TestsRepeater.repeat(TestsRepeater.java:11)
	at com.intellij.rt.junit.IdeaTestRunner$Repeater.startRunnerWithArgs(IdeaTestRunner.java:35)
	at com.intellij.rt.junit.JUnitStarter.prepareStreamsAndStart(JUnitStarter.java:232)
	at com.intellij.rt.junit.JUnitStarter.main(JUnitStarter.java:55)
Caused by: org.springframework.beans.factory.BeanCreationException: Error creating bean with name 'entityManagerFactory' defined in class path resource [org/springframework/boot/autoconfigure/orm/jpa/HibernateJpaConfiguration.class]: Failed to initialize dependency 'liquibase' of LoadTimeWeaverAware bean 'entityManagerFactory': Error creating bean with name 'liquibase' defined in class path resource [org/springframework/boot/autoconfigure/liquibase/LiquibaseAutoConfiguration$LiquibaseConfiguration.class]: liquibase.exception.DatabaseException: org.postgresql.util.PSQLException: Ошибка при попытке подсоединения.
	at org.springframework.beans.factory.support.AbstractBeanFactory.doGetBean(AbstractBeanFactory.java:326)
	at org.springframework.beans.factory.support.AbstractBeanFactory.getBean(AbstractBeanFactory.java:205)
	at org.springframework.context.support.AbstractApplicationContext.finishBeanFactoryInitialization(AbstractApplicationContext.java:954)
	at org.springframework.context.support.AbstractApplicationContext.refresh(AbstractApplicationContext.java:625)
	at org.springframework.boot.SpringApplication.refresh(SpringApplication.java:754)
	at org.springframework.boot.SpringApplication.refreshContext(SpringApplication.java:456)
	at org.springframework.boot.SpringApplication.run(SpringApplication.java:335)
	at org.springframework.boot.test.context.SpringBootContextLoader.lambda$loadContext$3(SpringBootContextLoader.java:137)
	at org.springframework.util.function.ThrowingSupplier.get(ThrowingSupplier.java:58)
	at org.springframework.util.function.ThrowingSupplier.get(ThrowingSupplier.java:46)
	at org.springframework.boot.SpringApplication.withHook(SpringApplication.java:1463)
	at org.springframework.boot.test.context.SpringBootContextLoader$ContextLoaderHook.run(SpringBootContextLoader.java:553)
	at org.springframework.boot.test.context.SpringBootContextLoader.loadContext(SpringBootContextLoader.java:137)
	at org.springframework.boot.test.context.SpringBootContextLoader.loadContext(SpringBootContextLoader.java:108)
	at org.springframework.test.context.cache.DefaultCacheAwareContextLoaderDelegate.loadContextInternal(DefaultCacheAwareContextLoaderDelegate.java:225)
	at org.springframework.test.context.cache.DefaultCacheAwareContextLoaderDelegate.loadContext(DefaultCacheAwareContextLoaderDelegate.java:152)
	... 72 common frames omitted
Caused by: org.springframework.beans.factory.BeanCreationException: Error creating bean with name 'liquibase' defined in class path resource [org/springframework/boot/autoconfigure/liquibase/LiquibaseAutoConfiguration$LiquibaseConfiguration.class]: liquibase.exception.DatabaseException: org.postgresql.util.PSQLException: Ошибка при попытке подсоединения.
	at org.springframework.beans.factory.support.AbstractAutowireCapableBeanFactory.initializeBean(AbstractAutowireCapableBeanFactory.java:1806)
	at org.springframework.beans.factory.support.AbstractAutowireCapableBeanFactory.doCreateBean(AbstractAutowireCapableBeanFactory.java:600)
	at org.springframework.beans.factory.support.AbstractAutowireCapableBeanFactory.createBean(AbstractAutowireCapableBeanFactory.java:522)
	at org.springframework.beans.factory.support.AbstractBeanFactory.lambda$doGetBean$0(AbstractBeanFactory.java:337)
	at org.springframework.beans.factory.support.DefaultSingletonBeanRegistry.getSingleton(DefaultSingletonBeanRegistry.java:234)
	at org.springframework.beans.factory.support.AbstractBeanFactory.doGetBean(AbstractBeanFactory.java:335)
	at org.springframework.beans.factory.support.AbstractBeanFactory.getBean(AbstractBeanFactory.java:200)
	at org.springframework.beans.factory.support.AbstractBeanFactory.doGetBean(AbstractBeanFactory.java:313)
	... 87 common frames omitted
Caused by: liquibase.exception.UnexpectedLiquibaseException: liquibase.exception.DatabaseException: org.postgresql.util.PSQLException: Ошибка при попытке подсоединения.
	at liquibase.integration.spring.SpringLiquibase.afterPropertiesSet(SpringLiquibase.java:259)
	at org.springframework.beans.factory.support.AbstractAutowireCapableBeanFactory.invokeInitMethods(AbstractAutowireCapableBeanFactory.java:1853)
	at org.springframework.beans.factory.support.AbstractAutowireCapableBeanFactory.initializeBean(AbstractAutowireCapableBeanFactory.java:1802)
	... 94 common frames omitted
Caused by: liquibase.exception.DatabaseException: org.postgresql.util.PSQLException: Ошибка при попытке подсоединения.
	at liquibase.integration.spring.SpringLiquibase.lambda$afterPropertiesSet$0(SpringLiquibase.java:251)
	at liquibase.Scope.lambda$child$0(Scope.java:190)
	at liquibase.Scope.child(Scope.java:199)
	at liquibase.Scope.child(Scope.java:189)
	at liquibase.Scope.child(Scope.java:168)
	at liquibase.Scope.child(Scope.java:256)
	at liquibase.integration.spring.SpringLiquibase.afterPropertiesSet(SpringLiquibase.java:242)
	... 96 common frames omitted
Caused by: org.postgresql.util.PSQLException: Ошибка при попытке подсоединения.
	at org.postgresql.core.v3.ConnectionFactoryImpl.openConnectionImpl(ConnectionFactoryImpl.java:364)
	at org.postgresql.core.ConnectionFactory.openConnection(ConnectionFactory.java:54)
	at org.postgresql.jdbc.PgConnection.<init>(PgConnection.java:273)
	at org.postgresql.Driver.makeConnection(Driver.java:446)
	at org.postgresql.Driver.connect(Driver.java:298)
	at com.zaxxer.hikari.util.DriverDataSource.getConnection(DriverDataSource.java:137)
	at com.zaxxer.hikari.pool.PoolBase.newConnection(PoolBase.java:360)
	at com.zaxxer.hikari.pool.PoolBase.newPoolEntry(PoolBase.java:202)
	at com.zaxxer.hikari.pool.HikariPool.createPoolEntry(HikariPool.java:461)
	at com.zaxxer.hikari.pool.HikariPool.checkFailFast(HikariPool.java:550)
	at com.zaxxer.hikari.pool.HikariPool.<init>(HikariPool.java:98)
	at com.zaxxer.hikari.HikariDataSource.getConnection(HikariDataSource.java:111)
	at liquibase.integration.spring.SpringLiquibase.lambda$afterPropertiesSet$0(SpringLiquibase.java:246)
	... 102 common frames omitted
Caused by: java.net.UnknownHostException: postgres-db
	at java.base/sun.nio.ch.NioSocketImpl.connect(NioSocketImpl.java:567)
	at java.base/java.net.SocksSocketImpl.connect(SocksSocketImpl.java:327)
	at java.base/java.net.Socket.connect(Socket.java:752)
	at org.postgresql.core.PGStream.createSocket(PGStream.java:260)
	at org.postgresql.core.PGStream.<init>(PGStream.java:121)
	at org.postgresql.core.v3.ConnectionFactoryImpl.tryConnect(ConnectionFactoryImpl.java:140)
	at org.postgresql.core.v3.ConnectionFactoryImpl.openConnectionImpl(ConnectionFactoryImpl.java:268)
	... 114 common frames omitted
2025-03-03 17:52:29 [main] WARN  o.s.test.context.TestContextManager - Caught exception while allowing TestExecutionListener [org.springframework.test.context.web.ServletTestExecutionListener] to prepare test instance [com.track.task.status.StatusServiceImplTest@6de5ad56]
java.lang.IllegalStateException: ApplicationContext failure threshold (1) exceeded: skipping repeated attempt to load context for [WebMergedContextConfiguration@3265995e testClass = com.track.task.status.StatusServiceImplTest, locations = [], classes = [com.track.task.TaskTrackerApplication], contextInitializerClasses = [], activeProfiles = [], propertySourceDescriptors = [], propertySourceProperties = ["org.springframework.boot.test.context.SpringBootTestContextBootstrapper=true"], contextCustomizers = [org.springframework.boot.test.context.filter.ExcludeFilterContextCustomizer@23202fce, org.springframework.boot.test.json.DuplicateJsonObjectContextCustomizerFactory$DuplicateJsonObjectContextCustomizer@7f284218, org.springframework.boot.test.mock.mockito.MockitoContextCustomizer@0, org.springframework.boot.test.web.client.TestRestTemplateContextCustomizer@5456afaa, org.springframework.boot.test.web.reactor.netty.DisableReactorResourceFactoryGlobalResourcesContextCustomizerFactory$DisableReactorResourceFactoryGlobalResourcesContextCustomizerCustomizer@7f8a9499, org.springframework.boot.test.autoconfigure.OnFailureConditionReportContextCustomizerFactory$OnFailureConditionReportContextCustomizer@2fba3fc4, org.springframework.boot.test.autoconfigure.actuate.observability.ObservabilityContextCustomizerFactory$DisableObservabilityContextCustomizer@1f, org.springframework.boot.test.autoconfigure.properties.PropertyMappingContextCustomizer@0, org.springframework.boot.test.autoconfigure.web.servlet.WebDriverContextCustomizer@1e4d3ce5, org.springframework.boot.test.context.SpringBootTestAnnotation@bceb00d5], resourceBasePath = "src/main/webapp", contextLoader = org.springframework.boot.test.context.SpringBootContextLoader, parent = null]
	at org.springframework.test.context.cache.DefaultCacheAwareContextLoaderDelegate.loadContext(DefaultCacheAwareContextLoaderDelegate.java:145)
	at org.springframework.test.context.support.DefaultTestContext.getApplicationContext(DefaultTestContext.java:130)
	at org.springframework.test.context.web.ServletTestExecutionListener.setUpRequestContextIfNecessary(ServletTestExecutionListener.java:191)
	at org.springframework.test.context.web.ServletTestExecutionListener.prepareTestInstance(ServletTestExecutionListener.java:130)
	at org.springframework.test.context.TestContextManager.prepareTestInstance(TestContextManager.java:260)
	at org.springframework.test.context.junit.jupiter.SpringExtension.postProcessTestInstance(SpringExtension.java:163)
	at org.junit.jupiter.engine.descriptor.ClassBasedTestDescriptor.lambda$invokeTestInstancePostProcessors$10(ClassBasedTestDescriptor.java:378)
	at org.junit.jupiter.engine.descriptor.ClassBasedTestDescriptor.executeAndMaskThrowable(ClassBasedTestDescriptor.java:383)
	at org.junit.jupiter.engine.descriptor.ClassBasedTestDescriptor.lambda$invokeTestInstancePostProcessors$11(ClassBasedTestDescriptor.java:378)
	at java.base/java.util.stream.ReferencePipeline$3$1.accept(ReferencePipeline.java:212)
	at java.base/java.util.stream.ReferencePipeline$2$1.accept(ReferencePipeline.java:194)
	at java.base/java.util.ArrayList$ArrayListSpliterator.forEachRemaining(ArrayList.java:1709)
	at java.base/java.util.stream.AbstractPipeline.copyInto(AbstractPipeline.java:556)
	at java.base/java.util.stream.AbstractPipeline.wrapAndCopyInto(AbstractPipeline.java:546)
	at java.base/java.util.stream.StreamSpliterators$WrappingSpliterator.forEachRemaining(StreamSpliterators.java:310)
	at java.base/java.util.stream.Streams$ConcatSpliterator.forEachRemaining(Streams.java:735)
	at java.base/java.util.stream.Streams$ConcatSpliterator.forEachRemaining(Streams.java:734)
	at java.base/java.util.stream.ReferencePipeline$Head.forEach(ReferencePipeline.java:782)
	at org.junit.jupiter.engine.descriptor.ClassBasedTestDescriptor.invokeTestInstancePostProcessors(ClassBasedTestDescriptor.java:377)
	at org.junit.jupiter.engine.descriptor.ClassBasedTestDescriptor.lambda$instantiateAndPostProcessTestInstance$6(ClassBasedTestDescriptor.java:290)
	at org.junit.platform.engine.support.hierarchical.ThrowableCollector.execute(ThrowableCollector.java:73)
	at org.junit.jupiter.engine.descriptor.ClassBasedTestDescriptor.instantiateAndPostProcessTestInstance(ClassBasedTestDescriptor.java:289)
	at org.junit.jupiter.engine.descriptor.ClassBasedTestDescriptor.lambda$testInstancesProvider$4(ClassBasedTestDescriptor.java:279)
	at java.base/java.util.Optional.orElseGet(Optional.java:364)
	at org.junit.jupiter.engine.descriptor.ClassBasedTestDescriptor.lambda$testInstancesProvider$5(ClassBasedTestDescriptor.java:278)
	at org.junit.jupiter.engine.execution.TestInstancesProvider.getTestInstances(TestInstancesProvider.java:31)
	at org.junit.jupiter.engine.descriptor.TestMethodTestDescriptor.lambda$prepare$0(TestMethodTestDescriptor.java:106)
	at org.junit.platform.engine.support.hierarchical.ThrowableCollector.execute(ThrowableCollector.java:73)
	at org.junit.jupiter.engine.descriptor.TestMethodTestDescriptor.prepare(TestMethodTestDescriptor.java:105)
	at org.junit.jupiter.engine.descriptor.TestMethodTestDescriptor.prepare(TestMethodTestDescriptor.java:69)
	at org.junit.platform.engine.support.hierarchical.NodeTestTask.lambda$prepare$2(NodeTestTask.java:128)
	at org.junit.platform.engine.support.hierarchical.ThrowableCollector.execute(ThrowableCollector.java:73)
	at org.junit.platform.engine.support.hierarchical.NodeTestTask.prepare(NodeTestTask.java:128)
	at org.junit.platform.engine.support.hierarchical.NodeTestTask.execute(NodeTestTask.java:95)
	at java.base/java.util.ArrayList.forEach(ArrayList.java:1597)
	at org.junit.platform.engine.support.hierarchical.SameThreadHierarchicalTestExecutorService.invokeAll(SameThreadHierarchicalTestExecutorService.java:41)
	at org.junit.platform.engine.support.hierarchical.NodeTestTask.lambda$executeRecursively$6(NodeTestTask.java:160)
	at org.junit.platform.engine.support.hierarchical.ThrowableCollector.execute(ThrowableCollector.java:73)
	at org.junit.platform.engine.support.hierarchical.NodeTestTask.lambda$executeRecursively$8(NodeTestTask.java:146)
	at org.junit.platform.engine.support.hierarchical.Node.around(Node.java:137)
	at org.junit.platform.engine.support.hierarchical.NodeTestTask.lambda$executeRecursively$9(NodeTestTask.java:144)
	at org.junit.platform.engine.support.hierarchical.ThrowableCollector.execute(ThrowableCollector.java:73)
	at org.junit.platform.engine.support.hierarchical.NodeTestTask.executeRecursively(NodeTestTask.java:143)
	at org.junit.platform.engine.support.hierarchical.NodeTestTask.execute(NodeTestTask.java:100)
	at java.base/java.util.ArrayList.forEach(ArrayList.java:1597)
	at org.junit.platform.engine.support.hierarchical.SameThreadHierarchicalTestExecutorService.invokeAll(SameThreadHierarchicalTestExecutorService.java:41)
	at org.junit.platform.engine.support.hierarchical.NodeTestTask.lambda$executeRecursively$6(NodeTestTask.java:160)
	at org.junit.platform.engine.support.hierarchical.ThrowableCollector.execute(ThrowableCollector.java:73)
	at org.junit.platform.engine.support.hierarchical.NodeTestTask.lambda$executeRecursively$8(NodeTestTask.java:146)
	at org.junit.platform.engine.support.hierarchical.Node.around(Node.java:137)
	at org.junit.platform.engine.support.hierarchical.NodeTestTask.lambda$executeRecursively$9(NodeTestTask.java:144)
	at org.junit.platform.engine.support.hierarchical.ThrowableCollector.execute(ThrowableCollector.java:73)
	at org.junit.platform.engine.support.hierarchical.NodeTestTask.executeRecursively(NodeTestTask.java:143)
	at org.junit.platform.engine.support.hierarchical.NodeTestTask.execute(NodeTestTask.java:100)
	at org.junit.platform.engine.support.hierarchical.SameThreadHierarchicalTestExecutorService.submit(SameThreadHierarchicalTestExecutorService.java:35)
	at org.junit.platform.engine.support.hierarchical.HierarchicalTestExecutor.execute(HierarchicalTestExecutor.java:57)
	at org.junit.platform.engine.support.hierarchical.HierarchicalTestEngine.execute(HierarchicalTestEngine.java:54)
	at org.junit.platform.launcher.core.EngineExecutionOrchestrator.execute(EngineExecutionOrchestrator.java:198)
	at org.junit.platform.launcher.core.EngineExecutionOrchestrator.execute(EngineExecutionOrchestrator.java:169)
	at org.junit.platform.launcher.core.EngineExecutionOrchestrator.execute(EngineExecutionOrchestrator.java:93)
	at org.junit.platform.launcher.core.EngineExecutionOrchestrator.lambda$execute$0(EngineExecutionOrchestrator.java:58)
	at org.junit.platform.launcher.core.EngineExecutionOrchestrator.withInterceptedStreams(EngineExecutionOrchestrator.java:141)
	at org.junit.platform.launcher.core.EngineExecutionOrchestrator.execute(EngineExecutionOrchestrator.java:57)
	at org.junit.platform.launcher.core.DefaultLauncher.execute(DefaultLauncher.java:103)
	at org.junit.platform.launcher.core.DefaultLauncher.execute(DefaultLauncher.java:85)
	at org.junit.platform.launcher.core.DelegatingLauncher.execute(DelegatingLauncher.java:47)
	at org.junit.platform.launcher.core.SessionPerRequestLauncher.execute(SessionPerRequestLauncher.java:63)
	at com.intellij.junit5.JUnit5IdeaTestRunner.startRunnerWithArgs(JUnit5IdeaTestRunner.java:57)
	at com.intellij.rt.junit.IdeaTestRunner$Repeater$1.execute(IdeaTestRunner.java:38)
	at com.intellij.rt.execution.junit.TestsRepeater.repeat(TestsRepeater.java:11)
	at com.intellij.rt.junit.IdeaTestRunner$Repeater.startRunnerWithArgs(IdeaTestRunner.java:35)
	at com.intellij.rt.junit.JUnitStarter.prepareStreamsAndStart(JUnitStarter.java:232)
	at com.intellij.rt.junit.JUnitStarter.main(JUnitStarter.java:55)
2025-03-03 17:52:29 [main] WARN  o.s.test.context.TestContextManager - Caught exception while allowing TestExecutionListener [org.springframework.test.context.web.ServletTestExecutionListener] to prepare test instance [com.track.task.status.StatusServiceImplTest@cfb94fd]
java.lang.IllegalStateException: ApplicationContext failure threshold (1) exceeded: skipping repeated attempt to load context for [WebMergedContextConfiguration@3265995e testClass = com.track.task.status.StatusServiceImplTest, locations = [], classes = [com.track.task.TaskTrackerApplication], contextInitializerClasses = [], activeProfiles = [], propertySourceDescriptors = [], propertySourceProperties = ["org.springframework.boot.test.context.SpringBootTestContextBootstrapper=true"], contextCustomizers = [org.springframework.boot.test.context.filter.ExcludeFilterContextCustomizer@23202fce, org.springframework.boot.test.json.DuplicateJsonObjectContextCustomizerFactory$DuplicateJsonObjectContextCustomizer@7f284218, org.springframework.boot.test.mock.mockito.MockitoContextCustomizer@0, org.springframework.boot.test.web.client.TestRestTemplateContextCustomizer@5456afaa, org.springframework.boot.test.web.reactor.netty.DisableReactorResourceFactoryGlobalResourcesContextCustomizerFactory$DisableReactorResourceFactoryGlobalResourcesContextCustomizerCustomizer@7f8a9499, org.springframework.boot.test.autoconfigure.OnFailureConditionReportContextCustomizerFactory$OnFailureConditionReportContextCustomizer@2fba3fc4, org.springframework.boot.test.autoconfigure.actuate.observability.ObservabilityContextCustomizerFactory$DisableObservabilityContextCustomizer@1f, org.springframework.boot.test.autoconfigure.properties.PropertyMappingContextCustomizer@0, org.springframework.boot.test.autoconfigure.web.servlet.WebDriverContextCustomizer@1e4d3ce5, org.springframework.boot.test.context.SpringBootTestAnnotation@bceb00d5], resourceBasePath = "src/main/webapp", contextLoader = org.springframework.boot.test.context.SpringBootContextLoader, parent = null]
	at org.springframework.test.context.cache.DefaultCacheAwareContextLoaderDelegate.loadContext(DefaultCacheAwareContextLoaderDelegate.java:145)
	at org.springframework.test.context.support.DefaultTestContext.getApplicationContext(DefaultTestContext.java:130)
	at org.springframework.test.context.web.ServletTestExecutionListener.setUpRequestContextIfNecessary(ServletTestExecutionListener.java:191)
	at org.springframework.test.context.web.ServletTestExecutionListener.prepareTestInstance(ServletTestExecutionListener.java:130)
	at org.springframework.test.context.TestContextManager.prepareTestInstance(TestContextManager.java:260)
	at org.springframework.test.context.junit.jupiter.SpringExtension.postProcessTestInstance(SpringExtension.java:163)
	at org.junit.jupiter.engine.descriptor.ClassBasedTestDescriptor.lambda$invokeTestInstancePostProcessors$10(ClassBasedTestDescriptor.java:378)
	at org.junit.jupiter.engine.descriptor.ClassBasedTestDescriptor.executeAndMaskThrowable(ClassBasedTestDescriptor.java:383)
	at org.junit.jupiter.engine.descriptor.ClassBasedTestDescriptor.lambda$invokeTestInstancePostProcessors$11(ClassBasedTestDescriptor.java:378)
	at java.base/java.util.stream.ReferencePipeline$3$1.accept(ReferencePipeline.java:212)
	at java.base/java.util.stream.ReferencePipeline$2$1.accept(ReferencePipeline.java:194)
	at java.base/java.util.ArrayList$ArrayListSpliterator.forEachRemaining(ArrayList.java:1709)
	at java.base/java.util.stream.AbstractPipeline.copyInto(AbstractPipeline.java:556)
	at java.base/java.util.stream.AbstractPipeline.wrapAndCopyInto(AbstractPipeline.java:546)
	at java.base/java.util.stream.StreamSpliterators$WrappingSpliterator.forEachRemaining(StreamSpliterators.java:310)
	at java.base/java.util.stream.Streams$ConcatSpliterator.forEachRemaining(Streams.java:735)
	at java.base/java.util.stream.Streams$ConcatSpliterator.forEachRemaining(Streams.java:734)
	at java.base/java.util.stream.ReferencePipeline$Head.forEach(ReferencePipeline.java:782)
	at org.junit.jupiter.engine.descriptor.ClassBasedTestDescriptor.invokeTestInstancePostProcessors(ClassBasedTestDescriptor.java:377)
	at org.junit.jupiter.engine.descriptor.ClassBasedTestDescriptor.lambda$instantiateAndPostProcessTestInstance$6(ClassBasedTestDescriptor.java:290)
	at org.junit.platform.engine.support.hierarchical.ThrowableCollector.execute(ThrowableCollector.java:73)
	at org.junit.jupiter.engine.descriptor.ClassBasedTestDescriptor.instantiateAndPostProcessTestInstance(ClassBasedTestDescriptor.java:289)
	at org.junit.jupiter.engine.descriptor.ClassBasedTestDescriptor.lambda$testInstancesProvider$4(ClassBasedTestDescriptor.java:279)
	at java.base/java.util.Optional.orElseGet(Optional.java:364)
	at org.junit.jupiter.engine.descriptor.ClassBasedTestDescriptor.lambda$testInstancesProvider$5(ClassBasedTestDescriptor.java:278)
	at org.junit.jupiter.engine.execution.TestInstancesProvider.getTestInstances(TestInstancesProvider.java:31)
	at org.junit.jupiter.engine.descriptor.TestMethodTestDescriptor.lambda$prepare$0(TestMethodTestDescriptor.java:106)
	at org.junit.platform.engine.support.hierarchical.ThrowableCollector.execute(ThrowableCollector.java:73)
	at org.junit.jupiter.engine.descriptor.TestMethodTestDescriptor.prepare(TestMethodTestDescriptor.java:105)
	at org.junit.jupiter.engine.descriptor.TestMethodTestDescriptor.prepare(TestMethodTestDescriptor.java:69)
	at org.junit.platform.engine.support.hierarchical.NodeTestTask.lambda$prepare$2(NodeTestTask.java:128)
	at org.junit.platform.engine.support.hierarchical.ThrowableCollector.execute(ThrowableCollector.java:73)
	at org.junit.platform.engine.support.hierarchical.NodeTestTask.prepare(NodeTestTask.java:128)
	at org.junit.platform.engine.support.hierarchical.NodeTestTask.execute(NodeTestTask.java:95)
	at java.base/java.util.ArrayList.forEach(ArrayList.java:1597)
	at org.junit.platform.engine.support.hierarchical.SameThreadHierarchicalTestExecutorService.invokeAll(SameThreadHierarchicalTestExecutorService.java:41)
	at org.junit.platform.engine.support.hierarchical.NodeTestTask.lambda$executeRecursively$6(NodeTestTask.java:160)
	at org.junit.platform.engine.support.hierarchical.ThrowableCollector.execute(ThrowableCollector.java:73)
	at org.junit.platform.engine.support.hierarchical.NodeTestTask.lambda$executeRecursively$8(NodeTestTask.java:146)
	at org.junit.platform.engine.support.hierarchical.Node.around(Node.java:137)
	at org.junit.platform.engine.support.hierarchical.NodeTestTask.lambda$executeRecursively$9(NodeTestTask.java:144)
	at org.junit.platform.engine.support.hierarchical.ThrowableCollector.execute(ThrowableCollector.java:73)
	at org.junit.platform.engine.support.hierarchical.NodeTestTask.executeRecursively(NodeTestTask.java:143)
	at org.junit.platform.engine.support.hierarchical.NodeTestTask.execute(NodeTestTask.java:100)
	at java.base/java.util.ArrayList.forEach(ArrayList.java:1597)
	at org.junit.platform.engine.support.hierarchical.SameThreadHierarchicalTestExecutorService.invokeAll(SameThreadHierarchicalTestExecutorService.java:41)
	at org.junit.platform.engine.support.hierarchical.NodeTestTask.lambda$executeRecursively$6(NodeTestTask.java:160)
	at org.junit.platform.engine.support.hierarchical.ThrowableCollector.execute(ThrowableCollector.java:73)
	at org.junit.platform.engine.support.hierarchical.NodeTestTask.lambda$executeRecursively$8(NodeTestTask.java:146)
	at org.junit.platform.engine.support.hierarchical.Node.around(Node.java:137)
	at org.junit.platform.engine.support.hierarchical.NodeTestTask.lambda$executeRecursively$9(NodeTestTask.java:144)
	at org.junit.platform.engine.support.hierarchical.ThrowableCollector.execute(ThrowableCollector.java:73)
	at org.junit.platform.engine.support.hierarchical.NodeTestTask.executeRecursively(NodeTestTask.java:143)
	at org.junit.platform.engine.support.hierarchical.NodeTestTask.execute(NodeTestTask.java:100)
	at org.junit.platform.engine.support.hierarchical.SameThreadHierarchicalTestExecutorService.submit(SameThreadHierarchicalTestExecutorService.java:35)
	at org.junit.platform.engine.support.hierarchical.HierarchicalTestExecutor.execute(HierarchicalTestExecutor.java:57)
	at org.junit.platform.engine.support.hierarchical.HierarchicalTestEngine.execute(HierarchicalTestEngine.java:54)
	at org.junit.platform.launcher.core.EngineExecutionOrchestrator.execute(EngineExecutionOrchestrator.java:198)
	at org.junit.platform.launcher.core.EngineExecutionOrchestrator.execute(EngineExecutionOrchestrator.java:169)
	at org.junit.platform.launcher.core.EngineExecutionOrchestrator.execute(EngineExecutionOrchestrator.java:93)
	at org.junit.platform.launcher.core.EngineExecutionOrchestrator.lambda$execute$0(EngineExecutionOrchestrator.java:58)
	at org.junit.platform.launcher.core.EngineExecutionOrchestrator.withInterceptedStreams(EngineExecutionOrchestrator.java:141)
	at org.junit.platform.launcher.core.EngineExecutionOrchestrator.execute(EngineExecutionOrchestrator.java:57)
	at org.junit.platform.launcher.core.DefaultLauncher.execute(DefaultLauncher.java:103)
	at org.junit.platform.launcher.core.DefaultLauncher.execute(DefaultLauncher.java:85)
	at org.junit.platform.launcher.core.DelegatingLauncher.execute(DelegatingLauncher.java:47)
	at org.junit.platform.launcher.core.SessionPerRequestLauncher.execute(SessionPerRequestLauncher.java:63)
	at com.intellij.junit5.JUnit5IdeaTestRunner.startRunnerWithArgs(JUnit5IdeaTestRunner.java:57)
	at com.intellij.rt.junit.IdeaTestRunner$Repeater$1.execute(IdeaTestRunner.java:38)
	at com.intellij.rt.execution.junit.TestsRepeater.repeat(TestsRepeater.java:11)
	at com.intellij.rt.junit.IdeaTestRunner$Repeater.startRunnerWithArgs(IdeaTestRunner.java:35)
	at com.intellij.rt.junit.JUnitStarter.prepareStreamsAndStart(JUnitStarter.java:232)
	at com.intellij.rt.junit.JUnitStarter.main(JUnitStarter.java:55)
2025-03-03 17:52:29 [main] WARN  o.s.test.context.TestContextManager - Caught exception while allowing TestExecutionListener [org.springframework.test.context.web.ServletTestExecutionListener] to prepare test instance [com.track.task.status.StatusServiceImplTest@44a44a04]
java.lang.IllegalStateException: ApplicationContext failure threshold (1) exceeded: skipping repeated attempt to load context for [WebMergedContextConfiguration@3265995e testClass = com.track.task.status.StatusServiceImplTest, locations = [], classes = [com.track.task.TaskTrackerApplication], contextInitializerClasses = [], activeProfiles = [], propertySourceDescriptors = [], propertySourceProperties = ["org.springframework.boot.test.context.SpringBootTestContextBootstrapper=true"], contextCustomizers = [org.springframework.boot.test.context.filter.ExcludeFilterContextCustomizer@23202fce, org.springframework.boot.test.json.DuplicateJsonObjectContextCustomizerFactory$DuplicateJsonObjectContextCustomizer@7f284218, org.springframework.boot.test.mock.mockito.MockitoContextCustomizer@0, org.springframework.boot.test.web.client.TestRestTemplateContextCustomizer@5456afaa, org.springframework.boot.test.web.reactor.netty.DisableReactorResourceFactoryGlobalResourcesContextCustomizerFactory$DisableReactorResourceFactoryGlobalResourcesContextCustomizerCustomizer@7f8a9499, org.springframework.boot.test.autoconfigure.OnFailureConditionReportContextCustomizerFactory$OnFailureConditionReportContextCustomizer@2fba3fc4, org.springframework.boot.test.autoconfigure.actuate.observability.ObservabilityContextCustomizerFactory$DisableObservabilityContextCustomizer@1f, org.springframework.boot.test.autoconfigure.properties.PropertyMappingContextCustomizer@0, org.springframework.boot.test.autoconfigure.web.servlet.WebDriverContextCustomizer@1e4d3ce5, org.springframework.boot.test.context.SpringBootTestAnnotation@bceb00d5], resourceBasePath = "src/main/webapp", contextLoader = org.springframework.boot.test.context.SpringBootContextLoader, parent = null]
	at org.springframework.test.context.cache.DefaultCacheAwareContextLoaderDelegate.loadContext(DefaultCacheAwareContextLoaderDelegate.java:145)
	at org.springframework.test.context.support.DefaultTestContext.getApplicationContext(DefaultTestContext.java:130)
	at org.springframework.test.context.web.ServletTestExecutionListener.setUpRequestContextIfNecessary(ServletTestExecutionListener.java:191)
	at org.springframework.test.context.web.ServletTestExecutionListener.prepareTestInstance(ServletTestExecutionListener.java:130)
	at org.springframework.test.context.TestContextManager.prepareTestInstance(TestContextManager.java:260)
	at org.springframework.test.context.junit.jupiter.SpringExtension.postProcessTestInstance(SpringExtension.java:163)
	at org.junit.jupiter.engine.descriptor.ClassBasedTestDescriptor.lambda$invokeTestInstancePostProcessors$10(ClassBasedTestDescriptor.java:378)
	at org.junit.jupiter.engine.descriptor.ClassBasedTestDescriptor.executeAndMaskThrowable(ClassBasedTestDescriptor.java:383)
	at org.junit.jupiter.engine.descriptor.ClassBasedTestDescriptor.lambda$invokeTestInstancePostProcessors$11(ClassBasedTestDescriptor.java:378)
	at java.base/java.util.stream.ReferencePipeline$3$1.accept(ReferencePipeline.java:212)
	at java.base/java.util.stream.ReferencePipeline$2$1.accept(ReferencePipeline.java:194)
	at java.base/java.util.ArrayList$ArrayListSpliterator.forEachRemaining(ArrayList.java:1709)
	at java.base/java.util.stream.AbstractPipeline.copyInto(AbstractPipeline.java:556)
	at java.base/java.util.stream.AbstractPipeline.wrapAndCopyInto(AbstractPipeline.java:546)
	at java.base/java.util.stream.StreamSpliterators$WrappingSpliterator.forEachRemaining(StreamSpliterators.java:310)
	at java.base/java.util.stream.Streams$ConcatSpliterator.forEachRemaining(Streams.java:735)
	at java.base/java.util.stream.Streams$ConcatSpliterator.forEachRemaining(Streams.java:734)
	at java.base/java.util.stream.ReferencePipeline$Head.forEach(ReferencePipeline.java:782)
	at org.junit.jupiter.engine.descriptor.ClassBasedTestDescriptor.invokeTestInstancePostProcessors(ClassBasedTestDescriptor.java:377)
	at org.junit.jupiter.engine.descriptor.ClassBasedTestDescriptor.lambda$instantiateAndPostProcessTestInstance$6(ClassBasedTestDescriptor.java:290)
	at org.junit.platform.engine.support.hierarchical.ThrowableCollector.execute(ThrowableCollector.java:73)
	at org.junit.jupiter.engine.descriptor.ClassBasedTestDescriptor.instantiateAndPostProcessTestInstance(ClassBasedTestDescriptor.java:289)
	at org.junit.jupiter.engine.descriptor.ClassBasedTestDescriptor.lambda$testInstancesProvider$4(ClassBasedTestDescriptor.java:279)
	at java.base/java.util.Optional.orElseGet(Optional.java:364)
	at org.junit.jupiter.engine.descriptor.ClassBasedTestDescriptor.lambda$testInstancesProvider$5(ClassBasedTestDescriptor.java:278)
	at org.junit.jupiter.engine.execution.TestInstancesProvider.getTestInstances(TestInstancesProvider.java:31)
	at org.junit.jupiter.engine.descriptor.TestMethodTestDescriptor.lambda$prepare$0(TestMethodTestDescriptor.java:106)
	at org.junit.platform.engine.support.hierarchical.ThrowableCollector.execute(ThrowableCollector.java:73)
	at org.junit.jupiter.engine.descriptor.TestMethodTestDescriptor.prepare(TestMethodTestDescriptor.java:105)
	at org.junit.jupiter.engine.descriptor.TestMethodTestDescriptor.prepare(TestMethodTestDescriptor.java:69)
	at org.junit.platform.engine.support.hierarchical.NodeTestTask.lambda$prepare$2(NodeTestTask.java:128)
	at org.junit.platform.engine.support.hierarchical.ThrowableCollector.execute(ThrowableCollector.java:73)
	at org.junit.platform.engine.support.hierarchical.NodeTestTask.prepare(NodeTestTask.java:128)
	at org.junit.platform.engine.support.hierarchical.NodeTestTask.execute(NodeTestTask.java:95)
	at java.base/java.util.ArrayList.forEach(ArrayList.java:1597)
	at org.junit.platform.engine.support.hierarchical.SameThreadHierarchicalTestExecutorService.invokeAll(SameThreadHierarchicalTestExecutorService.java:41)
	at org.junit.platform.engine.support.hierarchical.NodeTestTask.lambda$executeRecursively$6(NodeTestTask.java:160)
	at org.junit.platform.engine.support.hierarchical.ThrowableCollector.execute(ThrowableCollector.java:73)
	at org.junit.platform.engine.support.hierarchical.NodeTestTask.lambda$executeRecursively$8(NodeTestTask.java:146)
	at org.junit.platform.engine.support.hierarchical.Node.around(Node.java:137)
	at org.junit.platform.engine.support.hierarchical.NodeTestTask.lambda$executeRecursively$9(NodeTestTask.java:144)
	at org.junit.platform.engine.support.hierarchical.ThrowableCollector.execute(ThrowableCollector.java:73)
	at org.junit.platform.engine.support.hierarchical.NodeTestTask.executeRecursively(NodeTestTask.java:143)
	at org.junit.platform.engine.support.hierarchical.NodeTestTask.execute(NodeTestTask.java:100)
	at java.base/java.util.ArrayList.forEach(ArrayList.java:1597)
	at org.junit.platform.engine.support.hierarchical.SameThreadHierarchicalTestExecutorService.invokeAll(SameThreadHierarchicalTestExecutorService.java:41)
	at org.junit.platform.engine.support.hierarchical.NodeTestTask.lambda$executeRecursively$6(NodeTestTask.java:160)
	at org.junit.platform.engine.support.hierarchical.ThrowableCollector.execute(ThrowableCollector.java:73)
	at org.junit.platform.engine.support.hierarchical.NodeTestTask.lambda$executeRecursively$8(NodeTestTask.java:146)
	at org.junit.platform.engine.support.hierarchical.Node.around(Node.java:137)
	at org.junit.platform.engine.support.hierarchical.NodeTestTask.lambda$executeRecursively$9(NodeTestTask.java:144)
	at org.junit.platform.engine.support.hierarchical.ThrowableCollector.execute(ThrowableCollector.java:73)
	at org.junit.platform.engine.support.hierarchical.NodeTestTask.executeRecursively(NodeTestTask.java:143)
	at org.junit.platform.engine.support.hierarchical.NodeTestTask.execute(NodeTestTask.java:100)
	at org.junit.platform.engine.support.hierarchical.SameThreadHierarchicalTestExecutorService.submit(SameThreadHierarchicalTestExecutorService.java:35)
	at org.junit.platform.engine.support.hierarchical.HierarchicalTestExecutor.execute(HierarchicalTestExecutor.java:57)
	at org.junit.platform.engine.support.hierarchical.HierarchicalTestEngine.execute(HierarchicalTestEngine.java:54)
	at org.junit.platform.launcher.core.EngineExecutionOrchestrator.execute(EngineExecutionOrchestrator.java:198)
	at org.junit.platform.launcher.core.EngineExecutionOrchestrator.execute(EngineExecutionOrchestrator.java:169)
	at org.junit.platform.launcher.core.EngineExecutionOrchestrator.execute(EngineExecutionOrchestrator.java:93)
	at org.junit.platform.launcher.core.EngineExecutionOrchestrator.lambda$execute$0(EngineExecutionOrchestrator.java:58)
	at org.junit.platform.launcher.core.EngineExecutionOrchestrator.withInterceptedStreams(EngineExecutionOrchestrator.java:141)
	at org.junit.platform.launcher.core.EngineExecutionOrchestrator.execute(EngineExecutionOrchestrator.java:57)
	at org.junit.platform.launcher.core.DefaultLauncher.execute(DefaultLauncher.java:103)
	at org.junit.platform.launcher.core.DefaultLauncher.execute(DefaultLauncher.java:85)
	at org.junit.platform.launcher.core.DelegatingLauncher.execute(DelegatingLauncher.java:47)
	at org.junit.platform.launcher.core.SessionPerRequestLauncher.execute(SessionPerRequestLauncher.java:63)
	at com.intellij.junit5.JUnit5IdeaTestRunner.startRunnerWithArgs(JUnit5IdeaTestRunner.java:57)
	at com.intellij.rt.junit.IdeaTestRunner$Repeater$1.execute(IdeaTestRunner.java:38)
	at com.intellij.rt.execution.junit.TestsRepeater.repeat(TestsRepeater.java:11)
	at com.intellij.rt.junit.IdeaTestRunner$Repeater.startRunnerWithArgs(IdeaTestRunner.java:35)
	at com.intellij.rt.junit.JUnitStarter.prepareStreamsAndStart(JUnitStarter.java:232)
	at com.intellij.rt.junit.JUnitStarter.main(JUnitStarter.java:55)
2025-03-03 18:32:09 [background-preinit] INFO  o.h.validator.internal.util.Version - HV000001: Hibernate Validator 8.0.1.Final
2025-03-03 18:32:09 [main] INFO  com.track.task.task.TaskServiceTest - Starting TaskServiceTest using Java 22.0.2 with PID 17428 (started by Admin in C:\Users\Admin\Desktop\task)
2025-03-03 18:32:09 [main] INFO  com.track.task.task.TaskServiceTest - No active profile set, falling back to 1 default profile: "default"
2025-03-03 18:32:10 [main] INFO  o.s.d.r.c.RepositoryConfigurationDelegate - Bootstrapping Spring Data JPA repositories in DEFAULT mode.
2025-03-03 18:32:10 [main] INFO  o.s.d.r.c.RepositoryConfigurationDelegate - Finished Spring Data repository scanning in 120 ms. Found 5 JPA repository interfaces.
2025-03-03 18:32:12 [main] INFO  com.zaxxer.hikari.HikariDataSource - HikariPool-1 - Starting...
2025-03-03 18:32:12 [main] INFO  com.zaxxer.hikari.pool.HikariPool - HikariPool-1 - Added connection org.postgresql.jdbc.PgConnection@2f64f99f
2025-03-03 18:32:12 [main] INFO  com.zaxxer.hikari.HikariDataSource - HikariPool-1 - Start completed.
2025-03-03 18:32:12 [main] INFO  liquibase.database - Set default schema name to public
2025-03-03 18:32:13 [main] INFO  liquibase.changelog - Creating database history table with name: public.databasechangelog
2025-03-03 18:32:13 [main] INFO  liquibase.changelog - Reading from public.databasechangelog
2025-03-03 18:32:13 [main] INFO  liquibase.lockservice - Successfully acquired change log lock
2025-03-03 18:32:13 [main] INFO  liquibase.command - Using deploymentId: 1015933706
2025-03-03 18:32:13 [main] INFO  liquibase.changelog - Reading from public.databasechangelog
2025-03-03 18:32:13 [main] INFO  liquibase.ui - Running Changeset: db/changelog/01-create-schema.xml::1::xfnet
2025-03-03 18:32:13 [main] WARN  liquibase.executor - schema "private" does not exist, skipping
2025-03-03 18:32:13 [main] INFO  liquibase.changelog - Custom SQL executed
2025-03-03 18:32:13 [main] INFO  liquibase.changelog - Custom SQL executed
2025-03-03 18:32:13 [main] INFO  liquibase.changelog - ChangeSet db/changelog/01-create-schema.xml::1::xfnet ran successfully in 25ms
2025-03-03 18:32:13 [main] INFO  liquibase.ui - Running Changeset: db/changelog/02-create-user-table.xml::2::xfnet
2025-03-03 18:32:13 [main] INFO  liquibase.changelog - Table user created
2025-03-03 18:32:13 [main] INFO  liquibase.changelog - ChangeSet db/changelog/02-create-user-table.xml::2::xfnet ran successfully in 11ms
2025-03-03 18:32:13 [main] INFO  liquibase.ui - Running Changeset: db/changelog/03-create-priority-table.xml::3::xfnet
2025-03-03 18:32:13 [main] INFO  liquibase.changelog - Table priority created
2025-03-03 18:32:13 [main] INFO  liquibase.changelog - ChangeSet db/changelog/03-create-priority-table.xml::3::xfnet ran successfully in 7ms
2025-03-03 18:32:13 [main] INFO  liquibase.ui - Running Changeset: db/changelog/04-create-status-table.xml::4::xfnet
2025-03-03 18:32:13 [main] INFO  liquibase.changelog - Table status created
2025-03-03 18:32:13 [main] INFO  liquibase.changelog - Foreign key constraint added to status (user_id)
2025-03-03 18:32:13 [main] INFO  liquibase.changelog - Unique constraint added to status(title, user_id)
2025-03-03 18:32:13 [main] INFO  liquibase.changelog - ChangeSet db/changelog/04-create-status-table.xml::4::xfnet ran successfully in 22ms
2025-03-03 18:32:13 [main] INFO  liquibase.ui - Running Changeset: db/changelog/05-create-role-table.xml::5::xfnet
2025-03-03 18:32:13 [main] INFO  liquibase.changelog - Table role created
2025-03-03 18:32:13 [main] INFO  liquibase.changelog - ChangeSet db/changelog/05-create-role-table.xml::5::xfnet ran successfully in 8ms
2025-03-03 18:32:13 [main] INFO  liquibase.ui - Running Changeset: db/changelog/06-create-user-roles-table.xml::6::xfnet
2025-03-03 18:32:13 [main] INFO  liquibase.changelog - Table user_roles created
2025-03-03 18:32:13 [main] INFO  liquibase.changelog - Primary key added to user_roles (user_id, role_id)
2025-03-03 18:32:13 [main] INFO  liquibase.changelog - Foreign key constraint added to user_roles (user_id)
2025-03-03 18:32:13 [main] INFO  liquibase.changelog - Foreign key constraint added to user_roles (role_id)
2025-03-03 18:32:13 [main] INFO  liquibase.changelog - ChangeSet db/changelog/06-create-user-roles-table.xml::6::xfnet ran successfully in 22ms
2025-03-03 18:32:13 [main] INFO  liquibase.ui - Running Changeset: db/changelog/07-create-task-table.xml::7::xfnet
2025-03-03 18:32:13 [main] INFO  liquibase.changelog - Table task created
2025-03-03 18:32:13 [main] INFO  liquibase.changelog - Foreign key constraint added to task (priority_id)
2025-03-03 18:32:13 [main] INFO  liquibase.changelog - Foreign key constraint added to task (status_id)
2025-03-03 18:32:13 [main] INFO  liquibase.changelog - Foreign key constraint added to task (user_id)
2025-03-03 18:32:13 [main] INFO  liquibase.changelog - ChangeSet db/changelog/07-create-task-table.xml::7::xfnet ran successfully in 23ms
2025-03-03 18:32:13 [main] INFO  liquibase.ui - Running Changeset: db/changelog/08-create-task-executors-table.xml::8::xfnet
2025-03-03 18:32:13 [main] INFO  liquibase.changelog - Table task_executors created
2025-03-03 18:32:14 [main] INFO  liquibase.changelog - Primary key added to task_executors (task_id, user_id)
2025-03-03 18:32:14 [main] INFO  liquibase.changelog - Foreign key constraint added to task_executors (task_id)
2025-03-03 18:32:14 [main] INFO  liquibase.changelog - Foreign key constraint added to task_executors (user_id)
2025-03-03 18:32:14 [main] INFO  liquibase.changelog - ChangeSet db/changelog/08-create-task-executors-table.xml::8::xfnet ran successfully in 21ms
2025-03-03 18:32:14 [main] INFO  liquibase.ui - Running Changeset: db/changelog/09-create-comment-table.xml::9::xfnet
2025-03-03 18:32:14 [main] INFO  liquibase.changelog - Table comment created
2025-03-03 18:32:14 [main] INFO  liquibase.changelog - Foreign key constraint added to comment (task_id)
2025-03-03 18:32:14 [main] INFO  liquibase.changelog - Foreign key constraint added to comment (user_id)
2025-03-03 18:32:14 [main] INFO  liquibase.changelog - Foreign key constraint added to comment (parent_id)
2025-03-03 18:32:14 [main] INFO  liquibase.changelog - ChangeSet db/changelog/09-create-comment-table.xml::9::xfnet ran successfully in 19ms
2025-03-03 18:32:14 [main] INFO  liquibase.ui - Running Changeset: db/changelog/10-insert-default-data.xml::10::xfnet
2025-03-03 18:32:14 [main] INFO  liquibase.changelog - New row inserted into role
2025-03-03 18:32:14 [main] INFO  liquibase.changelog - New row inserted into role
2025-03-03 18:32:14 [main] INFO  liquibase.changelog - New row inserted into user
2025-03-03 18:32:14 [main] INFO  liquibase.changelog - New row inserted into user
2025-03-03 18:32:14 [main] INFO  liquibase.changelog - New row inserted into user
2025-03-03 18:32:14 [main] INFO  liquibase.changelog - New row inserted into user
2025-03-03 18:32:14 [main] INFO  liquibase.changelog - New row inserted into user
2025-03-03 18:32:14 [main] INFO  liquibase.changelog - New row inserted into user_roles
2025-03-03 18:32:14 [main] INFO  liquibase.changelog - New row inserted into user_roles
2025-03-03 18:32:14 [main] INFO  liquibase.changelog - New row inserted into user_roles
2025-03-03 18:32:14 [main] INFO  liquibase.changelog - New row inserted into user_roles
2025-03-03 18:32:14 [main] INFO  liquibase.changelog - New row inserted into user_roles
2025-03-03 18:32:14 [main] INFO  liquibase.changelog - New row inserted into priority
2025-03-03 18:32:14 [main] INFO  liquibase.changelog - New row inserted into priority
2025-03-03 18:32:14 [main] INFO  liquibase.changelog - New row inserted into priority
2025-03-03 18:32:14 [main] INFO  liquibase.changelog - New row inserted into status
2025-03-03 18:32:14 [main] INFO  liquibase.changelog - New row inserted into status
2025-03-03 18:32:14 [main] INFO  liquibase.changelog - New row inserted into status
2025-03-03 18:32:14 [main] INFO  liquibase.changelog - New row inserted into status
2025-03-03 18:32:14 [main] INFO  liquibase.changelog - New row inserted into status
2025-03-03 18:32:14 [main] INFO  liquibase.changelog - New row inserted into task
2025-03-03 18:32:14 [main] INFO  liquibase.changelog - New row inserted into task
2025-03-03 18:32:14 [main] INFO  liquibase.changelog - New row inserted into task
2025-03-03 18:32:14 [main] INFO  liquibase.changelog - New row inserted into task_executors
2025-03-03 18:32:14 [main] INFO  liquibase.changelog - New row inserted into task_executors
2025-03-03 18:32:14 [main] INFO  liquibase.changelog - New row inserted into task_executors
2025-03-03 18:32:14 [main] INFO  liquibase.changelog - New row inserted into task_executors
2025-03-03 18:32:14 [main] INFO  liquibase.changelog - New row inserted into comment
2025-03-03 18:32:14 [main] INFO  liquibase.changelog - New row inserted into comment
2025-03-03 18:32:14 [main] INFO  liquibase.changelog - New row inserted into comment
2025-03-03 18:32:14 [main] INFO  liquibase.changelog - ChangeSet db/changelog/10-insert-default-data.xml::10::xfnet ran successfully in 71ms
2025-03-03 18:32:14 [main] INFO  liquibase.util - UPDATE SUMMARY
2025-03-03 18:32:14 [main] INFO  liquibase.util - Run:                         10
2025-03-03 18:32:14 [main] INFO  liquibase.util - Previously run:               0
2025-03-03 18:32:14 [main] INFO  liquibase.util - Filtered out:                 0
2025-03-03 18:32:14 [main] INFO  liquibase.util - -------------------------------
2025-03-03 18:32:14 [main] INFO  liquibase.util - Total change sets:           10
2025-03-03 18:32:14 [main] INFO  liquibase.util - Update summary generated
2025-03-03 18:32:14 [main] INFO  liquibase.command - Update command completed successfully.
2025-03-03 18:32:14 [main] INFO  liquibase.ui - Liquibase: Update has been successful. Rows affected: 40
2025-03-03 18:32:14 [main] INFO  liquibase.lockservice - Successfully released change log lock
2025-03-03 18:32:14 [main] INFO  liquibase.command - Command execution complete
2025-03-03 18:32:14 [main] INFO  o.h.jpa.internal.util.LogHelper - HHH000204: Processing PersistenceUnitInfo [name: default]
2025-03-03 18:32:14 [main] INFO  org.hibernate.Version - HHH000412: Hibernate ORM core version 6.5.3.Final
2025-03-03 18:32:14 [main] INFO  o.h.c.i.RegionFactoryInitiator - HHH000026: Second-level cache disabled
2025-03-03 18:32:14 [main] INFO  o.s.o.j.p.SpringPersistenceUnitInfo - No LoadTimeWeaver setup: ignoring JPA class transformer
2025-03-03 18:32:15 [main] INFO  o.h.e.t.j.p.i.JtaPlatformInitiator - HHH000489: No JTA platform available (set 'hibernate.transaction.jta.platform' to enable JTA platform integration)
2025-03-03 18:32:15 [main] INFO  o.s.o.j.LocalContainerEntityManagerFactoryBean - Initialized JPA EntityManagerFactory for persistence unit 'default'
2025-03-03 18:32:16 [main] INFO  o.s.s.c.a.a.c.InitializeAuthenticationProviderBeanManagerConfigurer$InitializeAuthenticationProviderManagerConfigurer - Global AuthenticationManager configured with AuthenticationProvider bean with name authenticationProvider
2025-03-03 18:32:16 [main] WARN  o.s.s.c.a.a.c.InitializeUserDetailsBeanManagerConfigurer$InitializeUserDetailsManagerConfigurer - Global AuthenticationManager configured with an AuthenticationProvider bean. UserDetailsService beans will not be used for username/password login. Consider removing the AuthenticationProvider bean. Alternatively, consider using the UserDetailsService in a manually instantiated DaoAuthenticationProvider.
2025-03-03 18:32:16 [main] INFO  o.s.d.j.r.query.QueryEnhancerFactory - Hibernate is in classpath; If applicable, HQL parser will be used.
2025-03-03 18:32:17 [main] WARN  o.s.b.a.o.j.JpaBaseConfiguration$JpaWebConfiguration - spring.jpa.open-in-view is enabled by default. Therefore, database queries may be performed during view rendering. Explicitly configure spring.jpa.open-in-view to disable this warning
2025-03-03 18:32:19 [main] INFO  com.track.task.task.TaskServiceTest - Started TaskServiceTest in 10.384 seconds (process running for 15.888)
2025-03-03 18:32:19 [main] INFO  c.t.t.s.task.impl.TaskServiceImpl - [Task] Updating status for task ID: 4
2025-03-03 18:32:19 [main] INFO  c.t.t.s.task.impl.TaskServiceImpl - [Task] Getting task ID: 4
2025-03-03 18:32:19 [main] INFO  c.t.t.s.task.impl.TaskServiceImpl - [Task] Successfully updated status for task ID: 4
2025-03-03 18:32:19 [main] INFO  c.t.t.s.task.impl.TaskServiceImpl - [Task] Updating task ID: 5
2025-03-03 18:32:19 [main] INFO  c.t.t.s.task.impl.TaskServiceImpl - [Task] Successfully updated task ID: 5
2025-03-03 18:32:19 [main] INFO  c.t.t.s.task.impl.TaskServiceImpl - [Task] Creating new task. Initiator: test@example.com
2025-03-03 18:32:19 [main] INFO  c.t.t.s.task.impl.TaskServiceImpl - [Task] Successfully created task ID: 6
2025-03-03 18:32:19 [main] INFO  c.t.t.s.task.impl.TaskServiceImpl - [Task] Getting task ID: 7
2025-03-03 18:32:19 [main] INFO  c.t.t.s.task.impl.TaskServiceImpl - [Task] Deleting task ID: 8
2025-03-03 18:32:19 [main] INFO  c.t.t.s.task.impl.TaskServiceImpl - [Task] Successfully deleted task ID: 8
2025-03-03 18:32:19 [main] INFO  c.t.t.s.task.impl.TaskServiceImpl - [Task] Getting task ID: 9
2025-03-03 18:32:19 [main] WARN  c.t.t.s.task.impl.TaskServiceImpl - [Task] Unauthorized access attempt by: another@example.com
2025-03-03 18:32:20 [SpringApplicationShutdownHook] INFO  o.s.o.j.LocalContainerEntityManagerFactoryBean - Closing JPA EntityManagerFactory for persistence unit 'default'
2025-03-03 18:32:20 [SpringApplicationShutdownHook] INFO  com.zaxxer.hikari.HikariDataSource - HikariPool-1 - Shutdown initiated...
2025-03-03 18:32:20 [SpringApplicationShutdownHook] INFO  com.zaxxer.hikari.HikariDataSource - HikariPool-1 - Shutdown completed.
2025-03-03 18:33:06 [background-preinit] INFO  o.h.validator.internal.util.Version - HV000001: Hibernate Validator 8.0.1.Final
2025-03-03 18:33:06 [main] INFO  c.t.task.user.UserServiceImplTest - Starting UserServiceImplTest using Java 22.0.2 with PID 15724 (started by Admin in C:\Users\Admin\Desktop\task)
2025-03-03 18:33:06 [main] INFO  c.t.task.user.UserServiceImplTest - No active profile set, falling back to 1 default profile: "default"
2025-03-03 18:33:08 [main] INFO  o.s.d.r.c.RepositoryConfigurationDelegate - Bootstrapping Spring Data JPA repositories in DEFAULT mode.
2025-03-03 18:33:08 [main] INFO  o.s.d.r.c.RepositoryConfigurationDelegate - Finished Spring Data repository scanning in 122 ms. Found 5 JPA repository interfaces.
2025-03-03 18:33:09 [main] INFO  com.zaxxer.hikari.HikariDataSource - HikariPool-1 - Starting...
2025-03-03 18:33:09 [main] INFO  com.zaxxer.hikari.pool.HikariPool - HikariPool-1 - Added connection org.postgresql.jdbc.PgConnection@56e8a8a0
2025-03-03 18:33:09 [main] INFO  com.zaxxer.hikari.HikariDataSource - HikariPool-1 - Start completed.
2025-03-03 18:33:10 [main] INFO  liquibase.database - Set default schema name to public
2025-03-03 18:33:11 [main] INFO  liquibase.changelog - Creating database history table with name: public.databasechangelog
2025-03-03 18:33:11 [main] INFO  liquibase.changelog - Reading from public.databasechangelog
2025-03-03 18:33:11 [main] INFO  liquibase.lockservice - Successfully acquired change log lock
2025-03-03 18:33:11 [main] INFO  liquibase.command - Using deploymentId: 1015991388
2025-03-03 18:33:11 [main] INFO  liquibase.changelog - Reading from public.databasechangelog
2025-03-03 18:33:11 [main] INFO  liquibase.ui - Running Changeset: db/changelog/01-create-schema.xml::1::xfnet
2025-03-03 18:33:11 [main] WARN  liquibase.executor - schema "private" does not exist, skipping
2025-03-03 18:33:11 [main] INFO  liquibase.changelog - Custom SQL executed
2025-03-03 18:33:11 [main] INFO  liquibase.changelog - Custom SQL executed
2025-03-03 18:33:11 [main] INFO  liquibase.changelog - ChangeSet db/changelog/01-create-schema.xml::1::xfnet ran successfully in 21ms
2025-03-03 18:33:11 [main] INFO  liquibase.ui - Running Changeset: db/changelog/02-create-user-table.xml::2::xfnet
2025-03-03 18:33:11 [main] INFO  liquibase.changelog - Table user created
2025-03-03 18:33:11 [main] INFO  liquibase.changelog - ChangeSet db/changelog/02-create-user-table.xml::2::xfnet ran successfully in 10ms
2025-03-03 18:33:11 [main] INFO  liquibase.ui - Running Changeset: db/changelog/03-create-priority-table.xml::3::xfnet
2025-03-03 18:33:11 [main] INFO  liquibase.changelog - Table priority created
2025-03-03 18:33:11 [main] INFO  liquibase.changelog - ChangeSet db/changelog/03-create-priority-table.xml::3::xfnet ran successfully in 12ms
2025-03-03 18:33:11 [main] INFO  liquibase.ui - Running Changeset: db/changelog/04-create-status-table.xml::4::xfnet
2025-03-03 18:33:11 [main] INFO  liquibase.changelog - Table status created
2025-03-03 18:33:11 [main] INFO  liquibase.changelog - Foreign key constraint added to status (user_id)
2025-03-03 18:33:11 [main] INFO  liquibase.changelog - Unique constraint added to status(title, user_id)
2025-03-03 18:33:11 [main] INFO  liquibase.changelog - ChangeSet db/changelog/04-create-status-table.xml::4::xfnet ran successfully in 17ms
2025-03-03 18:33:11 [main] INFO  liquibase.ui - Running Changeset: db/changelog/05-create-role-table.xml::5::xfnet
2025-03-03 18:33:11 [main] INFO  liquibase.changelog - Table role created
2025-03-03 18:33:11 [main] INFO  liquibase.changelog - ChangeSet db/changelog/05-create-role-table.xml::5::xfnet ran successfully in 10ms
2025-03-03 18:33:11 [main] INFO  liquibase.ui - Running Changeset: db/changelog/06-create-user-roles-table.xml::6::xfnet
2025-03-03 18:33:11 [main] INFO  liquibase.changelog - Table user_roles created
2025-03-03 18:33:11 [main] INFO  liquibase.changelog - Primary key added to user_roles (user_id, role_id)
2025-03-03 18:33:11 [main] INFO  liquibase.changelog - Foreign key constraint added to user_roles (user_id)
2025-03-03 18:33:11 [main] INFO  liquibase.changelog - Foreign key constraint added to user_roles (role_id)
2025-03-03 18:33:11 [main] INFO  liquibase.changelog - ChangeSet db/changelog/06-create-user-roles-table.xml::6::xfnet ran successfully in 25ms
2025-03-03 18:33:11 [main] INFO  liquibase.ui - Running Changeset: db/changelog/07-create-task-table.xml::7::xfnet
2025-03-03 18:33:11 [main] INFO  liquibase.changelog - Table task created
2025-03-03 18:33:11 [main] INFO  liquibase.changelog - Foreign key constraint added to task (priority_id)
2025-03-03 18:33:11 [main] INFO  liquibase.changelog - Foreign key constraint added to task (status_id)
2025-03-03 18:33:11 [main] INFO  liquibase.changelog - Foreign key constraint added to task (user_id)
2025-03-03 18:33:11 [main] INFO  liquibase.changelog - ChangeSet db/changelog/07-create-task-table.xml::7::xfnet ran successfully in 66ms
2025-03-03 18:33:11 [main] INFO  liquibase.ui - Running Changeset: db/changelog/08-create-task-executors-table.xml::8::xfnet
2025-03-03 18:33:11 [main] INFO  liquibase.changelog - Table task_executors created
2025-03-03 18:33:11 [main] INFO  liquibase.changelog - Primary key added to task_executors (task_id, user_id)
2025-03-03 18:33:11 [main] INFO  liquibase.changelog - Foreign key constraint added to task_executors (task_id)
2025-03-03 18:33:11 [main] INFO  liquibase.changelog - Foreign key constraint added to task_executors (user_id)
2025-03-03 18:33:11 [main] INFO  liquibase.changelog - ChangeSet db/changelog/08-create-task-executors-table.xml::8::xfnet ran successfully in 18ms
2025-03-03 18:33:11 [main] INFO  liquibase.ui - Running Changeset: db/changelog/09-create-comment-table.xml::9::xfnet
2025-03-03 18:33:11 [main] INFO  liquibase.changelog - Table comment created
2025-03-03 18:33:11 [main] INFO  liquibase.changelog - Foreign key constraint added to comment (task_id)
2025-03-03 18:33:11 [main] INFO  liquibase.changelog - Foreign key constraint added to comment (user_id)
2025-03-03 18:33:11 [main] INFO  liquibase.changelog - Foreign key constraint added to comment (parent_id)
2025-03-03 18:33:11 [main] INFO  liquibase.changelog - ChangeSet db/changelog/09-create-comment-table.xml::9::xfnet ran successfully in 15ms
2025-03-03 18:33:11 [main] INFO  liquibase.ui - Running Changeset: db/changelog/10-insert-default-data.xml::10::xfnet
2025-03-03 18:33:11 [main] INFO  liquibase.changelog - New row inserted into role
2025-03-03 18:33:11 [main] INFO  liquibase.changelog - New row inserted into role
2025-03-03 18:33:11 [main] INFO  liquibase.changelog - New row inserted into user
2025-03-03 18:33:11 [main] INFO  liquibase.changelog - New row inserted into user
2025-03-03 18:33:11 [main] INFO  liquibase.changelog - New row inserted into user
2025-03-03 18:33:11 [main] INFO  liquibase.changelog - New row inserted into user
2025-03-03 18:33:11 [main] INFO  liquibase.changelog - New row inserted into user
2025-03-03 18:33:11 [main] INFO  liquibase.changelog - New row inserted into user_roles
2025-03-03 18:33:11 [main] INFO  liquibase.changelog - New row inserted into user_roles
2025-03-03 18:33:11 [main] INFO  liquibase.changelog - New row inserted into user_roles
2025-03-03 18:33:11 [main] INFO  liquibase.changelog - New row inserted into user_roles
2025-03-03 18:33:11 [main] INFO  liquibase.changelog - New row inserted into user_roles
2025-03-03 18:33:11 [main] INFO  liquibase.changelog - New row inserted into priority
2025-03-03 18:33:11 [main] INFO  liquibase.changelog - New row inserted into priority
2025-03-03 18:33:11 [main] INFO  liquibase.changelog - New row inserted into priority
2025-03-03 18:33:11 [main] INFO  liquibase.changelog - New row inserted into status
2025-03-03 18:33:11 [main] INFO  liquibase.changelog - New row inserted into status
2025-03-03 18:33:11 [main] INFO  liquibase.changelog - New row inserted into status
2025-03-03 18:33:11 [main] INFO  liquibase.changelog - New row inserted into status
2025-03-03 18:33:11 [main] INFO  liquibase.changelog - New row inserted into status
2025-03-03 18:33:11 [main] INFO  liquibase.changelog - New row inserted into task
2025-03-03 18:33:11 [main] INFO  liquibase.changelog - New row inserted into task
2025-03-03 18:33:11 [main] INFO  liquibase.changelog - New row inserted into task
2025-03-03 18:33:11 [main] INFO  liquibase.changelog - New row inserted into task_executors
2025-03-03 18:33:11 [main] INFO  liquibase.changelog - New row inserted into task_executors
2025-03-03 18:33:11 [main] INFO  liquibase.changelog - New row inserted into task_executors
2025-03-03 18:33:11 [main] INFO  liquibase.changelog - New row inserted into task_executors
2025-03-03 18:33:11 [main] INFO  liquibase.changelog - New row inserted into comment
2025-03-03 18:33:11 [main] INFO  liquibase.changelog - New row inserted into comment
2025-03-03 18:33:11 [main] INFO  liquibase.changelog - New row inserted into comment
2025-03-03 18:33:11 [main] INFO  liquibase.changelog - ChangeSet db/changelog/10-insert-default-data.xml::10::xfnet ran successfully in 69ms
2025-03-03 18:33:11 [main] INFO  liquibase.util - UPDATE SUMMARY
2025-03-03 18:33:11 [main] INFO  liquibase.util - Run:                         10
2025-03-03 18:33:11 [main] INFO  liquibase.util - Previously run:               0
2025-03-03 18:33:11 [main] INFO  liquibase.util - Filtered out:                 0
2025-03-03 18:33:11 [main] INFO  liquibase.util - -------------------------------
2025-03-03 18:33:11 [main] INFO  liquibase.util - Total change sets:           10
2025-03-03 18:33:11 [main] INFO  liquibase.util - Update summary generated
2025-03-03 18:33:11 [main] INFO  liquibase.command - Update command completed successfully.
2025-03-03 18:33:11 [main] INFO  liquibase.ui - Liquibase: Update has been successful. Rows affected: 40
2025-03-03 18:33:11 [main] INFO  liquibase.lockservice - Successfully released change log lock
2025-03-03 18:33:11 [main] INFO  liquibase.command - Command execution complete
2025-03-03 18:33:12 [main] INFO  o.h.jpa.internal.util.LogHelper - HHH000204: Processing PersistenceUnitInfo [name: default]
2025-03-03 18:33:12 [main] INFO  org.hibernate.Version - HHH000412: Hibernate ORM core version 6.5.3.Final
2025-03-03 18:33:12 [main] INFO  o.h.c.i.RegionFactoryInitiator - HHH000026: Second-level cache disabled
2025-03-03 18:33:12 [main] INFO  o.s.o.j.p.SpringPersistenceUnitInfo - No LoadTimeWeaver setup: ignoring JPA class transformer
2025-03-03 18:33:13 [main] INFO  o.h.e.t.j.p.i.JtaPlatformInitiator - HHH000489: No JTA platform available (set 'hibernate.transaction.jta.platform' to enable JTA platform integration)
2025-03-03 18:33:13 [main] INFO  o.s.o.j.LocalContainerEntityManagerFactoryBean - Initialized JPA EntityManagerFactory for persistence unit 'default'
2025-03-03 18:33:14 [main] INFO  o.s.s.c.a.a.c.InitializeAuthenticationProviderBeanManagerConfigurer$InitializeAuthenticationProviderManagerConfigurer - Global AuthenticationManager configured with AuthenticationProvider bean with name authenticationProvider
2025-03-03 18:33:14 [main] WARN  o.s.s.c.a.a.c.InitializeUserDetailsBeanManagerConfigurer$InitializeUserDetailsManagerConfigurer - Global AuthenticationManager configured with an AuthenticationProvider bean. UserDetailsService beans will not be used for username/password login. Consider removing the AuthenticationProvider bean. Alternatively, consider using the UserDetailsService in a manually instantiated DaoAuthenticationProvider.
2025-03-03 18:33:14 [main] INFO  o.s.d.j.r.query.QueryEnhancerFactory - Hibernate is in classpath; If applicable, HQL parser will be used.
2025-03-03 18:33:15 [main] WARN  o.s.b.a.o.j.JpaBaseConfiguration$JpaWebConfiguration - spring.jpa.open-in-view is enabled by default. Therefore, database queries may be performed during view rendering. Explicitly configure spring.jpa.open-in-view to disable this warning
2025-03-03 18:33:17 [main] INFO  c.t.task.user.UserServiceImplTest - Started UserServiceImplTest in 10.821 seconds (process running for 17.284)
2025-03-03 18:33:17 [main] INFO  com.track.task.aspect.LoggingAspect - Entering method: UserServiceImpl.add(..)
2025-03-03 18:33:17 [main] INFO  c.t.t.s.user.impl.UserServiceImpl - Add user
2025-03-03 18:33:17 [main] INFO  com.track.task.aspect.LoggingAspect - Exiting method: UserServiceImpl.add(..) with result: null
2025-03-03 18:33:17 [main] INFO  com.track.task.aspect.LoggingAspect - Entering method: UserServiceImpl.getUserByEmail(..)
2025-03-03 18:33:17 [main] INFO  c.t.t.s.user.impl.UserServiceImpl - Get user by email
2025-03-03 18:33:17 [main] INFO  com.track.task.aspect.LoggingAspect - Exiting method: UserServiceImpl.getUserByEmail(..) with result: Optional[User(id=6, email=test+filter@example.com, username=testuser, password=password, createdAt=Mon Mar 03 18:33:17 MSK 2025, tasks=null)]
2025-03-03 18:33:17 [main] INFO  com.track.task.aspect.LoggingAspect - Entering method: UserServiceImpl.add(..)
2025-03-03 18:33:17 [main] INFO  c.t.t.s.user.impl.UserServiceImpl - Add user
2025-03-03 18:33:17 [main] INFO  com.track.task.aspect.LoggingAspect - Exiting method: UserServiceImpl.add(..) with result: null
2025-03-03 18:33:17 [main] INFO  com.track.task.aspect.LoggingAspect - Entering method: UserServiceImpl.existsByEmail(..)
2025-03-03 18:33:17 [main] INFO  c.t.t.s.user.impl.UserServiceImpl - Exists user by email
2025-03-03 18:33:17 [main] INFO  com.track.task.aspect.LoggingAspect - Exiting method: UserServiceImpl.existsByEmail(..) with result: true
2025-03-03 18:33:17 [main] INFO  com.track.task.aspect.LoggingAspect - Entering method: UserServiceImpl.add(..)
2025-03-03 18:33:17 [main] INFO  c.t.t.s.user.impl.UserServiceImpl - Add user
2025-03-03 18:33:17 [main] INFO  com.track.task.aspect.LoggingAspect - Exiting method: UserServiceImpl.add(..) with result: null
2025-03-03 18:33:17 [main] INFO  com.track.task.aspect.LoggingAspect - Entering method: UserServiceImpl.getUserById(..)
2025-03-03 18:33:17 [main] INFO  c.t.t.s.user.impl.UserServiceImpl - Get user by id
2025-03-03 18:33:17 [main] INFO  com.track.task.aspect.LoggingAspect - Exiting method: UserServiceImpl.getUserById(..) with result: Optional[User(id=8, email=test@example.com, username=testuser, password=password, createdAt=Mon Mar 03 18:33:17 MSK 2025, tasks=null)]
2025-03-03 18:33:17 [main] INFO  com.track.task.aspect.LoggingAspect - Entering method: UserServiceImpl.existsByEmail(..)
2025-03-03 18:33:17 [main] INFO  c.t.t.s.user.impl.UserServiceImpl - Exists user by email
2025-03-03 18:33:17 [main] INFO  com.track.task.aspect.LoggingAspect - Exiting method: UserServiceImpl.existsByEmail(..) with result: false
2025-03-03 18:33:17 [main] INFO  com.track.task.aspect.LoggingAspect - Entering method: UserServiceImpl.getUserById(..)
2025-03-03 18:33:17 [main] INFO  c.t.t.s.user.impl.UserServiceImpl - Get user by id
2025-03-03 18:33:17 [main] INFO  com.track.task.aspect.LoggingAspect - Exiting method: UserServiceImpl.getUserById(..) with result: Optional.empty
2025-03-03 18:33:17 [main] INFO  com.track.task.aspect.LoggingAspect - Entering method: UserServiceImpl.add(..)
2025-03-03 18:33:17 [main] INFO  c.t.t.s.user.impl.UserServiceImpl - Add user
2025-03-03 18:33:17 [main] INFO  com.track.task.aspect.LoggingAspect - Exiting method: UserServiceImpl.add(..) with result: null
2025-03-03 18:33:18 [SpringApplicationShutdownHook] INFO  o.s.o.j.LocalContainerEntityManagerFactoryBean - Closing JPA EntityManagerFactory for persistence unit 'default'
2025-03-03 18:33:18 [SpringApplicationShutdownHook] INFO  com.zaxxer.hikari.HikariDataSource - HikariPool-1 - Shutdown initiated...
2025-03-03 18:33:18 [SpringApplicationShutdownHook] INFO  com.zaxxer.hikari.HikariDataSource - HikariPool-1 - Shutdown completed.
2025-03-03 16:30:50 [testcontainers-ryuk] WARN  o.t.utility.RyukResourceReaper - Can not connect to Ryuk at 172.17.0.1:24628
java.net.ConnectException: Connection refused
	at java.base/sun.nio.ch.Net.pollConnect(Native Method)
	at java.base/sun.nio.ch.Net.pollConnectNow(Net.java:682)
	at java.base/sun.nio.ch.NioSocketImpl.timedFinishConnect(NioSocketImpl.java:542)
	at java.base/sun.nio.ch.NioSocketImpl.connect(NioSocketImpl.java:592)
	at java.base/java.net.SocksSocketImpl.connect(SocksSocketImpl.java:327)
	at java.base/java.net.Socket.connect(Socket.java:751)
	at org.testcontainers.utility.RyukResourceReaper.lambda$null$1(RyukResourceReaper.java:105)
	at org.rnorth.ducttape.ratelimits.RateLimiter.doWhenReady(RateLimiter.java:27)
	at org.testcontainers.utility.RyukResourceReaper.lambda$maybeStart$2(RyukResourceReaper.java:101)
	at java.base/java.lang.Thread.run(Thread.java:1583)
2025-03-03 16:30:50 [background-preinit] INFO  o.h.validator.internal.util.Version - HV000001: Hibernate Validator 8.0.1.Final
2025-03-03 16:30:51 [main] INFO  c.t.task.TaskTrackerApplicationTests - Starting TaskTrackerApplicationTests using Java 21.0.6 with PID 78 (started by root in /app)
2025-03-03 16:30:51 [main] INFO  c.t.task.TaskTrackerApplicationTests - No active profile set, falling back to 1 default profile: "default"
2025-03-03 16:30:51 [testcontainers-ryuk] WARN  o.t.utility.RyukResourceReaper - Can not connect to Ryuk at 172.17.0.1:24628
java.net.ConnectException: Connection refused
	at java.base/sun.nio.ch.Net.pollConnect(Native Method)
	at java.base/sun.nio.ch.Net.pollConnectNow(Net.java:682)
	at java.base/sun.nio.ch.NioSocketImpl.timedFinishConnect(NioSocketImpl.java:542)
	at java.base/sun.nio.ch.NioSocketImpl.connect(NioSocketImpl.java:592)
	at java.base/java.net.SocksSocketImpl.connect(SocksSocketImpl.java:327)
	at java.base/java.net.Socket.connect(Socket.java:751)
	at org.testcontainers.utility.RyukResourceReaper.lambda$null$1(RyukResourceReaper.java:105)
	at org.rnorth.ducttape.ratelimits.RateLimiter.doWhenReady(RateLimiter.java:27)
	at org.testcontainers.utility.RyukResourceReaper.lambda$maybeStart$2(RyukResourceReaper.java:101)
	at java.base/java.lang.Thread.run(Thread.java:1583)
2025-03-03 16:30:51 [testcontainers-ryuk] WARN  o.t.utility.RyukResourceReaper - Can not connect to Ryuk at 172.17.0.1:24628
java.net.ConnectException: Connection refused
	at java.base/sun.nio.ch.Net.pollConnect(Native Method)
	at java.base/sun.nio.ch.Net.pollConnectNow(Net.java:682)
	at java.base/sun.nio.ch.NioSocketImpl.timedFinishConnect(NioSocketImpl.java:542)
	at java.base/sun.nio.ch.NioSocketImpl.connect(NioSocketImpl.java:592)
	at java.base/java.net.SocksSocketImpl.connect(SocksSocketImpl.java:327)
	at java.base/java.net.Socket.connect(Socket.java:751)
	at org.testcontainers.utility.RyukResourceReaper.lambda$null$1(RyukResourceReaper.java:105)
	at org.rnorth.ducttape.ratelimits.RateLimiter.doWhenReady(RateLimiter.java:27)
	at org.testcontainers.utility.RyukResourceReaper.lambda$maybeStart$2(RyukResourceReaper.java:101)
	at java.base/java.lang.Thread.run(Thread.java:1583)
2025-03-03 16:30:51 [testcontainers-ryuk] WARN  o.t.utility.RyukResourceReaper - Can not connect to Ryuk at 172.17.0.1:24628
java.net.ConnectException: Connection refused
	at java.base/sun.nio.ch.Net.pollConnect(Native Method)
	at java.base/sun.nio.ch.Net.pollConnectNow(Net.java:682)
	at java.base/sun.nio.ch.NioSocketImpl.timedFinishConnect(NioSocketImpl.java:542)
	at java.base/sun.nio.ch.NioSocketImpl.connect(NioSocketImpl.java:592)
	at java.base/java.net.SocksSocketImpl.connect(SocksSocketImpl.java:327)
	at java.base/java.net.Socket.connect(Socket.java:751)
	at org.testcontainers.utility.RyukResourceReaper.lambda$null$1(RyukResourceReaper.java:105)
	at org.rnorth.ducttape.ratelimits.RateLimiter.doWhenReady(RateLimiter.java:27)
	at org.testcontainers.utility.RyukResourceReaper.lambda$maybeStart$2(RyukResourceReaper.java:101)
	at java.base/java.lang.Thread.run(Thread.java:1583)
2025-03-03 16:30:51 [testcontainers-ryuk] WARN  o.t.utility.RyukResourceReaper - Can not connect to Ryuk at 172.17.0.1:24628
java.net.ConnectException: Connection refused
	at java.base/sun.nio.ch.Net.pollConnect(Native Method)
	at java.base/sun.nio.ch.Net.pollConnectNow(Net.java:682)
	at java.base/sun.nio.ch.NioSocketImpl.timedFinishConnect(NioSocketImpl.java:542)
	at java.base/sun.nio.ch.NioSocketImpl.connect(NioSocketImpl.java:592)
	at java.base/java.net.SocksSocketImpl.connect(SocksSocketImpl.java:327)
	at java.base/java.net.Socket.connect(Socket.java:751)
	at org.testcontainers.utility.RyukResourceReaper.lambda$null$1(RyukResourceReaper.java:105)
	at org.rnorth.ducttape.ratelimits.RateLimiter.doWhenReady(RateLimiter.java:27)
	at org.testcontainers.utility.RyukResourceReaper.lambda$maybeStart$2(RyukResourceReaper.java:101)
	at java.base/java.lang.Thread.run(Thread.java:1583)
2025-03-03 16:30:52 [testcontainers-ryuk] WARN  o.t.utility.RyukResourceReaper - Can not connect to Ryuk at 172.17.0.1:24628
java.net.ConnectException: Connection refused
	at java.base/sun.nio.ch.Net.pollConnect(Native Method)
	at java.base/sun.nio.ch.Net.pollConnectNow(Net.java:682)
	at java.base/sun.nio.ch.NioSocketImpl.timedFinishConnect(NioSocketImpl.java:542)
	at java.base/sun.nio.ch.NioSocketImpl.connect(NioSocketImpl.java:592)
	at java.base/java.net.SocksSocketImpl.connect(SocksSocketImpl.java:327)
	at java.base/java.net.Socket.connect(Socket.java:751)
	at org.testcontainers.utility.RyukResourceReaper.lambda$null$1(RyukResourceReaper.java:105)
	at org.rnorth.ducttape.ratelimits.RateLimiter.doWhenReady(RateLimiter.java:27)
	at org.testcontainers.utility.RyukResourceReaper.lambda$maybeStart$2(RyukResourceReaper.java:101)
	at java.base/java.lang.Thread.run(Thread.java:1583)
2025-03-03 16:30:52 [testcontainers-ryuk] WARN  o.t.utility.RyukResourceReaper - Can not connect to Ryuk at 172.17.0.1:24628
java.net.ConnectException: Connection refused
	at java.base/sun.nio.ch.Net.pollConnect(Native Method)
	at java.base/sun.nio.ch.Net.pollConnectNow(Net.java:682)
	at java.base/sun.nio.ch.NioSocketImpl.timedFinishConnect(NioSocketImpl.java:542)
	at java.base/sun.nio.ch.NioSocketImpl.connect(NioSocketImpl.java:592)
	at java.base/java.net.SocksSocketImpl.connect(SocksSocketImpl.java:327)
	at java.base/java.net.Socket.connect(Socket.java:751)
	at org.testcontainers.utility.RyukResourceReaper.lambda$null$1(RyukResourceReaper.java:105)
	at org.rnorth.ducttape.ratelimits.RateLimiter.doWhenReady(RateLimiter.java:27)
	at org.testcontainers.utility.RyukResourceReaper.lambda$maybeStart$2(RyukResourceReaper.java:101)
	at java.base/java.lang.Thread.run(Thread.java:1583)
2025-03-03 16:30:52 [testcontainers-ryuk] WARN  o.t.utility.RyukResourceReaper - Can not connect to Ryuk at 172.17.0.1:24628
java.net.ConnectException: Connection refused
	at java.base/sun.nio.ch.Net.pollConnect(Native Method)
	at java.base/sun.nio.ch.Net.pollConnectNow(Net.java:682)
	at java.base/sun.nio.ch.NioSocketImpl.timedFinishConnect(NioSocketImpl.java:542)
	at java.base/sun.nio.ch.NioSocketImpl.connect(NioSocketImpl.java:592)
	at java.base/java.net.SocksSocketImpl.connect(SocksSocketImpl.java:327)
	at java.base/java.net.Socket.connect(Socket.java:751)
	at org.testcontainers.utility.RyukResourceReaper.lambda$null$1(RyukResourceReaper.java:105)
	at org.rnorth.ducttape.ratelimits.RateLimiter.doWhenReady(RateLimiter.java:27)
	at org.testcontainers.utility.RyukResourceReaper.lambda$maybeStart$2(RyukResourceReaper.java:101)
	at java.base/java.lang.Thread.run(Thread.java:1583)
2025-03-03 16:30:52 [testcontainers-ryuk] WARN  o.t.utility.RyukResourceReaper - Can not connect to Ryuk at 172.17.0.1:24628
java.net.ConnectException: Connection refused
	at java.base/sun.nio.ch.Net.pollConnect(Native Method)
	at java.base/sun.nio.ch.Net.pollConnectNow(Net.java:682)
	at java.base/sun.nio.ch.NioSocketImpl.timedFinishConnect(NioSocketImpl.java:542)
	at java.base/sun.nio.ch.NioSocketImpl.connect(NioSocketImpl.java:592)
	at java.base/java.net.SocksSocketImpl.connect(SocksSocketImpl.java:327)
	at java.base/java.net.Socket.connect(Socket.java:751)
	at org.testcontainers.utility.RyukResourceReaper.lambda$null$1(RyukResourceReaper.java:105)
	at org.rnorth.ducttape.ratelimits.RateLimiter.doWhenReady(RateLimiter.java:27)
	at org.testcontainers.utility.RyukResourceReaper.lambda$maybeStart$2(RyukResourceReaper.java:101)
	at java.base/java.lang.Thread.run(Thread.java:1583)
2025-03-03 16:30:53 [testcontainers-ryuk] WARN  o.t.utility.RyukResourceReaper - Can not connect to Ryuk at 172.17.0.1:24628
java.net.ConnectException: Connection refused
	at java.base/sun.nio.ch.Net.pollConnect(Native Method)
	at java.base/sun.nio.ch.Net.pollConnectNow(Net.java:682)
	at java.base/sun.nio.ch.NioSocketImpl.timedFinishConnect(NioSocketImpl.java:542)
	at java.base/sun.nio.ch.NioSocketImpl.connect(NioSocketImpl.java:592)
	at java.base/java.net.SocksSocketImpl.connect(SocksSocketImpl.java:327)
	at java.base/java.net.Socket.connect(Socket.java:751)
	at org.testcontainers.utility.RyukResourceReaper.lambda$null$1(RyukResourceReaper.java:105)
	at org.rnorth.ducttape.ratelimits.RateLimiter.doWhenReady(RateLimiter.java:27)
	at org.testcontainers.utility.RyukResourceReaper.lambda$maybeStart$2(RyukResourceReaper.java:101)
	at java.base/java.lang.Thread.run(Thread.java:1583)
2025-03-03 16:30:53 [testcontainers-ryuk] WARN  o.t.utility.RyukResourceReaper - Can not connect to Ryuk at 172.17.0.1:24628
java.net.ConnectException: Connection refused
	at java.base/sun.nio.ch.Net.pollConnect(Native Method)
	at java.base/sun.nio.ch.Net.pollConnectNow(Net.java:682)
	at java.base/sun.nio.ch.NioSocketImpl.timedFinishConnect(NioSocketImpl.java:542)
	at java.base/sun.nio.ch.NioSocketImpl.connect(NioSocketImpl.java:592)
	at java.base/java.net.SocksSocketImpl.connect(SocksSocketImpl.java:327)
	at java.base/java.net.Socket.connect(Socket.java:751)
	at org.testcontainers.utility.RyukResourceReaper.lambda$null$1(RyukResourceReaper.java:105)
	at org.rnorth.ducttape.ratelimits.RateLimiter.doWhenReady(RateLimiter.java:27)
	at org.testcontainers.utility.RyukResourceReaper.lambda$maybeStart$2(RyukResourceReaper.java:101)
	at java.base/java.lang.Thread.run(Thread.java:1583)
2025-03-03 16:30:53 [testcontainers-ryuk] WARN  o.t.utility.RyukResourceReaper - Can not connect to Ryuk at 172.17.0.1:24628
java.net.ConnectException: Connection refused
	at java.base/sun.nio.ch.Net.pollConnect(Native Method)
	at java.base/sun.nio.ch.Net.pollConnectNow(Net.java:682)
	at java.base/sun.nio.ch.NioSocketImpl.timedFinishConnect(NioSocketImpl.java:542)
	at java.base/sun.nio.ch.NioSocketImpl.connect(NioSocketImpl.java:592)
	at java.base/java.net.SocksSocketImpl.connect(SocksSocketImpl.java:327)
	at java.base/java.net.Socket.connect(Socket.java:751)
	at org.testcontainers.utility.RyukResourceReaper.lambda$null$1(RyukResourceReaper.java:105)
	at org.rnorth.ducttape.ratelimits.RateLimiter.doWhenReady(RateLimiter.java:27)
	at org.testcontainers.utility.RyukResourceReaper.lambda$maybeStart$2(RyukResourceReaper.java:101)
	at java.base/java.lang.Thread.run(Thread.java:1583)
2025-03-03 16:30:53 [testcontainers-ryuk] WARN  o.t.utility.RyukResourceReaper - Can not connect to Ryuk at 172.17.0.1:24628
java.net.ConnectException: Connection refused
	at java.base/sun.nio.ch.Net.pollConnect(Native Method)
	at java.base/sun.nio.ch.Net.pollConnectNow(Net.java:682)
	at java.base/sun.nio.ch.NioSocketImpl.timedFinishConnect(NioSocketImpl.java:542)
	at java.base/sun.nio.ch.NioSocketImpl.connect(NioSocketImpl.java:592)
	at java.base/java.net.SocksSocketImpl.connect(SocksSocketImpl.java:327)
	at java.base/java.net.Socket.connect(Socket.java:751)
	at org.testcontainers.utility.RyukResourceReaper.lambda$null$1(RyukResourceReaper.java:105)
	at org.rnorth.ducttape.ratelimits.RateLimiter.doWhenReady(RateLimiter.java:27)
	at org.testcontainers.utility.RyukResourceReaper.lambda$maybeStart$2(RyukResourceReaper.java:101)
	at java.base/java.lang.Thread.run(Thread.java:1583)
2025-03-03 16:30:54 [testcontainers-ryuk] WARN  o.t.utility.RyukResourceReaper - Can not connect to Ryuk at 172.17.0.1:24628
java.net.ConnectException: Connection refused
	at java.base/sun.nio.ch.Net.pollConnect(Native Method)
	at java.base/sun.nio.ch.Net.pollConnectNow(Net.java:682)
	at java.base/sun.nio.ch.NioSocketImpl.timedFinishConnect(NioSocketImpl.java:542)
	at java.base/sun.nio.ch.NioSocketImpl.connect(NioSocketImpl.java:592)
	at java.base/java.net.SocksSocketImpl.connect(SocksSocketImpl.java:327)
	at java.base/java.net.Socket.connect(Socket.java:751)
	at org.testcontainers.utility.RyukResourceReaper.lambda$null$1(RyukResourceReaper.java:105)
	at org.rnorth.ducttape.ratelimits.RateLimiter.doWhenReady(RateLimiter.java:27)
	at org.testcontainers.utility.RyukResourceReaper.lambda$maybeStart$2(RyukResourceReaper.java:101)
	at java.base/java.lang.Thread.run(Thread.java:1583)
2025-03-03 16:30:54 [testcontainers-ryuk] WARN  o.t.utility.RyukResourceReaper - Can not connect to Ryuk at 172.17.0.1:24628
java.net.ConnectException: Connection refused
	at java.base/sun.nio.ch.Net.pollConnect(Native Method)
	at java.base/sun.nio.ch.Net.pollConnectNow(Net.java:682)
	at java.base/sun.nio.ch.NioSocketImpl.timedFinishConnect(NioSocketImpl.java:542)
	at java.base/sun.nio.ch.NioSocketImpl.connect(NioSocketImpl.java:592)
	at java.base/java.net.SocksSocketImpl.connect(SocksSocketImpl.java:327)
	at java.base/java.net.Socket.connect(Socket.java:751)
	at org.testcontainers.utility.RyukResourceReaper.lambda$null$1(RyukResourceReaper.java:105)
	at org.rnorth.ducttape.ratelimits.RateLimiter.doWhenReady(RateLimiter.java:27)
	at org.testcontainers.utility.RyukResourceReaper.lambda$maybeStart$2(RyukResourceReaper.java:101)
	at java.base/java.lang.Thread.run(Thread.java:1583)
2025-03-03 16:30:54 [testcontainers-ryuk] WARN  o.t.utility.RyukResourceReaper - Can not connect to Ryuk at 172.17.0.1:24628
java.net.ConnectException: Connection refused
	at java.base/sun.nio.ch.Net.pollConnect(Native Method)
	at java.base/sun.nio.ch.Net.pollConnectNow(Net.java:682)
	at java.base/sun.nio.ch.NioSocketImpl.timedFinishConnect(NioSocketImpl.java:542)
	at java.base/sun.nio.ch.NioSocketImpl.connect(NioSocketImpl.java:592)
	at java.base/java.net.SocksSocketImpl.connect(SocksSocketImpl.java:327)
	at java.base/java.net.Socket.connect(Socket.java:751)
	at org.testcontainers.utility.RyukResourceReaper.lambda$null$1(RyukResourceReaper.java:105)
	at org.rnorth.ducttape.ratelimits.RateLimiter.doWhenReady(RateLimiter.java:27)
	at org.testcontainers.utility.RyukResourceReaper.lambda$maybeStart$2(RyukResourceReaper.java:101)
	at java.base/java.lang.Thread.run(Thread.java:1583)
2025-03-03 16:30:54 [testcontainers-ryuk] WARN  o.t.utility.RyukResourceReaper - Can not connect to Ryuk at 172.17.0.1:24628
java.net.ConnectException: Connection refused
	at java.base/sun.nio.ch.Net.pollConnect(Native Method)
	at java.base/sun.nio.ch.Net.pollConnectNow(Net.java:682)
	at java.base/sun.nio.ch.NioSocketImpl.timedFinishConnect(NioSocketImpl.java:542)
	at java.base/sun.nio.ch.NioSocketImpl.connect(NioSocketImpl.java:592)
	at java.base/java.net.SocksSocketImpl.connect(SocksSocketImpl.java:327)
	at java.base/java.net.Socket.connect(Socket.java:751)
	at org.testcontainers.utility.RyukResourceReaper.lambda$null$1(RyukResourceReaper.java:105)
	at org.rnorth.ducttape.ratelimits.RateLimiter.doWhenReady(RateLimiter.java:27)
	at org.testcontainers.utility.RyukResourceReaper.lambda$maybeStart$2(RyukResourceReaper.java:101)
	at java.base/java.lang.Thread.run(Thread.java:1583)
2025-03-03 16:30:55 [testcontainers-ryuk] WARN  o.t.utility.RyukResourceReaper - Can not connect to Ryuk at 172.17.0.1:24628
java.net.ConnectException: Connection refused
	at java.base/sun.nio.ch.Net.pollConnect(Native Method)
	at java.base/sun.nio.ch.Net.pollConnectNow(Net.java:682)
	at java.base/sun.nio.ch.NioSocketImpl.timedFinishConnect(NioSocketImpl.java:542)
	at java.base/sun.nio.ch.NioSocketImpl.connect(NioSocketImpl.java:592)
	at java.base/java.net.SocksSocketImpl.connect(SocksSocketImpl.java:327)
	at java.base/java.net.Socket.connect(Socket.java:751)
	at org.testcontainers.utility.RyukResourceReaper.lambda$null$1(RyukResourceReaper.java:105)
	at org.rnorth.ducttape.ratelimits.RateLimiter.doWhenReady(RateLimiter.java:27)
	at org.testcontainers.utility.RyukResourceReaper.lambda$maybeStart$2(RyukResourceReaper.java:101)
	at java.base/java.lang.Thread.run(Thread.java:1583)
2025-03-03 16:30:55 [testcontainers-ryuk] WARN  o.t.utility.RyukResourceReaper - Can not connect to Ryuk at 172.17.0.1:24628
java.net.ConnectException: Connection refused
	at java.base/sun.nio.ch.Net.pollConnect(Native Method)
	at java.base/sun.nio.ch.Net.pollConnectNow(Net.java:682)
	at java.base/sun.nio.ch.NioSocketImpl.timedFinishConnect(NioSocketImpl.java:542)
	at java.base/sun.nio.ch.NioSocketImpl.connect(NioSocketImpl.java:592)
	at java.base/java.net.SocksSocketImpl.connect(SocksSocketImpl.java:327)
	at java.base/java.net.Socket.connect(Socket.java:751)
	at org.testcontainers.utility.RyukResourceReaper.lambda$null$1(RyukResourceReaper.java:105)
	at org.rnorth.ducttape.ratelimits.RateLimiter.doWhenReady(RateLimiter.java:27)
	at org.testcontainers.utility.RyukResourceReaper.lambda$maybeStart$2(RyukResourceReaper.java:101)
	at java.base/java.lang.Thread.run(Thread.java:1583)
2025-03-03 16:30:55 [testcontainers-ryuk] WARN  o.t.utility.RyukResourceReaper - Can not connect to Ryuk at 172.17.0.1:24628
java.net.ConnectException: Connection refused
	at java.base/sun.nio.ch.Net.pollConnect(Native Method)
	at java.base/sun.nio.ch.Net.pollConnectNow(Net.java:682)
	at java.base/sun.nio.ch.NioSocketImpl.timedFinishConnect(NioSocketImpl.java:542)
	at java.base/sun.nio.ch.NioSocketImpl.connect(NioSocketImpl.java:592)
	at java.base/java.net.SocksSocketImpl.connect(SocksSocketImpl.java:327)
	at java.base/java.net.Socket.connect(Socket.java:751)
	at org.testcontainers.utility.RyukResourceReaper.lambda$null$1(RyukResourceReaper.java:105)
	at org.rnorth.ducttape.ratelimits.RateLimiter.doWhenReady(RateLimiter.java:27)
	at org.testcontainers.utility.RyukResourceReaper.lambda$maybeStart$2(RyukResourceReaper.java:101)
	at java.base/java.lang.Thread.run(Thread.java:1583)
2025-03-03 16:30:55 [testcontainers-ryuk] WARN  o.t.utility.RyukResourceReaper - Can not connect to Ryuk at 172.17.0.1:24628
java.net.ConnectException: Connection refused
	at java.base/sun.nio.ch.Net.pollConnect(Native Method)
	at java.base/sun.nio.ch.Net.pollConnectNow(Net.java:682)
	at java.base/sun.nio.ch.NioSocketImpl.timedFinishConnect(NioSocketImpl.java:542)
	at java.base/sun.nio.ch.NioSocketImpl.connect(NioSocketImpl.java:592)
	at java.base/java.net.SocksSocketImpl.connect(SocksSocketImpl.java:327)
	at java.base/java.net.Socket.connect(Socket.java:751)
	at org.testcontainers.utility.RyukResourceReaper.lambda$null$1(RyukResourceReaper.java:105)
	at org.rnorth.ducttape.ratelimits.RateLimiter.doWhenReady(RateLimiter.java:27)
	at org.testcontainers.utility.RyukResourceReaper.lambda$maybeStart$2(RyukResourceReaper.java:101)
	at java.base/java.lang.Thread.run(Thread.java:1583)
2025-03-03 16:30:56 [main] INFO  o.s.d.r.c.RepositoryConfigurationDelegate - Bootstrapping Spring Data JPA repositories in DEFAULT mode.
2025-03-03 16:30:56 [testcontainers-ryuk] WARN  o.t.utility.RyukResourceReaper - Can not connect to Ryuk at 172.17.0.1:24628
java.net.ConnectException: Connection refused
	at java.base/sun.nio.ch.Net.pollConnect(Native Method)
	at java.base/sun.nio.ch.Net.pollConnectNow(Net.java:682)
	at java.base/sun.nio.ch.NioSocketImpl.timedFinishConnect(NioSocketImpl.java:542)
	at java.base/sun.nio.ch.NioSocketImpl.connect(NioSocketImpl.java:592)
	at java.base/java.net.SocksSocketImpl.connect(SocksSocketImpl.java:327)
	at java.base/java.net.Socket.connect(Socket.java:751)
	at org.testcontainers.utility.RyukResourceReaper.lambda$null$1(RyukResourceReaper.java:105)
	at org.rnorth.ducttape.ratelimits.RateLimiter.doWhenReady(RateLimiter.java:27)
	at org.testcontainers.utility.RyukResourceReaper.lambda$maybeStart$2(RyukResourceReaper.java:101)
	at java.base/java.lang.Thread.run(Thread.java:1583)
2025-03-03 16:30:56 [testcontainers-ryuk] WARN  o.t.utility.RyukResourceReaper - Can not connect to Ryuk at 172.17.0.1:24628
java.net.ConnectException: Connection refused
	at java.base/sun.nio.ch.Net.pollConnect(Native Method)
	at java.base/sun.nio.ch.Net.pollConnectNow(Net.java:682)
	at java.base/sun.nio.ch.NioSocketImpl.timedFinishConnect(NioSocketImpl.java:542)
	at java.base/sun.nio.ch.NioSocketImpl.connect(NioSocketImpl.java:592)
	at java.base/java.net.SocksSocketImpl.connect(SocksSocketImpl.java:327)
	at java.base/java.net.Socket.connect(Socket.java:751)
	at org.testcontainers.utility.RyukResourceReaper.lambda$null$1(RyukResourceReaper.java:105)
	at org.rnorth.ducttape.ratelimits.RateLimiter.doWhenReady(RateLimiter.java:27)
	at org.testcontainers.utility.RyukResourceReaper.lambda$maybeStart$2(RyukResourceReaper.java:101)
	at java.base/java.lang.Thread.run(Thread.java:1583)
2025-03-03 16:30:56 [testcontainers-ryuk] WARN  o.t.utility.RyukResourceReaper - Can not connect to Ryuk at 172.17.0.1:24628
java.net.ConnectException: Connection refused
	at java.base/sun.nio.ch.Net.pollConnect(Native Method)
	at java.base/sun.nio.ch.Net.pollConnectNow(Net.java:682)
	at java.base/sun.nio.ch.NioSocketImpl.timedFinishConnect(NioSocketImpl.java:542)
	at java.base/sun.nio.ch.NioSocketImpl.connect(NioSocketImpl.java:592)
	at java.base/java.net.SocksSocketImpl.connect(SocksSocketImpl.java:327)
	at java.base/java.net.Socket.connect(Socket.java:751)
	at org.testcontainers.utility.RyukResourceReaper.lambda$null$1(RyukResourceReaper.java:105)
	at org.rnorth.ducttape.ratelimits.RateLimiter.doWhenReady(RateLimiter.java:27)
	at org.testcontainers.utility.RyukResourceReaper.lambda$maybeStart$2(RyukResourceReaper.java:101)
	at java.base/java.lang.Thread.run(Thread.java:1583)
2025-03-03 16:30:56 [main] INFO  o.s.d.r.c.RepositoryConfigurationDelegate - Finished Spring Data repository scanning in 582 ms. Found 5 JPA repository interfaces.
2025-03-03 16:30:56 [testcontainers-ryuk] WARN  o.t.utility.RyukResourceReaper - Can not connect to Ryuk at 172.17.0.1:24628
java.net.ConnectException: Connection refused
	at java.base/sun.nio.ch.Net.pollConnect(Native Method)
	at java.base/sun.nio.ch.Net.pollConnectNow(Net.java:682)
	at java.base/sun.nio.ch.NioSocketImpl.timedFinishConnect(NioSocketImpl.java:542)
	at java.base/sun.nio.ch.NioSocketImpl.connect(NioSocketImpl.java:592)
	at java.base/java.net.SocksSocketImpl.connect(SocksSocketImpl.java:327)
	at java.base/java.net.Socket.connect(Socket.java:751)
	at org.testcontainers.utility.RyukResourceReaper.lambda$null$1(RyukResourceReaper.java:105)
	at org.rnorth.ducttape.ratelimits.RateLimiter.doWhenReady(RateLimiter.java:27)
	at org.testcontainers.utility.RyukResourceReaper.lambda$maybeStart$2(RyukResourceReaper.java:101)
	at java.base/java.lang.Thread.run(Thread.java:1583)
2025-03-03 16:30:57 [testcontainers-ryuk] WARN  o.t.utility.RyukResourceReaper - Can not connect to Ryuk at 172.17.0.1:24628
java.net.ConnectException: Connection refused
	at java.base/sun.nio.ch.Net.pollConnect(Native Method)
	at java.base/sun.nio.ch.Net.pollConnectNow(Net.java:682)
	at java.base/sun.nio.ch.NioSocketImpl.timedFinishConnect(NioSocketImpl.java:542)
	at java.base/sun.nio.ch.NioSocketImpl.connect(NioSocketImpl.java:592)
	at java.base/java.net.SocksSocketImpl.connect(SocksSocketImpl.java:327)
	at java.base/java.net.Socket.connect(Socket.java:751)
	at org.testcontainers.utility.RyukResourceReaper.lambda$null$1(RyukResourceReaper.java:105)
	at org.rnorth.ducttape.ratelimits.RateLimiter.doWhenReady(RateLimiter.java:27)
	at org.testcontainers.utility.RyukResourceReaper.lambda$maybeStart$2(RyukResourceReaper.java:101)
	at java.base/java.lang.Thread.run(Thread.java:1583)
2025-03-03 16:30:57 [testcontainers-ryuk] WARN  o.t.utility.RyukResourceReaper - Can not connect to Ryuk at 172.17.0.1:24628
java.net.ConnectException: Connection refused
	at java.base/sun.nio.ch.Net.pollConnect(Native Method)
	at java.base/sun.nio.ch.Net.pollConnectNow(Net.java:682)
	at java.base/sun.nio.ch.NioSocketImpl.timedFinishConnect(NioSocketImpl.java:542)
	at java.base/sun.nio.ch.NioSocketImpl.connect(NioSocketImpl.java:592)
	at java.base/java.net.SocksSocketImpl.connect(SocksSocketImpl.java:327)
	at java.base/java.net.Socket.connect(Socket.java:751)
	at org.testcontainers.utility.RyukResourceReaper.lambda$null$1(RyukResourceReaper.java:105)
	at org.rnorth.ducttape.ratelimits.RateLimiter.doWhenReady(RateLimiter.java:27)
	at org.testcontainers.utility.RyukResourceReaper.lambda$maybeStart$2(RyukResourceReaper.java:101)
	at java.base/java.lang.Thread.run(Thread.java:1583)
2025-03-03 16:30:57 [testcontainers-ryuk] WARN  o.t.utility.RyukResourceReaper - Can not connect to Ryuk at 172.17.0.1:24628
java.net.ConnectException: Connection refused
	at java.base/sun.nio.ch.Net.pollConnect(Native Method)
	at java.base/sun.nio.ch.Net.pollConnectNow(Net.java:682)
	at java.base/sun.nio.ch.NioSocketImpl.timedFinishConnect(NioSocketImpl.java:542)
	at java.base/sun.nio.ch.NioSocketImpl.connect(NioSocketImpl.java:592)
	at java.base/java.net.SocksSocketImpl.connect(SocksSocketImpl.java:327)
	at java.base/java.net.Socket.connect(Socket.java:751)
	at org.testcontainers.utility.RyukResourceReaper.lambda$null$1(RyukResourceReaper.java:105)
	at org.rnorth.ducttape.ratelimits.RateLimiter.doWhenReady(RateLimiter.java:27)
	at org.testcontainers.utility.RyukResourceReaper.lambda$maybeStart$2(RyukResourceReaper.java:101)
	at java.base/java.lang.Thread.run(Thread.java:1583)
2025-03-03 16:30:57 [testcontainers-ryuk] WARN  o.t.utility.RyukResourceReaper - Can not connect to Ryuk at 172.17.0.1:24628
java.net.ConnectException: Connection refused
	at java.base/sun.nio.ch.Net.pollConnect(Native Method)
	at java.base/sun.nio.ch.Net.pollConnectNow(Net.java:682)
	at java.base/sun.nio.ch.NioSocketImpl.timedFinishConnect(NioSocketImpl.java:542)
	at java.base/sun.nio.ch.NioSocketImpl.connect(NioSocketImpl.java:592)
	at java.base/java.net.SocksSocketImpl.connect(SocksSocketImpl.java:327)
	at java.base/java.net.Socket.connect(Socket.java:751)
	at org.testcontainers.utility.RyukResourceReaper.lambda$null$1(RyukResourceReaper.java:105)
	at org.rnorth.ducttape.ratelimits.RateLimiter.doWhenReady(RateLimiter.java:27)
	at org.testcontainers.utility.RyukResourceReaper.lambda$maybeStart$2(RyukResourceReaper.java:101)
	at java.base/java.lang.Thread.run(Thread.java:1583)
2025-03-03 16:30:58 [testcontainers-ryuk] WARN  o.t.utility.RyukResourceReaper - Can not connect to Ryuk at 172.17.0.1:24628
java.net.ConnectException: Connection refused
	at java.base/sun.nio.ch.Net.pollConnect(Native Method)
	at java.base/sun.nio.ch.Net.pollConnectNow(Net.java:682)
	at java.base/sun.nio.ch.NioSocketImpl.timedFinishConnect(NioSocketImpl.java:542)
	at java.base/sun.nio.ch.NioSocketImpl.connect(NioSocketImpl.java:592)
	at java.base/java.net.SocksSocketImpl.connect(SocksSocketImpl.java:327)
	at java.base/java.net.Socket.connect(Socket.java:751)
	at org.testcontainers.utility.RyukResourceReaper.lambda$null$1(RyukResourceReaper.java:105)
	at org.rnorth.ducttape.ratelimits.RateLimiter.doWhenReady(RateLimiter.java:27)
	at org.testcontainers.utility.RyukResourceReaper.lambda$maybeStart$2(RyukResourceReaper.java:101)
	at java.base/java.lang.Thread.run(Thread.java:1583)
2025-03-03 16:30:58 [testcontainers-ryuk] WARN  o.t.utility.RyukResourceReaper - Can not connect to Ryuk at 172.17.0.1:24628
java.net.ConnectException: Connection refused
	at java.base/sun.nio.ch.Net.pollConnect(Native Method)
	at java.base/sun.nio.ch.Net.pollConnectNow(Net.java:682)
	at java.base/sun.nio.ch.NioSocketImpl.timedFinishConnect(NioSocketImpl.java:542)
	at java.base/sun.nio.ch.NioSocketImpl.connect(NioSocketImpl.java:592)
	at java.base/java.net.SocksSocketImpl.connect(SocksSocketImpl.java:327)
	at java.base/java.net.Socket.connect(Socket.java:751)
	at org.testcontainers.utility.RyukResourceReaper.lambda$null$1(RyukResourceReaper.java:105)
	at org.rnorth.ducttape.ratelimits.RateLimiter.doWhenReady(RateLimiter.java:27)
	at org.testcontainers.utility.RyukResourceReaper.lambda$maybeStart$2(RyukResourceReaper.java:101)
	at java.base/java.lang.Thread.run(Thread.java:1583)
2025-03-03 16:30:58 [testcontainers-ryuk] WARN  o.t.utility.RyukResourceReaper - Can not connect to Ryuk at 172.17.0.1:24628
java.net.ConnectException: Connection refused
	at java.base/sun.nio.ch.Net.pollConnect(Native Method)
	at java.base/sun.nio.ch.Net.pollConnectNow(Net.java:682)
	at java.base/sun.nio.ch.NioSocketImpl.timedFinishConnect(NioSocketImpl.java:542)
	at java.base/sun.nio.ch.NioSocketImpl.connect(NioSocketImpl.java:592)
	at java.base/java.net.SocksSocketImpl.connect(SocksSocketImpl.java:327)
	at java.base/java.net.Socket.connect(Socket.java:751)
	at org.testcontainers.utility.RyukResourceReaper.lambda$null$1(RyukResourceReaper.java:105)
	at org.rnorth.ducttape.ratelimits.RateLimiter.doWhenReady(RateLimiter.java:27)
	at org.testcontainers.utility.RyukResourceReaper.lambda$maybeStart$2(RyukResourceReaper.java:101)
	at java.base/java.lang.Thread.run(Thread.java:1583)
2025-03-03 16:30:58 [testcontainers-ryuk] WARN  o.t.utility.RyukResourceReaper - Can not connect to Ryuk at 172.17.0.1:24628
java.net.ConnectException: Connection refused
	at java.base/sun.nio.ch.Net.pollConnect(Native Method)
	at java.base/sun.nio.ch.Net.pollConnectNow(Net.java:682)
	at java.base/sun.nio.ch.NioSocketImpl.timedFinishConnect(NioSocketImpl.java:542)
	at java.base/sun.nio.ch.NioSocketImpl.connect(NioSocketImpl.java:592)
	at java.base/java.net.SocksSocketImpl.connect(SocksSocketImpl.java:327)
	at java.base/java.net.Socket.connect(Socket.java:751)
	at org.testcontainers.utility.RyukResourceReaper.lambda$null$1(RyukResourceReaper.java:105)
	at org.rnorth.ducttape.ratelimits.RateLimiter.doWhenReady(RateLimiter.java:27)
	at org.testcontainers.utility.RyukResourceReaper.lambda$maybeStart$2(RyukResourceReaper.java:101)
	at java.base/java.lang.Thread.run(Thread.java:1583)
2025-03-03 16:30:59 [testcontainers-ryuk] WARN  o.t.utility.RyukResourceReaper - Can not connect to Ryuk at 172.17.0.1:24628
java.net.ConnectException: Connection refused
	at java.base/sun.nio.ch.Net.pollConnect(Native Method)
	at java.base/sun.nio.ch.Net.pollConnectNow(Net.java:682)
	at java.base/sun.nio.ch.NioSocketImpl.timedFinishConnect(NioSocketImpl.java:542)
	at java.base/sun.nio.ch.NioSocketImpl.connect(NioSocketImpl.java:592)
	at java.base/java.net.SocksSocketImpl.connect(SocksSocketImpl.java:327)
	at java.base/java.net.Socket.connect(Socket.java:751)
	at org.testcontainers.utility.RyukResourceReaper.lambda$null$1(RyukResourceReaper.java:105)
	at org.rnorth.ducttape.ratelimits.RateLimiter.doWhenReady(RateLimiter.java:27)
	at org.testcontainers.utility.RyukResourceReaper.lambda$maybeStart$2(RyukResourceReaper.java:101)
	at java.base/java.lang.Thread.run(Thread.java:1583)
2025-03-03 16:30:59 [main] INFO  com.zaxxer.hikari.HikariDataSource - HikariPool-1 - Starting...
2025-03-03 16:30:59 [testcontainers-ryuk] WARN  o.t.utility.RyukResourceReaper - Can not connect to Ryuk at 172.17.0.1:24628
java.net.ConnectException: Connection refused
	at java.base/sun.nio.ch.Net.pollConnect(Native Method)
	at java.base/sun.nio.ch.Net.pollConnectNow(Net.java:682)
	at java.base/sun.nio.ch.NioSocketImpl.timedFinishConnect(NioSocketImpl.java:542)
	at java.base/sun.nio.ch.NioSocketImpl.connect(NioSocketImpl.java:592)
	at java.base/java.net.SocksSocketImpl.connect(SocksSocketImpl.java:327)
	at java.base/java.net.Socket.connect(Socket.java:751)
	at org.testcontainers.utility.RyukResourceReaper.lambda$null$1(RyukResourceReaper.java:105)
	at org.rnorth.ducttape.ratelimits.RateLimiter.doWhenReady(RateLimiter.java:27)
	at org.testcontainers.utility.RyukResourceReaper.lambda$maybeStart$2(RyukResourceReaper.java:101)
	at java.base/java.lang.Thread.run(Thread.java:1583)
2025-03-03 16:30:59 [testcontainers-ryuk] WARN  o.t.utility.RyukResourceReaper - Can not connect to Ryuk at 172.17.0.1:24628
java.net.ConnectException: Connection refused
	at java.base/sun.nio.ch.Net.pollConnect(Native Method)
	at java.base/sun.nio.ch.Net.pollConnectNow(Net.java:682)
	at java.base/sun.nio.ch.NioSocketImpl.timedFinishConnect(NioSocketImpl.java:542)
	at java.base/sun.nio.ch.NioSocketImpl.connect(NioSocketImpl.java:592)
	at java.base/java.net.SocksSocketImpl.connect(SocksSocketImpl.java:327)
	at java.base/java.net.Socket.connect(Socket.java:751)
	at org.testcontainers.utility.RyukResourceReaper.lambda$null$1(RyukResourceReaper.java:105)
	at org.rnorth.ducttape.ratelimits.RateLimiter.doWhenReady(RateLimiter.java:27)
	at org.testcontainers.utility.RyukResourceReaper.lambda$maybeStart$2(RyukResourceReaper.java:101)
	at java.base/java.lang.Thread.run(Thread.java:1583)
2025-03-03 16:30:59 [main] INFO  com.zaxxer.hikari.pool.HikariPool - HikariPool-1 - Added connection org.postgresql.jdbc.PgConnection@29c76d75
2025-03-03 16:30:59 [testcontainers-ryuk] WARN  o.t.utility.RyukResourceReaper - Can not connect to Ryuk at 172.17.0.1:24628
java.net.ConnectException: Connection refused
	at java.base/sun.nio.ch.Net.pollConnect(Native Method)
	at java.base/sun.nio.ch.Net.pollConnectNow(Net.java:682)
	at java.base/sun.nio.ch.NioSocketImpl.timedFinishConnect(NioSocketImpl.java:542)
	at java.base/sun.nio.ch.NioSocketImpl.connect(NioSocketImpl.java:592)
	at java.base/java.net.SocksSocketImpl.connect(SocksSocketImpl.java:327)
	at java.base/java.net.Socket.connect(Socket.java:751)
	at org.testcontainers.utility.RyukResourceReaper.lambda$null$1(RyukResourceReaper.java:105)
	at org.rnorth.ducttape.ratelimits.RateLimiter.doWhenReady(RateLimiter.java:27)
	at org.testcontainers.utility.RyukResourceReaper.lambda$maybeStart$2(RyukResourceReaper.java:101)
	at java.base/java.lang.Thread.run(Thread.java:1583)
2025-03-03 16:30:59 [main] INFO  com.zaxxer.hikari.HikariDataSource - HikariPool-1 - Start completed.
2025-03-03 16:31:00 [testcontainers-ryuk] WARN  o.t.utility.RyukResourceReaper - Can not connect to Ryuk at 172.17.0.1:24628
java.net.ConnectException: Connection refused
	at java.base/sun.nio.ch.Net.pollConnect(Native Method)
	at java.base/sun.nio.ch.Net.pollConnectNow(Net.java:682)
	at java.base/sun.nio.ch.NioSocketImpl.timedFinishConnect(NioSocketImpl.java:542)
	at java.base/sun.nio.ch.NioSocketImpl.connect(NioSocketImpl.java:592)
	at java.base/java.net.SocksSocketImpl.connect(SocksSocketImpl.java:327)
	at java.base/java.net.Socket.connect(Socket.java:751)
	at org.testcontainers.utility.RyukResourceReaper.lambda$null$1(RyukResourceReaper.java:105)
	at org.rnorth.ducttape.ratelimits.RateLimiter.doWhenReady(RateLimiter.java:27)
	at org.testcontainers.utility.RyukResourceReaper.lambda$maybeStart$2(RyukResourceReaper.java:101)
	at java.base/java.lang.Thread.run(Thread.java:1583)
2025-03-03 16:31:00 [testcontainers-ryuk] WARN  o.t.utility.RyukResourceReaper - Can not connect to Ryuk at 172.17.0.1:24628
java.net.ConnectException: Connection refused
	at java.base/sun.nio.ch.Net.pollConnect(Native Method)
	at java.base/sun.nio.ch.Net.pollConnectNow(Net.java:682)
	at java.base/sun.nio.ch.NioSocketImpl.timedFinishConnect(NioSocketImpl.java:542)
	at java.base/sun.nio.ch.NioSocketImpl.connect(NioSocketImpl.java:592)
	at java.base/java.net.SocksSocketImpl.connect(SocksSocketImpl.java:327)
	at java.base/java.net.Socket.connect(Socket.java:751)
	at org.testcontainers.utility.RyukResourceReaper.lambda$null$1(RyukResourceReaper.java:105)
	at org.rnorth.ducttape.ratelimits.RateLimiter.doWhenReady(RateLimiter.java:27)
	at org.testcontainers.utility.RyukResourceReaper.lambda$maybeStart$2(RyukResourceReaper.java:101)
	at java.base/java.lang.Thread.run(Thread.java:1583)
2025-03-03 16:31:00 [testcontainers-ryuk] WARN  o.t.utility.RyukResourceReaper - Can not connect to Ryuk at 172.17.0.1:24628
java.net.ConnectException: Connection refused
	at java.base/sun.nio.ch.Net.pollConnect(Native Method)
	at java.base/sun.nio.ch.Net.pollConnectNow(Net.java:682)
	at java.base/sun.nio.ch.NioSocketImpl.timedFinishConnect(NioSocketImpl.java:542)
	at java.base/sun.nio.ch.NioSocketImpl.connect(NioSocketImpl.java:592)
	at java.base/java.net.SocksSocketImpl.connect(SocksSocketImpl.java:327)
	at java.base/java.net.Socket.connect(Socket.java:751)
	at org.testcontainers.utility.RyukResourceReaper.lambda$null$1(RyukResourceReaper.java:105)
	at org.rnorth.ducttape.ratelimits.RateLimiter.doWhenReady(RateLimiter.java:27)
	at org.testcontainers.utility.RyukResourceReaper.lambda$maybeStart$2(RyukResourceReaper.java:101)
	at java.base/java.lang.Thread.run(Thread.java:1583)
2025-03-03 16:31:00 [main] INFO  liquibase.database - Set default schema name to public
2025-03-03 16:31:00 [testcontainers-ryuk] WARN  o.t.utility.RyukResourceReaper - Can not connect to Ryuk at 172.17.0.1:24628
java.net.ConnectException: Connection refused
	at java.base/sun.nio.ch.Net.pollConnect(Native Method)
	at java.base/sun.nio.ch.Net.pollConnectNow(Net.java:682)
	at java.base/sun.nio.ch.NioSocketImpl.timedFinishConnect(NioSocketImpl.java:542)
	at java.base/sun.nio.ch.NioSocketImpl.connect(NioSocketImpl.java:592)
	at java.base/java.net.SocksSocketImpl.connect(SocksSocketImpl.java:327)
	at java.base/java.net.Socket.connect(Socket.java:751)
	at org.testcontainers.utility.RyukResourceReaper.lambda$null$1(RyukResourceReaper.java:105)
	at org.rnorth.ducttape.ratelimits.RateLimiter.doWhenReady(RateLimiter.java:27)
	at org.testcontainers.utility.RyukResourceReaper.lambda$maybeStart$2(RyukResourceReaper.java:101)
	at java.base/java.lang.Thread.run(Thread.java:1583)
2025-03-03 16:31:01 [testcontainers-ryuk] WARN  o.t.utility.RyukResourceReaper - Can not connect to Ryuk at 172.17.0.1:24628
java.net.ConnectException: Connection refused
	at java.base/sun.nio.ch.Net.pollConnect(Native Method)
	at java.base/sun.nio.ch.Net.pollConnectNow(Net.java:682)
	at java.base/sun.nio.ch.NioSocketImpl.timedFinishConnect(NioSocketImpl.java:542)
	at java.base/sun.nio.ch.NioSocketImpl.connect(NioSocketImpl.java:592)
	at java.base/java.net.SocksSocketImpl.connect(SocksSocketImpl.java:327)
	at java.base/java.net.Socket.connect(Socket.java:751)
	at org.testcontainers.utility.RyukResourceReaper.lambda$null$1(RyukResourceReaper.java:105)
	at org.rnorth.ducttape.ratelimits.RateLimiter.doWhenReady(RateLimiter.java:27)
	at org.testcontainers.utility.RyukResourceReaper.lambda$maybeStart$2(RyukResourceReaper.java:101)
	at java.base/java.lang.Thread.run(Thread.java:1583)
2025-03-03 16:31:01 [testcontainers-ryuk] WARN  o.t.utility.RyukResourceReaper - Can not connect to Ryuk at 172.17.0.1:24628
java.net.ConnectException: Connection refused
	at java.base/sun.nio.ch.Net.pollConnect(Native Method)
	at java.base/sun.nio.ch.Net.pollConnectNow(Net.java:682)
	at java.base/sun.nio.ch.NioSocketImpl.timedFinishConnect(NioSocketImpl.java:542)
	at java.base/sun.nio.ch.NioSocketImpl.connect(NioSocketImpl.java:592)
	at java.base/java.net.SocksSocketImpl.connect(SocksSocketImpl.java:327)
	at java.base/java.net.Socket.connect(Socket.java:751)
	at org.testcontainers.utility.RyukResourceReaper.lambda$null$1(RyukResourceReaper.java:105)
	at org.rnorth.ducttape.ratelimits.RateLimiter.doWhenReady(RateLimiter.java:27)
	at org.testcontainers.utility.RyukResourceReaper.lambda$maybeStart$2(RyukResourceReaper.java:101)
	at java.base/java.lang.Thread.run(Thread.java:1583)
2025-03-03 16:31:01 [testcontainers-ryuk] WARN  o.t.utility.RyukResourceReaper - Can not connect to Ryuk at 172.17.0.1:24628
java.net.ConnectException: Connection refused
	at java.base/sun.nio.ch.Net.pollConnect(Native Method)
	at java.base/sun.nio.ch.Net.pollConnectNow(Net.java:682)
	at java.base/sun.nio.ch.NioSocketImpl.timedFinishConnect(NioSocketImpl.java:542)
	at java.base/sun.nio.ch.NioSocketImpl.connect(NioSocketImpl.java:592)
	at java.base/java.net.SocksSocketImpl.connect(SocksSocketImpl.java:327)
	at java.base/java.net.Socket.connect(Socket.java:751)
	at org.testcontainers.utility.RyukResourceReaper.lambda$null$1(RyukResourceReaper.java:105)
	at org.rnorth.ducttape.ratelimits.RateLimiter.doWhenReady(RateLimiter.java:27)
	at org.testcontainers.utility.RyukResourceReaper.lambda$maybeStart$2(RyukResourceReaper.java:101)
	at java.base/java.lang.Thread.run(Thread.java:1583)
2025-03-03 16:31:01 [testcontainers-ryuk] WARN  o.t.utility.RyukResourceReaper - Can not connect to Ryuk at 172.17.0.1:24628
java.net.ConnectException: Connection refused
	at java.base/sun.nio.ch.Net.pollConnect(Native Method)
	at java.base/sun.nio.ch.Net.pollConnectNow(Net.java:682)
	at java.base/sun.nio.ch.NioSocketImpl.timedFinishConnect(NioSocketImpl.java:542)
	at java.base/sun.nio.ch.NioSocketImpl.connect(NioSocketImpl.java:592)
	at java.base/java.net.SocksSocketImpl.connect(SocksSocketImpl.java:327)
	at java.base/java.net.Socket.connect(Socket.java:751)
	at org.testcontainers.utility.RyukResourceReaper.lambda$null$1(RyukResourceReaper.java:105)
	at org.rnorth.ducttape.ratelimits.RateLimiter.doWhenReady(RateLimiter.java:27)
	at org.testcontainers.utility.RyukResourceReaper.lambda$maybeStart$2(RyukResourceReaper.java:101)
	at java.base/java.lang.Thread.run(Thread.java:1583)
2025-03-03 16:31:02 [testcontainers-ryuk] WARN  o.t.utility.RyukResourceReaper - Can not connect to Ryuk at 172.17.0.1:24628
java.net.ConnectException: Connection refused
	at java.base/sun.nio.ch.Net.pollConnect(Native Method)
	at java.base/sun.nio.ch.Net.pollConnectNow(Net.java:682)
	at java.base/sun.nio.ch.NioSocketImpl.timedFinishConnect(NioSocketImpl.java:542)
	at java.base/sun.nio.ch.NioSocketImpl.connect(NioSocketImpl.java:592)
	at java.base/java.net.SocksSocketImpl.connect(SocksSocketImpl.java:327)
	at java.base/java.net.Socket.connect(Socket.java:751)
	at org.testcontainers.utility.RyukResourceReaper.lambda$null$1(RyukResourceReaper.java:105)
	at org.rnorth.ducttape.ratelimits.RateLimiter.doWhenReady(RateLimiter.java:27)
	at org.testcontainers.utility.RyukResourceReaper.lambda$maybeStart$2(RyukResourceReaper.java:101)
	at java.base/java.lang.Thread.run(Thread.java:1583)
2025-03-03 16:31:02 [testcontainers-ryuk] WARN  o.t.utility.RyukResourceReaper - Can not connect to Ryuk at 172.17.0.1:24628
java.net.ConnectException: Connection refused
	at java.base/sun.nio.ch.Net.pollConnect(Native Method)
	at java.base/sun.nio.ch.Net.pollConnectNow(Net.java:682)
	at java.base/sun.nio.ch.NioSocketImpl.timedFinishConnect(NioSocketImpl.java:542)
	at java.base/sun.nio.ch.NioSocketImpl.connect(NioSocketImpl.java:592)
	at java.base/java.net.SocksSocketImpl.connect(SocksSocketImpl.java:327)
	at java.base/java.net.Socket.connect(Socket.java:751)
	at org.testcontainers.utility.RyukResourceReaper.lambda$null$1(RyukResourceReaper.java:105)
	at org.rnorth.ducttape.ratelimits.RateLimiter.doWhenReady(RateLimiter.java:27)
	at org.testcontainers.utility.RyukResourceReaper.lambda$maybeStart$2(RyukResourceReaper.java:101)
	at java.base/java.lang.Thread.run(Thread.java:1583)
2025-03-03 16:31:02 [testcontainers-ryuk] WARN  o.t.utility.RyukResourceReaper - Can not connect to Ryuk at 172.17.0.1:24628
java.net.ConnectException: Connection refused
	at java.base/sun.nio.ch.Net.pollConnect(Native Method)
	at java.base/sun.nio.ch.Net.pollConnectNow(Net.java:682)
	at java.base/sun.nio.ch.NioSocketImpl.timedFinishConnect(NioSocketImpl.java:542)
	at java.base/sun.nio.ch.NioSocketImpl.connect(NioSocketImpl.java:592)
	at java.base/java.net.SocksSocketImpl.connect(SocksSocketImpl.java:327)
	at java.base/java.net.Socket.connect(Socket.java:751)
	at org.testcontainers.utility.RyukResourceReaper.lambda$null$1(RyukResourceReaper.java:105)
	at org.rnorth.ducttape.ratelimits.RateLimiter.doWhenReady(RateLimiter.java:27)
	at org.testcontainers.utility.RyukResourceReaper.lambda$maybeStart$2(RyukResourceReaper.java:101)
	at java.base/java.lang.Thread.run(Thread.java:1583)
2025-03-03 16:31:02 [testcontainers-ryuk] WARN  o.t.utility.RyukResourceReaper - Can not connect to Ryuk at 172.17.0.1:24628
java.net.ConnectException: Connection refused
	at java.base/sun.nio.ch.Net.pollConnect(Native Method)
	at java.base/sun.nio.ch.Net.pollConnectNow(Net.java:682)
	at java.base/sun.nio.ch.NioSocketImpl.timedFinishConnect(NioSocketImpl.java:542)
	at java.base/sun.nio.ch.NioSocketImpl.connect(NioSocketImpl.java:592)
	at java.base/java.net.SocksSocketImpl.connect(SocksSocketImpl.java:327)
	at java.base/java.net.Socket.connect(Socket.java:751)
	at org.testcontainers.utility.RyukResourceReaper.lambda$null$1(RyukResourceReaper.java:105)
	at org.rnorth.ducttape.ratelimits.RateLimiter.doWhenReady(RateLimiter.java:27)
	at org.testcontainers.utility.RyukResourceReaper.lambda$maybeStart$2(RyukResourceReaper.java:101)
	at java.base/java.lang.Thread.run(Thread.java:1583)
2025-03-03 16:31:03 [main] INFO  liquibase.changelog - Reading from public.databasechangelog
2025-03-03 16:31:03 [testcontainers-ryuk] WARN  o.t.utility.RyukResourceReaper - Can not connect to Ryuk at 172.17.0.1:24628
java.net.ConnectException: Connection refused
	at java.base/sun.nio.ch.Net.pollConnect(Native Method)
	at java.base/sun.nio.ch.Net.pollConnectNow(Net.java:682)
	at java.base/sun.nio.ch.NioSocketImpl.timedFinishConnect(NioSocketImpl.java:542)
	at java.base/sun.nio.ch.NioSocketImpl.connect(NioSocketImpl.java:592)
	at java.base/java.net.SocksSocketImpl.connect(SocksSocketImpl.java:327)
	at java.base/java.net.Socket.connect(Socket.java:751)
	at org.testcontainers.utility.RyukResourceReaper.lambda$null$1(RyukResourceReaper.java:105)
	at org.rnorth.ducttape.ratelimits.RateLimiter.doWhenReady(RateLimiter.java:27)
	at org.testcontainers.utility.RyukResourceReaper.lambda$maybeStart$2(RyukResourceReaper.java:101)
	at java.base/java.lang.Thread.run(Thread.java:1583)
2025-03-03 16:31:03 [main] INFO  liquibase.ui - Database is up to date, no changesets to execute
2025-03-03 16:31:03 [main] INFO  liquibase.changelog - Reading from public.databasechangelog
2025-03-03 16:31:03 [main] INFO  liquibase.util - UPDATE SUMMARY
2025-03-03 16:31:03 [main] INFO  liquibase.util - Run:                          0
2025-03-03 16:31:03 [main] INFO  liquibase.util - Previously run:              10
2025-03-03 16:31:03 [main] INFO  liquibase.util - Filtered out:                 0
2025-03-03 16:31:03 [main] INFO  liquibase.util - -------------------------------
2025-03-03 16:31:03 [main] INFO  liquibase.util - Total change sets:           10
2025-03-03 16:31:03 [main] INFO  liquibase.util - Update summary generated
2025-03-03 16:31:03 [testcontainers-ryuk] WARN  o.t.utility.RyukResourceReaper - Can not connect to Ryuk at 172.17.0.1:24628
java.net.ConnectException: Connection refused
	at java.base/sun.nio.ch.Net.pollConnect(Native Method)
	at java.base/sun.nio.ch.Net.pollConnectNow(Net.java:682)
	at java.base/sun.nio.ch.NioSocketImpl.timedFinishConnect(NioSocketImpl.java:542)
	at java.base/sun.nio.ch.NioSocketImpl.connect(NioSocketImpl.java:592)
	at java.base/java.net.SocksSocketImpl.connect(SocksSocketImpl.java:327)
	at java.base/java.net.Socket.connect(Socket.java:751)
	at org.testcontainers.utility.RyukResourceReaper.lambda$null$1(RyukResourceReaper.java:105)
	at org.rnorth.ducttape.ratelimits.RateLimiter.doWhenReady(RateLimiter.java:27)
	at org.testcontainers.utility.RyukResourceReaper.lambda$maybeStart$2(RyukResourceReaper.java:101)
	at java.base/java.lang.Thread.run(Thread.java:1583)
2025-03-03 16:31:03 [main] INFO  liquibase.lockservice - Successfully released change log lock
2025-03-03 16:31:03 [main] INFO  liquibase.command - Command execution complete
2025-03-03 16:31:03 [testcontainers-ryuk] WARN  o.t.utility.RyukResourceReaper - Can not connect to Ryuk at 172.17.0.1:24628
java.net.ConnectException: Connection refused
	at java.base/sun.nio.ch.Net.pollConnect(Native Method)
	at java.base/sun.nio.ch.Net.pollConnectNow(Net.java:682)
	at java.base/sun.nio.ch.NioSocketImpl.timedFinishConnect(NioSocketImpl.java:542)
	at java.base/sun.nio.ch.NioSocketImpl.connect(NioSocketImpl.java:592)
	at java.base/java.net.SocksSocketImpl.connect(SocksSocketImpl.java:327)
	at java.base/java.net.Socket.connect(Socket.java:751)
	at org.testcontainers.utility.RyukResourceReaper.lambda$null$1(RyukResourceReaper.java:105)
	at org.rnorth.ducttape.ratelimits.RateLimiter.doWhenReady(RateLimiter.java:27)
	at org.testcontainers.utility.RyukResourceReaper.lambda$maybeStart$2(RyukResourceReaper.java:101)
	at java.base/java.lang.Thread.run(Thread.java:1583)
2025-03-03 16:31:03 [testcontainers-ryuk] WARN  o.t.utility.RyukResourceReaper - Can not connect to Ryuk at 172.17.0.1:24628
java.net.ConnectException: Connection refused
	at java.base/sun.nio.ch.Net.pollConnect(Native Method)
	at java.base/sun.nio.ch.Net.pollConnectNow(Net.java:682)
	at java.base/sun.nio.ch.NioSocketImpl.timedFinishConnect(NioSocketImpl.java:542)
	at java.base/sun.nio.ch.NioSocketImpl.connect(NioSocketImpl.java:592)
	at java.base/java.net.SocksSocketImpl.connect(SocksSocketImpl.java:327)
	at java.base/java.net.Socket.connect(Socket.java:751)
	at org.testcontainers.utility.RyukResourceReaper.lambda$null$1(RyukResourceReaper.java:105)
	at org.rnorth.ducttape.ratelimits.RateLimiter.doWhenReady(RateLimiter.java:27)
	at org.testcontainers.utility.RyukResourceReaper.lambda$maybeStart$2(RyukResourceReaper.java:101)
	at java.base/java.lang.Thread.run(Thread.java:1583)
2025-03-03 16:31:04 [testcontainers-ryuk] WARN  o.t.utility.RyukResourceReaper - Can not connect to Ryuk at 172.17.0.1:24628
java.net.ConnectException: Connection refused
	at java.base/sun.nio.ch.Net.pollConnect(Native Method)
	at java.base/sun.nio.ch.Net.pollConnectNow(Net.java:682)
	at java.base/sun.nio.ch.NioSocketImpl.timedFinishConnect(NioSocketImpl.java:542)
	at java.base/sun.nio.ch.NioSocketImpl.connect(NioSocketImpl.java:592)
	at java.base/java.net.SocksSocketImpl.connect(SocksSocketImpl.java:327)
	at java.base/java.net.Socket.connect(Socket.java:751)
	at org.testcontainers.utility.RyukResourceReaper.lambda$null$1(RyukResourceReaper.java:105)
	at org.rnorth.ducttape.ratelimits.RateLimiter.doWhenReady(RateLimiter.java:27)
	at org.testcontainers.utility.RyukResourceReaper.lambda$maybeStart$2(RyukResourceReaper.java:101)
	at java.base/java.lang.Thread.run(Thread.java:1583)
2025-03-03 16:31:04 [main] INFO  o.h.jpa.internal.util.LogHelper - HHH000204: Processing PersistenceUnitInfo [name: default]
2025-03-03 16:31:04 [testcontainers-ryuk] WARN  o.t.utility.RyukResourceReaper - Can not connect to Ryuk at 172.17.0.1:24628
java.net.ConnectException: Connection refused
	at java.base/sun.nio.ch.Net.pollConnect(Native Method)
	at java.base/sun.nio.ch.Net.pollConnectNow(Net.java:682)
	at java.base/sun.nio.ch.NioSocketImpl.timedFinishConnect(NioSocketImpl.java:542)
	at java.base/sun.nio.ch.NioSocketImpl.connect(NioSocketImpl.java:592)
	at java.base/java.net.SocksSocketImpl.connect(SocksSocketImpl.java:327)
	at java.base/java.net.Socket.connect(Socket.java:751)
	at org.testcontainers.utility.RyukResourceReaper.lambda$null$1(RyukResourceReaper.java:105)
	at org.rnorth.ducttape.ratelimits.RateLimiter.doWhenReady(RateLimiter.java:27)
	at org.testcontainers.utility.RyukResourceReaper.lambda$maybeStart$2(RyukResourceReaper.java:101)
	at java.base/java.lang.Thread.run(Thread.java:1583)
2025-03-03 16:31:04 [main] INFO  org.hibernate.Version - HHH000412: Hibernate ORM core version 6.5.3.Final
2025-03-03 16:31:04 [testcontainers-ryuk] WARN  o.t.utility.RyukResourceReaper - Can not connect to Ryuk at 172.17.0.1:24628
java.net.ConnectException: Connection refused
	at java.base/sun.nio.ch.Net.pollConnect(Native Method)
	at java.base/sun.nio.ch.Net.pollConnectNow(Net.java:682)
	at java.base/sun.nio.ch.NioSocketImpl.timedFinishConnect(NioSocketImpl.java:542)
	at java.base/sun.nio.ch.NioSocketImpl.connect(NioSocketImpl.java:592)
	at java.base/java.net.SocksSocketImpl.connect(SocksSocketImpl.java:327)
	at java.base/java.net.Socket.connect(Socket.java:751)
	at org.testcontainers.utility.RyukResourceReaper.lambda$null$1(RyukResourceReaper.java:105)
	at org.rnorth.ducttape.ratelimits.RateLimiter.doWhenReady(RateLimiter.java:27)
	at org.testcontainers.utility.RyukResourceReaper.lambda$maybeStart$2(RyukResourceReaper.java:101)
	at java.base/java.lang.Thread.run(Thread.java:1583)
2025-03-03 16:31:04 [main] INFO  o.h.c.i.RegionFactoryInitiator - HHH000026: Second-level cache disabled
2025-03-03 16:31:04 [testcontainers-ryuk] WARN  o.t.utility.RyukResourceReaper - Can not connect to Ryuk at 172.17.0.1:24628
java.net.ConnectException: Connection refused
	at java.base/sun.nio.ch.Net.pollConnect(Native Method)
	at java.base/sun.nio.ch.Net.pollConnectNow(Net.java:682)
	at java.base/sun.nio.ch.NioSocketImpl.timedFinishConnect(NioSocketImpl.java:542)
	at java.base/sun.nio.ch.NioSocketImpl.connect(NioSocketImpl.java:592)
	at java.base/java.net.SocksSocketImpl.connect(SocksSocketImpl.java:327)
	at java.base/java.net.Socket.connect(Socket.java:751)
	at org.testcontainers.utility.RyukResourceReaper.lambda$null$1(RyukResourceReaper.java:105)
	at org.rnorth.ducttape.ratelimits.RateLimiter.doWhenReady(RateLimiter.java:27)
	at org.testcontainers.utility.RyukResourceReaper.lambda$maybeStart$2(RyukResourceReaper.java:101)
	at java.base/java.lang.Thread.run(Thread.java:1583)
2025-03-03 16:31:05 [testcontainers-ryuk] WARN  o.t.utility.RyukResourceReaper - Can not connect to Ryuk at 172.17.0.1:24628
java.net.ConnectException: Connection refused
	at java.base/sun.nio.ch.Net.pollConnect(Native Method)
	at java.base/sun.nio.ch.Net.pollConnectNow(Net.java:682)
	at java.base/sun.nio.ch.NioSocketImpl.timedFinishConnect(NioSocketImpl.java:542)
	at java.base/sun.nio.ch.NioSocketImpl.connect(NioSocketImpl.java:592)
	at java.base/java.net.SocksSocketImpl.connect(SocksSocketImpl.java:327)
	at java.base/java.net.Socket.connect(Socket.java:751)
	at org.testcontainers.utility.RyukResourceReaper.lambda$null$1(RyukResourceReaper.java:105)
	at org.rnorth.ducttape.ratelimits.RateLimiter.doWhenReady(RateLimiter.java:27)
	at org.testcontainers.utility.RyukResourceReaper.lambda$maybeStart$2(RyukResourceReaper.java:101)
	at java.base/java.lang.Thread.run(Thread.java:1583)
2025-03-03 16:31:05 [testcontainers-ryuk] WARN  o.t.utility.RyukResourceReaper - Can not connect to Ryuk at 172.17.0.1:24628
java.net.ConnectException: Connection refused
	at java.base/sun.nio.ch.Net.pollConnect(Native Method)
	at java.base/sun.nio.ch.Net.pollConnectNow(Net.java:682)
	at java.base/sun.nio.ch.NioSocketImpl.timedFinishConnect(NioSocketImpl.java:542)
	at java.base/sun.nio.ch.NioSocketImpl.connect(NioSocketImpl.java:592)
	at java.base/java.net.SocksSocketImpl.connect(SocksSocketImpl.java:327)
	at java.base/java.net.Socket.connect(Socket.java:751)
	at org.testcontainers.utility.RyukResourceReaper.lambda$null$1(RyukResourceReaper.java:105)
	at org.rnorth.ducttape.ratelimits.RateLimiter.doWhenReady(RateLimiter.java:27)
	at org.testcontainers.utility.RyukResourceReaper.lambda$maybeStart$2(RyukResourceReaper.java:101)
	at java.base/java.lang.Thread.run(Thread.java:1583)
2025-03-03 16:31:05 [main] INFO  o.s.o.j.p.SpringPersistenceUnitInfo - No LoadTimeWeaver setup: ignoring JPA class transformer
2025-03-03 16:31:05 [testcontainers-ryuk] WARN  o.t.utility.RyukResourceReaper - Can not connect to Ryuk at 172.17.0.1:24628
java.net.ConnectException: Connection refused
	at java.base/sun.nio.ch.Net.pollConnect(Native Method)
	at java.base/sun.nio.ch.Net.pollConnectNow(Net.java:682)
	at java.base/sun.nio.ch.NioSocketImpl.timedFinishConnect(NioSocketImpl.java:542)
	at java.base/sun.nio.ch.NioSocketImpl.connect(NioSocketImpl.java:592)
	at java.base/java.net.SocksSocketImpl.connect(SocksSocketImpl.java:327)
	at java.base/java.net.Socket.connect(Socket.java:751)
	at org.testcontainers.utility.RyukResourceReaper.lambda$null$1(RyukResourceReaper.java:105)
	at org.rnorth.ducttape.ratelimits.RateLimiter.doWhenReady(RateLimiter.java:27)
	at org.testcontainers.utility.RyukResourceReaper.lambda$maybeStart$2(RyukResourceReaper.java:101)
	at java.base/java.lang.Thread.run(Thread.java:1583)
2025-03-03 16:31:05 [testcontainers-ryuk] WARN  o.t.utility.RyukResourceReaper - Can not connect to Ryuk at 172.17.0.1:24628
java.net.ConnectException: Connection refused
	at java.base/sun.nio.ch.Net.pollConnect(Native Method)
	at java.base/sun.nio.ch.Net.pollConnectNow(Net.java:682)
	at java.base/sun.nio.ch.NioSocketImpl.timedFinishConnect(NioSocketImpl.java:542)
	at java.base/sun.nio.ch.NioSocketImpl.connect(NioSocketImpl.java:592)
	at java.base/java.net.SocksSocketImpl.connect(SocksSocketImpl.java:327)
	at java.base/java.net.Socket.connect(Socket.java:751)
	at org.testcontainers.utility.RyukResourceReaper.lambda$null$1(RyukResourceReaper.java:105)
	at org.rnorth.ducttape.ratelimits.RateLimiter.doWhenReady(RateLimiter.java:27)
	at org.testcontainers.utility.RyukResourceReaper.lambda$maybeStart$2(RyukResourceReaper.java:101)
	at java.base/java.lang.Thread.run(Thread.java:1583)
2025-03-03 16:31:06 [testcontainers-ryuk] WARN  o.t.utility.RyukResourceReaper - Can not connect to Ryuk at 172.17.0.1:24628
java.net.ConnectException: Connection refused
	at java.base/sun.nio.ch.Net.pollConnect(Native Method)
	at java.base/sun.nio.ch.Net.pollConnectNow(Net.java:682)
	at java.base/sun.nio.ch.NioSocketImpl.timedFinishConnect(NioSocketImpl.java:542)
	at java.base/sun.nio.ch.NioSocketImpl.connect(NioSocketImpl.java:592)
	at java.base/java.net.SocksSocketImpl.connect(SocksSocketImpl.java:327)
	at java.base/java.net.Socket.connect(Socket.java:751)
	at org.testcontainers.utility.RyukResourceReaper.lambda$null$1(RyukResourceReaper.java:105)
	at org.rnorth.ducttape.ratelimits.RateLimiter.doWhenReady(RateLimiter.java:27)
	at org.testcontainers.utility.RyukResourceReaper.lambda$maybeStart$2(RyukResourceReaper.java:101)
	at java.base/java.lang.Thread.run(Thread.java:1583)
2025-03-03 16:31:06 [testcontainers-ryuk] WARN  o.t.utility.RyukResourceReaper - Can not connect to Ryuk at 172.17.0.1:24628
java.net.ConnectException: Connection refused
	at java.base/sun.nio.ch.Net.pollConnect(Native Method)
	at java.base/sun.nio.ch.Net.pollConnectNow(Net.java:682)
	at java.base/sun.nio.ch.NioSocketImpl.timedFinishConnect(NioSocketImpl.java:542)
	at java.base/sun.nio.ch.NioSocketImpl.connect(NioSocketImpl.java:592)
	at java.base/java.net.SocksSocketImpl.connect(SocksSocketImpl.java:327)
	at java.base/java.net.Socket.connect(Socket.java:751)
	at org.testcontainers.utility.RyukResourceReaper.lambda$null$1(RyukResourceReaper.java:105)
	at org.rnorth.ducttape.ratelimits.RateLimiter.doWhenReady(RateLimiter.java:27)
	at org.testcontainers.utility.RyukResourceReaper.lambda$maybeStart$2(RyukResourceReaper.java:101)
	at java.base/java.lang.Thread.run(Thread.java:1583)
2025-03-03 16:31:06 [testcontainers-ryuk] WARN  o.t.utility.RyukResourceReaper - Can not connect to Ryuk at 172.17.0.1:24628
java.net.ConnectException: Connection refused
	at java.base/sun.nio.ch.Net.pollConnect(Native Method)
	at java.base/sun.nio.ch.Net.pollConnectNow(Net.java:682)
	at java.base/sun.nio.ch.NioSocketImpl.timedFinishConnect(NioSocketImpl.java:542)
	at java.base/sun.nio.ch.NioSocketImpl.connect(NioSocketImpl.java:592)
	at java.base/java.net.SocksSocketImpl.connect(SocksSocketImpl.java:327)
	at java.base/java.net.Socket.connect(Socket.java:751)
	at org.testcontainers.utility.RyukResourceReaper.lambda$null$1(RyukResourceReaper.java:105)
	at org.rnorth.ducttape.ratelimits.RateLimiter.doWhenReady(RateLimiter.java:27)
	at org.testcontainers.utility.RyukResourceReaper.lambda$maybeStart$2(RyukResourceReaper.java:101)
	at java.base/java.lang.Thread.run(Thread.java:1583)
2025-03-03 16:31:06 [testcontainers-ryuk] WARN  o.t.utility.RyukResourceReaper - Can not connect to Ryuk at 172.17.0.1:24628
java.net.ConnectException: Connection refused
	at java.base/sun.nio.ch.Net.pollConnect(Native Method)
	at java.base/sun.nio.ch.Net.pollConnectNow(Net.java:682)
	at java.base/sun.nio.ch.NioSocketImpl.timedFinishConnect(NioSocketImpl.java:542)
	at java.base/sun.nio.ch.NioSocketImpl.connect(NioSocketImpl.java:592)
	at java.base/java.net.SocksSocketImpl.connect(SocksSocketImpl.java:327)
	at java.base/java.net.Socket.connect(Socket.java:751)
	at org.testcontainers.utility.RyukResourceReaper.lambda$null$1(RyukResourceReaper.java:105)
	at org.rnorth.ducttape.ratelimits.RateLimiter.doWhenReady(RateLimiter.java:27)
	at org.testcontainers.utility.RyukResourceReaper.lambda$maybeStart$2(RyukResourceReaper.java:101)
	at java.base/java.lang.Thread.run(Thread.java:1583)
2025-03-03 16:31:07 [testcontainers-ryuk] WARN  o.t.utility.RyukResourceReaper - Can not connect to Ryuk at 172.17.0.1:24628
java.net.ConnectException: Connection refused
	at java.base/sun.nio.ch.Net.pollConnect(Native Method)
	at java.base/sun.nio.ch.Net.pollConnectNow(Net.java:682)
	at java.base/sun.nio.ch.NioSocketImpl.timedFinishConnect(NioSocketImpl.java:542)
	at java.base/sun.nio.ch.NioSocketImpl.connect(NioSocketImpl.java:592)
	at java.base/java.net.SocksSocketImpl.connect(SocksSocketImpl.java:327)
	at java.base/java.net.Socket.connect(Socket.java:751)
	at org.testcontainers.utility.RyukResourceReaper.lambda$null$1(RyukResourceReaper.java:105)
	at org.rnorth.ducttape.ratelimits.RateLimiter.doWhenReady(RateLimiter.java:27)
	at org.testcontainers.utility.RyukResourceReaper.lambda$maybeStart$2(RyukResourceReaper.java:101)
	at java.base/java.lang.Thread.run(Thread.java:1583)
2025-03-03 16:31:07 [testcontainers-ryuk] WARN  o.t.utility.RyukResourceReaper - Can not connect to Ryuk at 172.17.0.1:24628
java.net.ConnectException: Connection refused
	at java.base/sun.nio.ch.Net.pollConnect(Native Method)
	at java.base/sun.nio.ch.Net.pollConnectNow(Net.java:682)
	at java.base/sun.nio.ch.NioSocketImpl.timedFinishConnect(NioSocketImpl.java:542)
	at java.base/sun.nio.ch.NioSocketImpl.connect(NioSocketImpl.java:592)
	at java.base/java.net.SocksSocketImpl.connect(SocksSocketImpl.java:327)
	at java.base/java.net.Socket.connect(Socket.java:751)
	at org.testcontainers.utility.RyukResourceReaper.lambda$null$1(RyukResourceReaper.java:105)
	at org.rnorth.ducttape.ratelimits.RateLimiter.doWhenReady(RateLimiter.java:27)
	at org.testcontainers.utility.RyukResourceReaper.lambda$maybeStart$2(RyukResourceReaper.java:101)
	at java.base/java.lang.Thread.run(Thread.java:1583)
2025-03-03 16:31:07 [testcontainers-ryuk] WARN  o.t.utility.RyukResourceReaper - Can not connect to Ryuk at 172.17.0.1:24628
java.net.ConnectException: Connection refused
	at java.base/sun.nio.ch.Net.pollConnect(Native Method)
	at java.base/sun.nio.ch.Net.pollConnectNow(Net.java:682)
	at java.base/sun.nio.ch.NioSocketImpl.timedFinishConnect(NioSocketImpl.java:542)
	at java.base/sun.nio.ch.NioSocketImpl.connect(NioSocketImpl.java:592)
	at java.base/java.net.SocksSocketImpl.connect(SocksSocketImpl.java:327)
	at java.base/java.net.Socket.connect(Socket.java:751)
	at org.testcontainers.utility.RyukResourceReaper.lambda$null$1(RyukResourceReaper.java:105)
	at org.rnorth.ducttape.ratelimits.RateLimiter.doWhenReady(RateLimiter.java:27)
	at org.testcontainers.utility.RyukResourceReaper.lambda$maybeStart$2(RyukResourceReaper.java:101)
	at java.base/java.lang.Thread.run(Thread.java:1583)
2025-03-03 16:31:07 [testcontainers-ryuk] WARN  o.t.utility.RyukResourceReaper - Can not connect to Ryuk at 172.17.0.1:24628
java.net.ConnectException: Connection refused
	at java.base/sun.nio.ch.Net.pollConnect(Native Method)
	at java.base/sun.nio.ch.Net.pollConnectNow(Net.java:682)
	at java.base/sun.nio.ch.NioSocketImpl.timedFinishConnect(NioSocketImpl.java:542)
	at java.base/sun.nio.ch.NioSocketImpl.connect(NioSocketImpl.java:592)
	at java.base/java.net.SocksSocketImpl.connect(SocksSocketImpl.java:327)
	at java.base/java.net.Socket.connect(Socket.java:751)
	at org.testcontainers.utility.RyukResourceReaper.lambda$null$1(RyukResourceReaper.java:105)
	at org.rnorth.ducttape.ratelimits.RateLimiter.doWhenReady(RateLimiter.java:27)
	at org.testcontainers.utility.RyukResourceReaper.lambda$maybeStart$2(RyukResourceReaper.java:101)
	at java.base/java.lang.Thread.run(Thread.java:1583)
2025-03-03 16:31:08 [testcontainers-ryuk] WARN  o.t.utility.RyukResourceReaper - Can not connect to Ryuk at 172.17.0.1:24628
java.net.ConnectException: Connection refused
	at java.base/sun.nio.ch.Net.pollConnect(Native Method)
	at java.base/sun.nio.ch.Net.pollConnectNow(Net.java:682)
	at java.base/sun.nio.ch.NioSocketImpl.timedFinishConnect(NioSocketImpl.java:542)
	at java.base/sun.nio.ch.NioSocketImpl.connect(NioSocketImpl.java:592)
	at java.base/java.net.SocksSocketImpl.connect(SocksSocketImpl.java:327)
	at java.base/java.net.Socket.connect(Socket.java:751)
	at org.testcontainers.utility.RyukResourceReaper.lambda$null$1(RyukResourceReaper.java:105)
	at org.rnorth.ducttape.ratelimits.RateLimiter.doWhenReady(RateLimiter.java:27)
	at org.testcontainers.utility.RyukResourceReaper.lambda$maybeStart$2(RyukResourceReaper.java:101)
	at java.base/java.lang.Thread.run(Thread.java:1583)
2025-03-03 16:31:08 [testcontainers-ryuk] WARN  o.t.utility.RyukResourceReaper - Can not connect to Ryuk at 172.17.0.1:24628
java.net.ConnectException: Connection refused
	at java.base/sun.nio.ch.Net.pollConnect(Native Method)
	at java.base/sun.nio.ch.Net.pollConnectNow(Net.java:682)
	at java.base/sun.nio.ch.NioSocketImpl.timedFinishConnect(NioSocketImpl.java:542)
	at java.base/sun.nio.ch.NioSocketImpl.connect(NioSocketImpl.java:592)
	at java.base/java.net.SocksSocketImpl.connect(SocksSocketImpl.java:327)
	at java.base/java.net.Socket.connect(Socket.java:751)
	at org.testcontainers.utility.RyukResourceReaper.lambda$null$1(RyukResourceReaper.java:105)
	at org.rnorth.ducttape.ratelimits.RateLimiter.doWhenReady(RateLimiter.java:27)
	at org.testcontainers.utility.RyukResourceReaper.lambda$maybeStart$2(RyukResourceReaper.java:101)
	at java.base/java.lang.Thread.run(Thread.java:1583)
2025-03-03 16:31:08 [testcontainers-ryuk] WARN  o.t.utility.RyukResourceReaper - Can not connect to Ryuk at 172.17.0.1:24628
java.net.ConnectException: Connection refused
	at java.base/sun.nio.ch.Net.pollConnect(Native Method)
	at java.base/sun.nio.ch.Net.pollConnectNow(Net.java:682)
	at java.base/sun.nio.ch.NioSocketImpl.timedFinishConnect(NioSocketImpl.java:542)
	at java.base/sun.nio.ch.NioSocketImpl.connect(NioSocketImpl.java:592)
	at java.base/java.net.SocksSocketImpl.connect(SocksSocketImpl.java:327)
	at java.base/java.net.Socket.connect(Socket.java:751)
	at org.testcontainers.utility.RyukResourceReaper.lambda$null$1(RyukResourceReaper.java:105)
	at org.rnorth.ducttape.ratelimits.RateLimiter.doWhenReady(RateLimiter.java:27)
	at org.testcontainers.utility.RyukResourceReaper.lambda$maybeStart$2(RyukResourceReaper.java:101)
	at java.base/java.lang.Thread.run(Thread.java:1583)
2025-03-03 16:31:08 [testcontainers-ryuk] WARN  o.t.utility.RyukResourceReaper - Can not connect to Ryuk at 172.17.0.1:24628
java.net.ConnectException: Connection refused
	at java.base/sun.nio.ch.Net.pollConnect(Native Method)
	at java.base/sun.nio.ch.Net.pollConnectNow(Net.java:682)
	at java.base/sun.nio.ch.NioSocketImpl.timedFinishConnect(NioSocketImpl.java:542)
	at java.base/sun.nio.ch.NioSocketImpl.connect(NioSocketImpl.java:592)
	at java.base/java.net.SocksSocketImpl.connect(SocksSocketImpl.java:327)
	at java.base/java.net.Socket.connect(Socket.java:751)
	at org.testcontainers.utility.RyukResourceReaper.lambda$null$1(RyukResourceReaper.java:105)
	at org.rnorth.ducttape.ratelimits.RateLimiter.doWhenReady(RateLimiter.java:27)
	at org.testcontainers.utility.RyukResourceReaper.lambda$maybeStart$2(RyukResourceReaper.java:101)
	at java.base/java.lang.Thread.run(Thread.java:1583)
2025-03-03 16:31:09 [testcontainers-ryuk] WARN  o.t.utility.RyukResourceReaper - Can not connect to Ryuk at 172.17.0.1:24628
java.net.ConnectException: Connection refused
	at java.base/sun.nio.ch.Net.pollConnect(Native Method)
	at java.base/sun.nio.ch.Net.pollConnectNow(Net.java:682)
	at java.base/sun.nio.ch.NioSocketImpl.timedFinishConnect(NioSocketImpl.java:542)
	at java.base/sun.nio.ch.NioSocketImpl.connect(NioSocketImpl.java:592)
	at java.base/java.net.SocksSocketImpl.connect(SocksSocketImpl.java:327)
	at java.base/java.net.Socket.connect(Socket.java:751)
	at org.testcontainers.utility.RyukResourceReaper.lambda$null$1(RyukResourceReaper.java:105)
	at org.rnorth.ducttape.ratelimits.RateLimiter.doWhenReady(RateLimiter.java:27)
	at org.testcontainers.utility.RyukResourceReaper.lambda$maybeStart$2(RyukResourceReaper.java:101)
	at java.base/java.lang.Thread.run(Thread.java:1583)
2025-03-03 16:31:09 [testcontainers-ryuk] WARN  o.t.utility.RyukResourceReaper - Can not connect to Ryuk at 172.17.0.1:24628
java.net.ConnectException: Connection refused
	at java.base/sun.nio.ch.Net.pollConnect(Native Method)
	at java.base/sun.nio.ch.Net.pollConnectNow(Net.java:682)
	at java.base/sun.nio.ch.NioSocketImpl.timedFinishConnect(NioSocketImpl.java:542)
	at java.base/sun.nio.ch.NioSocketImpl.connect(NioSocketImpl.java:592)
	at java.base/java.net.SocksSocketImpl.connect(SocksSocketImpl.java:327)
	at java.base/java.net.Socket.connect(Socket.java:751)
	at org.testcontainers.utility.RyukResourceReaper.lambda$null$1(RyukResourceReaper.java:105)
	at org.rnorth.ducttape.ratelimits.RateLimiter.doWhenReady(RateLimiter.java:27)
	at org.testcontainers.utility.RyukResourceReaper.lambda$maybeStart$2(RyukResourceReaper.java:101)
	at java.base/java.lang.Thread.run(Thread.java:1583)
2025-03-03 16:31:09 [testcontainers-ryuk] WARN  o.t.utility.RyukResourceReaper - Can not connect to Ryuk at 172.17.0.1:24628
java.net.ConnectException: Connection refused
	at java.base/sun.nio.ch.Net.pollConnect(Native Method)
	at java.base/sun.nio.ch.Net.pollConnectNow(Net.java:682)
	at java.base/sun.nio.ch.NioSocketImpl.timedFinishConnect(NioSocketImpl.java:542)
	at java.base/sun.nio.ch.NioSocketImpl.connect(NioSocketImpl.java:592)
	at java.base/java.net.SocksSocketImpl.connect(SocksSocketImpl.java:327)
	at java.base/java.net.Socket.connect(Socket.java:751)
	at org.testcontainers.utility.RyukResourceReaper.lambda$null$1(RyukResourceReaper.java:105)
	at org.rnorth.ducttape.ratelimits.RateLimiter.doWhenReady(RateLimiter.java:27)
	at org.testcontainers.utility.RyukResourceReaper.lambda$maybeStart$2(RyukResourceReaper.java:101)
	at java.base/java.lang.Thread.run(Thread.java:1583)
2025-03-03 16:31:10 [testcontainers-ryuk] WARN  o.t.utility.RyukResourceReaper - Can not connect to Ryuk at 172.17.0.1:24628
java.net.ConnectException: Connection refused
	at java.base/sun.nio.ch.Net.pollConnect(Native Method)
	at java.base/sun.nio.ch.Net.pollConnectNow(Net.java:682)
	at java.base/sun.nio.ch.NioSocketImpl.timedFinishConnect(NioSocketImpl.java:542)
	at java.base/sun.nio.ch.NioSocketImpl.connect(NioSocketImpl.java:592)
	at java.base/java.net.SocksSocketImpl.connect(SocksSocketImpl.java:327)
	at java.base/java.net.Socket.connect(Socket.java:751)
	at org.testcontainers.utility.RyukResourceReaper.lambda$null$1(RyukResourceReaper.java:105)
	at org.rnorth.ducttape.ratelimits.RateLimiter.doWhenReady(RateLimiter.java:27)
	at org.testcontainers.utility.RyukResourceReaper.lambda$maybeStart$2(RyukResourceReaper.java:101)
	at java.base/java.lang.Thread.run(Thread.java:1583)
2025-03-03 16:31:10 [testcontainers-ryuk] WARN  o.t.utility.RyukResourceReaper - Can not connect to Ryuk at 172.17.0.1:24628
java.net.ConnectException: Connection refused
	at java.base/sun.nio.ch.Net.pollConnect(Native Method)
	at java.base/sun.nio.ch.Net.pollConnectNow(Net.java:682)
	at java.base/sun.nio.ch.NioSocketImpl.timedFinishConnect(NioSocketImpl.java:542)
	at java.base/sun.nio.ch.NioSocketImpl.connect(NioSocketImpl.java:592)
	at java.base/java.net.SocksSocketImpl.connect(SocksSocketImpl.java:327)
	at java.base/java.net.Socket.connect(Socket.java:751)
	at org.testcontainers.utility.RyukResourceReaper.lambda$null$1(RyukResourceReaper.java:105)
	at org.rnorth.ducttape.ratelimits.RateLimiter.doWhenReady(RateLimiter.java:27)
	at org.testcontainers.utility.RyukResourceReaper.lambda$maybeStart$2(RyukResourceReaper.java:101)
	at java.base/java.lang.Thread.run(Thread.java:1583)
2025-03-03 16:31:10 [testcontainers-ryuk] WARN  o.t.utility.RyukResourceReaper - Can not connect to Ryuk at 172.17.0.1:24628
java.net.ConnectException: Connection refused
	at java.base/sun.nio.ch.Net.pollConnect(Native Method)
	at java.base/sun.nio.ch.Net.pollConnectNow(Net.java:682)
	at java.base/sun.nio.ch.NioSocketImpl.timedFinishConnect(NioSocketImpl.java:542)
	at java.base/sun.nio.ch.NioSocketImpl.connect(NioSocketImpl.java:592)
	at java.base/java.net.SocksSocketImpl.connect(SocksSocketImpl.java:327)
	at java.base/java.net.Socket.connect(Socket.java:751)
	at org.testcontainers.utility.RyukResourceReaper.lambda$null$1(RyukResourceReaper.java:105)
	at org.rnorth.ducttape.ratelimits.RateLimiter.doWhenReady(RateLimiter.java:27)
	at org.testcontainers.utility.RyukResourceReaper.lambda$maybeStart$2(RyukResourceReaper.java:101)
	at java.base/java.lang.Thread.run(Thread.java:1583)
2025-03-03 16:31:10 [main] INFO  o.h.e.t.j.p.i.JtaPlatformInitiator - HHH000489: No JTA platform available (set 'hibernate.transaction.jta.platform' to enable JTA platform integration)
2025-03-03 16:31:10 [main] INFO  o.s.o.j.LocalContainerEntityManagerFactoryBean - Initialized JPA EntityManagerFactory for persistence unit 'default'
2025-03-03 16:31:10 [testcontainers-ryuk] WARN  o.t.utility.RyukResourceReaper - Can not connect to Ryuk at 172.17.0.1:24628
java.net.ConnectException: Connection refused
	at java.base/sun.nio.ch.Net.pollConnect(Native Method)
	at java.base/sun.nio.ch.Net.pollConnectNow(Net.java:682)
	at java.base/sun.nio.ch.NioSocketImpl.timedFinishConnect(NioSocketImpl.java:542)
	at java.base/sun.nio.ch.NioSocketImpl.connect(NioSocketImpl.java:592)
	at java.base/java.net.SocksSocketImpl.connect(SocksSocketImpl.java:327)
	at java.base/java.net.Socket.connect(Socket.java:751)
	at org.testcontainers.utility.RyukResourceReaper.lambda$null$1(RyukResourceReaper.java:105)
	at org.rnorth.ducttape.ratelimits.RateLimiter.doWhenReady(RateLimiter.java:27)
	at org.testcontainers.utility.RyukResourceReaper.lambda$maybeStart$2(RyukResourceReaper.java:101)
	at java.base/java.lang.Thread.run(Thread.java:1583)
2025-03-03 16:31:11 [testcontainers-ryuk] WARN  o.t.utility.RyukResourceReaper - Can not connect to Ryuk at 172.17.0.1:24628
java.net.ConnectException: Connection refused
	at java.base/sun.nio.ch.Net.pollConnect(Native Method)
	at java.base/sun.nio.ch.Net.pollConnectNow(Net.java:682)
	at java.base/sun.nio.ch.NioSocketImpl.timedFinishConnect(NioSocketImpl.java:542)
	at java.base/sun.nio.ch.NioSocketImpl.connect(NioSocketImpl.java:592)
	at java.base/java.net.SocksSocketImpl.connect(SocksSocketImpl.java:327)
	at java.base/java.net.Socket.connect(Socket.java:751)
	at org.testcontainers.utility.RyukResourceReaper.lambda$null$1(RyukResourceReaper.java:105)
	at org.rnorth.ducttape.ratelimits.RateLimiter.doWhenReady(RateLimiter.java:27)
	at org.testcontainers.utility.RyukResourceReaper.lambda$maybeStart$2(RyukResourceReaper.java:101)
	at java.base/java.lang.Thread.run(Thread.java:1583)
2025-03-03 16:31:11 [testcontainers-ryuk] WARN  o.t.utility.RyukResourceReaper - Can not connect to Ryuk at 172.17.0.1:24628
java.net.ConnectException: Connection refused
	at java.base/sun.nio.ch.Net.pollConnect(Native Method)
	at java.base/sun.nio.ch.Net.pollConnectNow(Net.java:682)
	at java.base/sun.nio.ch.NioSocketImpl.timedFinishConnect(NioSocketImpl.java:542)
	at java.base/sun.nio.ch.NioSocketImpl.connect(NioSocketImpl.java:592)
	at java.base/java.net.SocksSocketImpl.connect(SocksSocketImpl.java:327)
	at java.base/java.net.Socket.connect(Socket.java:751)
	at org.testcontainers.utility.RyukResourceReaper.lambda$null$1(RyukResourceReaper.java:105)
	at org.rnorth.ducttape.ratelimits.RateLimiter.doWhenReady(RateLimiter.java:27)
	at org.testcontainers.utility.RyukResourceReaper.lambda$maybeStart$2(RyukResourceReaper.java:101)
	at java.base/java.lang.Thread.run(Thread.java:1583)
2025-03-03 16:31:11 [testcontainers-ryuk] WARN  o.t.utility.RyukResourceReaper - Can not connect to Ryuk at 172.17.0.1:24628
java.net.ConnectException: Connection refused
	at java.base/sun.nio.ch.Net.pollConnect(Native Method)
	at java.base/sun.nio.ch.Net.pollConnectNow(Net.java:682)
	at java.base/sun.nio.ch.NioSocketImpl.timedFinishConnect(NioSocketImpl.java:542)
	at java.base/sun.nio.ch.NioSocketImpl.connect(NioSocketImpl.java:592)
	at java.base/java.net.SocksSocketImpl.connect(SocksSocketImpl.java:327)
	at java.base/java.net.Socket.connect(Socket.java:751)
	at org.testcontainers.utility.RyukResourceReaper.lambda$null$1(RyukResourceReaper.java:105)
	at org.rnorth.ducttape.ratelimits.RateLimiter.doWhenReady(RateLimiter.java:27)
	at org.testcontainers.utility.RyukResourceReaper.lambda$maybeStart$2(RyukResourceReaper.java:101)
	at java.base/java.lang.Thread.run(Thread.java:1583)
2025-03-03 16:31:11 [testcontainers-ryuk] WARN  o.t.utility.RyukResourceReaper - Can not connect to Ryuk at 172.17.0.1:24628
java.net.ConnectException: Connection refused
	at java.base/sun.nio.ch.Net.pollConnect(Native Method)
	at java.base/sun.nio.ch.Net.pollConnectNow(Net.java:682)
	at java.base/sun.nio.ch.NioSocketImpl.timedFinishConnect(NioSocketImpl.java:542)
	at java.base/sun.nio.ch.NioSocketImpl.connect(NioSocketImpl.java:592)
	at java.base/java.net.SocksSocketImpl.connect(SocksSocketImpl.java:327)
	at java.base/java.net.Socket.connect(Socket.java:751)
	at org.testcontainers.utility.RyukResourceReaper.lambda$null$1(RyukResourceReaper.java:105)
	at org.rnorth.ducttape.ratelimits.RateLimiter.doWhenReady(RateLimiter.java:27)
	at org.testcontainers.utility.RyukResourceReaper.lambda$maybeStart$2(RyukResourceReaper.java:101)
	at java.base/java.lang.Thread.run(Thread.java:1583)
2025-03-03 16:31:12 [testcontainers-ryuk] WARN  o.t.utility.RyukResourceReaper - Can not connect to Ryuk at 172.17.0.1:24628
java.net.ConnectException: Connection refused
	at java.base/sun.nio.ch.Net.pollConnect(Native Method)
	at java.base/sun.nio.ch.Net.pollConnectNow(Net.java:682)
	at java.base/sun.nio.ch.NioSocketImpl.timedFinishConnect(NioSocketImpl.java:542)
	at java.base/sun.nio.ch.NioSocketImpl.connect(NioSocketImpl.java:592)
	at java.base/java.net.SocksSocketImpl.connect(SocksSocketImpl.java:327)
	at java.base/java.net.Socket.connect(Socket.java:751)
	at org.testcontainers.utility.RyukResourceReaper.lambda$null$1(RyukResourceReaper.java:105)
	at org.rnorth.ducttape.ratelimits.RateLimiter.doWhenReady(RateLimiter.java:27)
	at org.testcontainers.utility.RyukResourceReaper.lambda$maybeStart$2(RyukResourceReaper.java:101)
	at java.base/java.lang.Thread.run(Thread.java:1583)
2025-03-03 16:31:12 [testcontainers-ryuk] WARN  o.t.utility.RyukResourceReaper - Can not connect to Ryuk at 172.17.0.1:24628
java.net.ConnectException: Connection refused
	at java.base/sun.nio.ch.Net.pollConnect(Native Method)
	at java.base/sun.nio.ch.Net.pollConnectNow(Net.java:682)
	at java.base/sun.nio.ch.NioSocketImpl.timedFinishConnect(NioSocketImpl.java:542)
	at java.base/sun.nio.ch.NioSocketImpl.connect(NioSocketImpl.java:592)
	at java.base/java.net.SocksSocketImpl.connect(SocksSocketImpl.java:327)
	at java.base/java.net.Socket.connect(Socket.java:751)
	at org.testcontainers.utility.RyukResourceReaper.lambda$null$1(RyukResourceReaper.java:105)
	at org.rnorth.ducttape.ratelimits.RateLimiter.doWhenReady(RateLimiter.java:27)
	at org.testcontainers.utility.RyukResourceReaper.lambda$maybeStart$2(RyukResourceReaper.java:101)
	at java.base/java.lang.Thread.run(Thread.java:1583)
2025-03-03 16:31:12 [main] INFO  o.s.s.c.a.a.c.InitializeAuthenticationProviderBeanManagerConfigurer$InitializeAuthenticationProviderManagerConfigurer - Global AuthenticationManager configured with AuthenticationProvider bean with name authenticationProvider
2025-03-03 16:31:12 [main] WARN  o.s.s.c.a.a.c.InitializeUserDetailsBeanManagerConfigurer$InitializeUserDetailsManagerConfigurer - Global AuthenticationManager configured with an AuthenticationProvider bean. UserDetailsService beans will not be used for username/password login. Consider removing the AuthenticationProvider bean. Alternatively, consider using the UserDetailsService in a manually instantiated DaoAuthenticationProvider.
2025-03-03 16:31:12 [testcontainers-ryuk] WARN  o.t.utility.RyukResourceReaper - Can not connect to Ryuk at 172.17.0.1:24628
java.net.ConnectException: Connection refused
	at java.base/sun.nio.ch.Net.pollConnect(Native Method)
	at java.base/sun.nio.ch.Net.pollConnectNow(Net.java:682)
	at java.base/sun.nio.ch.NioSocketImpl.timedFinishConnect(NioSocketImpl.java:542)
	at java.base/sun.nio.ch.NioSocketImpl.connect(NioSocketImpl.java:592)
	at java.base/java.net.SocksSocketImpl.connect(SocksSocketImpl.java:327)
	at java.base/java.net.Socket.connect(Socket.java:751)
	at org.testcontainers.utility.RyukResourceReaper.lambda$null$1(RyukResourceReaper.java:105)
	at org.rnorth.ducttape.ratelimits.RateLimiter.doWhenReady(RateLimiter.java:27)
	at org.testcontainers.utility.RyukResourceReaper.lambda$maybeStart$2(RyukResourceReaper.java:101)
	at java.base/java.lang.Thread.run(Thread.java:1583)
2025-03-03 16:31:12 [main] INFO  o.s.d.j.r.query.QueryEnhancerFactory - Hibernate is in classpath; If applicable, HQL parser will be used.
2025-03-03 16:31:12 [testcontainers-ryuk] WARN  o.t.utility.RyukResourceReaper - Can not connect to Ryuk at 172.17.0.1:24628
java.net.ConnectException: Connection refused
	at java.base/sun.nio.ch.Net.pollConnect(Native Method)
	at java.base/sun.nio.ch.Net.pollConnectNow(Net.java:682)
	at java.base/sun.nio.ch.NioSocketImpl.timedFinishConnect(NioSocketImpl.java:542)
	at java.base/sun.nio.ch.NioSocketImpl.connect(NioSocketImpl.java:592)
	at java.base/java.net.SocksSocketImpl.connect(SocksSocketImpl.java:327)
	at java.base/java.net.Socket.connect(Socket.java:751)
	at org.testcontainers.utility.RyukResourceReaper.lambda$null$1(RyukResourceReaper.java:105)
	at org.rnorth.ducttape.ratelimits.RateLimiter.doWhenReady(RateLimiter.java:27)
	at org.testcontainers.utility.RyukResourceReaper.lambda$maybeStart$2(RyukResourceReaper.java:101)
	at java.base/java.lang.Thread.run(Thread.java:1583)
2025-03-03 16:31:13 [testcontainers-ryuk] WARN  o.t.utility.RyukResourceReaper - Can not connect to Ryuk at 172.17.0.1:24628
java.net.ConnectException: Connection refused
	at java.base/sun.nio.ch.Net.pollConnect(Native Method)
	at java.base/sun.nio.ch.Net.pollConnectNow(Net.java:682)
	at java.base/sun.nio.ch.NioSocketImpl.timedFinishConnect(NioSocketImpl.java:542)
	at java.base/sun.nio.ch.NioSocketImpl.connect(NioSocketImpl.java:592)
	at java.base/java.net.SocksSocketImpl.connect(SocksSocketImpl.java:327)
	at java.base/java.net.Socket.connect(Socket.java:751)
	at org.testcontainers.utility.RyukResourceReaper.lambda$null$1(RyukResourceReaper.java:105)
	at org.rnorth.ducttape.ratelimits.RateLimiter.doWhenReady(RateLimiter.java:27)
	at org.testcontainers.utility.RyukResourceReaper.lambda$maybeStart$2(RyukResourceReaper.java:101)
	at java.base/java.lang.Thread.run(Thread.java:1583)
2025-03-03 16:31:13 [testcontainers-ryuk] WARN  o.t.utility.RyukResourceReaper - Can not connect to Ryuk at 172.17.0.1:24628
java.net.ConnectException: Connection refused
	at java.base/sun.nio.ch.Net.pollConnect(Native Method)
	at java.base/sun.nio.ch.Net.pollConnectNow(Net.java:682)
	at java.base/sun.nio.ch.NioSocketImpl.timedFinishConnect(NioSocketImpl.java:542)
	at java.base/sun.nio.ch.NioSocketImpl.connect(NioSocketImpl.java:592)
	at java.base/java.net.SocksSocketImpl.connect(SocksSocketImpl.java:327)
	at java.base/java.net.Socket.connect(Socket.java:751)
	at org.testcontainers.utility.RyukResourceReaper.lambda$null$1(RyukResourceReaper.java:105)
	at org.rnorth.ducttape.ratelimits.RateLimiter.doWhenReady(RateLimiter.java:27)
	at org.testcontainers.utility.RyukResourceReaper.lambda$maybeStart$2(RyukResourceReaper.java:101)
	at java.base/java.lang.Thread.run(Thread.java:1583)
2025-03-03 16:31:13 [testcontainers-ryuk] WARN  o.t.utility.RyukResourceReaper - Can not connect to Ryuk at 172.17.0.1:24628
java.net.ConnectException: Connection refused
	at java.base/sun.nio.ch.Net.pollConnect(Native Method)
	at java.base/sun.nio.ch.Net.pollConnectNow(Net.java:682)
	at java.base/sun.nio.ch.NioSocketImpl.timedFinishConnect(NioSocketImpl.java:542)
	at java.base/sun.nio.ch.NioSocketImpl.connect(NioSocketImpl.java:592)
	at java.base/java.net.SocksSocketImpl.connect(SocksSocketImpl.java:327)
	at java.base/java.net.Socket.connect(Socket.java:751)
	at org.testcontainers.utility.RyukResourceReaper.lambda$null$1(RyukResourceReaper.java:105)
	at org.rnorth.ducttape.ratelimits.RateLimiter.doWhenReady(RateLimiter.java:27)
	at org.testcontainers.utility.RyukResourceReaper.lambda$maybeStart$2(RyukResourceReaper.java:101)
	at java.base/java.lang.Thread.run(Thread.java:1583)
2025-03-03 16:31:13 [testcontainers-ryuk] WARN  o.t.utility.RyukResourceReaper - Can not connect to Ryuk at 172.17.0.1:24628
java.net.ConnectException: Connection refused
	at java.base/sun.nio.ch.Net.pollConnect(Native Method)
	at java.base/sun.nio.ch.Net.pollConnectNow(Net.java:682)
	at java.base/sun.nio.ch.NioSocketImpl.timedFinishConnect(NioSocketImpl.java:542)
	at java.base/sun.nio.ch.NioSocketImpl.connect(NioSocketImpl.java:592)
	at java.base/java.net.SocksSocketImpl.connect(SocksSocketImpl.java:327)
	at java.base/java.net.Socket.connect(Socket.java:751)
	at org.testcontainers.utility.RyukResourceReaper.lambda$null$1(RyukResourceReaper.java:105)
	at org.rnorth.ducttape.ratelimits.RateLimiter.doWhenReady(RateLimiter.java:27)
	at org.testcontainers.utility.RyukResourceReaper.lambda$maybeStart$2(RyukResourceReaper.java:101)
	at java.base/java.lang.Thread.run(Thread.java:1583)
2025-03-03 16:31:14 [testcontainers-ryuk] WARN  o.t.utility.RyukResourceReaper - Can not connect to Ryuk at 172.17.0.1:24628
java.net.ConnectException: Connection refused
	at java.base/sun.nio.ch.Net.pollConnect(Native Method)
	at java.base/sun.nio.ch.Net.pollConnectNow(Net.java:682)
	at java.base/sun.nio.ch.NioSocketImpl.timedFinishConnect(NioSocketImpl.java:542)
	at java.base/sun.nio.ch.NioSocketImpl.connect(NioSocketImpl.java:592)
	at java.base/java.net.SocksSocketImpl.connect(SocksSocketImpl.java:327)
	at java.base/java.net.Socket.connect(Socket.java:751)
	at org.testcontainers.utility.RyukResourceReaper.lambda$null$1(RyukResourceReaper.java:105)
	at org.rnorth.ducttape.ratelimits.RateLimiter.doWhenReady(RateLimiter.java:27)
	at org.testcontainers.utility.RyukResourceReaper.lambda$maybeStart$2(RyukResourceReaper.java:101)
	at java.base/java.lang.Thread.run(Thread.java:1583)
2025-03-03 16:31:14 [testcontainers-ryuk] WARN  o.t.utility.RyukResourceReaper - Can not connect to Ryuk at 172.17.0.1:24628
java.net.ConnectException: Connection refused
	at java.base/sun.nio.ch.Net.pollConnect(Native Method)
	at java.base/sun.nio.ch.Net.pollConnectNow(Net.java:682)
	at java.base/sun.nio.ch.NioSocketImpl.timedFinishConnect(NioSocketImpl.java:542)
	at java.base/sun.nio.ch.NioSocketImpl.connect(NioSocketImpl.java:592)
	at java.base/java.net.SocksSocketImpl.connect(SocksSocketImpl.java:327)
	at java.base/java.net.Socket.connect(Socket.java:751)
	at org.testcontainers.utility.RyukResourceReaper.lambda$null$1(RyukResourceReaper.java:105)
	at org.rnorth.ducttape.ratelimits.RateLimiter.doWhenReady(RateLimiter.java:27)
	at org.testcontainers.utility.RyukResourceReaper.lambda$maybeStart$2(RyukResourceReaper.java:101)
	at java.base/java.lang.Thread.run(Thread.java:1583)
2025-03-03 16:31:14 [testcontainers-ryuk] WARN  o.t.utility.RyukResourceReaper - Can not connect to Ryuk at 172.17.0.1:24628
java.net.ConnectException: Connection refused
	at java.base/sun.nio.ch.Net.pollConnect(Native Method)
	at java.base/sun.nio.ch.Net.pollConnectNow(Net.java:682)
	at java.base/sun.nio.ch.NioSocketImpl.timedFinishConnect(NioSocketImpl.java:542)
	at java.base/sun.nio.ch.NioSocketImpl.connect(NioSocketImpl.java:592)
	at java.base/java.net.SocksSocketImpl.connect(SocksSocketImpl.java:327)
	at java.base/java.net.Socket.connect(Socket.java:751)
	at org.testcontainers.utility.RyukResourceReaper.lambda$null$1(RyukResourceReaper.java:105)
	at org.rnorth.ducttape.ratelimits.RateLimiter.doWhenReady(RateLimiter.java:27)
	at org.testcontainers.utility.RyukResourceReaper.lambda$maybeStart$2(RyukResourceReaper.java:101)
	at java.base/java.lang.Thread.run(Thread.java:1583)
2025-03-03 16:31:14 [testcontainers-ryuk] WARN  o.t.utility.RyukResourceReaper - Can not connect to Ryuk at 172.17.0.1:24628
java.net.ConnectException: Connection refused
	at java.base/sun.nio.ch.Net.pollConnect(Native Method)
	at java.base/sun.nio.ch.Net.pollConnectNow(Net.java:682)
	at java.base/sun.nio.ch.NioSocketImpl.timedFinishConnect(NioSocketImpl.java:542)
	at java.base/sun.nio.ch.NioSocketImpl.connect(NioSocketImpl.java:592)
	at java.base/java.net.SocksSocketImpl.connect(SocksSocketImpl.java:327)
	at java.base/java.net.Socket.connect(Socket.java:751)
	at org.testcontainers.utility.RyukResourceReaper.lambda$null$1(RyukResourceReaper.java:105)
	at org.rnorth.ducttape.ratelimits.RateLimiter.doWhenReady(RateLimiter.java:27)
	at org.testcontainers.utility.RyukResourceReaper.lambda$maybeStart$2(RyukResourceReaper.java:101)
	at java.base/java.lang.Thread.run(Thread.java:1583)
2025-03-03 16:31:15 [testcontainers-ryuk] WARN  o.t.utility.RyukResourceReaper - Can not connect to Ryuk at 172.17.0.1:24628
java.net.ConnectException: Connection refused
	at java.base/sun.nio.ch.Net.pollConnect(Native Method)
	at java.base/sun.nio.ch.Net.pollConnectNow(Net.java:682)
	at java.base/sun.nio.ch.NioSocketImpl.timedFinishConnect(NioSocketImpl.java:542)
	at java.base/sun.nio.ch.NioSocketImpl.connect(NioSocketImpl.java:592)
	at java.base/java.net.SocksSocketImpl.connect(SocksSocketImpl.java:327)
	at java.base/java.net.Socket.connect(Socket.java:751)
	at org.testcontainers.utility.RyukResourceReaper.lambda$null$1(RyukResourceReaper.java:105)
	at org.rnorth.ducttape.ratelimits.RateLimiter.doWhenReady(RateLimiter.java:27)
	at org.testcontainers.utility.RyukResourceReaper.lambda$maybeStart$2(RyukResourceReaper.java:101)
	at java.base/java.lang.Thread.run(Thread.java:1583)
2025-03-03 16:31:15 [testcontainers-ryuk] WARN  o.t.utility.RyukResourceReaper - Can not connect to Ryuk at 172.17.0.1:24628
java.net.ConnectException: Connection refused
	at java.base/sun.nio.ch.Net.pollConnect(Native Method)
	at java.base/sun.nio.ch.Net.pollConnectNow(Net.java:682)
	at java.base/sun.nio.ch.NioSocketImpl.timedFinishConnect(NioSocketImpl.java:542)
	at java.base/sun.nio.ch.NioSocketImpl.connect(NioSocketImpl.java:592)
	at java.base/java.net.SocksSocketImpl.connect(SocksSocketImpl.java:327)
	at java.base/java.net.Socket.connect(Socket.java:751)
	at org.testcontainers.utility.RyukResourceReaper.lambda$null$1(RyukResourceReaper.java:105)
	at org.rnorth.ducttape.ratelimits.RateLimiter.doWhenReady(RateLimiter.java:27)
	at org.testcontainers.utility.RyukResourceReaper.lambda$maybeStart$2(RyukResourceReaper.java:101)
	at java.base/java.lang.Thread.run(Thread.java:1583)
2025-03-03 16:31:15 [testcontainers-ryuk] WARN  o.t.utility.RyukResourceReaper - Can not connect to Ryuk at 172.17.0.1:24628
java.net.ConnectException: Connection refused
	at java.base/sun.nio.ch.Net.pollConnect(Native Method)
	at java.base/sun.nio.ch.Net.pollConnectNow(Net.java:682)
	at java.base/sun.nio.ch.NioSocketImpl.timedFinishConnect(NioSocketImpl.java:542)
	at java.base/sun.nio.ch.NioSocketImpl.connect(NioSocketImpl.java:592)
	at java.base/java.net.SocksSocketImpl.connect(SocksSocketImpl.java:327)
	at java.base/java.net.Socket.connect(Socket.java:751)
	at org.testcontainers.utility.RyukResourceReaper.lambda$null$1(RyukResourceReaper.java:105)
	at org.rnorth.ducttape.ratelimits.RateLimiter.doWhenReady(RateLimiter.java:27)
	at org.testcontainers.utility.RyukResourceReaper.lambda$maybeStart$2(RyukResourceReaper.java:101)
	at java.base/java.lang.Thread.run(Thread.java:1583)
2025-03-03 16:31:15 [testcontainers-ryuk] WARN  o.t.utility.RyukResourceReaper - Can not connect to Ryuk at 172.17.0.1:24628
java.net.ConnectException: Connection refused
	at java.base/sun.nio.ch.Net.pollConnect(Native Method)
	at java.base/sun.nio.ch.Net.pollConnectNow(Net.java:682)
	at java.base/sun.nio.ch.NioSocketImpl.timedFinishConnect(NioSocketImpl.java:542)
	at java.base/sun.nio.ch.NioSocketImpl.connect(NioSocketImpl.java:592)
	at java.base/java.net.SocksSocketImpl.connect(SocksSocketImpl.java:327)
	at java.base/java.net.Socket.connect(Socket.java:751)
	at org.testcontainers.utility.RyukResourceReaper.lambda$null$1(RyukResourceReaper.java:105)
	at org.rnorth.ducttape.ratelimits.RateLimiter.doWhenReady(RateLimiter.java:27)
	at org.testcontainers.utility.RyukResourceReaper.lambda$maybeStart$2(RyukResourceReaper.java:101)
	at java.base/java.lang.Thread.run(Thread.java:1583)
2025-03-03 16:31:16 [testcontainers-ryuk] WARN  o.t.utility.RyukResourceReaper - Can not connect to Ryuk at 172.17.0.1:24628
java.net.ConnectException: Connection refused
	at java.base/sun.nio.ch.Net.pollConnect(Native Method)
	at java.base/sun.nio.ch.Net.pollConnectNow(Net.java:682)
	at java.base/sun.nio.ch.NioSocketImpl.timedFinishConnect(NioSocketImpl.java:542)
	at java.base/sun.nio.ch.NioSocketImpl.connect(NioSocketImpl.java:592)
	at java.base/java.net.SocksSocketImpl.connect(SocksSocketImpl.java:327)
	at java.base/java.net.Socket.connect(Socket.java:751)
	at org.testcontainers.utility.RyukResourceReaper.lambda$null$1(RyukResourceReaper.java:105)
	at org.rnorth.ducttape.ratelimits.RateLimiter.doWhenReady(RateLimiter.java:27)
	at org.testcontainers.utility.RyukResourceReaper.lambda$maybeStart$2(RyukResourceReaper.java:101)
	at java.base/java.lang.Thread.run(Thread.java:1583)
2025-03-03 16:31:16 [testcontainers-ryuk] WARN  o.t.utility.RyukResourceReaper - Can not connect to Ryuk at 172.17.0.1:24628
java.net.ConnectException: Connection refused
	at java.base/sun.nio.ch.Net.pollConnect(Native Method)
	at java.base/sun.nio.ch.Net.pollConnectNow(Net.java:682)
	at java.base/sun.nio.ch.NioSocketImpl.timedFinishConnect(NioSocketImpl.java:542)
	at java.base/sun.nio.ch.NioSocketImpl.connect(NioSocketImpl.java:592)
	at java.base/java.net.SocksSocketImpl.connect(SocksSocketImpl.java:327)
	at java.base/java.net.Socket.connect(Socket.java:751)
	at org.testcontainers.utility.RyukResourceReaper.lambda$null$1(RyukResourceReaper.java:105)
	at org.rnorth.ducttape.ratelimits.RateLimiter.doWhenReady(RateLimiter.java:27)
	at org.testcontainers.utility.RyukResourceReaper.lambda$maybeStart$2(RyukResourceReaper.java:101)
	at java.base/java.lang.Thread.run(Thread.java:1583)
2025-03-03 16:31:16 [main] WARN  o.s.b.a.o.j.JpaBaseConfiguration$JpaWebConfiguration - spring.jpa.open-in-view is enabled by default. Therefore, database queries may be performed during view rendering. Explicitly configure spring.jpa.open-in-view to disable this warning
2025-03-03 16:31:16 [testcontainers-ryuk] WARN  o.t.utility.RyukResourceReaper - Can not connect to Ryuk at 172.17.0.1:24628
java.net.ConnectException: Connection refused
	at java.base/sun.nio.ch.Net.pollConnect(Native Method)
	at java.base/sun.nio.ch.Net.pollConnectNow(Net.java:682)
	at java.base/sun.nio.ch.NioSocketImpl.timedFinishConnect(NioSocketImpl.java:549)
	at java.base/sun.nio.ch.NioSocketImpl.connect(NioSocketImpl.java:592)
	at java.base/java.net.SocksSocketImpl.connect(SocksSocketImpl.java:327)
	at java.base/java.net.Socket.connect(Socket.java:751)
	at org.testcontainers.utility.RyukResourceReaper.lambda$null$1(RyukResourceReaper.java:105)
	at org.rnorth.ducttape.ratelimits.RateLimiter.doWhenReady(RateLimiter.java:27)
	at org.testcontainers.utility.RyukResourceReaper.lambda$maybeStart$2(RyukResourceReaper.java:101)
	at java.base/java.lang.Thread.run(Thread.java:1583)
2025-03-03 16:31:16 [testcontainers-ryuk] WARN  o.t.utility.RyukResourceReaper - Can not connect to Ryuk at 172.17.0.1:24628
java.net.ConnectException: Connection refused
	at java.base/sun.nio.ch.Net.pollConnect(Native Method)
	at java.base/sun.nio.ch.Net.pollConnectNow(Net.java:682)
	at java.base/sun.nio.ch.NioSocketImpl.timedFinishConnect(NioSocketImpl.java:542)
	at java.base/sun.nio.ch.NioSocketImpl.connect(NioSocketImpl.java:592)
	at java.base/java.net.SocksSocketImpl.connect(SocksSocketImpl.java:327)
	at java.base/java.net.Socket.connect(Socket.java:751)
	at org.testcontainers.utility.RyukResourceReaper.lambda$null$1(RyukResourceReaper.java:105)
	at org.rnorth.ducttape.ratelimits.RateLimiter.doWhenReady(RateLimiter.java:27)
	at org.testcontainers.utility.RyukResourceReaper.lambda$maybeStart$2(RyukResourceReaper.java:101)
	at java.base/java.lang.Thread.run(Thread.java:1583)
2025-03-03 16:31:17 [testcontainers-ryuk] WARN  o.t.utility.RyukResourceReaper - Can not connect to Ryuk at 172.17.0.1:24628
java.net.ConnectException: Connection refused
	at java.base/sun.nio.ch.Net.pollConnect(Native Method)
	at java.base/sun.nio.ch.Net.pollConnectNow(Net.java:682)
	at java.base/sun.nio.ch.NioSocketImpl.timedFinishConnect(NioSocketImpl.java:542)
	at java.base/sun.nio.ch.NioSocketImpl.connect(NioSocketImpl.java:592)
	at java.base/java.net.SocksSocketImpl.connect(SocksSocketImpl.java:327)
	at java.base/java.net.Socket.connect(Socket.java:751)
	at org.testcontainers.utility.RyukResourceReaper.lambda$null$1(RyukResourceReaper.java:105)
	at org.rnorth.ducttape.ratelimits.RateLimiter.doWhenReady(RateLimiter.java:27)
	at org.testcontainers.utility.RyukResourceReaper.lambda$maybeStart$2(RyukResourceReaper.java:101)
	at java.base/java.lang.Thread.run(Thread.java:1583)
2025-03-03 16:31:17 [testcontainers-ryuk] WARN  o.t.utility.RyukResourceReaper - Can not connect to Ryuk at 172.17.0.1:24628
java.net.ConnectException: Connection refused
	at java.base/sun.nio.ch.Net.pollConnect(Native Method)
	at java.base/sun.nio.ch.Net.pollConnectNow(Net.java:682)
	at java.base/sun.nio.ch.NioSocketImpl.timedFinishConnect(NioSocketImpl.java:542)
	at java.base/sun.nio.ch.NioSocketImpl.connect(NioSocketImpl.java:592)
	at java.base/java.net.SocksSocketImpl.connect(SocksSocketImpl.java:327)
	at java.base/java.net.Socket.connect(Socket.java:751)
	at org.testcontainers.utility.RyukResourceReaper.lambda$null$1(RyukResourceReaper.java:105)
	at org.rnorth.ducttape.ratelimits.RateLimiter.doWhenReady(RateLimiter.java:27)
	at org.testcontainers.utility.RyukResourceReaper.lambda$maybeStart$2(RyukResourceReaper.java:101)
	at java.base/java.lang.Thread.run(Thread.java:1583)
2025-03-03 16:31:17 [testcontainers-ryuk] WARN  o.t.utility.RyukResourceReaper - Can not connect to Ryuk at 172.17.0.1:24628
java.net.ConnectException: Connection refused
	at java.base/sun.nio.ch.Net.pollConnect(Native Method)
	at java.base/sun.nio.ch.Net.pollConnectNow(Net.java:682)
	at java.base/sun.nio.ch.NioSocketImpl.timedFinishConnect(NioSocketImpl.java:542)
	at java.base/sun.nio.ch.NioSocketImpl.connect(NioSocketImpl.java:592)
	at java.base/java.net.SocksSocketImpl.connect(SocksSocketImpl.java:327)
	at java.base/java.net.Socket.connect(Socket.java:751)
	at org.testcontainers.utility.RyukResourceReaper.lambda$null$1(RyukResourceReaper.java:105)
	at org.rnorth.ducttape.ratelimits.RateLimiter.doWhenReady(RateLimiter.java:27)
	at org.testcontainers.utility.RyukResourceReaper.lambda$maybeStart$2(RyukResourceReaper.java:101)
	at java.base/java.lang.Thread.run(Thread.java:1583)
2025-03-03 16:31:17 [testcontainers-ryuk] WARN  o.t.utility.RyukResourceReaper - Can not connect to Ryuk at 172.17.0.1:24628
java.net.ConnectException: Connection refused
	at java.base/sun.nio.ch.Net.pollConnect(Native Method)
	at java.base/sun.nio.ch.Net.pollConnectNow(Net.java:682)
	at java.base/sun.nio.ch.NioSocketImpl.timedFinishConnect(NioSocketImpl.java:542)
	at java.base/sun.nio.ch.NioSocketImpl.connect(NioSocketImpl.java:592)
	at java.base/java.net.SocksSocketImpl.connect(SocksSocketImpl.java:327)
	at java.base/java.net.Socket.connect(Socket.java:751)
	at org.testcontainers.utility.RyukResourceReaper.lambda$null$1(RyukResourceReaper.java:105)
	at org.rnorth.ducttape.ratelimits.RateLimiter.doWhenReady(RateLimiter.java:27)
	at org.testcontainers.utility.RyukResourceReaper.lambda$maybeStart$2(RyukResourceReaper.java:101)
	at java.base/java.lang.Thread.run(Thread.java:1583)
2025-03-03 16:31:18 [testcontainers-ryuk] WARN  o.t.utility.RyukResourceReaper - Can not connect to Ryuk at 172.17.0.1:24628
java.net.ConnectException: Connection refused
	at java.base/sun.nio.ch.Net.pollConnect(Native Method)
	at java.base/sun.nio.ch.Net.pollConnectNow(Net.java:682)
	at java.base/sun.nio.ch.NioSocketImpl.timedFinishConnect(NioSocketImpl.java:542)
	at java.base/sun.nio.ch.NioSocketImpl.connect(NioSocketImpl.java:592)
	at java.base/java.net.SocksSocketImpl.connect(SocksSocketImpl.java:327)
	at java.base/java.net.Socket.connect(Socket.java:751)
	at org.testcontainers.utility.RyukResourceReaper.lambda$null$1(RyukResourceReaper.java:105)
	at org.rnorth.ducttape.ratelimits.RateLimiter.doWhenReady(RateLimiter.java:27)
	at org.testcontainers.utility.RyukResourceReaper.lambda$maybeStart$2(RyukResourceReaper.java:101)
	at java.base/java.lang.Thread.run(Thread.java:1583)
2025-03-03 16:31:18 [testcontainers-ryuk] WARN  o.t.utility.RyukResourceReaper - Can not connect to Ryuk at 172.17.0.1:24628
java.net.ConnectException: Connection refused
	at java.base/sun.nio.ch.Net.pollConnect(Native Method)
	at java.base/sun.nio.ch.Net.pollConnectNow(Net.java:682)
	at java.base/sun.nio.ch.NioSocketImpl.timedFinishConnect(NioSocketImpl.java:542)
	at java.base/sun.nio.ch.NioSocketImpl.connect(NioSocketImpl.java:592)
	at java.base/java.net.SocksSocketImpl.connect(SocksSocketImpl.java:327)
	at java.base/java.net.Socket.connect(Socket.java:751)
	at org.testcontainers.utility.RyukResourceReaper.lambda$null$1(RyukResourceReaper.java:105)
	at org.rnorth.ducttape.ratelimits.RateLimiter.doWhenReady(RateLimiter.java:27)
	at org.testcontainers.utility.RyukResourceReaper.lambda$maybeStart$2(RyukResourceReaper.java:101)
	at java.base/java.lang.Thread.run(Thread.java:1583)
2025-03-03 16:31:18 [testcontainers-ryuk] WARN  o.t.utility.RyukResourceReaper - Can not connect to Ryuk at 172.17.0.1:24628
java.net.ConnectException: Connection refused
	at java.base/sun.nio.ch.Net.pollConnect(Native Method)
	at java.base/sun.nio.ch.Net.pollConnectNow(Net.java:682)
	at java.base/sun.nio.ch.NioSocketImpl.timedFinishConnect(NioSocketImpl.java:542)
	at java.base/sun.nio.ch.NioSocketImpl.connect(NioSocketImpl.java:592)
	at java.base/java.net.SocksSocketImpl.connect(SocksSocketImpl.java:327)
	at java.base/java.net.Socket.connect(Socket.java:751)
	at org.testcontainers.utility.RyukResourceReaper.lambda$null$1(RyukResourceReaper.java:105)
	at org.rnorth.ducttape.ratelimits.RateLimiter.doWhenReady(RateLimiter.java:27)
	at org.testcontainers.utility.RyukResourceReaper.lambda$maybeStart$2(RyukResourceReaper.java:101)
	at java.base/java.lang.Thread.run(Thread.java:1583)
2025-03-03 16:31:18 [testcontainers-ryuk] WARN  o.t.utility.RyukResourceReaper - Can not connect to Ryuk at 172.17.0.1:24628
java.net.ConnectException: Connection refused
	at java.base/sun.nio.ch.Net.pollConnect(Native Method)
	at java.base/sun.nio.ch.Net.pollConnectNow(Net.java:682)
	at java.base/sun.nio.ch.NioSocketImpl.timedFinishConnect(NioSocketImpl.java:542)
	at java.base/sun.nio.ch.NioSocketImpl.connect(NioSocketImpl.java:592)
	at java.base/java.net.SocksSocketImpl.connect(SocksSocketImpl.java:327)
	at java.base/java.net.Socket.connect(Socket.java:751)
	at org.testcontainers.utility.RyukResourceReaper.lambda$null$1(RyukResourceReaper.java:105)
	at org.rnorth.ducttape.ratelimits.RateLimiter.doWhenReady(RateLimiter.java:27)
	at org.testcontainers.utility.RyukResourceReaper.lambda$maybeStart$2(RyukResourceReaper.java:101)
	at java.base/java.lang.Thread.run(Thread.java:1583)
2025-03-03 16:31:19 [testcontainers-ryuk] WARN  o.t.utility.RyukResourceReaper - Can not connect to Ryuk at 172.17.0.1:24628
java.net.ConnectException: Connection refused
	at java.base/sun.nio.ch.Net.pollConnect(Native Method)
	at java.base/sun.nio.ch.Net.pollConnectNow(Net.java:682)
	at java.base/sun.nio.ch.NioSocketImpl.timedFinishConnect(NioSocketImpl.java:542)
	at java.base/sun.nio.ch.NioSocketImpl.connect(NioSocketImpl.java:592)
	at java.base/java.net.SocksSocketImpl.connect(SocksSocketImpl.java:327)
	at java.base/java.net.Socket.connect(Socket.java:751)
	at org.testcontainers.utility.RyukResourceReaper.lambda$null$1(RyukResourceReaper.java:105)
	at org.rnorth.ducttape.ratelimits.RateLimiter.doWhenReady(RateLimiter.java:27)
	at org.testcontainers.utility.RyukResourceReaper.lambda$maybeStart$2(RyukResourceReaper.java:101)
	at java.base/java.lang.Thread.run(Thread.java:1583)
2025-03-03 16:31:19 [testcontainers-ryuk] WARN  o.t.utility.RyukResourceReaper - Can not connect to Ryuk at 172.17.0.1:24628
java.net.ConnectException: Connection refused
	at java.base/sun.nio.ch.Net.pollConnect(Native Method)
	at java.base/sun.nio.ch.Net.pollConnectNow(Net.java:682)
	at java.base/sun.nio.ch.NioSocketImpl.timedFinishConnect(NioSocketImpl.java:542)
	at java.base/sun.nio.ch.NioSocketImpl.connect(NioSocketImpl.java:592)
	at java.base/java.net.SocksSocketImpl.connect(SocksSocketImpl.java:327)
	at java.base/java.net.Socket.connect(Socket.java:751)
	at org.testcontainers.utility.RyukResourceReaper.lambda$null$1(RyukResourceReaper.java:105)
	at org.rnorth.ducttape.ratelimits.RateLimiter.doWhenReady(RateLimiter.java:27)
	at org.testcontainers.utility.RyukResourceReaper.lambda$maybeStart$2(RyukResourceReaper.java:101)
	at java.base/java.lang.Thread.run(Thread.java:1583)
2025-03-03 16:31:19 [testcontainers-ryuk] WARN  o.t.utility.RyukResourceReaper - Can not connect to Ryuk at 172.17.0.1:24628
java.net.ConnectException: Connection refused
	at java.base/sun.nio.ch.Net.pollConnect(Native Method)
	at java.base/sun.nio.ch.Net.pollConnectNow(Net.java:682)
	at java.base/sun.nio.ch.NioSocketImpl.timedFinishConnect(NioSocketImpl.java:542)
	at java.base/sun.nio.ch.NioSocketImpl.connect(NioSocketImpl.java:592)
	at java.base/java.net.SocksSocketImpl.connect(SocksSocketImpl.java:327)
	at java.base/java.net.Socket.connect(Socket.java:751)
	at org.testcontainers.utility.RyukResourceReaper.lambda$null$1(RyukResourceReaper.java:105)
	at org.rnorth.ducttape.ratelimits.RateLimiter.doWhenReady(RateLimiter.java:27)
	at org.testcontainers.utility.RyukResourceReaper.lambda$maybeStart$2(RyukResourceReaper.java:101)
	at java.base/java.lang.Thread.run(Thread.java:1583)
2025-03-03 16:31:20 [testcontainers-ryuk] WARN  o.t.utility.RyukResourceReaper - Can not connect to Ryuk at 172.17.0.1:24628
java.net.ConnectException: Connection refused
	at java.base/sun.nio.ch.Net.pollConnect(Native Method)
	at java.base/sun.nio.ch.Net.pollConnectNow(Net.java:682)
	at java.base/sun.nio.ch.NioSocketImpl.timedFinishConnect(NioSocketImpl.java:542)
	at java.base/sun.nio.ch.NioSocketImpl.connect(NioSocketImpl.java:592)
	at java.base/java.net.SocksSocketImpl.connect(SocksSocketImpl.java:327)
	at java.base/java.net.Socket.connect(Socket.java:751)
	at org.testcontainers.utility.RyukResourceReaper.lambda$null$1(RyukResourceReaper.java:105)
	at org.rnorth.ducttape.ratelimits.RateLimiter.doWhenReady(RateLimiter.java:27)
	at org.testcontainers.utility.RyukResourceReaper.lambda$maybeStart$2(RyukResourceReaper.java:101)
	at java.base/java.lang.Thread.run(Thread.java:1583)
2025-03-03 16:31:20 [testcontainers-ryuk] WARN  o.t.utility.RyukResourceReaper - Can not connect to Ryuk at 172.17.0.1:24628
java.net.ConnectException: Connection refused
	at java.base/sun.nio.ch.Net.pollConnect(Native Method)
	at java.base/sun.nio.ch.Net.pollConnectNow(Net.java:682)
	at java.base/sun.nio.ch.NioSocketImpl.timedFinishConnect(NioSocketImpl.java:542)
	at java.base/sun.nio.ch.NioSocketImpl.connect(NioSocketImpl.java:592)
	at java.base/java.net.SocksSocketImpl.connect(SocksSocketImpl.java:327)
	at java.base/java.net.Socket.connect(Socket.java:751)
	at org.testcontainers.utility.RyukResourceReaper.lambda$null$1(RyukResourceReaper.java:105)
	at org.rnorth.ducttape.ratelimits.RateLimiter.doWhenReady(RateLimiter.java:27)
	at org.testcontainers.utility.RyukResourceReaper.lambda$maybeStart$2(RyukResourceReaper.java:101)
	at java.base/java.lang.Thread.run(Thread.java:1583)
2025-03-03 16:31:20 [testcontainers-ryuk] WARN  o.t.utility.RyukResourceReaper - Can not connect to Ryuk at 172.17.0.1:24628
java.net.ConnectException: Connection refused
	at java.base/sun.nio.ch.Net.pollConnect(Native Method)
	at java.base/sun.nio.ch.Net.pollConnectNow(Net.java:682)
	at java.base/sun.nio.ch.NioSocketImpl.timedFinishConnect(NioSocketImpl.java:542)
	at java.base/sun.nio.ch.NioSocketImpl.connect(NioSocketImpl.java:592)
	at java.base/java.net.SocksSocketImpl.connect(SocksSocketImpl.java:327)
	at java.base/java.net.Socket.connect(Socket.java:751)
	at org.testcontainers.utility.RyukResourceReaper.lambda$null$1(RyukResourceReaper.java:105)
	at org.rnorth.ducttape.ratelimits.RateLimiter.doWhenReady(RateLimiter.java:27)
	at org.testcontainers.utility.RyukResourceReaper.lambda$maybeStart$2(RyukResourceReaper.java:101)
	at java.base/java.lang.Thread.run(Thread.java:1583)
2025-03-03 16:31:20 [testcontainers-ryuk] WARN  o.t.utility.RyukResourceReaper - Can not connect to Ryuk at 172.17.0.1:24628
java.net.ConnectException: Connection refused
	at java.base/sun.nio.ch.Net.pollConnect(Native Method)
	at java.base/sun.nio.ch.Net.pollConnectNow(Net.java:682)
	at java.base/sun.nio.ch.NioSocketImpl.timedFinishConnect(NioSocketImpl.java:542)
	at java.base/sun.nio.ch.NioSocketImpl.connect(NioSocketImpl.java:592)
	at java.base/java.net.SocksSocketImpl.connect(SocksSocketImpl.java:327)
	at java.base/java.net.Socket.connect(Socket.java:751)
	at org.testcontainers.utility.RyukResourceReaper.lambda$null$1(RyukResourceReaper.java:105)
	at org.rnorth.ducttape.ratelimits.RateLimiter.doWhenReady(RateLimiter.java:27)
	at org.testcontainers.utility.RyukResourceReaper.lambda$maybeStart$2(RyukResourceReaper.java:101)
	at java.base/java.lang.Thread.run(Thread.java:1583)
2025-03-03 16:31:21 [testcontainers-ryuk] WARN  o.t.utility.RyukResourceReaper - Can not connect to Ryuk at 172.17.0.1:24628
java.net.ConnectException: Connection refused
	at java.base/sun.nio.ch.Net.pollConnect(Native Method)
	at java.base/sun.nio.ch.Net.pollConnectNow(Net.java:682)
	at java.base/sun.nio.ch.NioSocketImpl.timedFinishConnect(NioSocketImpl.java:542)
	at java.base/sun.nio.ch.NioSocketImpl.connect(NioSocketImpl.java:592)
	at java.base/java.net.SocksSocketImpl.connect(SocksSocketImpl.java:327)
	at java.base/java.net.Socket.connect(Socket.java:751)
	at org.testcontainers.utility.RyukResourceReaper.lambda$null$1(RyukResourceReaper.java:105)
	at org.rnorth.ducttape.ratelimits.RateLimiter.doWhenReady(RateLimiter.java:27)
	at org.testcontainers.utility.RyukResourceReaper.lambda$maybeStart$2(RyukResourceReaper.java:101)
	at java.base/java.lang.Thread.run(Thread.java:1583)
2025-03-03 16:31:21 [testcontainers-ryuk] WARN  o.t.utility.RyukResourceReaper - Can not connect to Ryuk at 172.17.0.1:24628
java.net.ConnectException: Connection refused
	at java.base/sun.nio.ch.Net.pollConnect(Native Method)
	at java.base/sun.nio.ch.Net.pollConnectNow(Net.java:682)
	at java.base/sun.nio.ch.NioSocketImpl.timedFinishConnect(NioSocketImpl.java:542)
	at java.base/sun.nio.ch.NioSocketImpl.connect(NioSocketImpl.java:592)
	at java.base/java.net.SocksSocketImpl.connect(SocksSocketImpl.java:327)
	at java.base/java.net.Socket.connect(Socket.java:751)
	at org.testcontainers.utility.RyukResourceReaper.lambda$null$1(RyukResourceReaper.java:105)
	at org.rnorth.ducttape.ratelimits.RateLimiter.doWhenReady(RateLimiter.java:27)
	at org.testcontainers.utility.RyukResourceReaper.lambda$maybeStart$2(RyukResourceReaper.java:101)
	at java.base/java.lang.Thread.run(Thread.java:1583)
2025-03-03 16:31:21 [testcontainers-ryuk] WARN  o.t.utility.RyukResourceReaper - Can not connect to Ryuk at 172.17.0.1:24628
java.net.ConnectException: Connection refused
	at java.base/sun.nio.ch.Net.pollConnect(Native Method)
	at java.base/sun.nio.ch.Net.pollConnectNow(Net.java:682)
	at java.base/sun.nio.ch.NioSocketImpl.timedFinishConnect(NioSocketImpl.java:542)
	at java.base/sun.nio.ch.NioSocketImpl.connect(NioSocketImpl.java:592)
	at java.base/java.net.SocksSocketImpl.connect(SocksSocketImpl.java:327)
	at java.base/java.net.Socket.connect(Socket.java:751)
	at org.testcontainers.utility.RyukResourceReaper.lambda$null$1(RyukResourceReaper.java:105)
	at org.rnorth.ducttape.ratelimits.RateLimiter.doWhenReady(RateLimiter.java:27)
	at org.testcontainers.utility.RyukResourceReaper.lambda$maybeStart$2(RyukResourceReaper.java:101)
	at java.base/java.lang.Thread.run(Thread.java:1583)
2025-03-03 16:31:21 [testcontainers-ryuk] WARN  o.t.utility.RyukResourceReaper - Can not connect to Ryuk at 172.17.0.1:24628
java.net.ConnectException: Connection refused
	at java.base/sun.nio.ch.Net.pollConnect(Native Method)
	at java.base/sun.nio.ch.Net.pollConnectNow(Net.java:682)
	at java.base/sun.nio.ch.NioSocketImpl.timedFinishConnect(NioSocketImpl.java:542)
	at java.base/sun.nio.ch.NioSocketImpl.connect(NioSocketImpl.java:592)
	at java.base/java.net.SocksSocketImpl.connect(SocksSocketImpl.java:327)
	at java.base/java.net.Socket.connect(Socket.java:751)
	at org.testcontainers.utility.RyukResourceReaper.lambda$null$1(RyukResourceReaper.java:105)
	at org.rnorth.ducttape.ratelimits.RateLimiter.doWhenReady(RateLimiter.java:27)
	at org.testcontainers.utility.RyukResourceReaper.lambda$maybeStart$2(RyukResourceReaper.java:101)
	at java.base/java.lang.Thread.run(Thread.java:1583)
2025-03-03 16:31:22 [testcontainers-ryuk] WARN  o.t.utility.RyukResourceReaper - Can not connect to Ryuk at 172.17.0.1:24628
java.net.ConnectException: Connection refused
	at java.base/sun.nio.ch.Net.pollConnect(Native Method)
	at java.base/sun.nio.ch.Net.pollConnectNow(Net.java:682)
	at java.base/sun.nio.ch.NioSocketImpl.timedFinishConnect(NioSocketImpl.java:542)
	at java.base/sun.nio.ch.NioSocketImpl.connect(NioSocketImpl.java:592)
	at java.base/java.net.SocksSocketImpl.connect(SocksSocketImpl.java:327)
	at java.base/java.net.Socket.connect(Socket.java:751)
	at org.testcontainers.utility.RyukResourceReaper.lambda$null$1(RyukResourceReaper.java:105)
	at org.rnorth.ducttape.ratelimits.RateLimiter.doWhenReady(RateLimiter.java:27)
	at org.testcontainers.utility.RyukResourceReaper.lambda$maybeStart$2(RyukResourceReaper.java:101)
	at java.base/java.lang.Thread.run(Thread.java:1583)
2025-03-03 16:31:22 [testcontainers-ryuk] WARN  o.t.utility.RyukResourceReaper - Can not connect to Ryuk at 172.17.0.1:24628
java.net.ConnectException: Connection refused
	at java.base/sun.nio.ch.Net.pollConnect(Native Method)
	at java.base/sun.nio.ch.Net.pollConnectNow(Net.java:682)
	at java.base/sun.nio.ch.NioSocketImpl.timedFinishConnect(NioSocketImpl.java:542)
	at java.base/sun.nio.ch.NioSocketImpl.connect(NioSocketImpl.java:592)
	at java.base/java.net.SocksSocketImpl.connect(SocksSocketImpl.java:327)
	at java.base/java.net.Socket.connect(Socket.java:751)
	at org.testcontainers.utility.RyukResourceReaper.lambda$null$1(RyukResourceReaper.java:105)
	at org.rnorth.ducttape.ratelimits.RateLimiter.doWhenReady(RateLimiter.java:27)
	at org.testcontainers.utility.RyukResourceReaper.lambda$maybeStart$2(RyukResourceReaper.java:101)
	at java.base/java.lang.Thread.run(Thread.java:1583)
2025-03-03 16:31:22 [testcontainers-ryuk] WARN  o.t.utility.RyukResourceReaper - Can not connect to Ryuk at 172.17.0.1:24628
java.net.ConnectException: Connection refused
	at java.base/sun.nio.ch.Net.pollConnect(Native Method)
	at java.base/sun.nio.ch.Net.pollConnectNow(Net.java:682)
	at java.base/sun.nio.ch.NioSocketImpl.timedFinishConnect(NioSocketImpl.java:542)
	at java.base/sun.nio.ch.NioSocketImpl.connect(NioSocketImpl.java:592)
	at java.base/java.net.SocksSocketImpl.connect(SocksSocketImpl.java:327)
	at java.base/java.net.Socket.connect(Socket.java:751)
	at org.testcontainers.utility.RyukResourceReaper.lambda$null$1(RyukResourceReaper.java:105)
	at org.rnorth.ducttape.ratelimits.RateLimiter.doWhenReady(RateLimiter.java:27)
	at org.testcontainers.utility.RyukResourceReaper.lambda$maybeStart$2(RyukResourceReaper.java:101)
	at java.base/java.lang.Thread.run(Thread.java:1583)
2025-03-03 16:31:22 [testcontainers-ryuk] WARN  o.t.utility.RyukResourceReaper - Can not connect to Ryuk at 172.17.0.1:24628
java.net.ConnectException: Connection refused
	at java.base/sun.nio.ch.Net.pollConnect(Native Method)
	at java.base/sun.nio.ch.Net.pollConnectNow(Net.java:682)
	at java.base/sun.nio.ch.NioSocketImpl.timedFinishConnect(NioSocketImpl.java:542)
	at java.base/sun.nio.ch.NioSocketImpl.connect(NioSocketImpl.java:592)
	at java.base/java.net.SocksSocketImpl.connect(SocksSocketImpl.java:327)
	at java.base/java.net.Socket.connect(Socket.java:751)
	at org.testcontainers.utility.RyukResourceReaper.lambda$null$1(RyukResourceReaper.java:105)
	at org.rnorth.ducttape.ratelimits.RateLimiter.doWhenReady(RateLimiter.java:27)
	at org.testcontainers.utility.RyukResourceReaper.lambda$maybeStart$2(RyukResourceReaper.java:101)
	at java.base/java.lang.Thread.run(Thread.java:1583)
2025-03-03 16:31:23 [testcontainers-ryuk] WARN  o.t.utility.RyukResourceReaper - Can not connect to Ryuk at 172.17.0.1:24628
java.net.ConnectException: Connection refused
	at java.base/sun.nio.ch.Net.pollConnect(Native Method)
	at java.base/sun.nio.ch.Net.pollConnectNow(Net.java:682)
	at java.base/sun.nio.ch.NioSocketImpl.timedFinishConnect(NioSocketImpl.java:542)
	at java.base/sun.nio.ch.NioSocketImpl.connect(NioSocketImpl.java:592)
	at java.base/java.net.SocksSocketImpl.connect(SocksSocketImpl.java:327)
	at java.base/java.net.Socket.connect(Socket.java:751)
	at org.testcontainers.utility.RyukResourceReaper.lambda$null$1(RyukResourceReaper.java:105)
	at org.rnorth.ducttape.ratelimits.RateLimiter.doWhenReady(RateLimiter.java:27)
	at org.testcontainers.utility.RyukResourceReaper.lambda$maybeStart$2(RyukResourceReaper.java:101)
	at java.base/java.lang.Thread.run(Thread.java:1583)
2025-03-03 16:31:23 [testcontainers-ryuk] WARN  o.t.utility.RyukResourceReaper - Can not connect to Ryuk at 172.17.0.1:24628
java.net.ConnectException: Connection refused
	at java.base/sun.nio.ch.Net.pollConnect(Native Method)
	at java.base/sun.nio.ch.Net.pollConnectNow(Net.java:682)
	at java.base/sun.nio.ch.NioSocketImpl.timedFinishConnect(NioSocketImpl.java:542)
	at java.base/sun.nio.ch.NioSocketImpl.connect(NioSocketImpl.java:592)
	at java.base/java.net.SocksSocketImpl.connect(SocksSocketImpl.java:327)
	at java.base/java.net.Socket.connect(Socket.java:751)
	at org.testcontainers.utility.RyukResourceReaper.lambda$null$1(RyukResourceReaper.java:105)
	at org.rnorth.ducttape.ratelimits.RateLimiter.doWhenReady(RateLimiter.java:27)
	at org.testcontainers.utility.RyukResourceReaper.lambda$maybeStart$2(RyukResourceReaper.java:101)
	at java.base/java.lang.Thread.run(Thread.java:1583)
2025-03-03 16:31:23 [main] INFO  c.t.task.TaskTrackerApplicationTests - Started TaskTrackerApplicationTests in 34.096 seconds (process running for 80.584)
2025-03-03 16:31:23 [testcontainers-ryuk] WARN  o.t.utility.RyukResourceReaper - Can not connect to Ryuk at 172.17.0.1:24628
java.net.ConnectException: Connection refused
	at java.base/sun.nio.ch.Net.pollConnect(Native Method)
	at java.base/sun.nio.ch.Net.pollConnectNow(Net.java:682)
	at java.base/sun.nio.ch.NioSocketImpl.timedFinishConnect(NioSocketImpl.java:542)
	at java.base/sun.nio.ch.NioSocketImpl.connect(NioSocketImpl.java:592)
	at java.base/java.net.SocksSocketImpl.connect(SocksSocketImpl.java:327)
	at java.base/java.net.Socket.connect(Socket.java:751)
	at org.testcontainers.utility.RyukResourceReaper.lambda$null$1(RyukResourceReaper.java:105)
	at org.rnorth.ducttape.ratelimits.RateLimiter.doWhenReady(RateLimiter.java:27)
	at org.testcontainers.utility.RyukResourceReaper.lambda$maybeStart$2(RyukResourceReaper.java:101)
	at java.base/java.lang.Thread.run(Thread.java:1583)
2025-03-03 16:31:23 [main] INFO  o.s.t.c.s.AnnotationConfigContextLoaderUtils - Could not detect default configuration classes for test class [com.track.task.user.UserServiceImplTest]: UserServiceImplTest does not declare any static, non-private, non-final, nested classes annotated with @Configuration.
2025-03-03 16:31:23 [testcontainers-ryuk] WARN  o.t.utility.RyukResourceReaper - Can not connect to Ryuk at 172.17.0.1:24628
java.net.ConnectException: Connection refused
	at java.base/sun.nio.ch.Net.pollConnect(Native Method)
	at java.base/sun.nio.ch.Net.pollConnectNow(Net.java:682)
	at java.base/sun.nio.ch.NioSocketImpl.timedFinishConnect(NioSocketImpl.java:542)
	at java.base/sun.nio.ch.NioSocketImpl.connect(NioSocketImpl.java:592)
	at java.base/java.net.SocksSocketImpl.connect(SocksSocketImpl.java:327)
	at java.base/java.net.Socket.connect(Socket.java:751)
	at org.testcontainers.utility.RyukResourceReaper.lambda$null$1(RyukResourceReaper.java:105)
	at org.rnorth.ducttape.ratelimits.RateLimiter.doWhenReady(RateLimiter.java:27)
	at org.testcontainers.utility.RyukResourceReaper.lambda$maybeStart$2(RyukResourceReaper.java:101)
	at java.base/java.lang.Thread.run(Thread.java:1583)
2025-03-03 16:31:23 [main] INFO  o.s.b.t.c.SpringBootTestContextBootstrapper - Found @SpringBootConfiguration com.track.task.TaskTrackerApplication for test class com.track.task.user.UserServiceImplTest
2025-03-03 16:31:24 [SpringApplicationShutdownHook] INFO  o.s.o.j.LocalContainerEntityManagerFactoryBean - Closing JPA EntityManagerFactory for persistence unit 'default'
2025-03-03 16:31:24 [SpringApplicationShutdownHook] INFO  com.zaxxer.hikari.HikariDataSource - HikariPool-1 - Shutdown initiated...
2025-03-03 16:31:24 [SpringApplicationShutdownHook] INFO  com.zaxxer.hikari.HikariDataSource - HikariPool-1 - Shutdown completed.
2025-03-03 16:48:54 [testcontainers-ryuk] WARN  o.t.utility.RyukResourceReaper - Can not connect to Ryuk at 172.17.0.1:37579
java.net.ConnectException: Connection refused
	at java.base/sun.nio.ch.Net.pollConnect(Native Method)
	at java.base/sun.nio.ch.Net.pollConnectNow(Net.java:682)
	at java.base/sun.nio.ch.NioSocketImpl.timedFinishConnect(NioSocketImpl.java:542)
	at java.base/sun.nio.ch.NioSocketImpl.connect(NioSocketImpl.java:592)
	at java.base/java.net.SocksSocketImpl.connect(SocksSocketImpl.java:327)
	at java.base/java.net.Socket.connect(Socket.java:751)
	at org.testcontainers.utility.RyukResourceReaper.lambda$null$1(RyukResourceReaper.java:105)
	at org.rnorth.ducttape.ratelimits.RateLimiter.doWhenReady(RateLimiter.java:27)
	at org.testcontainers.utility.RyukResourceReaper.lambda$maybeStart$2(RyukResourceReaper.java:101)
	at java.base/java.lang.Thread.run(Thread.java:1583)
2025-03-03 16:48:54 [background-preinit] INFO  o.h.validator.internal.util.Version - HV000001: Hibernate Validator 8.0.1.Final
2025-03-03 16:48:54 [main] INFO  c.t.task.TaskTrackerApplicationTests - Starting TaskTrackerApplicationTests using Java 21.0.6 with PID 65 (started by root in /app)
2025-03-03 16:48:54 [main] INFO  c.t.task.TaskTrackerApplicationTests - No active profile set, falling back to 1 default profile: "default"
2025-03-03 16:48:55 [testcontainers-ryuk] WARN  o.t.utility.RyukResourceReaper - Can not connect to Ryuk at 172.17.0.1:37579
java.net.ConnectException: Connection refused
	at java.base/sun.nio.ch.Net.pollConnect(Native Method)
	at java.base/sun.nio.ch.Net.pollConnectNow(Net.java:682)
	at java.base/sun.nio.ch.NioSocketImpl.timedFinishConnect(NioSocketImpl.java:542)
	at java.base/sun.nio.ch.NioSocketImpl.connect(NioSocketImpl.java:592)
	at java.base/java.net.SocksSocketImpl.connect(SocksSocketImpl.java:327)
	at java.base/java.net.Socket.connect(Socket.java:751)
	at org.testcontainers.utility.RyukResourceReaper.lambda$null$1(RyukResourceReaper.java:105)
	at org.rnorth.ducttape.ratelimits.RateLimiter.doWhenReady(RateLimiter.java:27)
	at org.testcontainers.utility.RyukResourceReaper.lambda$maybeStart$2(RyukResourceReaper.java:101)
	at java.base/java.lang.Thread.run(Thread.java:1583)
2025-03-03 16:48:55 [testcontainers-ryuk] WARN  o.t.utility.RyukResourceReaper - Can not connect to Ryuk at 172.17.0.1:37579
java.net.ConnectException: Connection refused
	at java.base/sun.nio.ch.Net.pollConnect(Native Method)
	at java.base/sun.nio.ch.Net.pollConnectNow(Net.java:682)
	at java.base/sun.nio.ch.NioSocketImpl.timedFinishConnect(NioSocketImpl.java:542)
	at java.base/sun.nio.ch.NioSocketImpl.connect(NioSocketImpl.java:592)
	at java.base/java.net.SocksSocketImpl.connect(SocksSocketImpl.java:327)
	at java.base/java.net.Socket.connect(Socket.java:751)
	at org.testcontainers.utility.RyukResourceReaper.lambda$null$1(RyukResourceReaper.java:105)
	at org.rnorth.ducttape.ratelimits.RateLimiter.doWhenReady(RateLimiter.java:27)
	at org.testcontainers.utility.RyukResourceReaper.lambda$maybeStart$2(RyukResourceReaper.java:101)
	at java.base/java.lang.Thread.run(Thread.java:1583)
2025-03-03 16:48:55 [testcontainers-ryuk] WARN  o.t.utility.RyukResourceReaper - Can not connect to Ryuk at 172.17.0.1:37579
java.net.ConnectException: Connection refused
	at java.base/sun.nio.ch.Net.pollConnect(Native Method)
	at java.base/sun.nio.ch.Net.pollConnectNow(Net.java:682)
	at java.base/sun.nio.ch.NioSocketImpl.timedFinishConnect(NioSocketImpl.java:542)
	at java.base/sun.nio.ch.NioSocketImpl.connect(NioSocketImpl.java:592)
	at java.base/java.net.SocksSocketImpl.connect(SocksSocketImpl.java:327)
	at java.base/java.net.Socket.connect(Socket.java:751)
	at org.testcontainers.utility.RyukResourceReaper.lambda$null$1(RyukResourceReaper.java:105)
	at org.rnorth.ducttape.ratelimits.RateLimiter.doWhenReady(RateLimiter.java:27)
	at org.testcontainers.utility.RyukResourceReaper.lambda$maybeStart$2(RyukResourceReaper.java:101)
	at java.base/java.lang.Thread.run(Thread.java:1583)
2025-03-03 16:48:55 [testcontainers-ryuk] WARN  o.t.utility.RyukResourceReaper - Can not connect to Ryuk at 172.17.0.1:37579
java.net.ConnectException: Connection refused
	at java.base/sun.nio.ch.Net.pollConnect(Native Method)
	at java.base/sun.nio.ch.Net.pollConnectNow(Net.java:682)
	at java.base/sun.nio.ch.NioSocketImpl.timedFinishConnect(NioSocketImpl.java:542)
	at java.base/sun.nio.ch.NioSocketImpl.connect(NioSocketImpl.java:592)
	at java.base/java.net.SocksSocketImpl.connect(SocksSocketImpl.java:327)
	at java.base/java.net.Socket.connect(Socket.java:751)
	at org.testcontainers.utility.RyukResourceReaper.lambda$null$1(RyukResourceReaper.java:105)
	at org.rnorth.ducttape.ratelimits.RateLimiter.doWhenReady(RateLimiter.java:27)
	at org.testcontainers.utility.RyukResourceReaper.lambda$maybeStart$2(RyukResourceReaper.java:101)
	at java.base/java.lang.Thread.run(Thread.java:1583)
2025-03-03 16:48:56 [testcontainers-ryuk] WARN  o.t.utility.RyukResourceReaper - Can not connect to Ryuk at 172.17.0.1:37579
java.net.ConnectException: Connection refused
	at java.base/sun.nio.ch.Net.pollConnect(Native Method)
	at java.base/sun.nio.ch.Net.pollConnectNow(Net.java:682)
	at java.base/sun.nio.ch.NioSocketImpl.timedFinishConnect(NioSocketImpl.java:542)
	at java.base/sun.nio.ch.NioSocketImpl.connect(NioSocketImpl.java:592)
	at java.base/java.net.SocksSocketImpl.connect(SocksSocketImpl.java:327)
	at java.base/java.net.Socket.connect(Socket.java:751)
	at org.testcontainers.utility.RyukResourceReaper.lambda$null$1(RyukResourceReaper.java:105)
	at org.rnorth.ducttape.ratelimits.RateLimiter.doWhenReady(RateLimiter.java:27)
	at org.testcontainers.utility.RyukResourceReaper.lambda$maybeStart$2(RyukResourceReaper.java:101)
	at java.base/java.lang.Thread.run(Thread.java:1583)
2025-03-03 16:48:56 [testcontainers-ryuk] WARN  o.t.utility.RyukResourceReaper - Can not connect to Ryuk at 172.17.0.1:37579
java.net.ConnectException: Connection refused
	at java.base/sun.nio.ch.Net.pollConnect(Native Method)
	at java.base/sun.nio.ch.Net.pollConnectNow(Net.java:682)
	at java.base/sun.nio.ch.NioSocketImpl.timedFinishConnect(NioSocketImpl.java:542)
	at java.base/sun.nio.ch.NioSocketImpl.connect(NioSocketImpl.java:592)
	at java.base/java.net.SocksSocketImpl.connect(SocksSocketImpl.java:327)
	at java.base/java.net.Socket.connect(Socket.java:751)
	at org.testcontainers.utility.RyukResourceReaper.lambda$null$1(RyukResourceReaper.java:105)
	at org.rnorth.ducttape.ratelimits.RateLimiter.doWhenReady(RateLimiter.java:27)
	at org.testcontainers.utility.RyukResourceReaper.lambda$maybeStart$2(RyukResourceReaper.java:101)
	at java.base/java.lang.Thread.run(Thread.java:1583)
2025-03-03 16:48:56 [testcontainers-ryuk] WARN  o.t.utility.RyukResourceReaper - Can not connect to Ryuk at 172.17.0.1:37579
java.net.ConnectException: Connection refused
	at java.base/sun.nio.ch.Net.pollConnect(Native Method)
	at java.base/sun.nio.ch.Net.pollConnectNow(Net.java:682)
	at java.base/sun.nio.ch.NioSocketImpl.timedFinishConnect(NioSocketImpl.java:542)
	at java.base/sun.nio.ch.NioSocketImpl.connect(NioSocketImpl.java:592)
	at java.base/java.net.SocksSocketImpl.connect(SocksSocketImpl.java:327)
	at java.base/java.net.Socket.connect(Socket.java:751)
	at org.testcontainers.utility.RyukResourceReaper.lambda$null$1(RyukResourceReaper.java:105)
	at org.rnorth.ducttape.ratelimits.RateLimiter.doWhenReady(RateLimiter.java:27)
	at org.testcontainers.utility.RyukResourceReaper.lambda$maybeStart$2(RyukResourceReaper.java:101)
	at java.base/java.lang.Thread.run(Thread.java:1583)
2025-03-03 16:48:56 [testcontainers-ryuk] WARN  o.t.utility.RyukResourceReaper - Can not connect to Ryuk at 172.17.0.1:37579
java.net.ConnectException: Connection refused
	at java.base/sun.nio.ch.Net.pollConnect(Native Method)
	at java.base/sun.nio.ch.Net.pollConnectNow(Net.java:682)
	at java.base/sun.nio.ch.NioSocketImpl.timedFinishConnect(NioSocketImpl.java:542)
	at java.base/sun.nio.ch.NioSocketImpl.connect(NioSocketImpl.java:592)
	at java.base/java.net.SocksSocketImpl.connect(SocksSocketImpl.java:327)
	at java.base/java.net.Socket.connect(Socket.java:751)
	at org.testcontainers.utility.RyukResourceReaper.lambda$null$1(RyukResourceReaper.java:105)
	at org.rnorth.ducttape.ratelimits.RateLimiter.doWhenReady(RateLimiter.java:27)
	at org.testcontainers.utility.RyukResourceReaper.lambda$maybeStart$2(RyukResourceReaper.java:101)
	at java.base/java.lang.Thread.run(Thread.java:1583)
2025-03-03 16:48:57 [testcontainers-ryuk] WARN  o.t.utility.RyukResourceReaper - Can not connect to Ryuk at 172.17.0.1:37579
java.net.ConnectException: Connection refused
	at java.base/sun.nio.ch.Net.pollConnect(Native Method)
	at java.base/sun.nio.ch.Net.pollConnectNow(Net.java:682)
	at java.base/sun.nio.ch.NioSocketImpl.timedFinishConnect(NioSocketImpl.java:542)
	at java.base/sun.nio.ch.NioSocketImpl.connect(NioSocketImpl.java:592)
	at java.base/java.net.SocksSocketImpl.connect(SocksSocketImpl.java:327)
	at java.base/java.net.Socket.connect(Socket.java:751)
	at org.testcontainers.utility.RyukResourceReaper.lambda$null$1(RyukResourceReaper.java:105)
	at org.rnorth.ducttape.ratelimits.RateLimiter.doWhenReady(RateLimiter.java:27)
	at org.testcontainers.utility.RyukResourceReaper.lambda$maybeStart$2(RyukResourceReaper.java:101)
	at java.base/java.lang.Thread.run(Thread.java:1583)
2025-03-03 16:48:57 [testcontainers-ryuk] WARN  o.t.utility.RyukResourceReaper - Can not connect to Ryuk at 172.17.0.1:37579
java.net.ConnectException: Connection refused
	at java.base/sun.nio.ch.Net.pollConnect(Native Method)
	at java.base/sun.nio.ch.Net.pollConnectNow(Net.java:682)
	at java.base/sun.nio.ch.NioSocketImpl.timedFinishConnect(NioSocketImpl.java:542)
	at java.base/sun.nio.ch.NioSocketImpl.connect(NioSocketImpl.java:592)
	at java.base/java.net.SocksSocketImpl.connect(SocksSocketImpl.java:327)
	at java.base/java.net.Socket.connect(Socket.java:751)
	at org.testcontainers.utility.RyukResourceReaper.lambda$null$1(RyukResourceReaper.java:105)
	at org.rnorth.ducttape.ratelimits.RateLimiter.doWhenReady(RateLimiter.java:27)
	at org.testcontainers.utility.RyukResourceReaper.lambda$maybeStart$2(RyukResourceReaper.java:101)
	at java.base/java.lang.Thread.run(Thread.java:1583)
2025-03-03 16:48:57 [testcontainers-ryuk] WARN  o.t.utility.RyukResourceReaper - Can not connect to Ryuk at 172.17.0.1:37579
java.net.ConnectException: Connection refused
	at java.base/sun.nio.ch.Net.pollConnect(Native Method)
	at java.base/sun.nio.ch.Net.pollConnectNow(Net.java:682)
	at java.base/sun.nio.ch.NioSocketImpl.timedFinishConnect(NioSocketImpl.java:542)
	at java.base/sun.nio.ch.NioSocketImpl.connect(NioSocketImpl.java:592)
	at java.base/java.net.SocksSocketImpl.connect(SocksSocketImpl.java:327)
	at java.base/java.net.Socket.connect(Socket.java:751)
	at org.testcontainers.utility.RyukResourceReaper.lambda$null$1(RyukResourceReaper.java:105)
	at org.rnorth.ducttape.ratelimits.RateLimiter.doWhenReady(RateLimiter.java:27)
	at org.testcontainers.utility.RyukResourceReaper.lambda$maybeStart$2(RyukResourceReaper.java:101)
	at java.base/java.lang.Thread.run(Thread.java:1583)
2025-03-03 16:48:57 [testcontainers-ryuk] WARN  o.t.utility.RyukResourceReaper - Can not connect to Ryuk at 172.17.0.1:37579
java.net.ConnectException: Connection refused
	at java.base/sun.nio.ch.Net.pollConnect(Native Method)
	at java.base/sun.nio.ch.Net.pollConnectNow(Net.java:682)
	at java.base/sun.nio.ch.NioSocketImpl.timedFinishConnect(NioSocketImpl.java:542)
	at java.base/sun.nio.ch.NioSocketImpl.connect(NioSocketImpl.java:592)
	at java.base/java.net.SocksSocketImpl.connect(SocksSocketImpl.java:327)
	at java.base/java.net.Socket.connect(Socket.java:751)
	at org.testcontainers.utility.RyukResourceReaper.lambda$null$1(RyukResourceReaper.java:105)
	at org.rnorth.ducttape.ratelimits.RateLimiter.doWhenReady(RateLimiter.java:27)
	at org.testcontainers.utility.RyukResourceReaper.lambda$maybeStart$2(RyukResourceReaper.java:101)
	at java.base/java.lang.Thread.run(Thread.java:1583)
2025-03-03 16:48:58 [testcontainers-ryuk] WARN  o.t.utility.RyukResourceReaper - Can not connect to Ryuk at 172.17.0.1:37579
java.net.ConnectException: Connection refused
	at java.base/sun.nio.ch.Net.pollConnect(Native Method)
	at java.base/sun.nio.ch.Net.pollConnectNow(Net.java:682)
	at java.base/sun.nio.ch.NioSocketImpl.timedFinishConnect(NioSocketImpl.java:542)
	at java.base/sun.nio.ch.NioSocketImpl.connect(NioSocketImpl.java:592)
	at java.base/java.net.SocksSocketImpl.connect(SocksSocketImpl.java:327)
	at java.base/java.net.Socket.connect(Socket.java:751)
	at org.testcontainers.utility.RyukResourceReaper.lambda$null$1(RyukResourceReaper.java:105)
	at org.rnorth.ducttape.ratelimits.RateLimiter.doWhenReady(RateLimiter.java:27)
	at org.testcontainers.utility.RyukResourceReaper.lambda$maybeStart$2(RyukResourceReaper.java:101)
	at java.base/java.lang.Thread.run(Thread.java:1583)
2025-03-03 16:48:58 [testcontainers-ryuk] WARN  o.t.utility.RyukResourceReaper - Can not connect to Ryuk at 172.17.0.1:37579
java.net.ConnectException: Connection refused
	at java.base/sun.nio.ch.Net.pollConnect(Native Method)
	at java.base/sun.nio.ch.Net.pollConnectNow(Net.java:682)
	at java.base/sun.nio.ch.NioSocketImpl.timedFinishConnect(NioSocketImpl.java:542)
	at java.base/sun.nio.ch.NioSocketImpl.connect(NioSocketImpl.java:592)
	at java.base/java.net.SocksSocketImpl.connect(SocksSocketImpl.java:327)
	at java.base/java.net.Socket.connect(Socket.java:751)
	at org.testcontainers.utility.RyukResourceReaper.lambda$null$1(RyukResourceReaper.java:105)
	at org.rnorth.ducttape.ratelimits.RateLimiter.doWhenReady(RateLimiter.java:27)
	at org.testcontainers.utility.RyukResourceReaper.lambda$maybeStart$2(RyukResourceReaper.java:101)
	at java.base/java.lang.Thread.run(Thread.java:1583)
2025-03-03 16:48:58 [testcontainers-ryuk] WARN  o.t.utility.RyukResourceReaper - Can not connect to Ryuk at 172.17.0.1:37579
java.net.ConnectException: Connection refused
	at java.base/sun.nio.ch.Net.pollConnect(Native Method)
	at java.base/sun.nio.ch.Net.pollConnectNow(Net.java:682)
	at java.base/sun.nio.ch.NioSocketImpl.timedFinishConnect(NioSocketImpl.java:542)
	at java.base/sun.nio.ch.NioSocketImpl.connect(NioSocketImpl.java:592)
	at java.base/java.net.SocksSocketImpl.connect(SocksSocketImpl.java:327)
	at java.base/java.net.Socket.connect(Socket.java:751)
	at org.testcontainers.utility.RyukResourceReaper.lambda$null$1(RyukResourceReaper.java:105)
	at org.rnorth.ducttape.ratelimits.RateLimiter.doWhenReady(RateLimiter.java:27)
	at org.testcontainers.utility.RyukResourceReaper.lambda$maybeStart$2(RyukResourceReaper.java:101)
	at java.base/java.lang.Thread.run(Thread.java:1583)
2025-03-03 16:48:58 [testcontainers-ryuk] WARN  o.t.utility.RyukResourceReaper - Can not connect to Ryuk at 172.17.0.1:37579
java.net.ConnectException: Connection refused
	at java.base/sun.nio.ch.Net.pollConnect(Native Method)
	at java.base/sun.nio.ch.Net.pollConnectNow(Net.java:682)
	at java.base/sun.nio.ch.NioSocketImpl.timedFinishConnect(NioSocketImpl.java:542)
	at java.base/sun.nio.ch.NioSocketImpl.connect(NioSocketImpl.java:592)
	at java.base/java.net.SocksSocketImpl.connect(SocksSocketImpl.java:327)
	at java.base/java.net.Socket.connect(Socket.java:751)
	at org.testcontainers.utility.RyukResourceReaper.lambda$null$1(RyukResourceReaper.java:105)
	at org.rnorth.ducttape.ratelimits.RateLimiter.doWhenReady(RateLimiter.java:27)
	at org.testcontainers.utility.RyukResourceReaper.lambda$maybeStart$2(RyukResourceReaper.java:101)
	at java.base/java.lang.Thread.run(Thread.java:1583)
2025-03-03 16:48:59 [testcontainers-ryuk] WARN  o.t.utility.RyukResourceReaper - Can not connect to Ryuk at 172.17.0.1:37579
java.net.ConnectException: Connection refused
	at java.base/sun.nio.ch.Net.pollConnect(Native Method)
	at java.base/sun.nio.ch.Net.pollConnectNow(Net.java:682)
	at java.base/sun.nio.ch.NioSocketImpl.timedFinishConnect(NioSocketImpl.java:542)
	at java.base/sun.nio.ch.NioSocketImpl.connect(NioSocketImpl.java:592)
	at java.base/java.net.SocksSocketImpl.connect(SocksSocketImpl.java:327)
	at java.base/java.net.Socket.connect(Socket.java:751)
	at org.testcontainers.utility.RyukResourceReaper.lambda$null$1(RyukResourceReaper.java:105)
	at org.rnorth.ducttape.ratelimits.RateLimiter.doWhenReady(RateLimiter.java:27)
	at org.testcontainers.utility.RyukResourceReaper.lambda$maybeStart$2(RyukResourceReaper.java:101)
	at java.base/java.lang.Thread.run(Thread.java:1583)
2025-03-03 16:48:59 [main] INFO  o.s.d.r.c.RepositoryConfigurationDelegate - Bootstrapping Spring Data JPA repositories in DEFAULT mode.
2025-03-03 16:48:59 [testcontainers-ryuk] WARN  o.t.utility.RyukResourceReaper - Can not connect to Ryuk at 172.17.0.1:37579
java.net.ConnectException: Connection refused
	at java.base/sun.nio.ch.Net.pollConnect(Native Method)
	at java.base/sun.nio.ch.Net.pollConnectNow(Net.java:682)
	at java.base/sun.nio.ch.NioSocketImpl.timedFinishConnect(NioSocketImpl.java:542)
	at java.base/sun.nio.ch.NioSocketImpl.connect(NioSocketImpl.java:592)
	at java.base/java.net.SocksSocketImpl.connect(SocksSocketImpl.java:327)
	at java.base/java.net.Socket.connect(Socket.java:751)
	at org.testcontainers.utility.RyukResourceReaper.lambda$null$1(RyukResourceReaper.java:105)
	at org.rnorth.ducttape.ratelimits.RateLimiter.doWhenReady(RateLimiter.java:27)
	at org.testcontainers.utility.RyukResourceReaper.lambda$maybeStart$2(RyukResourceReaper.java:101)
	at java.base/java.lang.Thread.run(Thread.java:1583)
2025-03-03 16:48:59 [testcontainers-ryuk] WARN  o.t.utility.RyukResourceReaper - Can not connect to Ryuk at 172.17.0.1:37579
java.net.ConnectException: Connection refused
	at java.base/sun.nio.ch.Net.pollConnect(Native Method)
	at java.base/sun.nio.ch.Net.pollConnectNow(Net.java:682)
	at java.base/sun.nio.ch.NioSocketImpl.timedFinishConnect(NioSocketImpl.java:542)
	at java.base/sun.nio.ch.NioSocketImpl.connect(NioSocketImpl.java:592)
	at java.base/java.net.SocksSocketImpl.connect(SocksSocketImpl.java:327)
	at java.base/java.net.Socket.connect(Socket.java:751)
	at org.testcontainers.utility.RyukResourceReaper.lambda$null$1(RyukResourceReaper.java:105)
	at org.rnorth.ducttape.ratelimits.RateLimiter.doWhenReady(RateLimiter.java:27)
	at org.testcontainers.utility.RyukResourceReaper.lambda$maybeStart$2(RyukResourceReaper.java:101)
	at java.base/java.lang.Thread.run(Thread.java:1583)
2025-03-03 16:48:59 [testcontainers-ryuk] WARN  o.t.utility.RyukResourceReaper - Can not connect to Ryuk at 172.17.0.1:37579
java.net.ConnectException: Connection refused
	at java.base/sun.nio.ch.Net.pollConnect(Native Method)
	at java.base/sun.nio.ch.Net.pollConnectNow(Net.java:682)
	at java.base/sun.nio.ch.NioSocketImpl.timedFinishConnect(NioSocketImpl.java:542)
	at java.base/sun.nio.ch.NioSocketImpl.connect(NioSocketImpl.java:592)
	at java.base/java.net.SocksSocketImpl.connect(SocksSocketImpl.java:327)
	at java.base/java.net.Socket.connect(Socket.java:751)
	at org.testcontainers.utility.RyukResourceReaper.lambda$null$1(RyukResourceReaper.java:105)
	at org.rnorth.ducttape.ratelimits.RateLimiter.doWhenReady(RateLimiter.java:27)
	at org.testcontainers.utility.RyukResourceReaper.lambda$maybeStart$2(RyukResourceReaper.java:101)
	at java.base/java.lang.Thread.run(Thread.java:1583)
2025-03-03 16:48:59 [main] INFO  o.s.d.r.c.RepositoryConfigurationDelegate - Finished Spring Data repository scanning in 527 ms. Found 5 JPA repository interfaces.
2025-03-03 16:49:00 [testcontainers-ryuk] WARN  o.t.utility.RyukResourceReaper - Can not connect to Ryuk at 172.17.0.1:37579
java.net.ConnectException: Connection refused
	at java.base/sun.nio.ch.Net.pollConnect(Native Method)
	at java.base/sun.nio.ch.Net.pollConnectNow(Net.java:682)
	at java.base/sun.nio.ch.NioSocketImpl.timedFinishConnect(NioSocketImpl.java:542)
	at java.base/sun.nio.ch.NioSocketImpl.connect(NioSocketImpl.java:592)
	at java.base/java.net.SocksSocketImpl.connect(SocksSocketImpl.java:327)
	at java.base/java.net.Socket.connect(Socket.java:751)
	at org.testcontainers.utility.RyukResourceReaper.lambda$null$1(RyukResourceReaper.java:105)
	at org.rnorth.ducttape.ratelimits.RateLimiter.doWhenReady(RateLimiter.java:27)
	at org.testcontainers.utility.RyukResourceReaper.lambda$maybeStart$2(RyukResourceReaper.java:101)
	at java.base/java.lang.Thread.run(Thread.java:1583)
2025-03-03 16:49:00 [testcontainers-ryuk] WARN  o.t.utility.RyukResourceReaper - Can not connect to Ryuk at 172.17.0.1:37579
java.net.ConnectException: Connection refused
	at java.base/sun.nio.ch.Net.pollConnect(Native Method)
	at java.base/sun.nio.ch.Net.pollConnectNow(Net.java:682)
	at java.base/sun.nio.ch.NioSocketImpl.timedFinishConnect(NioSocketImpl.java:542)
	at java.base/sun.nio.ch.NioSocketImpl.connect(NioSocketImpl.java:592)
	at java.base/java.net.SocksSocketImpl.connect(SocksSocketImpl.java:327)
	at java.base/java.net.Socket.connect(Socket.java:751)
	at org.testcontainers.utility.RyukResourceReaper.lambda$null$1(RyukResourceReaper.java:105)
	at org.rnorth.ducttape.ratelimits.RateLimiter.doWhenReady(RateLimiter.java:27)
	at org.testcontainers.utility.RyukResourceReaper.lambda$maybeStart$2(RyukResourceReaper.java:101)
	at java.base/java.lang.Thread.run(Thread.java:1583)
2025-03-03 16:49:00 [testcontainers-ryuk] WARN  o.t.utility.RyukResourceReaper - Can not connect to Ryuk at 172.17.0.1:37579
java.net.ConnectException: Connection refused
	at java.base/sun.nio.ch.Net.pollConnect(Native Method)
	at java.base/sun.nio.ch.Net.pollConnectNow(Net.java:682)
	at java.base/sun.nio.ch.NioSocketImpl.timedFinishConnect(NioSocketImpl.java:542)
	at java.base/sun.nio.ch.NioSocketImpl.connect(NioSocketImpl.java:592)
	at java.base/java.net.SocksSocketImpl.connect(SocksSocketImpl.java:327)
	at java.base/java.net.Socket.connect(Socket.java:751)
	at org.testcontainers.utility.RyukResourceReaper.lambda$null$1(RyukResourceReaper.java:105)
	at org.rnorth.ducttape.ratelimits.RateLimiter.doWhenReady(RateLimiter.java:27)
	at org.testcontainers.utility.RyukResourceReaper.lambda$maybeStart$2(RyukResourceReaper.java:101)
	at java.base/java.lang.Thread.run(Thread.java:1583)
2025-03-03 16:49:00 [testcontainers-ryuk] WARN  o.t.utility.RyukResourceReaper - Can not connect to Ryuk at 172.17.0.1:37579
java.net.ConnectException: Connection refused
	at java.base/sun.nio.ch.Net.pollConnect(Native Method)
	at java.base/sun.nio.ch.Net.pollConnectNow(Net.java:682)
	at java.base/sun.nio.ch.NioSocketImpl.timedFinishConnect(NioSocketImpl.java:542)
	at java.base/sun.nio.ch.NioSocketImpl.connect(NioSocketImpl.java:592)
	at java.base/java.net.SocksSocketImpl.connect(SocksSocketImpl.java:327)
	at java.base/java.net.Socket.connect(Socket.java:751)
	at org.testcontainers.utility.RyukResourceReaper.lambda$null$1(RyukResourceReaper.java:105)
	at org.rnorth.ducttape.ratelimits.RateLimiter.doWhenReady(RateLimiter.java:27)
	at org.testcontainers.utility.RyukResourceReaper.lambda$maybeStart$2(RyukResourceReaper.java:101)
	at java.base/java.lang.Thread.run(Thread.java:1583)
2025-03-03 16:49:01 [testcontainers-ryuk] WARN  o.t.utility.RyukResourceReaper - Can not connect to Ryuk at 172.17.0.1:37579
java.net.ConnectException: Connection refused
	at java.base/sun.nio.ch.Net.pollConnect(Native Method)
	at java.base/sun.nio.ch.Net.pollConnectNow(Net.java:682)
	at java.base/sun.nio.ch.NioSocketImpl.timedFinishConnect(NioSocketImpl.java:542)
	at java.base/sun.nio.ch.NioSocketImpl.connect(NioSocketImpl.java:592)
	at java.base/java.net.SocksSocketImpl.connect(SocksSocketImpl.java:327)
	at java.base/java.net.Socket.connect(Socket.java:751)
	at org.testcontainers.utility.RyukResourceReaper.lambda$null$1(RyukResourceReaper.java:105)
	at org.rnorth.ducttape.ratelimits.RateLimiter.doWhenReady(RateLimiter.java:27)
	at org.testcontainers.utility.RyukResourceReaper.lambda$maybeStart$2(RyukResourceReaper.java:101)
	at java.base/java.lang.Thread.run(Thread.java:1583)
2025-03-03 16:49:01 [testcontainers-ryuk] WARN  o.t.utility.RyukResourceReaper - Can not connect to Ryuk at 172.17.0.1:37579
java.net.ConnectException: Connection refused
	at java.base/sun.nio.ch.Net.pollConnect(Native Method)
	at java.base/sun.nio.ch.Net.pollConnectNow(Net.java:682)
	at java.base/sun.nio.ch.NioSocketImpl.timedFinishConnect(NioSocketImpl.java:542)
	at java.base/sun.nio.ch.NioSocketImpl.connect(NioSocketImpl.java:592)
	at java.base/java.net.SocksSocketImpl.connect(SocksSocketImpl.java:327)
	at java.base/java.net.Socket.connect(Socket.java:751)
	at org.testcontainers.utility.RyukResourceReaper.lambda$null$1(RyukResourceReaper.java:105)
	at org.rnorth.ducttape.ratelimits.RateLimiter.doWhenReady(RateLimiter.java:27)
	at org.testcontainers.utility.RyukResourceReaper.lambda$maybeStart$2(RyukResourceReaper.java:101)
	at java.base/java.lang.Thread.run(Thread.java:1583)
2025-03-03 16:49:01 [testcontainers-ryuk] WARN  o.t.utility.RyukResourceReaper - Can not connect to Ryuk at 172.17.0.1:37579
java.net.ConnectException: Connection refused
	at java.base/sun.nio.ch.Net.pollConnect(Native Method)
	at java.base/sun.nio.ch.Net.pollConnectNow(Net.java:682)
	at java.base/sun.nio.ch.NioSocketImpl.timedFinishConnect(NioSocketImpl.java:542)
	at java.base/sun.nio.ch.NioSocketImpl.connect(NioSocketImpl.java:592)
	at java.base/java.net.SocksSocketImpl.connect(SocksSocketImpl.java:327)
	at java.base/java.net.Socket.connect(Socket.java:751)
	at org.testcontainers.utility.RyukResourceReaper.lambda$null$1(RyukResourceReaper.java:105)
	at org.rnorth.ducttape.ratelimits.RateLimiter.doWhenReady(RateLimiter.java:27)
	at org.testcontainers.utility.RyukResourceReaper.lambda$maybeStart$2(RyukResourceReaper.java:101)
	at java.base/java.lang.Thread.run(Thread.java:1583)
2025-03-03 16:49:01 [testcontainers-ryuk] WARN  o.t.utility.RyukResourceReaper - Can not connect to Ryuk at 172.17.0.1:37579
java.net.ConnectException: Connection refused
	at java.base/sun.nio.ch.Net.pollConnect(Native Method)
	at java.base/sun.nio.ch.Net.pollConnectNow(Net.java:682)
	at java.base/sun.nio.ch.NioSocketImpl.timedFinishConnect(NioSocketImpl.java:542)
	at java.base/sun.nio.ch.NioSocketImpl.connect(NioSocketImpl.java:592)
	at java.base/java.net.SocksSocketImpl.connect(SocksSocketImpl.java:327)
	at java.base/java.net.Socket.connect(Socket.java:751)
	at org.testcontainers.utility.RyukResourceReaper.lambda$null$1(RyukResourceReaper.java:105)
	at org.rnorth.ducttape.ratelimits.RateLimiter.doWhenReady(RateLimiter.java:27)
	at org.testcontainers.utility.RyukResourceReaper.lambda$maybeStart$2(RyukResourceReaper.java:101)
	at java.base/java.lang.Thread.run(Thread.java:1583)
2025-03-03 16:49:02 [testcontainers-ryuk] WARN  o.t.utility.RyukResourceReaper - Can not connect to Ryuk at 172.17.0.1:37579
java.net.ConnectException: Connection refused
	at java.base/sun.nio.ch.Net.pollConnect(Native Method)
	at java.base/sun.nio.ch.Net.pollConnectNow(Net.java:682)
	at java.base/sun.nio.ch.NioSocketImpl.timedFinishConnect(NioSocketImpl.java:542)
	at java.base/sun.nio.ch.NioSocketImpl.connect(NioSocketImpl.java:592)
	at java.base/java.net.SocksSocketImpl.connect(SocksSocketImpl.java:327)
	at java.base/java.net.Socket.connect(Socket.java:751)
	at org.testcontainers.utility.RyukResourceReaper.lambda$null$1(RyukResourceReaper.java:105)
	at org.rnorth.ducttape.ratelimits.RateLimiter.doWhenReady(RateLimiter.java:27)
	at org.testcontainers.utility.RyukResourceReaper.lambda$maybeStart$2(RyukResourceReaper.java:101)
	at java.base/java.lang.Thread.run(Thread.java:1583)
2025-03-03 16:49:02 [testcontainers-ryuk] WARN  o.t.utility.RyukResourceReaper - Can not connect to Ryuk at 172.17.0.1:37579
java.net.ConnectException: Connection refused
	at java.base/sun.nio.ch.Net.pollConnect(Native Method)
	at java.base/sun.nio.ch.Net.pollConnectNow(Net.java:682)
	at java.base/sun.nio.ch.NioSocketImpl.timedFinishConnect(NioSocketImpl.java:542)
	at java.base/sun.nio.ch.NioSocketImpl.connect(NioSocketImpl.java:592)
	at java.base/java.net.SocksSocketImpl.connect(SocksSocketImpl.java:327)
	at java.base/java.net.Socket.connect(Socket.java:751)
	at org.testcontainers.utility.RyukResourceReaper.lambda$null$1(RyukResourceReaper.java:105)
	at org.rnorth.ducttape.ratelimits.RateLimiter.doWhenReady(RateLimiter.java:27)
	at org.testcontainers.utility.RyukResourceReaper.lambda$maybeStart$2(RyukResourceReaper.java:101)
	at java.base/java.lang.Thread.run(Thread.java:1583)
2025-03-03 16:49:02 [testcontainers-ryuk] WARN  o.t.utility.RyukResourceReaper - Can not connect to Ryuk at 172.17.0.1:37579
java.net.ConnectException: Connection refused
	at java.base/sun.nio.ch.Net.pollConnect(Native Method)
	at java.base/sun.nio.ch.Net.pollConnectNow(Net.java:682)
	at java.base/sun.nio.ch.NioSocketImpl.timedFinishConnect(NioSocketImpl.java:542)
	at java.base/sun.nio.ch.NioSocketImpl.connect(NioSocketImpl.java:592)
	at java.base/java.net.SocksSocketImpl.connect(SocksSocketImpl.java:327)
	at java.base/java.net.Socket.connect(Socket.java:751)
	at org.testcontainers.utility.RyukResourceReaper.lambda$null$1(RyukResourceReaper.java:105)
	at org.rnorth.ducttape.ratelimits.RateLimiter.doWhenReady(RateLimiter.java:27)
	at org.testcontainers.utility.RyukResourceReaper.lambda$maybeStart$2(RyukResourceReaper.java:101)
	at java.base/java.lang.Thread.run(Thread.java:1583)
2025-03-03 16:49:02 [testcontainers-ryuk] WARN  o.t.utility.RyukResourceReaper - Can not connect to Ryuk at 172.17.0.1:37579
java.net.ConnectException: Connection refused
	at java.base/sun.nio.ch.Net.pollConnect(Native Method)
	at java.base/sun.nio.ch.Net.pollConnectNow(Net.java:682)
	at java.base/sun.nio.ch.NioSocketImpl.timedFinishConnect(NioSocketImpl.java:542)
	at java.base/sun.nio.ch.NioSocketImpl.connect(NioSocketImpl.java:592)
	at java.base/java.net.SocksSocketImpl.connect(SocksSocketImpl.java:327)
	at java.base/java.net.Socket.connect(Socket.java:751)
	at org.testcontainers.utility.RyukResourceReaper.lambda$null$1(RyukResourceReaper.java:105)
	at org.rnorth.ducttape.ratelimits.RateLimiter.doWhenReady(RateLimiter.java:27)
	at org.testcontainers.utility.RyukResourceReaper.lambda$maybeStart$2(RyukResourceReaper.java:101)
	at java.base/java.lang.Thread.run(Thread.java:1583)
2025-03-03 16:49:03 [main] INFO  com.zaxxer.hikari.HikariDataSource - HikariPool-1 - Starting...
2025-03-03 16:49:03 [testcontainers-ryuk] WARN  o.t.utility.RyukResourceReaper - Can not connect to Ryuk at 172.17.0.1:37579
java.net.ConnectException: Connection refused
	at java.base/sun.nio.ch.Net.pollConnect(Native Method)
	at java.base/sun.nio.ch.Net.pollConnectNow(Net.java:682)
	at java.base/sun.nio.ch.NioSocketImpl.timedFinishConnect(NioSocketImpl.java:542)
	at java.base/sun.nio.ch.NioSocketImpl.connect(NioSocketImpl.java:592)
	at java.base/java.net.SocksSocketImpl.connect(SocksSocketImpl.java:327)
	at java.base/java.net.Socket.connect(Socket.java:751)
	at org.testcontainers.utility.RyukResourceReaper.lambda$null$1(RyukResourceReaper.java:105)
	at org.rnorth.ducttape.ratelimits.RateLimiter.doWhenReady(RateLimiter.java:27)
	at org.testcontainers.utility.RyukResourceReaper.lambda$maybeStart$2(RyukResourceReaper.java:101)
	at java.base/java.lang.Thread.run(Thread.java:1583)
2025-03-03 16:49:03 [testcontainers-ryuk] WARN  o.t.utility.RyukResourceReaper - Can not connect to Ryuk at 172.17.0.1:37579
java.net.ConnectException: Connection refused
	at java.base/sun.nio.ch.Net.pollConnect(Native Method)
	at java.base/sun.nio.ch.Net.pollConnectNow(Net.java:682)
	at java.base/sun.nio.ch.NioSocketImpl.timedFinishConnect(NioSocketImpl.java:542)
	at java.base/sun.nio.ch.NioSocketImpl.connect(NioSocketImpl.java:592)
	at java.base/java.net.SocksSocketImpl.connect(SocksSocketImpl.java:327)
	at java.base/java.net.Socket.connect(Socket.java:751)
	at org.testcontainers.utility.RyukResourceReaper.lambda$null$1(RyukResourceReaper.java:105)
	at org.rnorth.ducttape.ratelimits.RateLimiter.doWhenReady(RateLimiter.java:27)
	at org.testcontainers.utility.RyukResourceReaper.lambda$maybeStart$2(RyukResourceReaper.java:101)
	at java.base/java.lang.Thread.run(Thread.java:1583)
2025-03-03 16:49:03 [testcontainers-ryuk] WARN  o.t.utility.RyukResourceReaper - Can not connect to Ryuk at 172.17.0.1:37579
java.net.ConnectException: Connection refused
	at java.base/sun.nio.ch.Net.pollConnect(Native Method)
	at java.base/sun.nio.ch.Net.pollConnectNow(Net.java:682)
	at java.base/sun.nio.ch.NioSocketImpl.timedFinishConnect(NioSocketImpl.java:542)
	at java.base/sun.nio.ch.NioSocketImpl.connect(NioSocketImpl.java:592)
	at java.base/java.net.SocksSocketImpl.connect(SocksSocketImpl.java:327)
	at java.base/java.net.Socket.connect(Socket.java:751)
	at org.testcontainers.utility.RyukResourceReaper.lambda$null$1(RyukResourceReaper.java:105)
	at org.rnorth.ducttape.ratelimits.RateLimiter.doWhenReady(RateLimiter.java:27)
	at org.testcontainers.utility.RyukResourceReaper.lambda$maybeStart$2(RyukResourceReaper.java:101)
	at java.base/java.lang.Thread.run(Thread.java:1583)
2025-03-03 16:49:03 [main] INFO  com.zaxxer.hikari.pool.HikariPool - HikariPool-1 - Added connection org.postgresql.jdbc.PgConnection@7c0035dd
2025-03-03 16:49:03 [main] INFO  com.zaxxer.hikari.HikariDataSource - HikariPool-1 - Start completed.
2025-03-03 16:49:03 [testcontainers-ryuk] WARN  o.t.utility.RyukResourceReaper - Can not connect to Ryuk at 172.17.0.1:37579
java.net.ConnectException: Connection refused
	at java.base/sun.nio.ch.Net.pollConnect(Native Method)
	at java.base/sun.nio.ch.Net.pollConnectNow(Net.java:682)
	at java.base/sun.nio.ch.NioSocketImpl.timedFinishConnect(NioSocketImpl.java:542)
	at java.base/sun.nio.ch.NioSocketImpl.connect(NioSocketImpl.java:592)
	at java.base/java.net.SocksSocketImpl.connect(SocksSocketImpl.java:327)
	at java.base/java.net.Socket.connect(Socket.java:751)
	at org.testcontainers.utility.RyukResourceReaper.lambda$null$1(RyukResourceReaper.java:105)
	at org.rnorth.ducttape.ratelimits.RateLimiter.doWhenReady(RateLimiter.java:27)
	at org.testcontainers.utility.RyukResourceReaper.lambda$maybeStart$2(RyukResourceReaper.java:101)
	at java.base/java.lang.Thread.run(Thread.java:1583)
2025-03-03 16:49:04 [testcontainers-ryuk] WARN  o.t.utility.RyukResourceReaper - Can not connect to Ryuk at 172.17.0.1:37579
java.net.ConnectException: Connection refused
	at java.base/sun.nio.ch.Net.pollConnect(Native Method)
	at java.base/sun.nio.ch.Net.pollConnectNow(Net.java:682)
	at java.base/sun.nio.ch.NioSocketImpl.timedFinishConnect(NioSocketImpl.java:542)
	at java.base/sun.nio.ch.NioSocketImpl.connect(NioSocketImpl.java:592)
	at java.base/java.net.SocksSocketImpl.connect(SocksSocketImpl.java:327)
	at java.base/java.net.Socket.connect(Socket.java:751)
	at org.testcontainers.utility.RyukResourceReaper.lambda$null$1(RyukResourceReaper.java:105)
	at org.rnorth.ducttape.ratelimits.RateLimiter.doWhenReady(RateLimiter.java:27)
	at org.testcontainers.utility.RyukResourceReaper.lambda$maybeStart$2(RyukResourceReaper.java:101)
	at java.base/java.lang.Thread.run(Thread.java:1583)
2025-03-03 16:49:04 [testcontainers-ryuk] WARN  o.t.utility.RyukResourceReaper - Can not connect to Ryuk at 172.17.0.1:37579
java.net.ConnectException: Connection refused
	at java.base/sun.nio.ch.Net.pollConnect(Native Method)
	at java.base/sun.nio.ch.Net.pollConnectNow(Net.java:682)
	at java.base/sun.nio.ch.NioSocketImpl.timedFinishConnect(NioSocketImpl.java:542)
	at java.base/sun.nio.ch.NioSocketImpl.connect(NioSocketImpl.java:592)
	at java.base/java.net.SocksSocketImpl.connect(SocksSocketImpl.java:327)
	at java.base/java.net.Socket.connect(Socket.java:751)
	at org.testcontainers.utility.RyukResourceReaper.lambda$null$1(RyukResourceReaper.java:105)
	at org.rnorth.ducttape.ratelimits.RateLimiter.doWhenReady(RateLimiter.java:27)
	at org.testcontainers.utility.RyukResourceReaper.lambda$maybeStart$2(RyukResourceReaper.java:101)
	at java.base/java.lang.Thread.run(Thread.java:1583)
2025-03-03 16:49:04 [main] INFO  liquibase.database - Set default schema name to public
2025-03-03 16:49:04 [testcontainers-ryuk] WARN  o.t.utility.RyukResourceReaper - Can not connect to Ryuk at 172.17.0.1:37579
java.net.ConnectException: Connection refused
	at java.base/sun.nio.ch.Net.pollConnect(Native Method)
	at java.base/sun.nio.ch.Net.pollConnectNow(Net.java:682)
	at java.base/sun.nio.ch.NioSocketImpl.timedFinishConnect(NioSocketImpl.java:542)
	at java.base/sun.nio.ch.NioSocketImpl.connect(NioSocketImpl.java:592)
	at java.base/java.net.SocksSocketImpl.connect(SocksSocketImpl.java:327)
	at java.base/java.net.Socket.connect(Socket.java:751)
	at org.testcontainers.utility.RyukResourceReaper.lambda$null$1(RyukResourceReaper.java:105)
	at org.rnorth.ducttape.ratelimits.RateLimiter.doWhenReady(RateLimiter.java:27)
	at org.testcontainers.utility.RyukResourceReaper.lambda$maybeStart$2(RyukResourceReaper.java:101)
	at java.base/java.lang.Thread.run(Thread.java:1583)
2025-03-03 16:49:04 [testcontainers-ryuk] WARN  o.t.utility.RyukResourceReaper - Can not connect to Ryuk at 172.17.0.1:37579
java.net.ConnectException: Connection refused
	at java.base/sun.nio.ch.Net.pollConnect(Native Method)
	at java.base/sun.nio.ch.Net.pollConnectNow(Net.java:682)
	at java.base/sun.nio.ch.NioSocketImpl.timedFinishConnect(NioSocketImpl.java:542)
	at java.base/sun.nio.ch.NioSocketImpl.connect(NioSocketImpl.java:592)
	at java.base/java.net.SocksSocketImpl.connect(SocksSocketImpl.java:327)
	at java.base/java.net.Socket.connect(Socket.java:751)
	at org.testcontainers.utility.RyukResourceReaper.lambda$null$1(RyukResourceReaper.java:105)
	at org.rnorth.ducttape.ratelimits.RateLimiter.doWhenReady(RateLimiter.java:27)
	at org.testcontainers.utility.RyukResourceReaper.lambda$maybeStart$2(RyukResourceReaper.java:101)
	at java.base/java.lang.Thread.run(Thread.java:1583)
2025-03-03 16:49:05 [testcontainers-ryuk] WARN  o.t.utility.RyukResourceReaper - Can not connect to Ryuk at 172.17.0.1:37579
java.net.ConnectException: Connection refused
	at java.base/sun.nio.ch.Net.pollConnect(Native Method)
	at java.base/sun.nio.ch.Net.pollConnectNow(Net.java:682)
	at java.base/sun.nio.ch.NioSocketImpl.timedFinishConnect(NioSocketImpl.java:542)
	at java.base/sun.nio.ch.NioSocketImpl.connect(NioSocketImpl.java:592)
	at java.base/java.net.SocksSocketImpl.connect(SocksSocketImpl.java:327)
	at java.base/java.net.Socket.connect(Socket.java:751)
	at org.testcontainers.utility.RyukResourceReaper.lambda$null$1(RyukResourceReaper.java:105)
	at org.rnorth.ducttape.ratelimits.RateLimiter.doWhenReady(RateLimiter.java:27)
	at org.testcontainers.utility.RyukResourceReaper.lambda$maybeStart$2(RyukResourceReaper.java:101)
	at java.base/java.lang.Thread.run(Thread.java:1583)
2025-03-03 16:49:05 [testcontainers-ryuk] WARN  o.t.utility.RyukResourceReaper - Can not connect to Ryuk at 172.17.0.1:37579
java.net.ConnectException: Connection refused
	at java.base/sun.nio.ch.Net.pollConnect(Native Method)
	at java.base/sun.nio.ch.Net.pollConnectNow(Net.java:682)
	at java.base/sun.nio.ch.NioSocketImpl.timedFinishConnect(NioSocketImpl.java:542)
	at java.base/sun.nio.ch.NioSocketImpl.connect(NioSocketImpl.java:592)
	at java.base/java.net.SocksSocketImpl.connect(SocksSocketImpl.java:327)
	at java.base/java.net.Socket.connect(Socket.java:751)
	at org.testcontainers.utility.RyukResourceReaper.lambda$null$1(RyukResourceReaper.java:105)
	at org.rnorth.ducttape.ratelimits.RateLimiter.doWhenReady(RateLimiter.java:27)
	at org.testcontainers.utility.RyukResourceReaper.lambda$maybeStart$2(RyukResourceReaper.java:101)
	at java.base/java.lang.Thread.run(Thread.java:1583)
2025-03-03 16:49:05 [testcontainers-ryuk] WARN  o.t.utility.RyukResourceReaper - Can not connect to Ryuk at 172.17.0.1:37579
java.net.ConnectException: Connection refused
	at java.base/sun.nio.ch.Net.pollConnect(Native Method)
	at java.base/sun.nio.ch.Net.pollConnectNow(Net.java:682)
	at java.base/sun.nio.ch.NioSocketImpl.timedFinishConnect(NioSocketImpl.java:542)
	at java.base/sun.nio.ch.NioSocketImpl.connect(NioSocketImpl.java:592)
	at java.base/java.net.SocksSocketImpl.connect(SocksSocketImpl.java:327)
	at java.base/java.net.Socket.connect(Socket.java:751)
	at org.testcontainers.utility.RyukResourceReaper.lambda$null$1(RyukResourceReaper.java:105)
	at org.rnorth.ducttape.ratelimits.RateLimiter.doWhenReady(RateLimiter.java:27)
	at org.testcontainers.utility.RyukResourceReaper.lambda$maybeStart$2(RyukResourceReaper.java:101)
	at java.base/java.lang.Thread.run(Thread.java:1583)
2025-03-03 16:49:05 [testcontainers-ryuk] WARN  o.t.utility.RyukResourceReaper - Can not connect to Ryuk at 172.17.0.1:37579
java.net.ConnectException: Connection refused
	at java.base/sun.nio.ch.Net.pollConnect(Native Method)
	at java.base/sun.nio.ch.Net.pollConnectNow(Net.java:682)
	at java.base/sun.nio.ch.NioSocketImpl.timedFinishConnect(NioSocketImpl.java:542)
	at java.base/sun.nio.ch.NioSocketImpl.connect(NioSocketImpl.java:592)
	at java.base/java.net.SocksSocketImpl.connect(SocksSocketImpl.java:327)
	at java.base/java.net.Socket.connect(Socket.java:751)
	at org.testcontainers.utility.RyukResourceReaper.lambda$null$1(RyukResourceReaper.java:105)
	at org.rnorth.ducttape.ratelimits.RateLimiter.doWhenReady(RateLimiter.java:27)
	at org.testcontainers.utility.RyukResourceReaper.lambda$maybeStart$2(RyukResourceReaper.java:101)
	at java.base/java.lang.Thread.run(Thread.java:1583)
2025-03-03 16:49:06 [testcontainers-ryuk] WARN  o.t.utility.RyukResourceReaper - Can not connect to Ryuk at 172.17.0.1:37579
java.net.ConnectException: Connection refused
	at java.base/sun.nio.ch.Net.pollConnect(Native Method)
	at java.base/sun.nio.ch.Net.pollConnectNow(Net.java:682)
	at java.base/sun.nio.ch.NioSocketImpl.timedFinishConnect(NioSocketImpl.java:542)
	at java.base/sun.nio.ch.NioSocketImpl.connect(NioSocketImpl.java:592)
	at java.base/java.net.SocksSocketImpl.connect(SocksSocketImpl.java:327)
	at java.base/java.net.Socket.connect(Socket.java:751)
	at org.testcontainers.utility.RyukResourceReaper.lambda$null$1(RyukResourceReaper.java:105)
	at org.rnorth.ducttape.ratelimits.RateLimiter.doWhenReady(RateLimiter.java:27)
	at org.testcontainers.utility.RyukResourceReaper.lambda$maybeStart$2(RyukResourceReaper.java:101)
	at java.base/java.lang.Thread.run(Thread.java:1583)
2025-03-03 16:49:06 [main] INFO  liquibase.changelog - Reading from public.databasechangelog
2025-03-03 16:49:06 [testcontainers-ryuk] WARN  o.t.utility.RyukResourceReaper - Can not connect to Ryuk at 172.17.0.1:37579
java.net.ConnectException: Connection refused
	at java.base/sun.nio.ch.Net.pollConnect(Native Method)
	at java.base/sun.nio.ch.Net.pollConnectNow(Net.java:682)
	at java.base/sun.nio.ch.NioSocketImpl.timedFinishConnect(NioSocketImpl.java:542)
	at java.base/sun.nio.ch.NioSocketImpl.connect(NioSocketImpl.java:592)
	at java.base/java.net.SocksSocketImpl.connect(SocksSocketImpl.java:327)
	at java.base/java.net.Socket.connect(Socket.java:751)
	at org.testcontainers.utility.RyukResourceReaper.lambda$null$1(RyukResourceReaper.java:105)
	at org.rnorth.ducttape.ratelimits.RateLimiter.doWhenReady(RateLimiter.java:27)
	at org.testcontainers.utility.RyukResourceReaper.lambda$maybeStart$2(RyukResourceReaper.java:101)
	at java.base/java.lang.Thread.run(Thread.java:1583)
2025-03-03 16:49:06 [main] INFO  liquibase.ui - Database is up to date, no changesets to execute
2025-03-03 16:49:06 [main] INFO  liquibase.changelog - Reading from public.databasechangelog
2025-03-03 16:49:06 [main] INFO  liquibase.util - UPDATE SUMMARY
2025-03-03 16:49:06 [main] INFO  liquibase.util - Run:                          0
2025-03-03 16:49:06 [main] INFO  liquibase.util - Previously run:              10
2025-03-03 16:49:06 [main] INFO  liquibase.util - Filtered out:                 0
2025-03-03 16:49:06 [main] INFO  liquibase.util - -------------------------------
2025-03-03 16:49:06 [main] INFO  liquibase.util - Total change sets:           10
2025-03-03 16:49:06 [main] INFO  liquibase.util - Update summary generated
2025-03-03 16:49:06 [main] INFO  liquibase.lockservice - Successfully released change log lock
2025-03-03 16:49:06 [testcontainers-ryuk] WARN  o.t.utility.RyukResourceReaper - Can not connect to Ryuk at 172.17.0.1:37579
java.net.ConnectException: Connection refused
	at java.base/sun.nio.ch.Net.pollConnect(Native Method)
	at java.base/sun.nio.ch.Net.pollConnectNow(Net.java:682)
	at java.base/sun.nio.ch.NioSocketImpl.timedFinishConnect(NioSocketImpl.java:542)
	at java.base/sun.nio.ch.NioSocketImpl.connect(NioSocketImpl.java:592)
	at java.base/java.net.SocksSocketImpl.connect(SocksSocketImpl.java:327)
	at java.base/java.net.Socket.connect(Socket.java:751)
	at org.testcontainers.utility.RyukResourceReaper.lambda$null$1(RyukResourceReaper.java:105)
	at org.rnorth.ducttape.ratelimits.RateLimiter.doWhenReady(RateLimiter.java:27)
	at org.testcontainers.utility.RyukResourceReaper.lambda$maybeStart$2(RyukResourceReaper.java:101)
	at java.base/java.lang.Thread.run(Thread.java:1583)
2025-03-03 16:49:06 [main] INFO  liquibase.command - Command execution complete
2025-03-03 16:49:06 [testcontainers-ryuk] WARN  o.t.utility.RyukResourceReaper - Can not connect to Ryuk at 172.17.0.1:37579
java.net.ConnectException: Connection refused
	at java.base/sun.nio.ch.Net.pollConnect(Native Method)
	at java.base/sun.nio.ch.Net.pollConnectNow(Net.java:682)
	at java.base/sun.nio.ch.NioSocketImpl.timedFinishConnect(NioSocketImpl.java:542)
	at java.base/sun.nio.ch.NioSocketImpl.connect(NioSocketImpl.java:592)
	at java.base/java.net.SocksSocketImpl.connect(SocksSocketImpl.java:327)
	at java.base/java.net.Socket.connect(Socket.java:751)
	at org.testcontainers.utility.RyukResourceReaper.lambda$null$1(RyukResourceReaper.java:105)
	at org.rnorth.ducttape.ratelimits.RateLimiter.doWhenReady(RateLimiter.java:27)
	at org.testcontainers.utility.RyukResourceReaper.lambda$maybeStart$2(RyukResourceReaper.java:101)
	at java.base/java.lang.Thread.run(Thread.java:1583)
2025-03-03 16:49:07 [testcontainers-ryuk] WARN  o.t.utility.RyukResourceReaper - Can not connect to Ryuk at 172.17.0.1:37579
java.net.ConnectException: Connection refused
	at java.base/sun.nio.ch.Net.pollConnect(Native Method)
	at java.base/sun.nio.ch.Net.pollConnectNow(Net.java:682)
	at java.base/sun.nio.ch.NioSocketImpl.timedFinishConnect(NioSocketImpl.java:542)
	at java.base/sun.nio.ch.NioSocketImpl.connect(NioSocketImpl.java:592)
	at java.base/java.net.SocksSocketImpl.connect(SocksSocketImpl.java:327)
	at java.base/java.net.Socket.connect(Socket.java:751)
	at org.testcontainers.utility.RyukResourceReaper.lambda$null$1(RyukResourceReaper.java:105)
	at org.rnorth.ducttape.ratelimits.RateLimiter.doWhenReady(RateLimiter.java:27)
	at org.testcontainers.utility.RyukResourceReaper.lambda$maybeStart$2(RyukResourceReaper.java:101)
	at java.base/java.lang.Thread.run(Thread.java:1583)
2025-03-03 16:49:07 [main] INFO  o.h.jpa.internal.util.LogHelper - HHH000204: Processing PersistenceUnitInfo [name: default]
2025-03-03 16:49:07 [testcontainers-ryuk] WARN  o.t.utility.RyukResourceReaper - Can not connect to Ryuk at 172.17.0.1:37579
java.net.ConnectException: Connection refused
	at java.base/sun.nio.ch.Net.pollConnect(Native Method)
	at java.base/sun.nio.ch.Net.pollConnectNow(Net.java:682)
	at java.base/sun.nio.ch.NioSocketImpl.timedFinishConnect(NioSocketImpl.java:542)
	at java.base/sun.nio.ch.NioSocketImpl.connect(NioSocketImpl.java:592)
	at java.base/java.net.SocksSocketImpl.connect(SocksSocketImpl.java:327)
	at java.base/java.net.Socket.connect(Socket.java:751)
	at org.testcontainers.utility.RyukResourceReaper.lambda$null$1(RyukResourceReaper.java:105)
	at org.rnorth.ducttape.ratelimits.RateLimiter.doWhenReady(RateLimiter.java:27)
	at org.testcontainers.utility.RyukResourceReaper.lambda$maybeStart$2(RyukResourceReaper.java:101)
	at java.base/java.lang.Thread.run(Thread.java:1583)
2025-03-03 16:49:07 [main] INFO  org.hibernate.Version - HHH000412: Hibernate ORM core version 6.5.3.Final
2025-03-03 16:49:07 [testcontainers-ryuk] WARN  o.t.utility.RyukResourceReaper - Can not connect to Ryuk at 172.17.0.1:37579
java.net.ConnectException: Connection refused
	at java.base/sun.nio.ch.Net.pollConnect(Native Method)
	at java.base/sun.nio.ch.Net.pollConnectNow(Net.java:682)
	at java.base/sun.nio.ch.NioSocketImpl.timedFinishConnect(NioSocketImpl.java:542)
	at java.base/sun.nio.ch.NioSocketImpl.connect(NioSocketImpl.java:592)
	at java.base/java.net.SocksSocketImpl.connect(SocksSocketImpl.java:327)
	at java.base/java.net.Socket.connect(Socket.java:751)
	at org.testcontainers.utility.RyukResourceReaper.lambda$null$1(RyukResourceReaper.java:105)
	at org.rnorth.ducttape.ratelimits.RateLimiter.doWhenReady(RateLimiter.java:27)
	at org.testcontainers.utility.RyukResourceReaper.lambda$maybeStart$2(RyukResourceReaper.java:101)
	at java.base/java.lang.Thread.run(Thread.java:1583)
2025-03-03 16:49:07 [main] INFO  o.h.c.i.RegionFactoryInitiator - HHH000026: Second-level cache disabled
2025-03-03 16:49:07 [testcontainers-ryuk] WARN  o.t.utility.RyukResourceReaper - Can not connect to Ryuk at 172.17.0.1:37579
java.net.ConnectException: Connection refused
	at java.base/sun.nio.ch.Net.pollConnect(Native Method)
	at java.base/sun.nio.ch.Net.pollConnectNow(Net.java:682)
	at java.base/sun.nio.ch.NioSocketImpl.timedFinishConnect(NioSocketImpl.java:542)
	at java.base/sun.nio.ch.NioSocketImpl.connect(NioSocketImpl.java:592)
	at java.base/java.net.SocksSocketImpl.connect(SocksSocketImpl.java:327)
	at java.base/java.net.Socket.connect(Socket.java:751)
	at org.testcontainers.utility.RyukResourceReaper.lambda$null$1(RyukResourceReaper.java:105)
	at org.rnorth.ducttape.ratelimits.RateLimiter.doWhenReady(RateLimiter.java:27)
	at org.testcontainers.utility.RyukResourceReaper.lambda$maybeStart$2(RyukResourceReaper.java:101)
	at java.base/java.lang.Thread.run(Thread.java:1583)
2025-03-03 16:49:08 [testcontainers-ryuk] WARN  o.t.utility.RyukResourceReaper - Can not connect to Ryuk at 172.17.0.1:37579
java.net.ConnectException: Connection refused
	at java.base/sun.nio.ch.Net.pollConnect(Native Method)
	at java.base/sun.nio.ch.Net.pollConnectNow(Net.java:682)
	at java.base/sun.nio.ch.NioSocketImpl.timedFinishConnect(NioSocketImpl.java:542)
	at java.base/sun.nio.ch.NioSocketImpl.connect(NioSocketImpl.java:592)
	at java.base/java.net.SocksSocketImpl.connect(SocksSocketImpl.java:327)
	at java.base/java.net.Socket.connect(Socket.java:751)
	at org.testcontainers.utility.RyukResourceReaper.lambda$null$1(RyukResourceReaper.java:105)
	at org.rnorth.ducttape.ratelimits.RateLimiter.doWhenReady(RateLimiter.java:27)
	at org.testcontainers.utility.RyukResourceReaper.lambda$maybeStart$2(RyukResourceReaper.java:101)
	at java.base/java.lang.Thread.run(Thread.java:1583)
2025-03-03 16:49:08 [testcontainers-ryuk] WARN  o.t.utility.RyukResourceReaper - Can not connect to Ryuk at 172.17.0.1:37579
java.net.ConnectException: Connection refused
	at java.base/sun.nio.ch.Net.pollConnect(Native Method)
	at java.base/sun.nio.ch.Net.pollConnectNow(Net.java:682)
	at java.base/sun.nio.ch.NioSocketImpl.timedFinishConnect(NioSocketImpl.java:542)
	at java.base/sun.nio.ch.NioSocketImpl.connect(NioSocketImpl.java:592)
	at java.base/java.net.SocksSocketImpl.connect(SocksSocketImpl.java:327)
	at java.base/java.net.Socket.connect(Socket.java:751)
	at org.testcontainers.utility.RyukResourceReaper.lambda$null$1(RyukResourceReaper.java:105)
	at org.rnorth.ducttape.ratelimits.RateLimiter.doWhenReady(RateLimiter.java:27)
	at org.testcontainers.utility.RyukResourceReaper.lambda$maybeStart$2(RyukResourceReaper.java:101)
	at java.base/java.lang.Thread.run(Thread.java:1583)
2025-03-03 16:49:08 [main] INFO  o.s.o.j.p.SpringPersistenceUnitInfo - No LoadTimeWeaver setup: ignoring JPA class transformer
2025-03-03 16:49:08 [testcontainers-ryuk] WARN  o.t.utility.RyukResourceReaper - Can not connect to Ryuk at 172.17.0.1:37579
java.net.ConnectException: Connection refused
	at java.base/sun.nio.ch.Net.pollConnect(Native Method)
	at java.base/sun.nio.ch.Net.pollConnectNow(Net.java:682)
	at java.base/sun.nio.ch.NioSocketImpl.timedFinishConnect(NioSocketImpl.java:542)
	at java.base/sun.nio.ch.NioSocketImpl.connect(NioSocketImpl.java:592)
	at java.base/java.net.SocksSocketImpl.connect(SocksSocketImpl.java:327)
	at java.base/java.net.Socket.connect(Socket.java:751)
	at org.testcontainers.utility.RyukResourceReaper.lambda$null$1(RyukResourceReaper.java:105)
	at org.rnorth.ducttape.ratelimits.RateLimiter.doWhenReady(RateLimiter.java:27)
	at org.testcontainers.utility.RyukResourceReaper.lambda$maybeStart$2(RyukResourceReaper.java:101)
	at java.base/java.lang.Thread.run(Thread.java:1583)
2025-03-03 16:49:08 [testcontainers-ryuk] WARN  o.t.utility.RyukResourceReaper - Can not connect to Ryuk at 172.17.0.1:37579
java.net.ConnectException: Connection refused
	at java.base/sun.nio.ch.Net.pollConnect(Native Method)
	at java.base/sun.nio.ch.Net.pollConnectNow(Net.java:682)
	at java.base/sun.nio.ch.NioSocketImpl.timedFinishConnect(NioSocketImpl.java:542)
	at java.base/sun.nio.ch.NioSocketImpl.connect(NioSocketImpl.java:592)
	at java.base/java.net.SocksSocketImpl.connect(SocksSocketImpl.java:327)
	at java.base/java.net.Socket.connect(Socket.java:751)
	at org.testcontainers.utility.RyukResourceReaper.lambda$null$1(RyukResourceReaper.java:105)
	at org.rnorth.ducttape.ratelimits.RateLimiter.doWhenReady(RateLimiter.java:27)
	at org.testcontainers.utility.RyukResourceReaper.lambda$maybeStart$2(RyukResourceReaper.java:101)
	at java.base/java.lang.Thread.run(Thread.java:1583)
2025-03-03 16:49:09 [testcontainers-ryuk] WARN  o.t.utility.RyukResourceReaper - Can not connect to Ryuk at 172.17.0.1:37579
java.net.ConnectException: Connection refused
	at java.base/sun.nio.ch.Net.pollConnect(Native Method)
	at java.base/sun.nio.ch.Net.pollConnectNow(Net.java:682)
	at java.base/sun.nio.ch.NioSocketImpl.timedFinishConnect(NioSocketImpl.java:542)
	at java.base/sun.nio.ch.NioSocketImpl.connect(NioSocketImpl.java:592)
	at java.base/java.net.SocksSocketImpl.connect(SocksSocketImpl.java:327)
	at java.base/java.net.Socket.connect(Socket.java:751)
	at org.testcontainers.utility.RyukResourceReaper.lambda$null$1(RyukResourceReaper.java:105)
	at org.rnorth.ducttape.ratelimits.RateLimiter.doWhenReady(RateLimiter.java:27)
	at org.testcontainers.utility.RyukResourceReaper.lambda$maybeStart$2(RyukResourceReaper.java:101)
	at java.base/java.lang.Thread.run(Thread.java:1583)
2025-03-03 16:49:09 [testcontainers-ryuk] WARN  o.t.utility.RyukResourceReaper - Can not connect to Ryuk at 172.17.0.1:37579
java.net.ConnectException: Connection refused
	at java.base/sun.nio.ch.Net.pollConnect(Native Method)
	at java.base/sun.nio.ch.Net.pollConnectNow(Net.java:682)
	at java.base/sun.nio.ch.NioSocketImpl.timedFinishConnect(NioSocketImpl.java:542)
	at java.base/sun.nio.ch.NioSocketImpl.connect(NioSocketImpl.java:592)
	at java.base/java.net.SocksSocketImpl.connect(SocksSocketImpl.java:327)
	at java.base/java.net.Socket.connect(Socket.java:751)
	at org.testcontainers.utility.RyukResourceReaper.lambda$null$1(RyukResourceReaper.java:105)
	at org.rnorth.ducttape.ratelimits.RateLimiter.doWhenReady(RateLimiter.java:27)
	at org.testcontainers.utility.RyukResourceReaper.lambda$maybeStart$2(RyukResourceReaper.java:101)
	at java.base/java.lang.Thread.run(Thread.java:1583)
2025-03-03 16:49:09 [testcontainers-ryuk] WARN  o.t.utility.RyukResourceReaper - Can not connect to Ryuk at 172.17.0.1:37579
java.net.ConnectException: Connection refused
	at java.base/sun.nio.ch.Net.pollConnect(Native Method)
	at java.base/sun.nio.ch.Net.pollConnectNow(Net.java:682)
	at java.base/sun.nio.ch.NioSocketImpl.timedFinishConnect(NioSocketImpl.java:542)
	at java.base/sun.nio.ch.NioSocketImpl.connect(NioSocketImpl.java:592)
	at java.base/java.net.SocksSocketImpl.connect(SocksSocketImpl.java:327)
	at java.base/java.net.Socket.connect(Socket.java:751)
	at org.testcontainers.utility.RyukResourceReaper.lambda$null$1(RyukResourceReaper.java:105)
	at org.rnorth.ducttape.ratelimits.RateLimiter.doWhenReady(RateLimiter.java:27)
	at org.testcontainers.utility.RyukResourceReaper.lambda$maybeStart$2(RyukResourceReaper.java:101)
	at java.base/java.lang.Thread.run(Thread.java:1583)
2025-03-03 16:49:09 [testcontainers-ryuk] WARN  o.t.utility.RyukResourceReaper - Can not connect to Ryuk at 172.17.0.1:37579
java.net.ConnectException: Connection refused
	at java.base/sun.nio.ch.Net.pollConnect(Native Method)
	at java.base/sun.nio.ch.Net.pollConnectNow(Net.java:682)
	at java.base/sun.nio.ch.NioSocketImpl.timedFinishConnect(NioSocketImpl.java:542)
	at java.base/sun.nio.ch.NioSocketImpl.connect(NioSocketImpl.java:592)
	at java.base/java.net.SocksSocketImpl.connect(SocksSocketImpl.java:327)
	at java.base/java.net.Socket.connect(Socket.java:751)
	at org.testcontainers.utility.RyukResourceReaper.lambda$null$1(RyukResourceReaper.java:105)
	at org.rnorth.ducttape.ratelimits.RateLimiter.doWhenReady(RateLimiter.java:27)
	at org.testcontainers.utility.RyukResourceReaper.lambda$maybeStart$2(RyukResourceReaper.java:101)
	at java.base/java.lang.Thread.run(Thread.java:1583)
2025-03-03 16:49:10 [testcontainers-ryuk] WARN  o.t.utility.RyukResourceReaper - Can not connect to Ryuk at 172.17.0.1:37579
java.net.ConnectException: Connection refused
	at java.base/sun.nio.ch.Net.pollConnect(Native Method)
	at java.base/sun.nio.ch.Net.pollConnectNow(Net.java:682)
	at java.base/sun.nio.ch.NioSocketImpl.timedFinishConnect(NioSocketImpl.java:542)
	at java.base/sun.nio.ch.NioSocketImpl.connect(NioSocketImpl.java:592)
	at java.base/java.net.SocksSocketImpl.connect(SocksSocketImpl.java:327)
	at java.base/java.net.Socket.connect(Socket.java:751)
	at org.testcontainers.utility.RyukResourceReaper.lambda$null$1(RyukResourceReaper.java:105)
	at org.rnorth.ducttape.ratelimits.RateLimiter.doWhenReady(RateLimiter.java:27)
	at org.testcontainers.utility.RyukResourceReaper.lambda$maybeStart$2(RyukResourceReaper.java:101)
	at java.base/java.lang.Thread.run(Thread.java:1583)
2025-03-03 16:49:10 [testcontainers-ryuk] WARN  o.t.utility.RyukResourceReaper - Can not connect to Ryuk at 172.17.0.1:37579
java.net.ConnectException: Connection refused
	at java.base/sun.nio.ch.Net.pollConnect(Native Method)
	at java.base/sun.nio.ch.Net.pollConnectNow(Net.java:682)
	at java.base/sun.nio.ch.NioSocketImpl.timedFinishConnect(NioSocketImpl.java:542)
	at java.base/sun.nio.ch.NioSocketImpl.connect(NioSocketImpl.java:592)
	at java.base/java.net.SocksSocketImpl.connect(SocksSocketImpl.java:327)
	at java.base/java.net.Socket.connect(Socket.java:751)
	at org.testcontainers.utility.RyukResourceReaper.lambda$null$1(RyukResourceReaper.java:105)
	at org.rnorth.ducttape.ratelimits.RateLimiter.doWhenReady(RateLimiter.java:27)
	at org.testcontainers.utility.RyukResourceReaper.lambda$maybeStart$2(RyukResourceReaper.java:101)
	at java.base/java.lang.Thread.run(Thread.java:1583)
2025-03-03 16:49:10 [testcontainers-ryuk] WARN  o.t.utility.RyukResourceReaper - Can not connect to Ryuk at 172.17.0.1:37579
java.net.ConnectException: Connection refused
	at java.base/sun.nio.ch.Net.pollConnect(Native Method)
	at java.base/sun.nio.ch.Net.pollConnectNow(Net.java:682)
	at java.base/sun.nio.ch.NioSocketImpl.timedFinishConnect(NioSocketImpl.java:542)
	at java.base/sun.nio.ch.NioSocketImpl.connect(NioSocketImpl.java:592)
	at java.base/java.net.SocksSocketImpl.connect(SocksSocketImpl.java:327)
	at java.base/java.net.Socket.connect(Socket.java:751)
	at org.testcontainers.utility.RyukResourceReaper.lambda$null$1(RyukResourceReaper.java:105)
	at org.rnorth.ducttape.ratelimits.RateLimiter.doWhenReady(RateLimiter.java:27)
	at org.testcontainers.utility.RyukResourceReaper.lambda$maybeStart$2(RyukResourceReaper.java:101)
	at java.base/java.lang.Thread.run(Thread.java:1583)
2025-03-03 16:49:10 [testcontainers-ryuk] WARN  o.t.utility.RyukResourceReaper - Can not connect to Ryuk at 172.17.0.1:37579
java.net.ConnectException: Connection refused
	at java.base/sun.nio.ch.Net.pollConnect(Native Method)
	at java.base/sun.nio.ch.Net.pollConnectNow(Net.java:682)
	at java.base/sun.nio.ch.NioSocketImpl.timedFinishConnect(NioSocketImpl.java:542)
	at java.base/sun.nio.ch.NioSocketImpl.connect(NioSocketImpl.java:592)
	at java.base/java.net.SocksSocketImpl.connect(SocksSocketImpl.java:327)
	at java.base/java.net.Socket.connect(Socket.java:751)
	at org.testcontainers.utility.RyukResourceReaper.lambda$null$1(RyukResourceReaper.java:105)
	at org.rnorth.ducttape.ratelimits.RateLimiter.doWhenReady(RateLimiter.java:27)
	at org.testcontainers.utility.RyukResourceReaper.lambda$maybeStart$2(RyukResourceReaper.java:101)
	at java.base/java.lang.Thread.run(Thread.java:1583)
2025-03-03 16:49:11 [testcontainers-ryuk] WARN  o.t.utility.RyukResourceReaper - Can not connect to Ryuk at 172.17.0.1:37579
java.net.ConnectException: Connection refused
	at java.base/sun.nio.ch.Net.pollConnect(Native Method)
	at java.base/sun.nio.ch.Net.pollConnectNow(Net.java:682)
	at java.base/sun.nio.ch.NioSocketImpl.timedFinishConnect(NioSocketImpl.java:542)
	at java.base/sun.nio.ch.NioSocketImpl.connect(NioSocketImpl.java:592)
	at java.base/java.net.SocksSocketImpl.connect(SocksSocketImpl.java:327)
	at java.base/java.net.Socket.connect(Socket.java:751)
	at org.testcontainers.utility.RyukResourceReaper.lambda$null$1(RyukResourceReaper.java:105)
	at org.rnorth.ducttape.ratelimits.RateLimiter.doWhenReady(RateLimiter.java:27)
	at org.testcontainers.utility.RyukResourceReaper.lambda$maybeStart$2(RyukResourceReaper.java:101)
	at java.base/java.lang.Thread.run(Thread.java:1583)
2025-03-03 16:49:11 [testcontainers-ryuk] WARN  o.t.utility.RyukResourceReaper - Can not connect to Ryuk at 172.17.0.1:37579
java.net.ConnectException: Connection refused
	at java.base/sun.nio.ch.Net.pollConnect(Native Method)
	at java.base/sun.nio.ch.Net.pollConnectNow(Net.java:682)
	at java.base/sun.nio.ch.NioSocketImpl.timedFinishConnect(NioSocketImpl.java:542)
	at java.base/sun.nio.ch.NioSocketImpl.connect(NioSocketImpl.java:592)
	at java.base/java.net.SocksSocketImpl.connect(SocksSocketImpl.java:327)
	at java.base/java.net.Socket.connect(Socket.java:751)
	at org.testcontainers.utility.RyukResourceReaper.lambda$null$1(RyukResourceReaper.java:105)
	at org.rnorth.ducttape.ratelimits.RateLimiter.doWhenReady(RateLimiter.java:27)
	at org.testcontainers.utility.RyukResourceReaper.lambda$maybeStart$2(RyukResourceReaper.java:101)
	at java.base/java.lang.Thread.run(Thread.java:1583)
2025-03-03 16:49:11 [testcontainers-ryuk] WARN  o.t.utility.RyukResourceReaper - Can not connect to Ryuk at 172.17.0.1:37579
java.net.ConnectException: Connection refused
	at java.base/sun.nio.ch.Net.pollConnect(Native Method)
	at java.base/sun.nio.ch.Net.pollConnectNow(Net.java:682)
	at java.base/sun.nio.ch.NioSocketImpl.timedFinishConnect(NioSocketImpl.java:542)
	at java.base/sun.nio.ch.NioSocketImpl.connect(NioSocketImpl.java:592)
	at java.base/java.net.SocksSocketImpl.connect(SocksSocketImpl.java:327)
	at java.base/java.net.Socket.connect(Socket.java:751)
	at org.testcontainers.utility.RyukResourceReaper.lambda$null$1(RyukResourceReaper.java:105)
	at org.rnorth.ducttape.ratelimits.RateLimiter.doWhenReady(RateLimiter.java:27)
	at org.testcontainers.utility.RyukResourceReaper.lambda$maybeStart$2(RyukResourceReaper.java:101)
	at java.base/java.lang.Thread.run(Thread.java:1583)
2025-03-03 16:49:11 [testcontainers-ryuk] WARN  o.t.utility.RyukResourceReaper - Can not connect to Ryuk at 172.17.0.1:37579
java.net.ConnectException: Connection refused
	at java.base/sun.nio.ch.Net.pollConnect(Native Method)
	at java.base/sun.nio.ch.Net.pollConnectNow(Net.java:682)
	at java.base/sun.nio.ch.NioSocketImpl.timedFinishConnect(NioSocketImpl.java:542)
	at java.base/sun.nio.ch.NioSocketImpl.connect(NioSocketImpl.java:592)
	at java.base/java.net.SocksSocketImpl.connect(SocksSocketImpl.java:327)
	at java.base/java.net.Socket.connect(Socket.java:751)
	at org.testcontainers.utility.RyukResourceReaper.lambda$null$1(RyukResourceReaper.java:105)
	at org.rnorth.ducttape.ratelimits.RateLimiter.doWhenReady(RateLimiter.java:27)
	at org.testcontainers.utility.RyukResourceReaper.lambda$maybeStart$2(RyukResourceReaper.java:101)
	at java.base/java.lang.Thread.run(Thread.java:1583)
2025-03-03 16:49:12 [testcontainers-ryuk] WARN  o.t.utility.RyukResourceReaper - Can not connect to Ryuk at 172.17.0.1:37579
java.net.ConnectException: Connection refused
	at java.base/sun.nio.ch.Net.pollConnect(Native Method)
	at java.base/sun.nio.ch.Net.pollConnectNow(Net.java:682)
	at java.base/sun.nio.ch.NioSocketImpl.timedFinishConnect(NioSocketImpl.java:542)
	at java.base/sun.nio.ch.NioSocketImpl.connect(NioSocketImpl.java:592)
	at java.base/java.net.SocksSocketImpl.connect(SocksSocketImpl.java:327)
	at java.base/java.net.Socket.connect(Socket.java:751)
	at org.testcontainers.utility.RyukResourceReaper.lambda$null$1(RyukResourceReaper.java:105)
	at org.rnorth.ducttape.ratelimits.RateLimiter.doWhenReady(RateLimiter.java:27)
	at org.testcontainers.utility.RyukResourceReaper.lambda$maybeStart$2(RyukResourceReaper.java:101)
	at java.base/java.lang.Thread.run(Thread.java:1583)
2025-03-03 16:49:12 [testcontainers-ryuk] WARN  o.t.utility.RyukResourceReaper - Can not connect to Ryuk at 172.17.0.1:37579
java.net.ConnectException: Connection refused
	at java.base/sun.nio.ch.Net.pollConnect(Native Method)
	at java.base/sun.nio.ch.Net.pollConnectNow(Net.java:682)
	at java.base/sun.nio.ch.NioSocketImpl.timedFinishConnect(NioSocketImpl.java:542)
	at java.base/sun.nio.ch.NioSocketImpl.connect(NioSocketImpl.java:592)
	at java.base/java.net.SocksSocketImpl.connect(SocksSocketImpl.java:327)
	at java.base/java.net.Socket.connect(Socket.java:751)
	at org.testcontainers.utility.RyukResourceReaper.lambda$null$1(RyukResourceReaper.java:105)
	at org.rnorth.ducttape.ratelimits.RateLimiter.doWhenReady(RateLimiter.java:27)
	at org.testcontainers.utility.RyukResourceReaper.lambda$maybeStart$2(RyukResourceReaper.java:101)
	at java.base/java.lang.Thread.run(Thread.java:1583)
2025-03-03 16:49:12 [testcontainers-ryuk] WARN  o.t.utility.RyukResourceReaper - Can not connect to Ryuk at 172.17.0.1:37579
java.net.ConnectException: Connection refused
	at java.base/sun.nio.ch.Net.pollConnect(Native Method)
	at java.base/sun.nio.ch.Net.pollConnectNow(Net.java:682)
	at java.base/sun.nio.ch.NioSocketImpl.timedFinishConnect(NioSocketImpl.java:542)
	at java.base/sun.nio.ch.NioSocketImpl.connect(NioSocketImpl.java:592)
	at java.base/java.net.SocksSocketImpl.connect(SocksSocketImpl.java:327)
	at java.base/java.net.Socket.connect(Socket.java:751)
	at org.testcontainers.utility.RyukResourceReaper.lambda$null$1(RyukResourceReaper.java:105)
	at org.rnorth.ducttape.ratelimits.RateLimiter.doWhenReady(RateLimiter.java:27)
	at org.testcontainers.utility.RyukResourceReaper.lambda$maybeStart$2(RyukResourceReaper.java:101)
	at java.base/java.lang.Thread.run(Thread.java:1583)
2025-03-03 16:49:12 [testcontainers-ryuk] WARN  o.t.utility.RyukResourceReaper - Can not connect to Ryuk at 172.17.0.1:37579
java.net.ConnectException: Connection refused
	at java.base/sun.nio.ch.Net.pollConnect(Native Method)
	at java.base/sun.nio.ch.Net.pollConnectNow(Net.java:682)
	at java.base/sun.nio.ch.NioSocketImpl.timedFinishConnect(NioSocketImpl.java:542)
	at java.base/sun.nio.ch.NioSocketImpl.connect(NioSocketImpl.java:592)
	at java.base/java.net.SocksSocketImpl.connect(SocksSocketImpl.java:327)
	at java.base/java.net.Socket.connect(Socket.java:751)
	at org.testcontainers.utility.RyukResourceReaper.lambda$null$1(RyukResourceReaper.java:105)
	at org.rnorth.ducttape.ratelimits.RateLimiter.doWhenReady(RateLimiter.java:27)
	at org.testcontainers.utility.RyukResourceReaper.lambda$maybeStart$2(RyukResourceReaper.java:101)
	at java.base/java.lang.Thread.run(Thread.java:1583)
2025-03-03 16:49:13 [testcontainers-ryuk] WARN  o.t.utility.RyukResourceReaper - Can not connect to Ryuk at 172.17.0.1:37579
java.net.ConnectException: Connection refused
	at java.base/sun.nio.ch.Net.pollConnect(Native Method)
	at java.base/sun.nio.ch.Net.pollConnectNow(Net.java:682)
	at java.base/sun.nio.ch.NioSocketImpl.timedFinishConnect(NioSocketImpl.java:542)
	at java.base/sun.nio.ch.NioSocketImpl.connect(NioSocketImpl.java:592)
	at java.base/java.net.SocksSocketImpl.connect(SocksSocketImpl.java:327)
	at java.base/java.net.Socket.connect(Socket.java:751)
	at org.testcontainers.utility.RyukResourceReaper.lambda$null$1(RyukResourceReaper.java:105)
	at org.rnorth.ducttape.ratelimits.RateLimiter.doWhenReady(RateLimiter.java:27)
	at org.testcontainers.utility.RyukResourceReaper.lambda$maybeStart$2(RyukResourceReaper.java:101)
	at java.base/java.lang.Thread.run(Thread.java:1583)
2025-03-03 16:49:13 [testcontainers-ryuk] WARN  o.t.utility.RyukResourceReaper - Can not connect to Ryuk at 172.17.0.1:37579
java.net.ConnectException: Connection refused
	at java.base/sun.nio.ch.Net.pollConnect(Native Method)
	at java.base/sun.nio.ch.Net.pollConnectNow(Net.java:682)
	at java.base/sun.nio.ch.NioSocketImpl.timedFinishConnect(NioSocketImpl.java:542)
	at java.base/sun.nio.ch.NioSocketImpl.connect(NioSocketImpl.java:592)
	at java.base/java.net.SocksSocketImpl.connect(SocksSocketImpl.java:327)
	at java.base/java.net.Socket.connect(Socket.java:751)
	at org.testcontainers.utility.RyukResourceReaper.lambda$null$1(RyukResourceReaper.java:105)
	at org.rnorth.ducttape.ratelimits.RateLimiter.doWhenReady(RateLimiter.java:27)
	at org.testcontainers.utility.RyukResourceReaper.lambda$maybeStart$2(RyukResourceReaper.java:101)
	at java.base/java.lang.Thread.run(Thread.java:1583)
2025-03-03 16:49:13 [main] INFO  o.h.e.t.j.p.i.JtaPlatformInitiator - HHH000489: No JTA platform available (set 'hibernate.transaction.jta.platform' to enable JTA platform integration)
2025-03-03 16:49:13 [main] INFO  o.s.o.j.LocalContainerEntityManagerFactoryBean - Initialized JPA EntityManagerFactory for persistence unit 'default'
2025-03-03 16:49:13 [testcontainers-ryuk] WARN  o.t.utility.RyukResourceReaper - Can not connect to Ryuk at 172.17.0.1:37579
java.net.ConnectException: Connection refused
	at java.base/sun.nio.ch.Net.pollConnect(Native Method)
	at java.base/sun.nio.ch.Net.pollConnectNow(Net.java:682)
	at java.base/sun.nio.ch.NioSocketImpl.timedFinishConnect(NioSocketImpl.java:542)
	at java.base/sun.nio.ch.NioSocketImpl.connect(NioSocketImpl.java:592)
	at java.base/java.net.SocksSocketImpl.connect(SocksSocketImpl.java:327)
	at java.base/java.net.Socket.connect(Socket.java:751)
	at org.testcontainers.utility.RyukResourceReaper.lambda$null$1(RyukResourceReaper.java:105)
	at org.rnorth.ducttape.ratelimits.RateLimiter.doWhenReady(RateLimiter.java:27)
	at org.testcontainers.utility.RyukResourceReaper.lambda$maybeStart$2(RyukResourceReaper.java:101)
	at java.base/java.lang.Thread.run(Thread.java:1583)
2025-03-03 16:49:13 [testcontainers-ryuk] WARN  o.t.utility.RyukResourceReaper - Can not connect to Ryuk at 172.17.0.1:37579
java.net.ConnectException: Connection refused
	at java.base/sun.nio.ch.Net.pollConnect(Native Method)
	at java.base/sun.nio.ch.Net.pollConnectNow(Net.java:682)
	at java.base/sun.nio.ch.NioSocketImpl.timedFinishConnect(NioSocketImpl.java:542)
	at java.base/sun.nio.ch.NioSocketImpl.connect(NioSocketImpl.java:592)
	at java.base/java.net.SocksSocketImpl.connect(SocksSocketImpl.java:327)
	at java.base/java.net.Socket.connect(Socket.java:751)
	at org.testcontainers.utility.RyukResourceReaper.lambda$null$1(RyukResourceReaper.java:105)
	at org.rnorth.ducttape.ratelimits.RateLimiter.doWhenReady(RateLimiter.java:27)
	at org.testcontainers.utility.RyukResourceReaper.lambda$maybeStart$2(RyukResourceReaper.java:101)
	at java.base/java.lang.Thread.run(Thread.java:1583)
2025-03-03 16:49:14 [testcontainers-ryuk] WARN  o.t.utility.RyukResourceReaper - Can not connect to Ryuk at 172.17.0.1:37579
java.net.ConnectException: Connection refused
	at java.base/sun.nio.ch.Net.pollConnect(Native Method)
	at java.base/sun.nio.ch.Net.pollConnectNow(Net.java:682)
	at java.base/sun.nio.ch.NioSocketImpl.timedFinishConnect(NioSocketImpl.java:542)
	at java.base/sun.nio.ch.NioSocketImpl.connect(NioSocketImpl.java:592)
	at java.base/java.net.SocksSocketImpl.connect(SocksSocketImpl.java:327)
	at java.base/java.net.Socket.connect(Socket.java:751)
	at org.testcontainers.utility.RyukResourceReaper.lambda$null$1(RyukResourceReaper.java:105)
	at org.rnorth.ducttape.ratelimits.RateLimiter.doWhenReady(RateLimiter.java:27)
	at org.testcontainers.utility.RyukResourceReaper.lambda$maybeStart$2(RyukResourceReaper.java:101)
	at java.base/java.lang.Thread.run(Thread.java:1583)
2025-03-03 16:49:14 [testcontainers-ryuk] WARN  o.t.utility.RyukResourceReaper - Can not connect to Ryuk at 172.17.0.1:37579
java.net.ConnectException: Connection refused
	at java.base/sun.nio.ch.Net.pollConnect(Native Method)
	at java.base/sun.nio.ch.Net.pollConnectNow(Net.java:682)
	at java.base/sun.nio.ch.NioSocketImpl.timedFinishConnect(NioSocketImpl.java:542)
	at java.base/sun.nio.ch.NioSocketImpl.connect(NioSocketImpl.java:592)
	at java.base/java.net.SocksSocketImpl.connect(SocksSocketImpl.java:327)
	at java.base/java.net.Socket.connect(Socket.java:751)
	at org.testcontainers.utility.RyukResourceReaper.lambda$null$1(RyukResourceReaper.java:105)
	at org.rnorth.ducttape.ratelimits.RateLimiter.doWhenReady(RateLimiter.java:27)
	at org.testcontainers.utility.RyukResourceReaper.lambda$maybeStart$2(RyukResourceReaper.java:101)
	at java.base/java.lang.Thread.run(Thread.java:1583)
2025-03-03 16:49:14 [testcontainers-ryuk] WARN  o.t.utility.RyukResourceReaper - Can not connect to Ryuk at 172.17.0.1:37579
java.net.ConnectException: Connection refused
	at java.base/sun.nio.ch.Net.pollConnect(Native Method)
	at java.base/sun.nio.ch.Net.pollConnectNow(Net.java:682)
	at java.base/sun.nio.ch.NioSocketImpl.timedFinishConnect(NioSocketImpl.java:542)
	at java.base/sun.nio.ch.NioSocketImpl.connect(NioSocketImpl.java:592)
	at java.base/java.net.SocksSocketImpl.connect(SocksSocketImpl.java:327)
	at java.base/java.net.Socket.connect(Socket.java:751)
	at org.testcontainers.utility.RyukResourceReaper.lambda$null$1(RyukResourceReaper.java:105)
	at org.rnorth.ducttape.ratelimits.RateLimiter.doWhenReady(RateLimiter.java:27)
	at org.testcontainers.utility.RyukResourceReaper.lambda$maybeStart$2(RyukResourceReaper.java:101)
	at java.base/java.lang.Thread.run(Thread.java:1583)
2025-03-03 16:49:14 [testcontainers-ryuk] WARN  o.t.utility.RyukResourceReaper - Can not connect to Ryuk at 172.17.0.1:37579
java.net.ConnectException: Connection refused
	at java.base/sun.nio.ch.Net.pollConnect(Native Method)
	at java.base/sun.nio.ch.Net.pollConnectNow(Net.java:682)
	at java.base/sun.nio.ch.NioSocketImpl.timedFinishConnect(NioSocketImpl.java:542)
	at java.base/sun.nio.ch.NioSocketImpl.connect(NioSocketImpl.java:592)
	at java.base/java.net.SocksSocketImpl.connect(SocksSocketImpl.java:327)
	at java.base/java.net.Socket.connect(Socket.java:751)
	at org.testcontainers.utility.RyukResourceReaper.lambda$null$1(RyukResourceReaper.java:105)
	at org.rnorth.ducttape.ratelimits.RateLimiter.doWhenReady(RateLimiter.java:27)
	at org.testcontainers.utility.RyukResourceReaper.lambda$maybeStart$2(RyukResourceReaper.java:101)
	at java.base/java.lang.Thread.run(Thread.java:1583)
2025-03-03 16:49:15 [testcontainers-ryuk] WARN  o.t.utility.RyukResourceReaper - Can not connect to Ryuk at 172.17.0.1:37579
java.net.ConnectException: Connection refused
	at java.base/sun.nio.ch.Net.pollConnect(Native Method)
	at java.base/sun.nio.ch.Net.pollConnectNow(Net.java:682)
	at java.base/sun.nio.ch.NioSocketImpl.timedFinishConnect(NioSocketImpl.java:542)
	at java.base/sun.nio.ch.NioSocketImpl.connect(NioSocketImpl.java:592)
	at java.base/java.net.SocksSocketImpl.connect(SocksSocketImpl.java:327)
	at java.base/java.net.Socket.connect(Socket.java:751)
	at org.testcontainers.utility.RyukResourceReaper.lambda$null$1(RyukResourceReaper.java:105)
	at org.rnorth.ducttape.ratelimits.RateLimiter.doWhenReady(RateLimiter.java:27)
	at org.testcontainers.utility.RyukResourceReaper.lambda$maybeStart$2(RyukResourceReaper.java:101)
	at java.base/java.lang.Thread.run(Thread.java:1583)
2025-03-03 16:49:15 [testcontainers-ryuk] WARN  o.t.utility.RyukResourceReaper - Can not connect to Ryuk at 172.17.0.1:37579
java.net.ConnectException: Connection refused
	at java.base/sun.nio.ch.Net.pollConnect(Native Method)
	at java.base/sun.nio.ch.Net.pollConnectNow(Net.java:682)
	at java.base/sun.nio.ch.NioSocketImpl.timedFinishConnect(NioSocketImpl.java:542)
	at java.base/sun.nio.ch.NioSocketImpl.connect(NioSocketImpl.java:592)
	at java.base/java.net.SocksSocketImpl.connect(SocksSocketImpl.java:327)
	at java.base/java.net.Socket.connect(Socket.java:751)
	at org.testcontainers.utility.RyukResourceReaper.lambda$null$1(RyukResourceReaper.java:105)
	at org.rnorth.ducttape.ratelimits.RateLimiter.doWhenReady(RateLimiter.java:27)
	at org.testcontainers.utility.RyukResourceReaper.lambda$maybeStart$2(RyukResourceReaper.java:101)
	at java.base/java.lang.Thread.run(Thread.java:1583)
2025-03-03 16:49:15 [main] INFO  o.s.s.c.a.a.c.InitializeAuthenticationProviderBeanManagerConfigurer$InitializeAuthenticationProviderManagerConfigurer - Global AuthenticationManager configured with AuthenticationProvider bean with name authenticationProvider
2025-03-03 16:49:15 [main] WARN  o.s.s.c.a.a.c.InitializeUserDetailsBeanManagerConfigurer$InitializeUserDetailsManagerConfigurer - Global AuthenticationManager configured with an AuthenticationProvider bean. UserDetailsService beans will not be used for username/password login. Consider removing the AuthenticationProvider bean. Alternatively, consider using the UserDetailsService in a manually instantiated DaoAuthenticationProvider.
2025-03-03 16:49:15 [testcontainers-ryuk] WARN  o.t.utility.RyukResourceReaper - Can not connect to Ryuk at 172.17.0.1:37579
java.net.ConnectException: Connection refused
	at java.base/sun.nio.ch.Net.pollConnect(Native Method)
	at java.base/sun.nio.ch.Net.pollConnectNow(Net.java:682)
	at java.base/sun.nio.ch.NioSocketImpl.timedFinishConnect(NioSocketImpl.java:542)
	at java.base/sun.nio.ch.NioSocketImpl.connect(NioSocketImpl.java:592)
	at java.base/java.net.SocksSocketImpl.connect(SocksSocketImpl.java:327)
	at java.base/java.net.Socket.connect(Socket.java:751)
	at org.testcontainers.utility.RyukResourceReaper.lambda$null$1(RyukResourceReaper.java:105)
	at org.rnorth.ducttape.ratelimits.RateLimiter.doWhenReady(RateLimiter.java:27)
	at org.testcontainers.utility.RyukResourceReaper.lambda$maybeStart$2(RyukResourceReaper.java:101)
	at java.base/java.lang.Thread.run(Thread.java:1583)
2025-03-03 16:49:15 [testcontainers-ryuk] WARN  o.t.utility.RyukResourceReaper - Can not connect to Ryuk at 172.17.0.1:37579
java.net.ConnectException: Connection refused
	at java.base/sun.nio.ch.Net.pollConnect(Native Method)
	at java.base/sun.nio.ch.Net.pollConnectNow(Net.java:682)
	at java.base/sun.nio.ch.NioSocketImpl.timedFinishConnect(NioSocketImpl.java:542)
	at java.base/sun.nio.ch.NioSocketImpl.connect(NioSocketImpl.java:592)
	at java.base/java.net.SocksSocketImpl.connect(SocksSocketImpl.java:327)
	at java.base/java.net.Socket.connect(Socket.java:751)
	at org.testcontainers.utility.RyukResourceReaper.lambda$null$1(RyukResourceReaper.java:105)
	at org.rnorth.ducttape.ratelimits.RateLimiter.doWhenReady(RateLimiter.java:27)
	at org.testcontainers.utility.RyukResourceReaper.lambda$maybeStart$2(RyukResourceReaper.java:101)
	at java.base/java.lang.Thread.run(Thread.java:1583)
2025-03-03 16:49:16 [main] INFO  o.s.d.j.r.query.QueryEnhancerFactory - Hibernate is in classpath; If applicable, HQL parser will be used.
2025-03-03 16:49:16 [testcontainers-ryuk] WARN  o.t.utility.RyukResourceReaper - Can not connect to Ryuk at 172.17.0.1:37579
java.net.ConnectException: Connection refused
	at java.base/sun.nio.ch.Net.pollConnect(Native Method)
	at java.base/sun.nio.ch.Net.pollConnectNow(Net.java:682)
	at java.base/sun.nio.ch.NioSocketImpl.timedFinishConnect(NioSocketImpl.java:542)
	at java.base/sun.nio.ch.NioSocketImpl.connect(NioSocketImpl.java:592)
	at java.base/java.net.SocksSocketImpl.connect(SocksSocketImpl.java:327)
	at java.base/java.net.Socket.connect(Socket.java:751)
	at org.testcontainers.utility.RyukResourceReaper.lambda$null$1(RyukResourceReaper.java:105)
	at org.rnorth.ducttape.ratelimits.RateLimiter.doWhenReady(RateLimiter.java:27)
	at org.testcontainers.utility.RyukResourceReaper.lambda$maybeStart$2(RyukResourceReaper.java:101)
	at java.base/java.lang.Thread.run(Thread.java:1583)
2025-03-03 16:49:16 [testcontainers-ryuk] WARN  o.t.utility.RyukResourceReaper - Can not connect to Ryuk at 172.17.0.1:37579
java.net.ConnectException: Connection refused
	at java.base/sun.nio.ch.Net.pollConnect(Native Method)
	at java.base/sun.nio.ch.Net.pollConnectNow(Net.java:682)
	at java.base/sun.nio.ch.NioSocketImpl.timedFinishConnect(NioSocketImpl.java:542)
	at java.base/sun.nio.ch.NioSocketImpl.connect(NioSocketImpl.java:592)
	at java.base/java.net.SocksSocketImpl.connect(SocksSocketImpl.java:327)
	at java.base/java.net.Socket.connect(Socket.java:751)
	at org.testcontainers.utility.RyukResourceReaper.lambda$null$1(RyukResourceReaper.java:105)
	at org.rnorth.ducttape.ratelimits.RateLimiter.doWhenReady(RateLimiter.java:27)
	at org.testcontainers.utility.RyukResourceReaper.lambda$maybeStart$2(RyukResourceReaper.java:101)
	at java.base/java.lang.Thread.run(Thread.java:1583)
2025-03-03 16:49:16 [testcontainers-ryuk] WARN  o.t.utility.RyukResourceReaper - Can not connect to Ryuk at 172.17.0.1:37579
java.net.ConnectException: Connection refused
	at java.base/sun.nio.ch.Net.pollConnect(Native Method)
	at java.base/sun.nio.ch.Net.pollConnectNow(Net.java:682)
	at java.base/sun.nio.ch.NioSocketImpl.timedFinishConnect(NioSocketImpl.java:542)
	at java.base/sun.nio.ch.NioSocketImpl.connect(NioSocketImpl.java:592)
	at java.base/java.net.SocksSocketImpl.connect(SocksSocketImpl.java:327)
	at java.base/java.net.Socket.connect(Socket.java:751)
	at org.testcontainers.utility.RyukResourceReaper.lambda$null$1(RyukResourceReaper.java:105)
	at org.rnorth.ducttape.ratelimits.RateLimiter.doWhenReady(RateLimiter.java:27)
	at org.testcontainers.utility.RyukResourceReaper.lambda$maybeStart$2(RyukResourceReaper.java:101)
	at java.base/java.lang.Thread.run(Thread.java:1583)
2025-03-03 16:49:16 [testcontainers-ryuk] WARN  o.t.utility.RyukResourceReaper - Can not connect to Ryuk at 172.17.0.1:37579
java.net.ConnectException: Connection refused
	at java.base/sun.nio.ch.Net.pollConnect(Native Method)
	at java.base/sun.nio.ch.Net.pollConnectNow(Net.java:682)
	at java.base/sun.nio.ch.NioSocketImpl.timedFinishConnect(NioSocketImpl.java:542)
	at java.base/sun.nio.ch.NioSocketImpl.connect(NioSocketImpl.java:592)
	at java.base/java.net.SocksSocketImpl.connect(SocksSocketImpl.java:327)
	at java.base/java.net.Socket.connect(Socket.java:751)
	at org.testcontainers.utility.RyukResourceReaper.lambda$null$1(RyukResourceReaper.java:105)
	at org.rnorth.ducttape.ratelimits.RateLimiter.doWhenReady(RateLimiter.java:27)
	at org.testcontainers.utility.RyukResourceReaper.lambda$maybeStart$2(RyukResourceReaper.java:101)
	at java.base/java.lang.Thread.run(Thread.java:1583)
2025-03-03 16:49:17 [testcontainers-ryuk] WARN  o.t.utility.RyukResourceReaper - Can not connect to Ryuk at 172.17.0.1:37579
java.net.ConnectException: Connection refused
	at java.base/sun.nio.ch.Net.pollConnect(Native Method)
	at java.base/sun.nio.ch.Net.pollConnectNow(Net.java:682)
	at java.base/sun.nio.ch.NioSocketImpl.timedFinishConnect(NioSocketImpl.java:542)
	at java.base/sun.nio.ch.NioSocketImpl.connect(NioSocketImpl.java:592)
	at java.base/java.net.SocksSocketImpl.connect(SocksSocketImpl.java:327)
	at java.base/java.net.Socket.connect(Socket.java:751)
	at org.testcontainers.utility.RyukResourceReaper.lambda$null$1(RyukResourceReaper.java:105)
	at org.rnorth.ducttape.ratelimits.RateLimiter.doWhenReady(RateLimiter.java:27)
	at org.testcontainers.utility.RyukResourceReaper.lambda$maybeStart$2(RyukResourceReaper.java:101)
	at java.base/java.lang.Thread.run(Thread.java:1583)
2025-03-03 16:49:17 [testcontainers-ryuk] WARN  o.t.utility.RyukResourceReaper - Can not connect to Ryuk at 172.17.0.1:37579
java.net.ConnectException: Connection refused
	at java.base/sun.nio.ch.Net.pollConnect(Native Method)
	at java.base/sun.nio.ch.Net.pollConnectNow(Net.java:682)
	at java.base/sun.nio.ch.NioSocketImpl.timedFinishConnect(NioSocketImpl.java:542)
	at java.base/sun.nio.ch.NioSocketImpl.connect(NioSocketImpl.java:592)
	at java.base/java.net.SocksSocketImpl.connect(SocksSocketImpl.java:327)
	at java.base/java.net.Socket.connect(Socket.java:751)
	at org.testcontainers.utility.RyukResourceReaper.lambda$null$1(RyukResourceReaper.java:105)
	at org.rnorth.ducttape.ratelimits.RateLimiter.doWhenReady(RateLimiter.java:27)
	at org.testcontainers.utility.RyukResourceReaper.lambda$maybeStart$2(RyukResourceReaper.java:101)
	at java.base/java.lang.Thread.run(Thread.java:1583)
2025-03-03 16:49:17 [testcontainers-ryuk] WARN  o.t.utility.RyukResourceReaper - Can not connect to Ryuk at 172.17.0.1:37579
java.net.ConnectException: Connection refused
	at java.base/sun.nio.ch.Net.pollConnect(Native Method)
	at java.base/sun.nio.ch.Net.pollConnectNow(Net.java:682)
	at java.base/sun.nio.ch.NioSocketImpl.timedFinishConnect(NioSocketImpl.java:542)
	at java.base/sun.nio.ch.NioSocketImpl.connect(NioSocketImpl.java:592)
	at java.base/java.net.SocksSocketImpl.connect(SocksSocketImpl.java:327)
	at java.base/java.net.Socket.connect(Socket.java:751)
	at org.testcontainers.utility.RyukResourceReaper.lambda$null$1(RyukResourceReaper.java:105)
	at org.rnorth.ducttape.ratelimits.RateLimiter.doWhenReady(RateLimiter.java:27)
	at org.testcontainers.utility.RyukResourceReaper.lambda$maybeStart$2(RyukResourceReaper.java:101)
	at java.base/java.lang.Thread.run(Thread.java:1583)
2025-03-03 16:49:18 [testcontainers-ryuk] WARN  o.t.utility.RyukResourceReaper - Can not connect to Ryuk at 172.17.0.1:37579
java.net.ConnectException: Connection refused
	at java.base/sun.nio.ch.Net.pollConnect(Native Method)
	at java.base/sun.nio.ch.Net.pollConnectNow(Net.java:682)
	at java.base/sun.nio.ch.NioSocketImpl.timedFinishConnect(NioSocketImpl.java:542)
	at java.base/sun.nio.ch.NioSocketImpl.connect(NioSocketImpl.java:592)
	at java.base/java.net.SocksSocketImpl.connect(SocksSocketImpl.java:327)
	at java.base/java.net.Socket.connect(Socket.java:751)
	at org.testcontainers.utility.RyukResourceReaper.lambda$null$1(RyukResourceReaper.java:105)
	at org.rnorth.ducttape.ratelimits.RateLimiter.doWhenReady(RateLimiter.java:27)
	at org.testcontainers.utility.RyukResourceReaper.lambda$maybeStart$2(RyukResourceReaper.java:101)
	at java.base/java.lang.Thread.run(Thread.java:1583)
2025-03-03 16:49:18 [testcontainers-ryuk] WARN  o.t.utility.RyukResourceReaper - Can not connect to Ryuk at 172.17.0.1:37579
java.net.ConnectException: Connection refused
	at java.base/sun.nio.ch.Net.pollConnect(Native Method)
	at java.base/sun.nio.ch.Net.pollConnectNow(Net.java:682)
	at java.base/sun.nio.ch.NioSocketImpl.timedFinishConnect(NioSocketImpl.java:542)
	at java.base/sun.nio.ch.NioSocketImpl.connect(NioSocketImpl.java:592)
	at java.base/java.net.SocksSocketImpl.connect(SocksSocketImpl.java:327)
	at java.base/java.net.Socket.connect(Socket.java:751)
	at org.testcontainers.utility.RyukResourceReaper.lambda$null$1(RyukResourceReaper.java:105)
	at org.rnorth.ducttape.ratelimits.RateLimiter.doWhenReady(RateLimiter.java:27)
	at org.testcontainers.utility.RyukResourceReaper.lambda$maybeStart$2(RyukResourceReaper.java:101)
	at java.base/java.lang.Thread.run(Thread.java:1583)
2025-03-03 16:49:18 [testcontainers-ryuk] WARN  o.t.utility.RyukResourceReaper - Can not connect to Ryuk at 172.17.0.1:37579
java.net.ConnectException: Connection refused
	at java.base/sun.nio.ch.Net.pollConnect(Native Method)
	at java.base/sun.nio.ch.Net.pollConnectNow(Net.java:682)
	at java.base/sun.nio.ch.NioSocketImpl.timedFinishConnect(NioSocketImpl.java:542)
	at java.base/sun.nio.ch.NioSocketImpl.connect(NioSocketImpl.java:592)
	at java.base/java.net.SocksSocketImpl.connect(SocksSocketImpl.java:327)
	at java.base/java.net.Socket.connect(Socket.java:751)
	at org.testcontainers.utility.RyukResourceReaper.lambda$null$1(RyukResourceReaper.java:105)
	at org.rnorth.ducttape.ratelimits.RateLimiter.doWhenReady(RateLimiter.java:27)
	at org.testcontainers.utility.RyukResourceReaper.lambda$maybeStart$2(RyukResourceReaper.java:101)
	at java.base/java.lang.Thread.run(Thread.java:1583)
2025-03-03 16:49:18 [testcontainers-ryuk] WARN  o.t.utility.RyukResourceReaper - Can not connect to Ryuk at 172.17.0.1:37579
java.net.ConnectException: Connection refused
	at java.base/sun.nio.ch.Net.pollConnect(Native Method)
	at java.base/sun.nio.ch.Net.pollConnectNow(Net.java:682)
	at java.base/sun.nio.ch.NioSocketImpl.timedFinishConnect(NioSocketImpl.java:542)
	at java.base/sun.nio.ch.NioSocketImpl.connect(NioSocketImpl.java:592)
	at java.base/java.net.SocksSocketImpl.connect(SocksSocketImpl.java:327)
	at java.base/java.net.Socket.connect(Socket.java:751)
	at org.testcontainers.utility.RyukResourceReaper.lambda$null$1(RyukResourceReaper.java:105)
	at org.rnorth.ducttape.ratelimits.RateLimiter.doWhenReady(RateLimiter.java:27)
	at org.testcontainers.utility.RyukResourceReaper.lambda$maybeStart$2(RyukResourceReaper.java:101)
	at java.base/java.lang.Thread.run(Thread.java:1583)
2025-03-03 16:49:18 [main] WARN  o.s.b.a.o.j.JpaBaseConfiguration$JpaWebConfiguration - spring.jpa.open-in-view is enabled by default. Therefore, database queries may be performed during view rendering. Explicitly configure spring.jpa.open-in-view to disable this warning
2025-03-03 16:49:19 [testcontainers-ryuk] WARN  o.t.utility.RyukResourceReaper - Can not connect to Ryuk at 172.17.0.1:37579
java.net.ConnectException: Connection refused
	at java.base/sun.nio.ch.Net.pollConnect(Native Method)
	at java.base/sun.nio.ch.Net.pollConnectNow(Net.java:682)
	at java.base/sun.nio.ch.NioSocketImpl.timedFinishConnect(NioSocketImpl.java:542)
	at java.base/sun.nio.ch.NioSocketImpl.connect(NioSocketImpl.java:592)
	at java.base/java.net.SocksSocketImpl.connect(SocksSocketImpl.java:327)
	at java.base/java.net.Socket.connect(Socket.java:751)
	at org.testcontainers.utility.RyukResourceReaper.lambda$null$1(RyukResourceReaper.java:105)
	at org.rnorth.ducttape.ratelimits.RateLimiter.doWhenReady(RateLimiter.java:27)
	at org.testcontainers.utility.RyukResourceReaper.lambda$maybeStart$2(RyukResourceReaper.java:101)
	at java.base/java.lang.Thread.run(Thread.java:1583)
2025-03-03 16:49:19 [testcontainers-ryuk] WARN  o.t.utility.RyukResourceReaper - Can not connect to Ryuk at 172.17.0.1:37579
java.net.ConnectException: Connection refused
	at java.base/sun.nio.ch.Net.pollConnect(Native Method)
	at java.base/sun.nio.ch.Net.pollConnectNow(Net.java:682)
	at java.base/sun.nio.ch.NioSocketImpl.timedFinishConnect(NioSocketImpl.java:542)
	at java.base/sun.nio.ch.NioSocketImpl.connect(NioSocketImpl.java:592)
	at java.base/java.net.SocksSocketImpl.connect(SocksSocketImpl.java:327)
	at java.base/java.net.Socket.connect(Socket.java:751)
	at org.testcontainers.utility.RyukResourceReaper.lambda$null$1(RyukResourceReaper.java:105)
	at org.rnorth.ducttape.ratelimits.RateLimiter.doWhenReady(RateLimiter.java:27)
	at org.testcontainers.utility.RyukResourceReaper.lambda$maybeStart$2(RyukResourceReaper.java:101)
	at java.base/java.lang.Thread.run(Thread.java:1583)
2025-03-03 16:49:19 [testcontainers-ryuk] WARN  o.t.utility.RyukResourceReaper - Can not connect to Ryuk at 172.17.0.1:37579
java.net.ConnectException: Connection refused
	at java.base/sun.nio.ch.Net.pollConnect(Native Method)
	at java.base/sun.nio.ch.Net.pollConnectNow(Net.java:682)
	at java.base/sun.nio.ch.NioSocketImpl.timedFinishConnect(NioSocketImpl.java:542)
	at java.base/sun.nio.ch.NioSocketImpl.connect(NioSocketImpl.java:592)
	at java.base/java.net.SocksSocketImpl.connect(SocksSocketImpl.java:327)
	at java.base/java.net.Socket.connect(Socket.java:751)
	at org.testcontainers.utility.RyukResourceReaper.lambda$null$1(RyukResourceReaper.java:105)
	at org.rnorth.ducttape.ratelimits.RateLimiter.doWhenReady(RateLimiter.java:27)
	at org.testcontainers.utility.RyukResourceReaper.lambda$maybeStart$2(RyukResourceReaper.java:101)
	at java.base/java.lang.Thread.run(Thread.java:1583)
2025-03-03 16:49:19 [testcontainers-ryuk] WARN  o.t.utility.RyukResourceReaper - Can not connect to Ryuk at 172.17.0.1:37579
java.net.ConnectException: Connection refused
	at java.base/sun.nio.ch.Net.pollConnect(Native Method)
	at java.base/sun.nio.ch.Net.pollConnectNow(Net.java:682)
	at java.base/sun.nio.ch.NioSocketImpl.timedFinishConnect(NioSocketImpl.java:542)
	at java.base/sun.nio.ch.NioSocketImpl.connect(NioSocketImpl.java:592)
	at java.base/java.net.SocksSocketImpl.connect(SocksSocketImpl.java:327)
	at java.base/java.net.Socket.connect(Socket.java:751)
	at org.testcontainers.utility.RyukResourceReaper.lambda$null$1(RyukResourceReaper.java:105)
	at org.rnorth.ducttape.ratelimits.RateLimiter.doWhenReady(RateLimiter.java:27)
	at org.testcontainers.utility.RyukResourceReaper.lambda$maybeStart$2(RyukResourceReaper.java:101)
	at java.base/java.lang.Thread.run(Thread.java:1583)
2025-03-03 16:49:20 [testcontainers-ryuk] WARN  o.t.utility.RyukResourceReaper - Can not connect to Ryuk at 172.17.0.1:37579
java.net.ConnectException: Connection refused
	at java.base/sun.nio.ch.Net.pollConnect(Native Method)
	at java.base/sun.nio.ch.Net.pollConnectNow(Net.java:682)
	at java.base/sun.nio.ch.NioSocketImpl.timedFinishConnect(NioSocketImpl.java:542)
	at java.base/sun.nio.ch.NioSocketImpl.connect(NioSocketImpl.java:592)
	at java.base/java.net.SocksSocketImpl.connect(SocksSocketImpl.java:327)
	at java.base/java.net.Socket.connect(Socket.java:751)
	at org.testcontainers.utility.RyukResourceReaper.lambda$null$1(RyukResourceReaper.java:105)
	at org.rnorth.ducttape.ratelimits.RateLimiter.doWhenReady(RateLimiter.java:27)
	at org.testcontainers.utility.RyukResourceReaper.lambda$maybeStart$2(RyukResourceReaper.java:101)
	at java.base/java.lang.Thread.run(Thread.java:1583)
2025-03-03 16:49:20 [testcontainers-ryuk] WARN  o.t.utility.RyukResourceReaper - Can not connect to Ryuk at 172.17.0.1:37579
java.net.ConnectException: Connection refused
	at java.base/sun.nio.ch.Net.pollConnect(Native Method)
	at java.base/sun.nio.ch.Net.pollConnectNow(Net.java:682)
	at java.base/sun.nio.ch.NioSocketImpl.timedFinishConnect(NioSocketImpl.java:542)
	at java.base/sun.nio.ch.NioSocketImpl.connect(NioSocketImpl.java:592)
	at java.base/java.net.SocksSocketImpl.connect(SocksSocketImpl.java:327)
	at java.base/java.net.Socket.connect(Socket.java:751)
	at org.testcontainers.utility.RyukResourceReaper.lambda$null$1(RyukResourceReaper.java:105)
	at org.rnorth.ducttape.ratelimits.RateLimiter.doWhenReady(RateLimiter.java:27)
	at org.testcontainers.utility.RyukResourceReaper.lambda$maybeStart$2(RyukResourceReaper.java:101)
	at java.base/java.lang.Thread.run(Thread.java:1583)
2025-03-03 16:49:20 [testcontainers-ryuk] WARN  o.t.utility.RyukResourceReaper - Can not connect to Ryuk at 172.17.0.1:37579
java.net.ConnectException: Connection refused
	at java.base/sun.nio.ch.Net.pollConnect(Native Method)
	at java.base/sun.nio.ch.Net.pollConnectNow(Net.java:682)
	at java.base/sun.nio.ch.NioSocketImpl.timedFinishConnect(NioSocketImpl.java:542)
	at java.base/sun.nio.ch.NioSocketImpl.connect(NioSocketImpl.java:592)
	at java.base/java.net.SocksSocketImpl.connect(SocksSocketImpl.java:327)
	at java.base/java.net.Socket.connect(Socket.java:751)
	at org.testcontainers.utility.RyukResourceReaper.lambda$null$1(RyukResourceReaper.java:105)
	at org.rnorth.ducttape.ratelimits.RateLimiter.doWhenReady(RateLimiter.java:27)
	at org.testcontainers.utility.RyukResourceReaper.lambda$maybeStart$2(RyukResourceReaper.java:101)
	at java.base/java.lang.Thread.run(Thread.java:1583)
2025-03-03 16:49:20 [testcontainers-ryuk] WARN  o.t.utility.RyukResourceReaper - Can not connect to Ryuk at 172.17.0.1:37579
java.net.ConnectException: Connection refused
	at java.base/sun.nio.ch.Net.pollConnect(Native Method)
	at java.base/sun.nio.ch.Net.pollConnectNow(Net.java:682)
	at java.base/sun.nio.ch.NioSocketImpl.timedFinishConnect(NioSocketImpl.java:542)
	at java.base/sun.nio.ch.NioSocketImpl.connect(NioSocketImpl.java:592)
	at java.base/java.net.SocksSocketImpl.connect(SocksSocketImpl.java:327)
	at java.base/java.net.Socket.connect(Socket.java:751)
	at org.testcontainers.utility.RyukResourceReaper.lambda$null$1(RyukResourceReaper.java:105)
	at org.rnorth.ducttape.ratelimits.RateLimiter.doWhenReady(RateLimiter.java:27)
	at org.testcontainers.utility.RyukResourceReaper.lambda$maybeStart$2(RyukResourceReaper.java:101)
	at java.base/java.lang.Thread.run(Thread.java:1583)
2025-03-03 16:49:21 [testcontainers-ryuk] WARN  o.t.utility.RyukResourceReaper - Can not connect to Ryuk at 172.17.0.1:37579
java.net.ConnectException: Connection refused
	at java.base/sun.nio.ch.Net.pollConnect(Native Method)
	at java.base/sun.nio.ch.Net.pollConnectNow(Net.java:682)
	at java.base/sun.nio.ch.NioSocketImpl.timedFinishConnect(NioSocketImpl.java:542)
	at java.base/sun.nio.ch.NioSocketImpl.connect(NioSocketImpl.java:592)
	at java.base/java.net.SocksSocketImpl.connect(SocksSocketImpl.java:327)
	at java.base/java.net.Socket.connect(Socket.java:751)
	at org.testcontainers.utility.RyukResourceReaper.lambda$null$1(RyukResourceReaper.java:105)
	at org.rnorth.ducttape.ratelimits.RateLimiter.doWhenReady(RateLimiter.java:27)
	at org.testcontainers.utility.RyukResourceReaper.lambda$maybeStart$2(RyukResourceReaper.java:101)
	at java.base/java.lang.Thread.run(Thread.java:1583)
2025-03-03 16:49:21 [testcontainers-ryuk] WARN  o.t.utility.RyukResourceReaper - Can not connect to Ryuk at 172.17.0.1:37579
java.net.ConnectException: Connection refused
	at java.base/sun.nio.ch.Net.pollConnect(Native Method)
	at java.base/sun.nio.ch.Net.pollConnectNow(Net.java:682)
	at java.base/sun.nio.ch.NioSocketImpl.timedFinishConnect(NioSocketImpl.java:542)
	at java.base/sun.nio.ch.NioSocketImpl.connect(NioSocketImpl.java:592)
	at java.base/java.net.SocksSocketImpl.connect(SocksSocketImpl.java:327)
	at java.base/java.net.Socket.connect(Socket.java:751)
	at org.testcontainers.utility.RyukResourceReaper.lambda$null$1(RyukResourceReaper.java:105)
	at org.rnorth.ducttape.ratelimits.RateLimiter.doWhenReady(RateLimiter.java:27)
	at org.testcontainers.utility.RyukResourceReaper.lambda$maybeStart$2(RyukResourceReaper.java:101)
	at java.base/java.lang.Thread.run(Thread.java:1583)
2025-03-03 16:49:21 [testcontainers-ryuk] WARN  o.t.utility.RyukResourceReaper - Can not connect to Ryuk at 172.17.0.1:37579
java.net.ConnectException: Connection refused
	at java.base/sun.nio.ch.Net.pollConnect(Native Method)
	at java.base/sun.nio.ch.Net.pollConnectNow(Net.java:682)
	at java.base/sun.nio.ch.NioSocketImpl.timedFinishConnect(NioSocketImpl.java:542)
	at java.base/sun.nio.ch.NioSocketImpl.connect(NioSocketImpl.java:592)
	at java.base/java.net.SocksSocketImpl.connect(SocksSocketImpl.java:327)
	at java.base/java.net.Socket.connect(Socket.java:751)
	at org.testcontainers.utility.RyukResourceReaper.lambda$null$1(RyukResourceReaper.java:105)
	at org.rnorth.ducttape.ratelimits.RateLimiter.doWhenReady(RateLimiter.java:27)
	at org.testcontainers.utility.RyukResourceReaper.lambda$maybeStart$2(RyukResourceReaper.java:101)
	at java.base/java.lang.Thread.run(Thread.java:1583)
2025-03-03 16:49:21 [testcontainers-ryuk] WARN  o.t.utility.RyukResourceReaper - Can not connect to Ryuk at 172.17.0.1:37579
java.net.ConnectException: Connection refused
	at java.base/sun.nio.ch.Net.pollConnect(Native Method)
	at java.base/sun.nio.ch.Net.pollConnectNow(Net.java:682)
	at java.base/sun.nio.ch.NioSocketImpl.timedFinishConnect(NioSocketImpl.java:542)
	at java.base/sun.nio.ch.NioSocketImpl.connect(NioSocketImpl.java:592)
	at java.base/java.net.SocksSocketImpl.connect(SocksSocketImpl.java:327)
	at java.base/java.net.Socket.connect(Socket.java:751)
	at org.testcontainers.utility.RyukResourceReaper.lambda$null$1(RyukResourceReaper.java:105)
	at org.rnorth.ducttape.ratelimits.RateLimiter.doWhenReady(RateLimiter.java:27)
	at org.testcontainers.utility.RyukResourceReaper.lambda$maybeStart$2(RyukResourceReaper.java:101)
	at java.base/java.lang.Thread.run(Thread.java:1583)
2025-03-03 16:49:22 [testcontainers-ryuk] WARN  o.t.utility.RyukResourceReaper - Can not connect to Ryuk at 172.17.0.1:37579
java.net.ConnectException: Connection refused
	at java.base/sun.nio.ch.Net.pollConnect(Native Method)
	at java.base/sun.nio.ch.Net.pollConnectNow(Net.java:682)
	at java.base/sun.nio.ch.NioSocketImpl.timedFinishConnect(NioSocketImpl.java:542)
	at java.base/sun.nio.ch.NioSocketImpl.connect(NioSocketImpl.java:592)
	at java.base/java.net.SocksSocketImpl.connect(SocksSocketImpl.java:327)
	at java.base/java.net.Socket.connect(Socket.java:751)
	at org.testcontainers.utility.RyukResourceReaper.lambda$null$1(RyukResourceReaper.java:105)
	at org.rnorth.ducttape.ratelimits.RateLimiter.doWhenReady(RateLimiter.java:27)
	at org.testcontainers.utility.RyukResourceReaper.lambda$maybeStart$2(RyukResourceReaper.java:101)
	at java.base/java.lang.Thread.run(Thread.java:1583)
2025-03-03 16:49:22 [testcontainers-ryuk] WARN  o.t.utility.RyukResourceReaper - Can not connect to Ryuk at 172.17.0.1:37579
java.net.ConnectException: Connection refused
	at java.base/sun.nio.ch.Net.pollConnect(Native Method)
	at java.base/sun.nio.ch.Net.pollConnectNow(Net.java:682)
	at java.base/sun.nio.ch.NioSocketImpl.timedFinishConnect(NioSocketImpl.java:542)
	at java.base/sun.nio.ch.NioSocketImpl.connect(NioSocketImpl.java:592)
	at java.base/java.net.SocksSocketImpl.connect(SocksSocketImpl.java:327)
	at java.base/java.net.Socket.connect(Socket.java:751)
	at org.testcontainers.utility.RyukResourceReaper.lambda$null$1(RyukResourceReaper.java:105)
	at org.rnorth.ducttape.ratelimits.RateLimiter.doWhenReady(RateLimiter.java:27)
	at org.testcontainers.utility.RyukResourceReaper.lambda$maybeStart$2(RyukResourceReaper.java:101)
	at java.base/java.lang.Thread.run(Thread.java:1583)
2025-03-03 16:49:22 [testcontainers-ryuk] WARN  o.t.utility.RyukResourceReaper - Can not connect to Ryuk at 172.17.0.1:37579
java.net.ConnectException: Connection refused
	at java.base/sun.nio.ch.Net.pollConnect(Native Method)
	at java.base/sun.nio.ch.Net.pollConnectNow(Net.java:682)
	at java.base/sun.nio.ch.NioSocketImpl.timedFinishConnect(NioSocketImpl.java:542)
	at java.base/sun.nio.ch.NioSocketImpl.connect(NioSocketImpl.java:592)
	at java.base/java.net.SocksSocketImpl.connect(SocksSocketImpl.java:327)
	at java.base/java.net.Socket.connect(Socket.java:751)
	at org.testcontainers.utility.RyukResourceReaper.lambda$null$1(RyukResourceReaper.java:105)
	at org.rnorth.ducttape.ratelimits.RateLimiter.doWhenReady(RateLimiter.java:27)
	at org.testcontainers.utility.RyukResourceReaper.lambda$maybeStart$2(RyukResourceReaper.java:101)
	at java.base/java.lang.Thread.run(Thread.java:1583)
2025-03-03 16:49:22 [main] INFO  c.t.task.TaskTrackerApplicationTests - Started TaskTrackerApplicationTests in 29.241 seconds (process running for 73.905)
2025-03-03 16:49:22 [main] INFO  o.s.t.c.s.AnnotationConfigContextLoaderUtils - Could not detect default configuration classes for test class [com.track.task.user.UserServiceImplTest]: UserServiceImplTest does not declare any static, non-private, non-final, nested classes annotated with @Configuration.
2025-03-03 16:49:22 [testcontainers-ryuk] WARN  o.t.utility.RyukResourceReaper - Can not connect to Ryuk at 172.17.0.1:37579
java.net.ConnectException: Connection refused
	at java.base/sun.nio.ch.Net.pollConnect(Native Method)
	at java.base/sun.nio.ch.Net.pollConnectNow(Net.java:682)
	at java.base/sun.nio.ch.NioSocketImpl.timedFinishConnect(NioSocketImpl.java:542)
	at java.base/sun.nio.ch.NioSocketImpl.connect(NioSocketImpl.java:592)
	at java.base/java.net.SocksSocketImpl.connect(SocksSocketImpl.java:327)
	at java.base/java.net.Socket.connect(Socket.java:751)
	at org.testcontainers.utility.RyukResourceReaper.lambda$null$1(RyukResourceReaper.java:105)
	at org.rnorth.ducttape.ratelimits.RateLimiter.doWhenReady(RateLimiter.java:27)
	at org.testcontainers.utility.RyukResourceReaper.lambda$maybeStart$2(RyukResourceReaper.java:101)
	at java.base/java.lang.Thread.run(Thread.java:1583)
2025-03-03 16:49:22 [main] INFO  o.s.b.t.c.SpringBootTestContextBootstrapper - Found @SpringBootConfiguration com.track.task.TaskTrackerApplication for test class com.track.task.user.UserServiceImplTest
2025-03-03 16:49:22 [SpringApplicationShutdownHook] INFO  o.s.o.j.LocalContainerEntityManagerFactoryBean - Closing JPA EntityManagerFactory for persistence unit 'default'
2025-03-03 16:49:22 [SpringApplicationShutdownHook] INFO  com.zaxxer.hikari.HikariDataSource - HikariPool-1 - Shutdown initiated...
2025-03-03 16:49:22 [SpringApplicationShutdownHook] INFO  com.zaxxer.hikari.HikariDataSource - HikariPool-1 - Shutdown completed.
2025-03-03 17:02:34 [background-preinit] INFO  o.h.validator.internal.util.Version - HV000001: Hibernate Validator 8.0.1.Final
2025-03-03 17:02:34 [testcontainers-ryuk] WARN  o.t.utility.RyukResourceReaper - Can not connect to Ryuk at 172.17.0.1:64134
java.net.ConnectException: Connection refused
	at java.base/sun.nio.ch.Net.pollConnect(Native Method)
	at java.base/sun.nio.ch.Net.pollConnectNow(Net.java:682)
	at java.base/sun.nio.ch.NioSocketImpl.timedFinishConnect(NioSocketImpl.java:542)
	at java.base/sun.nio.ch.NioSocketImpl.connect(NioSocketImpl.java:592)
	at java.base/java.net.SocksSocketImpl.connect(SocksSocketImpl.java:327)
	at java.base/java.net.Socket.connect(Socket.java:751)
	at org.testcontainers.utility.RyukResourceReaper.lambda$null$1(RyukResourceReaper.java:105)
	at org.rnorth.ducttape.ratelimits.RateLimiter.doWhenReady(RateLimiter.java:27)
	at org.testcontainers.utility.RyukResourceReaper.lambda$maybeStart$2(RyukResourceReaper.java:101)
	at java.base/java.lang.Thread.run(Thread.java:1583)
2025-03-03 17:02:34 [main] INFO  c.t.task.TaskTrackerApplicationTests - Starting TaskTrackerApplicationTests using Java 21.0.6 with PID 66 (started by root in /app)
2025-03-03 17:02:34 [main] INFO  c.t.task.TaskTrackerApplicationTests - No active profile set, falling back to 1 default profile: "default"
2025-03-03 17:02:34 [testcontainers-ryuk] WARN  o.t.utility.RyukResourceReaper - Can not connect to Ryuk at 172.17.0.1:64134
java.net.ConnectException: Connection refused
	at java.base/sun.nio.ch.Net.pollConnect(Native Method)
	at java.base/sun.nio.ch.Net.pollConnectNow(Net.java:682)
	at java.base/sun.nio.ch.NioSocketImpl.timedFinishConnect(NioSocketImpl.java:542)
	at java.base/sun.nio.ch.NioSocketImpl.connect(NioSocketImpl.java:592)
	at java.base/java.net.SocksSocketImpl.connect(SocksSocketImpl.java:327)
	at java.base/java.net.Socket.connect(Socket.java:751)
	at org.testcontainers.utility.RyukResourceReaper.lambda$null$1(RyukResourceReaper.java:105)
	at org.rnorth.ducttape.ratelimits.RateLimiter.doWhenReady(RateLimiter.java:27)
	at org.testcontainers.utility.RyukResourceReaper.lambda$maybeStart$2(RyukResourceReaper.java:101)
	at java.base/java.lang.Thread.run(Thread.java:1583)
2025-03-03 17:02:34 [testcontainers-ryuk] WARN  o.t.utility.RyukResourceReaper - Can not connect to Ryuk at 172.17.0.1:64134
java.net.ConnectException: Connection refused
	at java.base/sun.nio.ch.Net.pollConnect(Native Method)
	at java.base/sun.nio.ch.Net.pollConnectNow(Net.java:682)
	at java.base/sun.nio.ch.NioSocketImpl.timedFinishConnect(NioSocketImpl.java:542)
	at java.base/sun.nio.ch.NioSocketImpl.connect(NioSocketImpl.java:592)
	at java.base/java.net.SocksSocketImpl.connect(SocksSocketImpl.java:327)
	at java.base/java.net.Socket.connect(Socket.java:751)
	at org.testcontainers.utility.RyukResourceReaper.lambda$null$1(RyukResourceReaper.java:105)
	at org.rnorth.ducttape.ratelimits.RateLimiter.doWhenReady(RateLimiter.java:27)
	at org.testcontainers.utility.RyukResourceReaper.lambda$maybeStart$2(RyukResourceReaper.java:101)
	at java.base/java.lang.Thread.run(Thread.java:1583)
2025-03-03 17:02:35 [testcontainers-ryuk] WARN  o.t.utility.RyukResourceReaper - Can not connect to Ryuk at 172.17.0.1:64134
java.net.ConnectException: Connection refused
	at java.base/sun.nio.ch.Net.pollConnect(Native Method)
	at java.base/sun.nio.ch.Net.pollConnectNow(Net.java:682)
	at java.base/sun.nio.ch.NioSocketImpl.timedFinishConnect(NioSocketImpl.java:542)
	at java.base/sun.nio.ch.NioSocketImpl.connect(NioSocketImpl.java:592)
	at java.base/java.net.SocksSocketImpl.connect(SocksSocketImpl.java:327)
	at java.base/java.net.Socket.connect(Socket.java:751)
	at org.testcontainers.utility.RyukResourceReaper.lambda$null$1(RyukResourceReaper.java:105)
	at org.rnorth.ducttape.ratelimits.RateLimiter.doWhenReady(RateLimiter.java:27)
	at org.testcontainers.utility.RyukResourceReaper.lambda$maybeStart$2(RyukResourceReaper.java:101)
	at java.base/java.lang.Thread.run(Thread.java:1583)
2025-03-03 17:02:35 [testcontainers-ryuk] WARN  o.t.utility.RyukResourceReaper - Can not connect to Ryuk at 172.17.0.1:64134
java.net.ConnectException: Connection refused
	at java.base/sun.nio.ch.Net.pollConnect(Native Method)
	at java.base/sun.nio.ch.Net.pollConnectNow(Net.java:682)
	at java.base/sun.nio.ch.NioSocketImpl.timedFinishConnect(NioSocketImpl.java:542)
	at java.base/sun.nio.ch.NioSocketImpl.connect(NioSocketImpl.java:592)
	at java.base/java.net.SocksSocketImpl.connect(SocksSocketImpl.java:327)
	at java.base/java.net.Socket.connect(Socket.java:751)
	at org.testcontainers.utility.RyukResourceReaper.lambda$null$1(RyukResourceReaper.java:105)
	at org.rnorth.ducttape.ratelimits.RateLimiter.doWhenReady(RateLimiter.java:27)
	at org.testcontainers.utility.RyukResourceReaper.lambda$maybeStart$2(RyukResourceReaper.java:101)
	at java.base/java.lang.Thread.run(Thread.java:1583)
2025-03-03 17:02:35 [testcontainers-ryuk] WARN  o.t.utility.RyukResourceReaper - Can not connect to Ryuk at 172.17.0.1:64134
java.net.ConnectException: Connection refused
	at java.base/sun.nio.ch.Net.pollConnect(Native Method)
	at java.base/sun.nio.ch.Net.pollConnectNow(Net.java:682)
	at java.base/sun.nio.ch.NioSocketImpl.timedFinishConnect(NioSocketImpl.java:542)
	at java.base/sun.nio.ch.NioSocketImpl.connect(NioSocketImpl.java:592)
	at java.base/java.net.SocksSocketImpl.connect(SocksSocketImpl.java:327)
	at java.base/java.net.Socket.connect(Socket.java:751)
	at org.testcontainers.utility.RyukResourceReaper.lambda$null$1(RyukResourceReaper.java:105)
	at org.rnorth.ducttape.ratelimits.RateLimiter.doWhenReady(RateLimiter.java:27)
	at org.testcontainers.utility.RyukResourceReaper.lambda$maybeStart$2(RyukResourceReaper.java:101)
	at java.base/java.lang.Thread.run(Thread.java:1583)
2025-03-03 17:02:35 [testcontainers-ryuk] WARN  o.t.utility.RyukResourceReaper - Can not connect to Ryuk at 172.17.0.1:64134
java.net.ConnectException: Connection refused
	at java.base/sun.nio.ch.Net.pollConnect(Native Method)
	at java.base/sun.nio.ch.Net.pollConnectNow(Net.java:682)
	at java.base/sun.nio.ch.NioSocketImpl.timedFinishConnect(NioSocketImpl.java:542)
	at java.base/sun.nio.ch.NioSocketImpl.connect(NioSocketImpl.java:592)
	at java.base/java.net.SocksSocketImpl.connect(SocksSocketImpl.java:327)
	at java.base/java.net.Socket.connect(Socket.java:751)
	at org.testcontainers.utility.RyukResourceReaper.lambda$null$1(RyukResourceReaper.java:105)
	at org.rnorth.ducttape.ratelimits.RateLimiter.doWhenReady(RateLimiter.java:27)
	at org.testcontainers.utility.RyukResourceReaper.lambda$maybeStart$2(RyukResourceReaper.java:101)
	at java.base/java.lang.Thread.run(Thread.java:1583)
2025-03-03 17:02:36 [testcontainers-ryuk] WARN  o.t.utility.RyukResourceReaper - Can not connect to Ryuk at 172.17.0.1:64134
java.net.ConnectException: Connection refused
	at java.base/sun.nio.ch.Net.pollConnect(Native Method)
	at java.base/sun.nio.ch.Net.pollConnectNow(Net.java:682)
	at java.base/sun.nio.ch.NioSocketImpl.timedFinishConnect(NioSocketImpl.java:542)
	at java.base/sun.nio.ch.NioSocketImpl.connect(NioSocketImpl.java:592)
	at java.base/java.net.SocksSocketImpl.connect(SocksSocketImpl.java:327)
	at java.base/java.net.Socket.connect(Socket.java:751)
	at org.testcontainers.utility.RyukResourceReaper.lambda$null$1(RyukResourceReaper.java:105)
	at org.rnorth.ducttape.ratelimits.RateLimiter.doWhenReady(RateLimiter.java:27)
	at org.testcontainers.utility.RyukResourceReaper.lambda$maybeStart$2(RyukResourceReaper.java:101)
	at java.base/java.lang.Thread.run(Thread.java:1583)
2025-03-03 17:02:36 [testcontainers-ryuk] WARN  o.t.utility.RyukResourceReaper - Can not connect to Ryuk at 172.17.0.1:64134
java.net.ConnectException: Connection refused
	at java.base/sun.nio.ch.Net.pollConnect(Native Method)
	at java.base/sun.nio.ch.Net.pollConnectNow(Net.java:682)
	at java.base/sun.nio.ch.NioSocketImpl.timedFinishConnect(NioSocketImpl.java:542)
	at java.base/sun.nio.ch.NioSocketImpl.connect(NioSocketImpl.java:592)
	at java.base/java.net.SocksSocketImpl.connect(SocksSocketImpl.java:327)
	at java.base/java.net.Socket.connect(Socket.java:751)
	at org.testcontainers.utility.RyukResourceReaper.lambda$null$1(RyukResourceReaper.java:105)
	at org.rnorth.ducttape.ratelimits.RateLimiter.doWhenReady(RateLimiter.java:27)
	at org.testcontainers.utility.RyukResourceReaper.lambda$maybeStart$2(RyukResourceReaper.java:101)
	at java.base/java.lang.Thread.run(Thread.java:1583)
2025-03-03 17:02:36 [testcontainers-ryuk] WARN  o.t.utility.RyukResourceReaper - Can not connect to Ryuk at 172.17.0.1:64134
java.net.ConnectException: Connection refused
	at java.base/sun.nio.ch.Net.pollConnect(Native Method)
	at java.base/sun.nio.ch.Net.pollConnectNow(Net.java:682)
	at java.base/sun.nio.ch.NioSocketImpl.timedFinishConnect(NioSocketImpl.java:542)
	at java.base/sun.nio.ch.NioSocketImpl.connect(NioSocketImpl.java:592)
	at java.base/java.net.SocksSocketImpl.connect(SocksSocketImpl.java:327)
	at java.base/java.net.Socket.connect(Socket.java:751)
	at org.testcontainers.utility.RyukResourceReaper.lambda$null$1(RyukResourceReaper.java:105)
	at org.rnorth.ducttape.ratelimits.RateLimiter.doWhenReady(RateLimiter.java:27)
	at org.testcontainers.utility.RyukResourceReaper.lambda$maybeStart$2(RyukResourceReaper.java:101)
	at java.base/java.lang.Thread.run(Thread.java:1583)
2025-03-03 17:02:36 [testcontainers-ryuk] WARN  o.t.utility.RyukResourceReaper - Can not connect to Ryuk at 172.17.0.1:64134
java.net.ConnectException: Connection refused
	at java.base/sun.nio.ch.Net.pollConnect(Native Method)
	at java.base/sun.nio.ch.Net.pollConnectNow(Net.java:682)
	at java.base/sun.nio.ch.NioSocketImpl.timedFinishConnect(NioSocketImpl.java:542)
	at java.base/sun.nio.ch.NioSocketImpl.connect(NioSocketImpl.java:592)
	at java.base/java.net.SocksSocketImpl.connect(SocksSocketImpl.java:327)
	at java.base/java.net.Socket.connect(Socket.java:751)
	at org.testcontainers.utility.RyukResourceReaper.lambda$null$1(RyukResourceReaper.java:105)
	at org.rnorth.ducttape.ratelimits.RateLimiter.doWhenReady(RateLimiter.java:27)
	at org.testcontainers.utility.RyukResourceReaper.lambda$maybeStart$2(RyukResourceReaper.java:101)
	at java.base/java.lang.Thread.run(Thread.java:1583)
2025-03-03 17:02:37 [testcontainers-ryuk] WARN  o.t.utility.RyukResourceReaper - Can not connect to Ryuk at 172.17.0.1:64134
java.net.ConnectException: Connection refused
	at java.base/sun.nio.ch.Net.pollConnect(Native Method)
	at java.base/sun.nio.ch.Net.pollConnectNow(Net.java:682)
	at java.base/sun.nio.ch.NioSocketImpl.timedFinishConnect(NioSocketImpl.java:542)
	at java.base/sun.nio.ch.NioSocketImpl.connect(NioSocketImpl.java:592)
	at java.base/java.net.SocksSocketImpl.connect(SocksSocketImpl.java:327)
	at java.base/java.net.Socket.connect(Socket.java:751)
	at org.testcontainers.utility.RyukResourceReaper.lambda$null$1(RyukResourceReaper.java:105)
	at org.rnorth.ducttape.ratelimits.RateLimiter.doWhenReady(RateLimiter.java:27)
	at org.testcontainers.utility.RyukResourceReaper.lambda$maybeStart$2(RyukResourceReaper.java:101)
	at java.base/java.lang.Thread.run(Thread.java:1583)
2025-03-03 17:02:37 [testcontainers-ryuk] WARN  o.t.utility.RyukResourceReaper - Can not connect to Ryuk at 172.17.0.1:64134
java.net.ConnectException: Connection refused
	at java.base/sun.nio.ch.Net.pollConnect(Native Method)
	at java.base/sun.nio.ch.Net.pollConnectNow(Net.java:682)
	at java.base/sun.nio.ch.NioSocketImpl.timedFinishConnect(NioSocketImpl.java:542)
	at java.base/sun.nio.ch.NioSocketImpl.connect(NioSocketImpl.java:592)
	at java.base/java.net.SocksSocketImpl.connect(SocksSocketImpl.java:327)
	at java.base/java.net.Socket.connect(Socket.java:751)
	at org.testcontainers.utility.RyukResourceReaper.lambda$null$1(RyukResourceReaper.java:105)
	at org.rnorth.ducttape.ratelimits.RateLimiter.doWhenReady(RateLimiter.java:27)
	at org.testcontainers.utility.RyukResourceReaper.lambda$maybeStart$2(RyukResourceReaper.java:101)
	at java.base/java.lang.Thread.run(Thread.java:1583)
2025-03-03 17:02:37 [testcontainers-ryuk] WARN  o.t.utility.RyukResourceReaper - Can not connect to Ryuk at 172.17.0.1:64134
java.net.ConnectException: Connection refused
	at java.base/sun.nio.ch.Net.pollConnect(Native Method)
	at java.base/sun.nio.ch.Net.pollConnectNow(Net.java:682)
	at java.base/sun.nio.ch.NioSocketImpl.timedFinishConnect(NioSocketImpl.java:542)
	at java.base/sun.nio.ch.NioSocketImpl.connect(NioSocketImpl.java:592)
	at java.base/java.net.SocksSocketImpl.connect(SocksSocketImpl.java:327)
	at java.base/java.net.Socket.connect(Socket.java:751)
	at org.testcontainers.utility.RyukResourceReaper.lambda$null$1(RyukResourceReaper.java:105)
	at org.rnorth.ducttape.ratelimits.RateLimiter.doWhenReady(RateLimiter.java:27)
	at org.testcontainers.utility.RyukResourceReaper.lambda$maybeStart$2(RyukResourceReaper.java:101)
	at java.base/java.lang.Thread.run(Thread.java:1583)
2025-03-03 17:02:37 [testcontainers-ryuk] WARN  o.t.utility.RyukResourceReaper - Can not connect to Ryuk at 172.17.0.1:64134
java.net.ConnectException: Connection refused
	at java.base/sun.nio.ch.Net.pollConnect(Native Method)
	at java.base/sun.nio.ch.Net.pollConnectNow(Net.java:682)
	at java.base/sun.nio.ch.NioSocketImpl.timedFinishConnect(NioSocketImpl.java:542)
	at java.base/sun.nio.ch.NioSocketImpl.connect(NioSocketImpl.java:592)
	at java.base/java.net.SocksSocketImpl.connect(SocksSocketImpl.java:327)
	at java.base/java.net.Socket.connect(Socket.java:751)
	at org.testcontainers.utility.RyukResourceReaper.lambda$null$1(RyukResourceReaper.java:105)
	at org.rnorth.ducttape.ratelimits.RateLimiter.doWhenReady(RateLimiter.java:27)
	at org.testcontainers.utility.RyukResourceReaper.lambda$maybeStart$2(RyukResourceReaper.java:101)
	at java.base/java.lang.Thread.run(Thread.java:1583)
2025-03-03 17:02:38 [testcontainers-ryuk] WARN  o.t.utility.RyukResourceReaper - Can not connect to Ryuk at 172.17.0.1:64134
java.net.ConnectException: Connection refused
	at java.base/sun.nio.ch.Net.pollConnect(Native Method)
	at java.base/sun.nio.ch.Net.pollConnectNow(Net.java:682)
	at java.base/sun.nio.ch.NioSocketImpl.timedFinishConnect(NioSocketImpl.java:542)
	at java.base/sun.nio.ch.NioSocketImpl.connect(NioSocketImpl.java:592)
	at java.base/java.net.SocksSocketImpl.connect(SocksSocketImpl.java:327)
	at java.base/java.net.Socket.connect(Socket.java:751)
	at org.testcontainers.utility.RyukResourceReaper.lambda$null$1(RyukResourceReaper.java:105)
	at org.rnorth.ducttape.ratelimits.RateLimiter.doWhenReady(RateLimiter.java:27)
	at org.testcontainers.utility.RyukResourceReaper.lambda$maybeStart$2(RyukResourceReaper.java:101)
	at java.base/java.lang.Thread.run(Thread.java:1583)
2025-03-03 17:02:38 [testcontainers-ryuk] WARN  o.t.utility.RyukResourceReaper - Can not connect to Ryuk at 172.17.0.1:64134
java.net.ConnectException: Connection refused
	at java.base/sun.nio.ch.Net.pollConnect(Native Method)
	at java.base/sun.nio.ch.Net.pollConnectNow(Net.java:682)
	at java.base/sun.nio.ch.NioSocketImpl.timedFinishConnect(NioSocketImpl.java:542)
	at java.base/sun.nio.ch.NioSocketImpl.connect(NioSocketImpl.java:592)
	at java.base/java.net.SocksSocketImpl.connect(SocksSocketImpl.java:327)
	at java.base/java.net.Socket.connect(Socket.java:751)
	at org.testcontainers.utility.RyukResourceReaper.lambda$null$1(RyukResourceReaper.java:105)
	at org.rnorth.ducttape.ratelimits.RateLimiter.doWhenReady(RateLimiter.java:27)
	at org.testcontainers.utility.RyukResourceReaper.lambda$maybeStart$2(RyukResourceReaper.java:101)
	at java.base/java.lang.Thread.run(Thread.java:1583)
2025-03-03 17:02:38 [testcontainers-ryuk] WARN  o.t.utility.RyukResourceReaper - Can not connect to Ryuk at 172.17.0.1:64134
java.net.ConnectException: Connection refused
	at java.base/sun.nio.ch.Net.pollConnect(Native Method)
	at java.base/sun.nio.ch.Net.pollConnectNow(Net.java:682)
	at java.base/sun.nio.ch.NioSocketImpl.timedFinishConnect(NioSocketImpl.java:542)
	at java.base/sun.nio.ch.NioSocketImpl.connect(NioSocketImpl.java:592)
	at java.base/java.net.SocksSocketImpl.connect(SocksSocketImpl.java:327)
	at java.base/java.net.Socket.connect(Socket.java:751)
	at org.testcontainers.utility.RyukResourceReaper.lambda$null$1(RyukResourceReaper.java:105)
	at org.rnorth.ducttape.ratelimits.RateLimiter.doWhenReady(RateLimiter.java:27)
	at org.testcontainers.utility.RyukResourceReaper.lambda$maybeStart$2(RyukResourceReaper.java:101)
	at java.base/java.lang.Thread.run(Thread.java:1583)
2025-03-03 17:02:38 [testcontainers-ryuk] WARN  o.t.utility.RyukResourceReaper - Can not connect to Ryuk at 172.17.0.1:64134
java.net.ConnectException: Connection refused
	at java.base/sun.nio.ch.Net.pollConnect(Native Method)
	at java.base/sun.nio.ch.Net.pollConnectNow(Net.java:682)
	at java.base/sun.nio.ch.NioSocketImpl.timedFinishConnect(NioSocketImpl.java:542)
	at java.base/sun.nio.ch.NioSocketImpl.connect(NioSocketImpl.java:592)
	at java.base/java.net.SocksSocketImpl.connect(SocksSocketImpl.java:327)
	at java.base/java.net.Socket.connect(Socket.java:751)
	at org.testcontainers.utility.RyukResourceReaper.lambda$null$1(RyukResourceReaper.java:105)
	at org.rnorth.ducttape.ratelimits.RateLimiter.doWhenReady(RateLimiter.java:27)
	at org.testcontainers.utility.RyukResourceReaper.lambda$maybeStart$2(RyukResourceReaper.java:101)
	at java.base/java.lang.Thread.run(Thread.java:1583)
2025-03-03 17:02:39 [main] INFO  o.s.d.r.c.RepositoryConfigurationDelegate - Bootstrapping Spring Data JPA repositories in DEFAULT mode.
2025-03-03 17:02:39 [testcontainers-ryuk] WARN  o.t.utility.RyukResourceReaper - Can not connect to Ryuk at 172.17.0.1:64134
java.net.ConnectException: Connection refused
	at java.base/sun.nio.ch.Net.pollConnect(Native Method)
	at java.base/sun.nio.ch.Net.pollConnectNow(Net.java:682)
	at java.base/sun.nio.ch.NioSocketImpl.timedFinishConnect(NioSocketImpl.java:542)
	at java.base/sun.nio.ch.NioSocketImpl.connect(NioSocketImpl.java:592)
	at java.base/java.net.SocksSocketImpl.connect(SocksSocketImpl.java:327)
	at java.base/java.net.Socket.connect(Socket.java:751)
	at org.testcontainers.utility.RyukResourceReaper.lambda$null$1(RyukResourceReaper.java:105)
	at org.rnorth.ducttape.ratelimits.RateLimiter.doWhenReady(RateLimiter.java:27)
	at org.testcontainers.utility.RyukResourceReaper.lambda$maybeStart$2(RyukResourceReaper.java:101)
	at java.base/java.lang.Thread.run(Thread.java:1583)
2025-03-03 17:02:39 [testcontainers-ryuk] WARN  o.t.utility.RyukResourceReaper - Can not connect to Ryuk at 172.17.0.1:64134
java.net.ConnectException: Connection refused
	at java.base/sun.nio.ch.Net.pollConnect(Native Method)
	at java.base/sun.nio.ch.Net.pollConnectNow(Net.java:682)
	at java.base/sun.nio.ch.NioSocketImpl.timedFinishConnect(NioSocketImpl.java:542)
	at java.base/sun.nio.ch.NioSocketImpl.connect(NioSocketImpl.java:592)
	at java.base/java.net.SocksSocketImpl.connect(SocksSocketImpl.java:327)
	at java.base/java.net.Socket.connect(Socket.java:751)
	at org.testcontainers.utility.RyukResourceReaper.lambda$null$1(RyukResourceReaper.java:105)
	at org.rnorth.ducttape.ratelimits.RateLimiter.doWhenReady(RateLimiter.java:27)
	at org.testcontainers.utility.RyukResourceReaper.lambda$maybeStart$2(RyukResourceReaper.java:101)
	at java.base/java.lang.Thread.run(Thread.java:1583)
2025-03-03 17:02:39 [testcontainers-ryuk] WARN  o.t.utility.RyukResourceReaper - Can not connect to Ryuk at 172.17.0.1:64134
java.net.ConnectException: Connection refused
	at java.base/sun.nio.ch.Net.pollConnect(Native Method)
	at java.base/sun.nio.ch.Net.pollConnectNow(Net.java:682)
	at java.base/sun.nio.ch.NioSocketImpl.timedFinishConnect(NioSocketImpl.java:542)
	at java.base/sun.nio.ch.NioSocketImpl.connect(NioSocketImpl.java:592)
	at java.base/java.net.SocksSocketImpl.connect(SocksSocketImpl.java:327)
	at java.base/java.net.Socket.connect(Socket.java:751)
	at org.testcontainers.utility.RyukResourceReaper.lambda$null$1(RyukResourceReaper.java:105)
	at org.rnorth.ducttape.ratelimits.RateLimiter.doWhenReady(RateLimiter.java:27)
	at org.testcontainers.utility.RyukResourceReaper.lambda$maybeStart$2(RyukResourceReaper.java:101)
	at java.base/java.lang.Thread.run(Thread.java:1583)
2025-03-03 17:02:39 [testcontainers-ryuk] WARN  o.t.utility.RyukResourceReaper - Can not connect to Ryuk at 172.17.0.1:64134
java.net.ConnectException: Connection refused
	at java.base/sun.nio.ch.Net.pollConnect(Native Method)
	at java.base/sun.nio.ch.Net.pollConnectNow(Net.java:682)
	at java.base/sun.nio.ch.NioSocketImpl.timedFinishConnect(NioSocketImpl.java:542)
	at java.base/sun.nio.ch.NioSocketImpl.connect(NioSocketImpl.java:592)
	at java.base/java.net.SocksSocketImpl.connect(SocksSocketImpl.java:327)
	at java.base/java.net.Socket.connect(Socket.java:751)
	at org.testcontainers.utility.RyukResourceReaper.lambda$null$1(RyukResourceReaper.java:105)
	at org.rnorth.ducttape.ratelimits.RateLimiter.doWhenReady(RateLimiter.java:27)
	at org.testcontainers.utility.RyukResourceReaper.lambda$maybeStart$2(RyukResourceReaper.java:101)
	at java.base/java.lang.Thread.run(Thread.java:1583)
2025-03-03 17:02:39 [main] INFO  o.s.d.r.c.RepositoryConfigurationDelegate - Finished Spring Data repository scanning in 742 ms. Found 5 JPA repository interfaces.
2025-03-03 17:02:40 [testcontainers-ryuk] WARN  o.t.utility.RyukResourceReaper - Can not connect to Ryuk at 172.17.0.1:64134
java.net.ConnectException: Connection refused
	at java.base/sun.nio.ch.Net.pollConnect(Native Method)
	at java.base/sun.nio.ch.Net.pollConnectNow(Net.java:682)
	at java.base/sun.nio.ch.NioSocketImpl.timedFinishConnect(NioSocketImpl.java:542)
	at java.base/sun.nio.ch.NioSocketImpl.connect(NioSocketImpl.java:592)
	at java.base/java.net.SocksSocketImpl.connect(SocksSocketImpl.java:327)
	at java.base/java.net.Socket.connect(Socket.java:751)
	at org.testcontainers.utility.RyukResourceReaper.lambda$null$1(RyukResourceReaper.java:105)
	at org.rnorth.ducttape.ratelimits.RateLimiter.doWhenReady(RateLimiter.java:27)
	at org.testcontainers.utility.RyukResourceReaper.lambda$maybeStart$2(RyukResourceReaper.java:101)
	at java.base/java.lang.Thread.run(Thread.java:1583)
2025-03-03 17:02:40 [testcontainers-ryuk] WARN  o.t.utility.RyukResourceReaper - Can not connect to Ryuk at 172.17.0.1:64134
java.net.ConnectException: Connection refused
	at java.base/sun.nio.ch.Net.pollConnect(Native Method)
	at java.base/sun.nio.ch.Net.pollConnectNow(Net.java:682)
	at java.base/sun.nio.ch.NioSocketImpl.timedFinishConnect(NioSocketImpl.java:542)
	at java.base/sun.nio.ch.NioSocketImpl.connect(NioSocketImpl.java:592)
	at java.base/java.net.SocksSocketImpl.connect(SocksSocketImpl.java:327)
	at java.base/java.net.Socket.connect(Socket.java:751)
	at org.testcontainers.utility.RyukResourceReaper.lambda$null$1(RyukResourceReaper.java:105)
	at org.rnorth.ducttape.ratelimits.RateLimiter.doWhenReady(RateLimiter.java:27)
	at org.testcontainers.utility.RyukResourceReaper.lambda$maybeStart$2(RyukResourceReaper.java:101)
	at java.base/java.lang.Thread.run(Thread.java:1583)
2025-03-03 17:02:40 [testcontainers-ryuk] WARN  o.t.utility.RyukResourceReaper - Can not connect to Ryuk at 172.17.0.1:64134
java.net.ConnectException: Connection refused
	at java.base/sun.nio.ch.Net.pollConnect(Native Method)
	at java.base/sun.nio.ch.Net.pollConnectNow(Net.java:682)
	at java.base/sun.nio.ch.NioSocketImpl.timedFinishConnect(NioSocketImpl.java:542)
	at java.base/sun.nio.ch.NioSocketImpl.connect(NioSocketImpl.java:592)
	at java.base/java.net.SocksSocketImpl.connect(SocksSocketImpl.java:327)
	at java.base/java.net.Socket.connect(Socket.java:751)
	at org.testcontainers.utility.RyukResourceReaper.lambda$null$1(RyukResourceReaper.java:105)
	at org.rnorth.ducttape.ratelimits.RateLimiter.doWhenReady(RateLimiter.java:27)
	at org.testcontainers.utility.RyukResourceReaper.lambda$maybeStart$2(RyukResourceReaper.java:101)
	at java.base/java.lang.Thread.run(Thread.java:1583)
2025-03-03 17:02:40 [testcontainers-ryuk] WARN  o.t.utility.RyukResourceReaper - Can not connect to Ryuk at 172.17.0.1:64134
java.net.ConnectException: Connection refused
	at java.base/sun.nio.ch.Net.pollConnect(Native Method)
	at java.base/sun.nio.ch.Net.pollConnectNow(Net.java:682)
	at java.base/sun.nio.ch.NioSocketImpl.timedFinishConnect(NioSocketImpl.java:542)
	at java.base/sun.nio.ch.NioSocketImpl.connect(NioSocketImpl.java:592)
	at java.base/java.net.SocksSocketImpl.connect(SocksSocketImpl.java:327)
	at java.base/java.net.Socket.connect(Socket.java:751)
	at org.testcontainers.utility.RyukResourceReaper.lambda$null$1(RyukResourceReaper.java:105)
	at org.rnorth.ducttape.ratelimits.RateLimiter.doWhenReady(RateLimiter.java:27)
	at org.testcontainers.utility.RyukResourceReaper.lambda$maybeStart$2(RyukResourceReaper.java:101)
	at java.base/java.lang.Thread.run(Thread.java:1583)
2025-03-03 17:02:41 [testcontainers-ryuk] WARN  o.t.utility.RyukResourceReaper - Can not connect to Ryuk at 172.17.0.1:64134
java.net.ConnectException: Connection refused
	at java.base/sun.nio.ch.Net.pollConnect(Native Method)
	at java.base/sun.nio.ch.Net.pollConnectNow(Net.java:682)
	at java.base/sun.nio.ch.NioSocketImpl.timedFinishConnect(NioSocketImpl.java:542)
	at java.base/sun.nio.ch.NioSocketImpl.connect(NioSocketImpl.java:592)
	at java.base/java.net.SocksSocketImpl.connect(SocksSocketImpl.java:327)
	at java.base/java.net.Socket.connect(Socket.java:751)
	at org.testcontainers.utility.RyukResourceReaper.lambda$null$1(RyukResourceReaper.java:105)
	at org.rnorth.ducttape.ratelimits.RateLimiter.doWhenReady(RateLimiter.java:27)
	at org.testcontainers.utility.RyukResourceReaper.lambda$maybeStart$2(RyukResourceReaper.java:101)
	at java.base/java.lang.Thread.run(Thread.java:1583)
2025-03-03 17:02:41 [testcontainers-ryuk] WARN  o.t.utility.RyukResourceReaper - Can not connect to Ryuk at 172.17.0.1:64134
java.net.ConnectException: Connection refused
	at java.base/sun.nio.ch.Net.pollConnect(Native Method)
	at java.base/sun.nio.ch.Net.pollConnectNow(Net.java:682)
	at java.base/sun.nio.ch.NioSocketImpl.timedFinishConnect(NioSocketImpl.java:542)
	at java.base/sun.nio.ch.NioSocketImpl.connect(NioSocketImpl.java:592)
	at java.base/java.net.SocksSocketImpl.connect(SocksSocketImpl.java:327)
	at java.base/java.net.Socket.connect(Socket.java:751)
	at org.testcontainers.utility.RyukResourceReaper.lambda$null$1(RyukResourceReaper.java:105)
	at org.rnorth.ducttape.ratelimits.RateLimiter.doWhenReady(RateLimiter.java:27)
	at org.testcontainers.utility.RyukResourceReaper.lambda$maybeStart$2(RyukResourceReaper.java:101)
	at java.base/java.lang.Thread.run(Thread.java:1583)
2025-03-03 17:02:41 [testcontainers-ryuk] WARN  o.t.utility.RyukResourceReaper - Can not connect to Ryuk at 172.17.0.1:64134
java.net.ConnectException: Connection refused
	at java.base/sun.nio.ch.Net.pollConnect(Native Method)
	at java.base/sun.nio.ch.Net.pollConnectNow(Net.java:682)
	at java.base/sun.nio.ch.NioSocketImpl.timedFinishConnect(NioSocketImpl.java:542)
	at java.base/sun.nio.ch.NioSocketImpl.connect(NioSocketImpl.java:592)
	at java.base/java.net.SocksSocketImpl.connect(SocksSocketImpl.java:327)
	at java.base/java.net.Socket.connect(Socket.java:751)
	at org.testcontainers.utility.RyukResourceReaper.lambda$null$1(RyukResourceReaper.java:105)
	at org.rnorth.ducttape.ratelimits.RateLimiter.doWhenReady(RateLimiter.java:27)
	at org.testcontainers.utility.RyukResourceReaper.lambda$maybeStart$2(RyukResourceReaper.java:101)
	at java.base/java.lang.Thread.run(Thread.java:1583)
2025-03-03 17:02:41 [testcontainers-ryuk] WARN  o.t.utility.RyukResourceReaper - Can not connect to Ryuk at 172.17.0.1:64134
java.net.ConnectException: Connection refused
	at java.base/sun.nio.ch.Net.pollConnect(Native Method)
	at java.base/sun.nio.ch.Net.pollConnectNow(Net.java:682)
	at java.base/sun.nio.ch.NioSocketImpl.timedFinishConnect(NioSocketImpl.java:542)
	at java.base/sun.nio.ch.NioSocketImpl.connect(NioSocketImpl.java:592)
	at java.base/java.net.SocksSocketImpl.connect(SocksSocketImpl.java:327)
	at java.base/java.net.Socket.connect(Socket.java:751)
	at org.testcontainers.utility.RyukResourceReaper.lambda$null$1(RyukResourceReaper.java:105)
	at org.rnorth.ducttape.ratelimits.RateLimiter.doWhenReady(RateLimiter.java:27)
	at org.testcontainers.utility.RyukResourceReaper.lambda$maybeStart$2(RyukResourceReaper.java:101)
	at java.base/java.lang.Thread.run(Thread.java:1583)
2025-03-03 17:02:42 [testcontainers-ryuk] WARN  o.t.utility.RyukResourceReaper - Can not connect to Ryuk at 172.17.0.1:64134
java.net.ConnectException: Connection refused
	at java.base/sun.nio.ch.Net.pollConnect(Native Method)
	at java.base/sun.nio.ch.Net.pollConnectNow(Net.java:682)
	at java.base/sun.nio.ch.NioSocketImpl.timedFinishConnect(NioSocketImpl.java:542)
	at java.base/sun.nio.ch.NioSocketImpl.connect(NioSocketImpl.java:592)
	at java.base/java.net.SocksSocketImpl.connect(SocksSocketImpl.java:327)
	at java.base/java.net.Socket.connect(Socket.java:751)
	at org.testcontainers.utility.RyukResourceReaper.lambda$null$1(RyukResourceReaper.java:105)
	at org.rnorth.ducttape.ratelimits.RateLimiter.doWhenReady(RateLimiter.java:27)
	at org.testcontainers.utility.RyukResourceReaper.lambda$maybeStart$2(RyukResourceReaper.java:101)
	at java.base/java.lang.Thread.run(Thread.java:1583)
2025-03-03 17:02:42 [main] INFO  com.zaxxer.hikari.HikariDataSource - HikariPool-1 - Starting...
2025-03-03 17:02:42 [testcontainers-ryuk] WARN  o.t.utility.RyukResourceReaper - Can not connect to Ryuk at 172.17.0.1:64134
java.net.ConnectException: Connection refused
	at java.base/sun.nio.ch.Net.pollConnect(Native Method)
	at java.base/sun.nio.ch.Net.pollConnectNow(Net.java:682)
	at java.base/sun.nio.ch.NioSocketImpl.timedFinishConnect(NioSocketImpl.java:542)
	at java.base/sun.nio.ch.NioSocketImpl.connect(NioSocketImpl.java:592)
	at java.base/java.net.SocksSocketImpl.connect(SocksSocketImpl.java:327)
	at java.base/java.net.Socket.connect(Socket.java:751)
	at org.testcontainers.utility.RyukResourceReaper.lambda$null$1(RyukResourceReaper.java:105)
	at org.rnorth.ducttape.ratelimits.RateLimiter.doWhenReady(RateLimiter.java:27)
	at org.testcontainers.utility.RyukResourceReaper.lambda$maybeStart$2(RyukResourceReaper.java:101)
	at java.base/java.lang.Thread.run(Thread.java:1583)
2025-03-03 17:02:42 [testcontainers-ryuk] WARN  o.t.utility.RyukResourceReaper - Can not connect to Ryuk at 172.17.0.1:64134
java.net.ConnectException: Connection refused
	at java.base/sun.nio.ch.Net.pollConnect(Native Method)
	at java.base/sun.nio.ch.Net.pollConnectNow(Net.java:682)
	at java.base/sun.nio.ch.NioSocketImpl.timedFinishConnect(NioSocketImpl.java:542)
	at java.base/sun.nio.ch.NioSocketImpl.connect(NioSocketImpl.java:592)
	at java.base/java.net.SocksSocketImpl.connect(SocksSocketImpl.java:327)
	at java.base/java.net.Socket.connect(Socket.java:751)
	at org.testcontainers.utility.RyukResourceReaper.lambda$null$1(RyukResourceReaper.java:105)
	at org.rnorth.ducttape.ratelimits.RateLimiter.doWhenReady(RateLimiter.java:27)
	at org.testcontainers.utility.RyukResourceReaper.lambda$maybeStart$2(RyukResourceReaper.java:101)
	at java.base/java.lang.Thread.run(Thread.java:1583)
2025-03-03 17:02:42 [testcontainers-ryuk] WARN  o.t.utility.RyukResourceReaper - Can not connect to Ryuk at 172.17.0.1:64134
java.net.ConnectException: Connection refused
	at java.base/sun.nio.ch.Net.pollConnect(Native Method)
	at java.base/sun.nio.ch.Net.pollConnectNow(Net.java:682)
	at java.base/sun.nio.ch.NioSocketImpl.timedFinishConnect(NioSocketImpl.java:542)
	at java.base/sun.nio.ch.NioSocketImpl.connect(NioSocketImpl.java:592)
	at java.base/java.net.SocksSocketImpl.connect(SocksSocketImpl.java:327)
	at java.base/java.net.Socket.connect(Socket.java:751)
	at org.testcontainers.utility.RyukResourceReaper.lambda$null$1(RyukResourceReaper.java:105)
	at org.rnorth.ducttape.ratelimits.RateLimiter.doWhenReady(RateLimiter.java:27)
	at org.testcontainers.utility.RyukResourceReaper.lambda$maybeStart$2(RyukResourceReaper.java:101)
	at java.base/java.lang.Thread.run(Thread.java:1583)
2025-03-03 17:02:43 [testcontainers-ryuk] WARN  o.t.utility.RyukResourceReaper - Can not connect to Ryuk at 172.17.0.1:64134
java.net.ConnectException: Connection refused
	at java.base/sun.nio.ch.Net.pollConnect(Native Method)
	at java.base/sun.nio.ch.Net.pollConnectNow(Net.java:682)
	at java.base/sun.nio.ch.NioSocketImpl.timedFinishConnect(NioSocketImpl.java:542)
	at java.base/sun.nio.ch.NioSocketImpl.connect(NioSocketImpl.java:592)
	at java.base/java.net.SocksSocketImpl.connect(SocksSocketImpl.java:327)
	at java.base/java.net.Socket.connect(Socket.java:751)
	at org.testcontainers.utility.RyukResourceReaper.lambda$null$1(RyukResourceReaper.java:105)
	at org.rnorth.ducttape.ratelimits.RateLimiter.doWhenReady(RateLimiter.java:27)
	at org.testcontainers.utility.RyukResourceReaper.lambda$maybeStart$2(RyukResourceReaper.java:101)
	at java.base/java.lang.Thread.run(Thread.java:1583)
2025-03-03 17:02:43 [testcontainers-ryuk] WARN  o.t.utility.RyukResourceReaper - Can not connect to Ryuk at 172.17.0.1:64134
java.net.ConnectException: Connection refused
	at java.base/sun.nio.ch.Net.pollConnect(Native Method)
	at java.base/sun.nio.ch.Net.pollConnectNow(Net.java:682)
	at java.base/sun.nio.ch.NioSocketImpl.timedFinishConnect(NioSocketImpl.java:542)
	at java.base/sun.nio.ch.NioSocketImpl.connect(NioSocketImpl.java:592)
	at java.base/java.net.SocksSocketImpl.connect(SocksSocketImpl.java:327)
	at java.base/java.net.Socket.connect(Socket.java:751)
	at org.testcontainers.utility.RyukResourceReaper.lambda$null$1(RyukResourceReaper.java:105)
	at org.rnorth.ducttape.ratelimits.RateLimiter.doWhenReady(RateLimiter.java:27)
	at org.testcontainers.utility.RyukResourceReaper.lambda$maybeStart$2(RyukResourceReaper.java:101)
	at java.base/java.lang.Thread.run(Thread.java:1583)
2025-03-03 17:02:43 [testcontainers-ryuk] WARN  o.t.utility.RyukResourceReaper - Can not connect to Ryuk at 172.17.0.1:64134
java.net.ConnectException: Connection refused
	at java.base/sun.nio.ch.Net.pollConnect(Native Method)
	at java.base/sun.nio.ch.Net.pollConnectNow(Net.java:682)
	at java.base/sun.nio.ch.NioSocketImpl.timedFinishConnect(NioSocketImpl.java:542)
	at java.base/sun.nio.ch.NioSocketImpl.connect(NioSocketImpl.java:592)
	at java.base/java.net.SocksSocketImpl.connect(SocksSocketImpl.java:327)
	at java.base/java.net.Socket.connect(Socket.java:751)
	at org.testcontainers.utility.RyukResourceReaper.lambda$null$1(RyukResourceReaper.java:105)
	at org.rnorth.ducttape.ratelimits.RateLimiter.doWhenReady(RateLimiter.java:27)
	at org.testcontainers.utility.RyukResourceReaper.lambda$maybeStart$2(RyukResourceReaper.java:101)
	at java.base/java.lang.Thread.run(Thread.java:1583)
2025-03-03 17:02:43 [testcontainers-ryuk] WARN  o.t.utility.RyukResourceReaper - Can not connect to Ryuk at 172.17.0.1:64134
java.net.ConnectException: Connection refused
	at java.base/sun.nio.ch.Net.pollConnect(Native Method)
	at java.base/sun.nio.ch.Net.pollConnectNow(Net.java:682)
	at java.base/sun.nio.ch.NioSocketImpl.timedFinishConnect(NioSocketImpl.java:542)
	at java.base/sun.nio.ch.NioSocketImpl.connect(NioSocketImpl.java:592)
	at java.base/java.net.SocksSocketImpl.connect(SocksSocketImpl.java:327)
	at java.base/java.net.Socket.connect(Socket.java:751)
	at org.testcontainers.utility.RyukResourceReaper.lambda$null$1(RyukResourceReaper.java:105)
	at org.rnorth.ducttape.ratelimits.RateLimiter.doWhenReady(RateLimiter.java:27)
	at org.testcontainers.utility.RyukResourceReaper.lambda$maybeStart$2(RyukResourceReaper.java:101)
	at java.base/java.lang.Thread.run(Thread.java:1583)
2025-03-03 17:02:44 [testcontainers-ryuk] WARN  o.t.utility.RyukResourceReaper - Can not connect to Ryuk at 172.17.0.1:64134
java.net.ConnectException: Connection refused
	at java.base/sun.nio.ch.Net.pollConnect(Native Method)
	at java.base/sun.nio.ch.Net.pollConnectNow(Net.java:682)
	at java.base/sun.nio.ch.NioSocketImpl.timedFinishConnect(NioSocketImpl.java:542)
	at java.base/sun.nio.ch.NioSocketImpl.connect(NioSocketImpl.java:592)
	at java.base/java.net.SocksSocketImpl.connect(SocksSocketImpl.java:327)
	at java.base/java.net.Socket.connect(Socket.java:751)
	at org.testcontainers.utility.RyukResourceReaper.lambda$null$1(RyukResourceReaper.java:105)
	at org.rnorth.ducttape.ratelimits.RateLimiter.doWhenReady(RateLimiter.java:27)
	at org.testcontainers.utility.RyukResourceReaper.lambda$maybeStart$2(RyukResourceReaper.java:101)
	at java.base/java.lang.Thread.run(Thread.java:1583)
2025-03-03 17:02:44 [testcontainers-ryuk] WARN  o.t.utility.RyukResourceReaper - Can not connect to Ryuk at 172.17.0.1:64134
java.net.ConnectException: Connection refused
	at java.base/sun.nio.ch.Net.pollConnect(Native Method)
	at java.base/sun.nio.ch.Net.pollConnectNow(Net.java:682)
	at java.base/sun.nio.ch.NioSocketImpl.timedFinishConnect(NioSocketImpl.java:542)
	at java.base/sun.nio.ch.NioSocketImpl.connect(NioSocketImpl.java:592)
	at java.base/java.net.SocksSocketImpl.connect(SocksSocketImpl.java:327)
	at java.base/java.net.Socket.connect(Socket.java:751)
	at org.testcontainers.utility.RyukResourceReaper.lambda$null$1(RyukResourceReaper.java:105)
	at org.rnorth.ducttape.ratelimits.RateLimiter.doWhenReady(RateLimiter.java:27)
	at org.testcontainers.utility.RyukResourceReaper.lambda$maybeStart$2(RyukResourceReaper.java:101)
	at java.base/java.lang.Thread.run(Thread.java:1583)
2025-03-03 17:02:44 [testcontainers-ryuk] WARN  o.t.utility.RyukResourceReaper - Can not connect to Ryuk at 172.17.0.1:64134
java.net.ConnectException: Connection refused
	at java.base/sun.nio.ch.Net.pollConnect(Native Method)
	at java.base/sun.nio.ch.Net.pollConnectNow(Net.java:682)
	at java.base/sun.nio.ch.NioSocketImpl.timedFinishConnect(NioSocketImpl.java:542)
	at java.base/sun.nio.ch.NioSocketImpl.connect(NioSocketImpl.java:592)
	at java.base/java.net.SocksSocketImpl.connect(SocksSocketImpl.java:327)
	at java.base/java.net.Socket.connect(Socket.java:751)
	at org.testcontainers.utility.RyukResourceReaper.lambda$null$1(RyukResourceReaper.java:105)
	at org.rnorth.ducttape.ratelimits.RateLimiter.doWhenReady(RateLimiter.java:27)
	at org.testcontainers.utility.RyukResourceReaper.lambda$maybeStart$2(RyukResourceReaper.java:101)
	at java.base/java.lang.Thread.run(Thread.java:1583)
2025-03-03 17:02:44 [testcontainers-ryuk] WARN  o.t.utility.RyukResourceReaper - Can not connect to Ryuk at 172.17.0.1:64134
java.net.ConnectException: Connection refused
	at java.base/sun.nio.ch.Net.pollConnect(Native Method)
	at java.base/sun.nio.ch.Net.pollConnectNow(Net.java:682)
	at java.base/sun.nio.ch.NioSocketImpl.timedFinishConnect(NioSocketImpl.java:542)
	at java.base/sun.nio.ch.NioSocketImpl.connect(NioSocketImpl.java:592)
	at java.base/java.net.SocksSocketImpl.connect(SocksSocketImpl.java:327)
	at java.base/java.net.Socket.connect(Socket.java:751)
	at org.testcontainers.utility.RyukResourceReaper.lambda$null$1(RyukResourceReaper.java:105)
	at org.rnorth.ducttape.ratelimits.RateLimiter.doWhenReady(RateLimiter.java:27)
	at org.testcontainers.utility.RyukResourceReaper.lambda$maybeStart$2(RyukResourceReaper.java:101)
	at java.base/java.lang.Thread.run(Thread.java:1583)
2025-03-03 17:02:45 [testcontainers-ryuk] WARN  o.t.utility.RyukResourceReaper - Can not connect to Ryuk at 172.17.0.1:64134
java.net.ConnectException: Connection refused
	at java.base/sun.nio.ch.Net.pollConnect(Native Method)
	at java.base/sun.nio.ch.Net.pollConnectNow(Net.java:682)
	at java.base/sun.nio.ch.NioSocketImpl.timedFinishConnect(NioSocketImpl.java:542)
	at java.base/sun.nio.ch.NioSocketImpl.connect(NioSocketImpl.java:592)
	at java.base/java.net.SocksSocketImpl.connect(SocksSocketImpl.java:327)
	at java.base/java.net.Socket.connect(Socket.java:751)
	at org.testcontainers.utility.RyukResourceReaper.lambda$null$1(RyukResourceReaper.java:105)
	at org.rnorth.ducttape.ratelimits.RateLimiter.doWhenReady(RateLimiter.java:27)
	at org.testcontainers.utility.RyukResourceReaper.lambda$maybeStart$2(RyukResourceReaper.java:101)
	at java.base/java.lang.Thread.run(Thread.java:1583)
2025-03-03 17:02:45 [testcontainers-ryuk] WARN  o.t.utility.RyukResourceReaper - Can not connect to Ryuk at 172.17.0.1:64134
java.net.ConnectException: Connection refused
	at java.base/sun.nio.ch.Net.pollConnect(Native Method)
	at java.base/sun.nio.ch.Net.pollConnectNow(Net.java:682)
	at java.base/sun.nio.ch.NioSocketImpl.timedFinishConnect(NioSocketImpl.java:542)
	at java.base/sun.nio.ch.NioSocketImpl.connect(NioSocketImpl.java:592)
	at java.base/java.net.SocksSocketImpl.connect(SocksSocketImpl.java:327)
	at java.base/java.net.Socket.connect(Socket.java:751)
	at org.testcontainers.utility.RyukResourceReaper.lambda$null$1(RyukResourceReaper.java:105)
	at org.rnorth.ducttape.ratelimits.RateLimiter.doWhenReady(RateLimiter.java:27)
	at org.testcontainers.utility.RyukResourceReaper.lambda$maybeStart$2(RyukResourceReaper.java:101)
	at java.base/java.lang.Thread.run(Thread.java:1583)
2025-03-03 17:02:45 [testcontainers-ryuk] WARN  o.t.utility.RyukResourceReaper - Can not connect to Ryuk at 172.17.0.1:64134
java.net.ConnectException: Connection refused
	at java.base/sun.nio.ch.Net.pollConnect(Native Method)
	at java.base/sun.nio.ch.Net.pollConnectNow(Net.java:682)
	at java.base/sun.nio.ch.NioSocketImpl.timedFinishConnect(NioSocketImpl.java:542)
	at java.base/sun.nio.ch.NioSocketImpl.connect(NioSocketImpl.java:592)
	at java.base/java.net.SocksSocketImpl.connect(SocksSocketImpl.java:327)
	at java.base/java.net.Socket.connect(Socket.java:751)
	at org.testcontainers.utility.RyukResourceReaper.lambda$null$1(RyukResourceReaper.java:105)
	at org.rnorth.ducttape.ratelimits.RateLimiter.doWhenReady(RateLimiter.java:27)
	at org.testcontainers.utility.RyukResourceReaper.lambda$maybeStart$2(RyukResourceReaper.java:101)
	at java.base/java.lang.Thread.run(Thread.java:1583)
2025-03-03 17:02:45 [testcontainers-ryuk] WARN  o.t.utility.RyukResourceReaper - Can not connect to Ryuk at 172.17.0.1:64134
java.net.ConnectException: Connection refused
	at java.base/sun.nio.ch.Net.pollConnect(Native Method)
	at java.base/sun.nio.ch.Net.pollConnectNow(Net.java:682)
	at java.base/sun.nio.ch.NioSocketImpl.timedFinishConnect(NioSocketImpl.java:542)
	at java.base/sun.nio.ch.NioSocketImpl.connect(NioSocketImpl.java:592)
	at java.base/java.net.SocksSocketImpl.connect(SocksSocketImpl.java:327)
	at java.base/java.net.Socket.connect(Socket.java:751)
	at org.testcontainers.utility.RyukResourceReaper.lambda$null$1(RyukResourceReaper.java:105)
	at org.rnorth.ducttape.ratelimits.RateLimiter.doWhenReady(RateLimiter.java:27)
	at org.testcontainers.utility.RyukResourceReaper.lambda$maybeStart$2(RyukResourceReaper.java:101)
	at java.base/java.lang.Thread.run(Thread.java:1583)
2025-03-03 17:02:46 [testcontainers-ryuk] WARN  o.t.utility.RyukResourceReaper - Can not connect to Ryuk at 172.17.0.1:64134
java.net.ConnectException: Connection refused
	at java.base/sun.nio.ch.Net.pollConnect(Native Method)
	at java.base/sun.nio.ch.Net.pollConnectNow(Net.java:682)
	at java.base/sun.nio.ch.NioSocketImpl.timedFinishConnect(NioSocketImpl.java:542)
	at java.base/sun.nio.ch.NioSocketImpl.connect(NioSocketImpl.java:592)
	at java.base/java.net.SocksSocketImpl.connect(SocksSocketImpl.java:327)
	at java.base/java.net.Socket.connect(Socket.java:751)
	at org.testcontainers.utility.RyukResourceReaper.lambda$null$1(RyukResourceReaper.java:105)
	at org.rnorth.ducttape.ratelimits.RateLimiter.doWhenReady(RateLimiter.java:27)
	at org.testcontainers.utility.RyukResourceReaper.lambda$maybeStart$2(RyukResourceReaper.java:101)
	at java.base/java.lang.Thread.run(Thread.java:1583)
2025-03-03 17:02:46 [testcontainers-ryuk] WARN  o.t.utility.RyukResourceReaper - Can not connect to Ryuk at 172.17.0.1:64134
java.net.ConnectException: Connection refused
	at java.base/sun.nio.ch.Net.pollConnect(Native Method)
	at java.base/sun.nio.ch.Net.pollConnectNow(Net.java:682)
	at java.base/sun.nio.ch.NioSocketImpl.timedFinishConnect(NioSocketImpl.java:542)
	at java.base/sun.nio.ch.NioSocketImpl.connect(NioSocketImpl.java:592)
	at java.base/java.net.SocksSocketImpl.connect(SocksSocketImpl.java:327)
	at java.base/java.net.Socket.connect(Socket.java:751)
	at org.testcontainers.utility.RyukResourceReaper.lambda$null$1(RyukResourceReaper.java:105)
	at org.rnorth.ducttape.ratelimits.RateLimiter.doWhenReady(RateLimiter.java:27)
	at org.testcontainers.utility.RyukResourceReaper.lambda$maybeStart$2(RyukResourceReaper.java:101)
	at java.base/java.lang.Thread.run(Thread.java:1583)
2025-03-03 17:02:46 [testcontainers-ryuk] WARN  o.t.utility.RyukResourceReaper - Can not connect to Ryuk at 172.17.0.1:64134
java.net.ConnectException: Connection refused
	at java.base/sun.nio.ch.Net.pollConnect(Native Method)
	at java.base/sun.nio.ch.Net.pollConnectNow(Net.java:682)
	at java.base/sun.nio.ch.NioSocketImpl.timedFinishConnect(NioSocketImpl.java:542)
	at java.base/sun.nio.ch.NioSocketImpl.connect(NioSocketImpl.java:592)
	at java.base/java.net.SocksSocketImpl.connect(SocksSocketImpl.java:327)
	at java.base/java.net.Socket.connect(Socket.java:751)
	at org.testcontainers.utility.RyukResourceReaper.lambda$null$1(RyukResourceReaper.java:105)
	at org.rnorth.ducttape.ratelimits.RateLimiter.doWhenReady(RateLimiter.java:27)
	at org.testcontainers.utility.RyukResourceReaper.lambda$maybeStart$2(RyukResourceReaper.java:101)
	at java.base/java.lang.Thread.run(Thread.java:1583)
2025-03-03 17:02:46 [testcontainers-ryuk] WARN  o.t.utility.RyukResourceReaper - Can not connect to Ryuk at 172.17.0.1:64134
java.net.ConnectException: Connection refused
	at java.base/sun.nio.ch.Net.pollConnect(Native Method)
	at java.base/sun.nio.ch.Net.pollConnectNow(Net.java:682)
	at java.base/sun.nio.ch.NioSocketImpl.timedFinishConnect(NioSocketImpl.java:542)
	at java.base/sun.nio.ch.NioSocketImpl.connect(NioSocketImpl.java:592)
	at java.base/java.net.SocksSocketImpl.connect(SocksSocketImpl.java:327)
	at java.base/java.net.Socket.connect(Socket.java:751)
	at org.testcontainers.utility.RyukResourceReaper.lambda$null$1(RyukResourceReaper.java:105)
	at org.rnorth.ducttape.ratelimits.RateLimiter.doWhenReady(RateLimiter.java:27)
	at org.testcontainers.utility.RyukResourceReaper.lambda$maybeStart$2(RyukResourceReaper.java:101)
	at java.base/java.lang.Thread.run(Thread.java:1583)
2025-03-03 17:02:47 [testcontainers-ryuk] WARN  o.t.utility.RyukResourceReaper - Can not connect to Ryuk at 172.17.0.1:64134
java.net.ConnectException: Connection refused
	at java.base/sun.nio.ch.Net.pollConnect(Native Method)
	at java.base/sun.nio.ch.Net.pollConnectNow(Net.java:682)
	at java.base/sun.nio.ch.NioSocketImpl.timedFinishConnect(NioSocketImpl.java:542)
	at java.base/sun.nio.ch.NioSocketImpl.connect(NioSocketImpl.java:592)
	at java.base/java.net.SocksSocketImpl.connect(SocksSocketImpl.java:327)
	at java.base/java.net.Socket.connect(Socket.java:751)
	at org.testcontainers.utility.RyukResourceReaper.lambda$null$1(RyukResourceReaper.java:105)
	at org.rnorth.ducttape.ratelimits.RateLimiter.doWhenReady(RateLimiter.java:27)
	at org.testcontainers.utility.RyukResourceReaper.lambda$maybeStart$2(RyukResourceReaper.java:101)
	at java.base/java.lang.Thread.run(Thread.java:1583)
2025-03-03 17:02:47 [testcontainers-ryuk] WARN  o.t.utility.RyukResourceReaper - Can not connect to Ryuk at 172.17.0.1:64134
java.net.ConnectException: Connection refused
	at java.base/sun.nio.ch.Net.pollConnect(Native Method)
	at java.base/sun.nio.ch.Net.pollConnectNow(Net.java:682)
	at java.base/sun.nio.ch.NioSocketImpl.timedFinishConnect(NioSocketImpl.java:542)
	at java.base/sun.nio.ch.NioSocketImpl.connect(NioSocketImpl.java:592)
	at java.base/java.net.SocksSocketImpl.connect(SocksSocketImpl.java:327)
	at java.base/java.net.Socket.connect(Socket.java:751)
	at org.testcontainers.utility.RyukResourceReaper.lambda$null$1(RyukResourceReaper.java:105)
	at org.rnorth.ducttape.ratelimits.RateLimiter.doWhenReady(RateLimiter.java:27)
	at org.testcontainers.utility.RyukResourceReaper.lambda$maybeStart$2(RyukResourceReaper.java:101)
	at java.base/java.lang.Thread.run(Thread.java:1583)
2025-03-03 17:02:47 [testcontainers-ryuk] WARN  o.t.utility.RyukResourceReaper - Can not connect to Ryuk at 172.17.0.1:64134
java.net.ConnectException: Connection refused
	at java.base/sun.nio.ch.Net.pollConnect(Native Method)
	at java.base/sun.nio.ch.Net.pollConnectNow(Net.java:682)
	at java.base/sun.nio.ch.NioSocketImpl.timedFinishConnect(NioSocketImpl.java:542)
	at java.base/sun.nio.ch.NioSocketImpl.connect(NioSocketImpl.java:592)
	at java.base/java.net.SocksSocketImpl.connect(SocksSocketImpl.java:327)
	at java.base/java.net.Socket.connect(Socket.java:751)
	at org.testcontainers.utility.RyukResourceReaper.lambda$null$1(RyukResourceReaper.java:105)
	at org.rnorth.ducttape.ratelimits.RateLimiter.doWhenReady(RateLimiter.java:27)
	at org.testcontainers.utility.RyukResourceReaper.lambda$maybeStart$2(RyukResourceReaper.java:101)
	at java.base/java.lang.Thread.run(Thread.java:1583)
2025-03-03 17:02:47 [testcontainers-ryuk] WARN  o.t.utility.RyukResourceReaper - Can not connect to Ryuk at 172.17.0.1:64134
java.net.ConnectException: Connection refused
	at java.base/sun.nio.ch.Net.pollConnect(Native Method)
	at java.base/sun.nio.ch.Net.pollConnectNow(Net.java:682)
	at java.base/sun.nio.ch.NioSocketImpl.timedFinishConnect(NioSocketImpl.java:542)
	at java.base/sun.nio.ch.NioSocketImpl.connect(NioSocketImpl.java:592)
	at java.base/java.net.SocksSocketImpl.connect(SocksSocketImpl.java:327)
	at java.base/java.net.Socket.connect(Socket.java:751)
	at org.testcontainers.utility.RyukResourceReaper.lambda$null$1(RyukResourceReaper.java:105)
	at org.rnorth.ducttape.ratelimits.RateLimiter.doWhenReady(RateLimiter.java:27)
	at org.testcontainers.utility.RyukResourceReaper.lambda$maybeStart$2(RyukResourceReaper.java:101)
	at java.base/java.lang.Thread.run(Thread.java:1583)
2025-03-03 17:02:48 [testcontainers-ryuk] WARN  o.t.utility.RyukResourceReaper - Can not connect to Ryuk at 172.17.0.1:64134
java.net.ConnectException: Connection refused
	at java.base/sun.nio.ch.Net.pollConnect(Native Method)
	at java.base/sun.nio.ch.Net.pollConnectNow(Net.java:682)
	at java.base/sun.nio.ch.NioSocketImpl.timedFinishConnect(NioSocketImpl.java:542)
	at java.base/sun.nio.ch.NioSocketImpl.connect(NioSocketImpl.java:592)
	at java.base/java.net.SocksSocketImpl.connect(SocksSocketImpl.java:327)
	at java.base/java.net.Socket.connect(Socket.java:751)
	at org.testcontainers.utility.RyukResourceReaper.lambda$null$1(RyukResourceReaper.java:105)
	at org.rnorth.ducttape.ratelimits.RateLimiter.doWhenReady(RateLimiter.java:27)
	at org.testcontainers.utility.RyukResourceReaper.lambda$maybeStart$2(RyukResourceReaper.java:101)
	at java.base/java.lang.Thread.run(Thread.java:1583)
2025-03-03 17:02:48 [testcontainers-ryuk] WARN  o.t.utility.RyukResourceReaper - Can not connect to Ryuk at 172.17.0.1:64134
java.net.ConnectException: Connection refused
	at java.base/sun.nio.ch.Net.pollConnect(Native Method)
	at java.base/sun.nio.ch.Net.pollConnectNow(Net.java:682)
	at java.base/sun.nio.ch.NioSocketImpl.timedFinishConnect(NioSocketImpl.java:542)
	at java.base/sun.nio.ch.NioSocketImpl.connect(NioSocketImpl.java:592)
	at java.base/java.net.SocksSocketImpl.connect(SocksSocketImpl.java:327)
	at java.base/java.net.Socket.connect(Socket.java:751)
	at org.testcontainers.utility.RyukResourceReaper.lambda$null$1(RyukResourceReaper.java:105)
	at org.rnorth.ducttape.ratelimits.RateLimiter.doWhenReady(RateLimiter.java:27)
	at org.testcontainers.utility.RyukResourceReaper.lambda$maybeStart$2(RyukResourceReaper.java:101)
	at java.base/java.lang.Thread.run(Thread.java:1583)
2025-03-03 17:02:48 [testcontainers-ryuk] WARN  o.t.utility.RyukResourceReaper - Can not connect to Ryuk at 172.17.0.1:64134
java.net.ConnectException: Connection refused
	at java.base/sun.nio.ch.Net.pollConnect(Native Method)
	at java.base/sun.nio.ch.Net.pollConnectNow(Net.java:682)
	at java.base/sun.nio.ch.NioSocketImpl.timedFinishConnect(NioSocketImpl.java:542)
	at java.base/sun.nio.ch.NioSocketImpl.connect(NioSocketImpl.java:592)
	at java.base/java.net.SocksSocketImpl.connect(SocksSocketImpl.java:327)
	at java.base/java.net.Socket.connect(Socket.java:751)
	at org.testcontainers.utility.RyukResourceReaper.lambda$null$1(RyukResourceReaper.java:105)
	at org.rnorth.ducttape.ratelimits.RateLimiter.doWhenReady(RateLimiter.java:27)
	at org.testcontainers.utility.RyukResourceReaper.lambda$maybeStart$2(RyukResourceReaper.java:101)
	at java.base/java.lang.Thread.run(Thread.java:1583)
2025-03-03 17:02:48 [testcontainers-ryuk] WARN  o.t.utility.RyukResourceReaper - Can not connect to Ryuk at 172.17.0.1:64134
java.net.ConnectException: Connection refused
	at java.base/sun.nio.ch.Net.pollConnect(Native Method)
	at java.base/sun.nio.ch.Net.pollConnectNow(Net.java:682)
	at java.base/sun.nio.ch.NioSocketImpl.timedFinishConnect(NioSocketImpl.java:542)
	at java.base/sun.nio.ch.NioSocketImpl.connect(NioSocketImpl.java:592)
	at java.base/java.net.SocksSocketImpl.connect(SocksSocketImpl.java:327)
	at java.base/java.net.Socket.connect(Socket.java:751)
	at org.testcontainers.utility.RyukResourceReaper.lambda$null$1(RyukResourceReaper.java:105)
	at org.rnorth.ducttape.ratelimits.RateLimiter.doWhenReady(RateLimiter.java:27)
	at org.testcontainers.utility.RyukResourceReaper.lambda$maybeStart$2(RyukResourceReaper.java:101)
	at java.base/java.lang.Thread.run(Thread.java:1583)
2025-03-03 17:02:49 [testcontainers-ryuk] WARN  o.t.utility.RyukResourceReaper - Can not connect to Ryuk at 172.17.0.1:64134
java.net.ConnectException: Connection refused
	at java.base/sun.nio.ch.Net.pollConnect(Native Method)
	at java.base/sun.nio.ch.Net.pollConnectNow(Net.java:682)
	at java.base/sun.nio.ch.NioSocketImpl.timedFinishConnect(NioSocketImpl.java:542)
	at java.base/sun.nio.ch.NioSocketImpl.connect(NioSocketImpl.java:592)
	at java.base/java.net.SocksSocketImpl.connect(SocksSocketImpl.java:327)
	at java.base/java.net.Socket.connect(Socket.java:751)
	at org.testcontainers.utility.RyukResourceReaper.lambda$null$1(RyukResourceReaper.java:105)
	at org.rnorth.ducttape.ratelimits.RateLimiter.doWhenReady(RateLimiter.java:27)
	at org.testcontainers.utility.RyukResourceReaper.lambda$maybeStart$2(RyukResourceReaper.java:101)
	at java.base/java.lang.Thread.run(Thread.java:1583)
2025-03-03 17:02:49 [testcontainers-ryuk] WARN  o.t.utility.RyukResourceReaper - Can not connect to Ryuk at 172.17.0.1:64134
java.net.ConnectException: Connection refused
	at java.base/sun.nio.ch.Net.pollConnect(Native Method)
	at java.base/sun.nio.ch.Net.pollConnectNow(Net.java:682)
	at java.base/sun.nio.ch.NioSocketImpl.timedFinishConnect(NioSocketImpl.java:542)
	at java.base/sun.nio.ch.NioSocketImpl.connect(NioSocketImpl.java:592)
	at java.base/java.net.SocksSocketImpl.connect(SocksSocketImpl.java:327)
	at java.base/java.net.Socket.connect(Socket.java:751)
	at org.testcontainers.utility.RyukResourceReaper.lambda$null$1(RyukResourceReaper.java:105)
	at org.rnorth.ducttape.ratelimits.RateLimiter.doWhenReady(RateLimiter.java:27)
	at org.testcontainers.utility.RyukResourceReaper.lambda$maybeStart$2(RyukResourceReaper.java:101)
	at java.base/java.lang.Thread.run(Thread.java:1583)
2025-03-03 17:02:49 [testcontainers-ryuk] WARN  o.t.utility.RyukResourceReaper - Can not connect to Ryuk at 172.17.0.1:64134
java.net.ConnectException: Connection refused
	at java.base/sun.nio.ch.Net.pollConnect(Native Method)
	at java.base/sun.nio.ch.Net.pollConnectNow(Net.java:682)
	at java.base/sun.nio.ch.NioSocketImpl.timedFinishConnect(NioSocketImpl.java:542)
	at java.base/sun.nio.ch.NioSocketImpl.connect(NioSocketImpl.java:592)
	at java.base/java.net.SocksSocketImpl.connect(SocksSocketImpl.java:327)
	at java.base/java.net.Socket.connect(Socket.java:751)
	at org.testcontainers.utility.RyukResourceReaper.lambda$null$1(RyukResourceReaper.java:105)
	at org.rnorth.ducttape.ratelimits.RateLimiter.doWhenReady(RateLimiter.java:27)
	at org.testcontainers.utility.RyukResourceReaper.lambda$maybeStart$2(RyukResourceReaper.java:101)
	at java.base/java.lang.Thread.run(Thread.java:1583)
2025-03-03 17:02:49 [testcontainers-ryuk] WARN  o.t.utility.RyukResourceReaper - Can not connect to Ryuk at 172.17.0.1:64134
java.net.ConnectException: Connection refused
	at java.base/sun.nio.ch.Net.pollConnect(Native Method)
	at java.base/sun.nio.ch.Net.pollConnectNow(Net.java:682)
	at java.base/sun.nio.ch.NioSocketImpl.timedFinishConnect(NioSocketImpl.java:542)
	at java.base/sun.nio.ch.NioSocketImpl.connect(NioSocketImpl.java:592)
	at java.base/java.net.SocksSocketImpl.connect(SocksSocketImpl.java:327)
	at java.base/java.net.Socket.connect(Socket.java:751)
	at org.testcontainers.utility.RyukResourceReaper.lambda$null$1(RyukResourceReaper.java:105)
	at org.rnorth.ducttape.ratelimits.RateLimiter.doWhenReady(RateLimiter.java:27)
	at org.testcontainers.utility.RyukResourceReaper.lambda$maybeStart$2(RyukResourceReaper.java:101)
	at java.base/java.lang.Thread.run(Thread.java:1583)
2025-03-03 17:02:50 [testcontainers-ryuk] WARN  o.t.utility.RyukResourceReaper - Can not connect to Ryuk at 172.17.0.1:64134
java.net.ConnectException: Connection refused
	at java.base/sun.nio.ch.Net.pollConnect(Native Method)
	at java.base/sun.nio.ch.Net.pollConnectNow(Net.java:682)
	at java.base/sun.nio.ch.NioSocketImpl.timedFinishConnect(NioSocketImpl.java:542)
	at java.base/sun.nio.ch.NioSocketImpl.connect(NioSocketImpl.java:592)
	at java.base/java.net.SocksSocketImpl.connect(SocksSocketImpl.java:327)
	at java.base/java.net.Socket.connect(Socket.java:751)
	at org.testcontainers.utility.RyukResourceReaper.lambda$null$1(RyukResourceReaper.java:105)
	at org.rnorth.ducttape.ratelimits.RateLimiter.doWhenReady(RateLimiter.java:27)
	at org.testcontainers.utility.RyukResourceReaper.lambda$maybeStart$2(RyukResourceReaper.java:101)
	at java.base/java.lang.Thread.run(Thread.java:1583)
2025-03-03 17:02:50 [testcontainers-ryuk] WARN  o.t.utility.RyukResourceReaper - Can not connect to Ryuk at 172.17.0.1:64134
java.net.ConnectException: Connection refused
	at java.base/sun.nio.ch.Net.pollConnect(Native Method)
	at java.base/sun.nio.ch.Net.pollConnectNow(Net.java:682)
	at java.base/sun.nio.ch.NioSocketImpl.timedFinishConnect(NioSocketImpl.java:542)
	at java.base/sun.nio.ch.NioSocketImpl.connect(NioSocketImpl.java:592)
	at java.base/java.net.SocksSocketImpl.connect(SocksSocketImpl.java:327)
	at java.base/java.net.Socket.connect(Socket.java:751)
	at org.testcontainers.utility.RyukResourceReaper.lambda$null$1(RyukResourceReaper.java:105)
	at org.rnorth.ducttape.ratelimits.RateLimiter.doWhenReady(RateLimiter.java:27)
	at org.testcontainers.utility.RyukResourceReaper.lambda$maybeStart$2(RyukResourceReaper.java:101)
	at java.base/java.lang.Thread.run(Thread.java:1583)
2025-03-03 17:02:50 [testcontainers-ryuk] WARN  o.t.utility.RyukResourceReaper - Can not connect to Ryuk at 172.17.0.1:64134
java.net.ConnectException: Connection refused
	at java.base/sun.nio.ch.Net.pollConnect(Native Method)
	at java.base/sun.nio.ch.Net.pollConnectNow(Net.java:682)
	at java.base/sun.nio.ch.NioSocketImpl.timedFinishConnect(NioSocketImpl.java:542)
	at java.base/sun.nio.ch.NioSocketImpl.connect(NioSocketImpl.java:592)
	at java.base/java.net.SocksSocketImpl.connect(SocksSocketImpl.java:327)
	at java.base/java.net.Socket.connect(Socket.java:751)
	at org.testcontainers.utility.RyukResourceReaper.lambda$null$1(RyukResourceReaper.java:105)
	at org.rnorth.ducttape.ratelimits.RateLimiter.doWhenReady(RateLimiter.java:27)
	at org.testcontainers.utility.RyukResourceReaper.lambda$maybeStart$2(RyukResourceReaper.java:101)
	at java.base/java.lang.Thread.run(Thread.java:1583)
2025-03-03 17:02:50 [testcontainers-ryuk] WARN  o.t.utility.RyukResourceReaper - Can not connect to Ryuk at 172.17.0.1:64134
java.net.ConnectException: Connection refused
	at java.base/sun.nio.ch.Net.pollConnect(Native Method)
	at java.base/sun.nio.ch.Net.pollConnectNow(Net.java:682)
	at java.base/sun.nio.ch.NioSocketImpl.timedFinishConnect(NioSocketImpl.java:542)
	at java.base/sun.nio.ch.NioSocketImpl.connect(NioSocketImpl.java:592)
	at java.base/java.net.SocksSocketImpl.connect(SocksSocketImpl.java:327)
	at java.base/java.net.Socket.connect(Socket.java:751)
	at org.testcontainers.utility.RyukResourceReaper.lambda$null$1(RyukResourceReaper.java:105)
	at org.rnorth.ducttape.ratelimits.RateLimiter.doWhenReady(RateLimiter.java:27)
	at org.testcontainers.utility.RyukResourceReaper.lambda$maybeStart$2(RyukResourceReaper.java:101)
	at java.base/java.lang.Thread.run(Thread.java:1583)
2025-03-03 17:02:51 [testcontainers-ryuk] WARN  o.t.utility.RyukResourceReaper - Can not connect to Ryuk at 172.17.0.1:64134
java.net.ConnectException: Connection refused
	at java.base/sun.nio.ch.Net.pollConnect(Native Method)
	at java.base/sun.nio.ch.Net.pollConnectNow(Net.java:682)
	at java.base/sun.nio.ch.NioSocketImpl.timedFinishConnect(NioSocketImpl.java:542)
	at java.base/sun.nio.ch.NioSocketImpl.connect(NioSocketImpl.java:592)
	at java.base/java.net.SocksSocketImpl.connect(SocksSocketImpl.java:327)
	at java.base/java.net.Socket.connect(Socket.java:751)
	at org.testcontainers.utility.RyukResourceReaper.lambda$null$1(RyukResourceReaper.java:105)
	at org.rnorth.ducttape.ratelimits.RateLimiter.doWhenReady(RateLimiter.java:27)
	at org.testcontainers.utility.RyukResourceReaper.lambda$maybeStart$2(RyukResourceReaper.java:101)
	at java.base/java.lang.Thread.run(Thread.java:1583)
2025-03-03 17:02:51 [testcontainers-ryuk] WARN  o.t.utility.RyukResourceReaper - Can not connect to Ryuk at 172.17.0.1:64134
java.net.ConnectException: Connection refused
	at java.base/sun.nio.ch.Net.pollConnect(Native Method)
	at java.base/sun.nio.ch.Net.pollConnectNow(Net.java:682)
	at java.base/sun.nio.ch.NioSocketImpl.timedFinishConnect(NioSocketImpl.java:542)
	at java.base/sun.nio.ch.NioSocketImpl.connect(NioSocketImpl.java:592)
	at java.base/java.net.SocksSocketImpl.connect(SocksSocketImpl.java:327)
	at java.base/java.net.Socket.connect(Socket.java:751)
	at org.testcontainers.utility.RyukResourceReaper.lambda$null$1(RyukResourceReaper.java:105)
	at org.rnorth.ducttape.ratelimits.RateLimiter.doWhenReady(RateLimiter.java:27)
	at org.testcontainers.utility.RyukResourceReaper.lambda$maybeStart$2(RyukResourceReaper.java:101)
	at java.base/java.lang.Thread.run(Thread.java:1583)
2025-03-03 17:02:51 [testcontainers-ryuk] WARN  o.t.utility.RyukResourceReaper - Can not connect to Ryuk at 172.17.0.1:64134
java.net.ConnectException: Connection refused
	at java.base/sun.nio.ch.Net.pollConnect(Native Method)
	at java.base/sun.nio.ch.Net.pollConnectNow(Net.java:682)
	at java.base/sun.nio.ch.NioSocketImpl.timedFinishConnect(NioSocketImpl.java:542)
	at java.base/sun.nio.ch.NioSocketImpl.connect(NioSocketImpl.java:592)
	at java.base/java.net.SocksSocketImpl.connect(SocksSocketImpl.java:327)
	at java.base/java.net.Socket.connect(Socket.java:751)
	at org.testcontainers.utility.RyukResourceReaper.lambda$null$1(RyukResourceReaper.java:105)
	at org.rnorth.ducttape.ratelimits.RateLimiter.doWhenReady(RateLimiter.java:27)
	at org.testcontainers.utility.RyukResourceReaper.lambda$maybeStart$2(RyukResourceReaper.java:101)
	at java.base/java.lang.Thread.run(Thread.java:1583)
2025-03-03 17:02:51 [testcontainers-ryuk] WARN  o.t.utility.RyukResourceReaper - Can not connect to Ryuk at 172.17.0.1:64134
java.net.ConnectException: Connection refused
	at java.base/sun.nio.ch.Net.pollConnect(Native Method)
	at java.base/sun.nio.ch.Net.pollConnectNow(Net.java:682)
	at java.base/sun.nio.ch.NioSocketImpl.timedFinishConnect(NioSocketImpl.java:542)
	at java.base/sun.nio.ch.NioSocketImpl.connect(NioSocketImpl.java:592)
	at java.base/java.net.SocksSocketImpl.connect(SocksSocketImpl.java:327)
	at java.base/java.net.Socket.connect(Socket.java:751)
	at org.testcontainers.utility.RyukResourceReaper.lambda$null$1(RyukResourceReaper.java:105)
	at org.rnorth.ducttape.ratelimits.RateLimiter.doWhenReady(RateLimiter.java:27)
	at org.testcontainers.utility.RyukResourceReaper.lambda$maybeStart$2(RyukResourceReaper.java:101)
	at java.base/java.lang.Thread.run(Thread.java:1583)
2025-03-03 17:02:52 [testcontainers-ryuk] WARN  o.t.utility.RyukResourceReaper - Can not connect to Ryuk at 172.17.0.1:64134
java.net.ConnectException: Connection refused
	at java.base/sun.nio.ch.Net.pollConnect(Native Method)
	at java.base/sun.nio.ch.Net.pollConnectNow(Net.java:682)
	at java.base/sun.nio.ch.NioSocketImpl.timedFinishConnect(NioSocketImpl.java:542)
	at java.base/sun.nio.ch.NioSocketImpl.connect(NioSocketImpl.java:592)
	at java.base/java.net.SocksSocketImpl.connect(SocksSocketImpl.java:327)
	at java.base/java.net.Socket.connect(Socket.java:751)
	at org.testcontainers.utility.RyukResourceReaper.lambda$null$1(RyukResourceReaper.java:105)
	at org.rnorth.ducttape.ratelimits.RateLimiter.doWhenReady(RateLimiter.java:27)
	at org.testcontainers.utility.RyukResourceReaper.lambda$maybeStart$2(RyukResourceReaper.java:101)
	at java.base/java.lang.Thread.run(Thread.java:1583)
2025-03-03 17:02:52 [testcontainers-ryuk] WARN  o.t.utility.RyukResourceReaper - Can not connect to Ryuk at 172.17.0.1:64134
java.net.ConnectException: Connection refused
	at java.base/sun.nio.ch.Net.pollConnect(Native Method)
	at java.base/sun.nio.ch.Net.pollConnectNow(Net.java:682)
	at java.base/sun.nio.ch.NioSocketImpl.timedFinishConnect(NioSocketImpl.java:542)
	at java.base/sun.nio.ch.NioSocketImpl.connect(NioSocketImpl.java:592)
	at java.base/java.net.SocksSocketImpl.connect(SocksSocketImpl.java:327)
	at java.base/java.net.Socket.connect(Socket.java:751)
	at org.testcontainers.utility.RyukResourceReaper.lambda$null$1(RyukResourceReaper.java:105)
	at org.rnorth.ducttape.ratelimits.RateLimiter.doWhenReady(RateLimiter.java:27)
	at org.testcontainers.utility.RyukResourceReaper.lambda$maybeStart$2(RyukResourceReaper.java:101)
	at java.base/java.lang.Thread.run(Thread.java:1583)
2025-03-03 17:02:52 [testcontainers-ryuk] WARN  o.t.utility.RyukResourceReaper - Can not connect to Ryuk at 172.17.0.1:64134
java.net.ConnectException: Connection refused
	at java.base/sun.nio.ch.Net.pollConnect(Native Method)
	at java.base/sun.nio.ch.Net.pollConnectNow(Net.java:682)
	at java.base/sun.nio.ch.NioSocketImpl.timedFinishConnect(NioSocketImpl.java:542)
	at java.base/sun.nio.ch.NioSocketImpl.connect(NioSocketImpl.java:592)
	at java.base/java.net.SocksSocketImpl.connect(SocksSocketImpl.java:327)
	at java.base/java.net.Socket.connect(Socket.java:751)
	at org.testcontainers.utility.RyukResourceReaper.lambda$null$1(RyukResourceReaper.java:105)
	at org.rnorth.ducttape.ratelimits.RateLimiter.doWhenReady(RateLimiter.java:27)
	at org.testcontainers.utility.RyukResourceReaper.lambda$maybeStart$2(RyukResourceReaper.java:101)
	at java.base/java.lang.Thread.run(Thread.java:1583)
2025-03-03 17:02:53 [testcontainers-ryuk] WARN  o.t.utility.RyukResourceReaper - Can not connect to Ryuk at 172.17.0.1:64134
java.net.ConnectException: Connection refused
	at java.base/sun.nio.ch.Net.pollConnect(Native Method)
	at java.base/sun.nio.ch.Net.pollConnectNow(Net.java:682)
	at java.base/sun.nio.ch.NioSocketImpl.timedFinishConnect(NioSocketImpl.java:542)
	at java.base/sun.nio.ch.NioSocketImpl.connect(NioSocketImpl.java:592)
	at java.base/java.net.SocksSocketImpl.connect(SocksSocketImpl.java:327)
	at java.base/java.net.Socket.connect(Socket.java:751)
	at org.testcontainers.utility.RyukResourceReaper.lambda$null$1(RyukResourceReaper.java:105)
	at org.rnorth.ducttape.ratelimits.RateLimiter.doWhenReady(RateLimiter.java:27)
	at org.testcontainers.utility.RyukResourceReaper.lambda$maybeStart$2(RyukResourceReaper.java:101)
	at java.base/java.lang.Thread.run(Thread.java:1583)
2025-03-03 17:02:53 [testcontainers-ryuk] WARN  o.t.utility.RyukResourceReaper - Can not connect to Ryuk at 172.17.0.1:64134
java.net.ConnectException: Connection refused
	at java.base/sun.nio.ch.Net.pollConnect(Native Method)
	at java.base/sun.nio.ch.Net.pollConnectNow(Net.java:682)
	at java.base/sun.nio.ch.NioSocketImpl.timedFinishConnect(NioSocketImpl.java:542)
	at java.base/sun.nio.ch.NioSocketImpl.connect(NioSocketImpl.java:592)
	at java.base/java.net.SocksSocketImpl.connect(SocksSocketImpl.java:327)
	at java.base/java.net.Socket.connect(Socket.java:751)
	at org.testcontainers.utility.RyukResourceReaper.lambda$null$1(RyukResourceReaper.java:105)
	at org.rnorth.ducttape.ratelimits.RateLimiter.doWhenReady(RateLimiter.java:27)
	at org.testcontainers.utility.RyukResourceReaper.lambda$maybeStart$2(RyukResourceReaper.java:101)
	at java.base/java.lang.Thread.run(Thread.java:1583)
2025-03-03 17:02:53 [testcontainers-ryuk] WARN  o.t.utility.RyukResourceReaper - Can not connect to Ryuk at 172.17.0.1:64134
java.net.ConnectException: Connection refused
	at java.base/sun.nio.ch.Net.pollConnect(Native Method)
	at java.base/sun.nio.ch.Net.pollConnectNow(Net.java:682)
	at java.base/sun.nio.ch.NioSocketImpl.timedFinishConnect(NioSocketImpl.java:542)
	at java.base/sun.nio.ch.NioSocketImpl.connect(NioSocketImpl.java:592)
	at java.base/java.net.SocksSocketImpl.connect(SocksSocketImpl.java:327)
	at java.base/java.net.Socket.connect(Socket.java:751)
	at org.testcontainers.utility.RyukResourceReaper.lambda$null$1(RyukResourceReaper.java:105)
	at org.rnorth.ducttape.ratelimits.RateLimiter.doWhenReady(RateLimiter.java:27)
	at org.testcontainers.utility.RyukResourceReaper.lambda$maybeStart$2(RyukResourceReaper.java:101)
	at java.base/java.lang.Thread.run(Thread.java:1583)
2025-03-03 17:02:53 [main] WARN  o.s.w.c.s.GenericWebApplicationContext - Exception encountered during context initialization - cancelling refresh attempt: org.springframework.beans.factory.BeanCreationException: Error creating bean with name 'entityManagerFactory' defined in class path resource [org/springframework/boot/autoconfigure/orm/jpa/HibernateJpaConfiguration.class]: Failed to initialize dependency 'liquibase' of LoadTimeWeaverAware bean 'entityManagerFactory': Error creating bean with name 'liquibase' defined in class path resource [org/springframework/boot/autoconfigure/liquibase/LiquibaseAutoConfiguration$LiquibaseConfiguration.class]: liquibase.exception.DatabaseException: org.postgresql.util.PSQLException: The connection attempt failed.
2025-03-03 17:02:53 [main] INFO  o.s.b.a.l.ConditionEvaluationReportLogger - 

Error starting ApplicationContext. To display the condition evaluation report re-run your application with 'debug' enabled.
2025-03-03 17:02:53 [main] ERROR o.s.boot.SpringApplication - Application run failed
org.springframework.beans.factory.BeanCreationException: Error creating bean with name 'entityManagerFactory' defined in class path resource [org/springframework/boot/autoconfigure/orm/jpa/HibernateJpaConfiguration.class]: Failed to initialize dependency 'liquibase' of LoadTimeWeaverAware bean 'entityManagerFactory': Error creating bean with name 'liquibase' defined in class path resource [org/springframework/boot/autoconfigure/liquibase/LiquibaseAutoConfiguration$LiquibaseConfiguration.class]: liquibase.exception.DatabaseException: org.postgresql.util.PSQLException: The connection attempt failed.
	at org.springframework.beans.factory.support.AbstractBeanFactory.doGetBean(AbstractBeanFactory.java:326)
	at org.springframework.beans.factory.support.AbstractBeanFactory.getBean(AbstractBeanFactory.java:205)
	at org.springframework.context.support.AbstractApplicationContext.finishBeanFactoryInitialization(AbstractApplicationContext.java:954)
	at org.springframework.context.support.AbstractApplicationContext.refresh(AbstractApplicationContext.java:625)
	at org.springframework.boot.SpringApplication.refresh(SpringApplication.java:754)
	at org.springframework.boot.SpringApplication.refreshContext(SpringApplication.java:456)
	at org.springframework.boot.SpringApplication.run(SpringApplication.java:335)
	at org.springframework.boot.test.context.SpringBootContextLoader.lambda$loadContext$3(SpringBootContextLoader.java:137)
	at org.springframework.util.function.ThrowingSupplier.get(ThrowingSupplier.java:58)
	at org.springframework.util.function.ThrowingSupplier.get(ThrowingSupplier.java:46)
	at org.springframework.boot.SpringApplication.withHook(SpringApplication.java:1463)
	at org.springframework.boot.test.context.SpringBootContextLoader$ContextLoaderHook.run(SpringBootContextLoader.java:553)
	at org.springframework.boot.test.context.SpringBootContextLoader.loadContext(SpringBootContextLoader.java:137)
	at org.springframework.boot.test.context.SpringBootContextLoader.loadContext(SpringBootContextLoader.java:108)
	at org.springframework.test.context.cache.DefaultCacheAwareContextLoaderDelegate.loadContextInternal(DefaultCacheAwareContextLoaderDelegate.java:225)
	at org.springframework.test.context.cache.DefaultCacheAwareContextLoaderDelegate.loadContext(DefaultCacheAwareContextLoaderDelegate.java:152)
	at org.springframework.test.context.support.DefaultTestContext.getApplicationContext(DefaultTestContext.java:130)
	at org.springframework.test.context.web.ServletTestExecutionListener.setUpRequestContextIfNecessary(ServletTestExecutionListener.java:191)
	at org.springframework.test.context.web.ServletTestExecutionListener.prepareTestInstance(ServletTestExecutionListener.java:130)
	at org.springframework.test.context.TestContextManager.prepareTestInstance(TestContextManager.java:260)
	at org.springframework.test.context.junit.jupiter.SpringExtension.postProcessTestInstance(SpringExtension.java:163)
	at org.junit.jupiter.engine.descriptor.ClassBasedTestDescriptor.lambda$invokeTestInstancePostProcessors$10(ClassBasedTestDescriptor.java:378)
	at org.junit.jupiter.engine.descriptor.ClassBasedTestDescriptor.executeAndMaskThrowable(ClassBasedTestDescriptor.java:383)
	at org.junit.jupiter.engine.descriptor.ClassBasedTestDescriptor.lambda$invokeTestInstancePostProcessors$11(ClassBasedTestDescriptor.java:378)
	at java.base/java.util.stream.ReferencePipeline$3$1.accept(ReferencePipeline.java:197)
	at java.base/java.util.stream.ReferencePipeline$2$1.accept(ReferencePipeline.java:179)
	at java.base/java.util.ArrayList$ArrayListSpliterator.forEachRemaining(ArrayList.java:1708)
	at java.base/java.util.stream.AbstractPipeline.copyInto(AbstractPipeline.java:509)
	at java.base/java.util.stream.AbstractPipeline.wrapAndCopyInto(AbstractPipeline.java:499)
	at java.base/java.util.stream.StreamSpliterators$WrappingSpliterator.forEachRemaining(StreamSpliterators.java:310)
	at java.base/java.util.stream.Streams$ConcatSpliterator.forEachRemaining(Streams.java:735)
	at java.base/java.util.stream.Streams$ConcatSpliterator.forEachRemaining(Streams.java:734)
	at java.base/java.util.stream.ReferencePipeline$Head.forEach(ReferencePipeline.java:762)
	at org.junit.jupiter.engine.descriptor.ClassBasedTestDescriptor.invokeTestInstancePostProcessors(ClassBasedTestDescriptor.java:377)
	at org.junit.jupiter.engine.descriptor.ClassBasedTestDescriptor.lambda$instantiateAndPostProcessTestInstance$6(ClassBasedTestDescriptor.java:290)
	at org.junit.platform.engine.support.hierarchical.ThrowableCollector.execute(ThrowableCollector.java:73)
	at org.junit.jupiter.engine.descriptor.ClassBasedTestDescriptor.instantiateAndPostProcessTestInstance(ClassBasedTestDescriptor.java:289)
	at org.junit.jupiter.engine.descriptor.ClassBasedTestDescriptor.lambda$testInstancesProvider$4(ClassBasedTestDescriptor.java:279)
	at java.base/java.util.Optional.orElseGet(Optional.java:364)
	at org.junit.jupiter.engine.descriptor.ClassBasedTestDescriptor.lambda$testInstancesProvider$5(ClassBasedTestDescriptor.java:278)
	at org.junit.jupiter.engine.execution.TestInstancesProvider.getTestInstances(TestInstancesProvider.java:31)
	at org.junit.jupiter.engine.descriptor.TestMethodTestDescriptor.lambda$prepare$0(TestMethodTestDescriptor.java:106)
	at org.junit.platform.engine.support.hierarchical.ThrowableCollector.execute(ThrowableCollector.java:73)
	at org.junit.jupiter.engine.descriptor.TestMethodTestDescriptor.prepare(TestMethodTestDescriptor.java:105)
	at org.junit.jupiter.engine.descriptor.TestMethodTestDescriptor.prepare(TestMethodTestDescriptor.java:69)
	at org.junit.platform.engine.support.hierarchical.NodeTestTask.lambda$prepare$2(NodeTestTask.java:128)
	at org.junit.platform.engine.support.hierarchical.ThrowableCollector.execute(ThrowableCollector.java:73)
	at org.junit.platform.engine.support.hierarchical.NodeTestTask.prepare(NodeTestTask.java:128)
	at org.junit.platform.engine.support.hierarchical.NodeTestTask.execute(NodeTestTask.java:95)
	at java.base/java.util.ArrayList.forEach(ArrayList.java:1596)
	at org.junit.platform.engine.support.hierarchical.SameThreadHierarchicalTestExecutorService.invokeAll(SameThreadHierarchicalTestExecutorService.java:41)
	at org.junit.platform.engine.support.hierarchical.NodeTestTask.lambda$executeRecursively$6(NodeTestTask.java:160)
	at org.junit.platform.engine.support.hierarchical.ThrowableCollector.execute(ThrowableCollector.java:73)
	at org.junit.platform.engine.support.hierarchical.NodeTestTask.lambda$executeRecursively$8(NodeTestTask.java:146)
	at org.junit.platform.engine.support.hierarchical.Node.around(Node.java:137)
	at org.junit.platform.engine.support.hierarchical.NodeTestTask.lambda$executeRecursively$9(NodeTestTask.java:144)
	at org.junit.platform.engine.support.hierarchical.ThrowableCollector.execute(ThrowableCollector.java:73)
	at org.junit.platform.engine.support.hierarchical.NodeTestTask.executeRecursively(NodeTestTask.java:143)
	at org.junit.platform.engine.support.hierarchical.NodeTestTask.execute(NodeTestTask.java:100)
	at java.base/java.util.ArrayList.forEach(ArrayList.java:1596)
	at org.junit.platform.engine.support.hierarchical.SameThreadHierarchicalTestExecutorService.invokeAll(SameThreadHierarchicalTestExecutorService.java:41)
	at org.junit.platform.engine.support.hierarchical.NodeTestTask.lambda$executeRecursively$6(NodeTestTask.java:160)
	at org.junit.platform.engine.support.hierarchical.ThrowableCollector.execute(ThrowableCollector.java:73)
	at org.junit.platform.engine.support.hierarchical.NodeTestTask.lambda$executeRecursively$8(NodeTestTask.java:146)
	at org.junit.platform.engine.support.hierarchical.Node.around(Node.java:137)
	at org.junit.platform.engine.support.hierarchical.NodeTestTask.lambda$executeRecursively$9(NodeTestTask.java:144)
	at org.junit.platform.engine.support.hierarchical.ThrowableCollector.execute(ThrowableCollector.java:73)
	at org.junit.platform.engine.support.hierarchical.NodeTestTask.executeRecursively(NodeTestTask.java:143)
	at org.junit.platform.engine.support.hierarchical.NodeTestTask.execute(NodeTestTask.java:100)
	at org.junit.platform.engine.support.hierarchical.SameThreadHierarchicalTestExecutorService.submit(SameThreadHierarchicalTestExecutorService.java:35)
	at org.junit.platform.engine.support.hierarchical.HierarchicalTestExecutor.execute(HierarchicalTestExecutor.java:57)
	at org.junit.platform.engine.support.hierarchical.HierarchicalTestEngine.execute(HierarchicalTestEngine.java:54)
	at org.junit.platform.launcher.core.EngineExecutionOrchestrator.execute(EngineExecutionOrchestrator.java:198)
	at org.junit.platform.launcher.core.EngineExecutionOrchestrator.execute(EngineExecutionOrchestrator.java:169)
	at org.junit.platform.launcher.core.EngineExecutionOrchestrator.execute(EngineExecutionOrchestrator.java:93)
	at org.junit.platform.launcher.core.EngineExecutionOrchestrator.lambda$execute$0(EngineExecutionOrchestrator.java:58)
	at org.junit.platform.launcher.core.EngineExecutionOrchestrator.withInterceptedStreams(EngineExecutionOrchestrator.java:141)
	at org.junit.platform.launcher.core.EngineExecutionOrchestrator.execute(EngineExecutionOrchestrator.java:57)
	at org.junit.platform.launcher.core.DefaultLauncher.execute(DefaultLauncher.java:103)
	at org.junit.platform.launcher.core.DefaultLauncher.execute(DefaultLauncher.java:85)
	at org.junit.platform.launcher.core.DelegatingLauncher.execute(DelegatingLauncher.java:47)
	at org.apache.maven.surefire.junitplatform.LazyLauncher.execute(LazyLauncher.java:56)
	at org.apache.maven.surefire.junitplatform.JUnitPlatformProvider.execute(JUnitPlatformProvider.java:184)
	at org.apache.maven.surefire.junitplatform.JUnitPlatformProvider.invokeAllTests(JUnitPlatformProvider.java:148)
	at org.apache.maven.surefire.junitplatform.JUnitPlatformProvider.invoke(JUnitPlatformProvider.java:122)
	at org.apache.maven.surefire.booter.ForkedBooter.runSuitesInProcess(ForkedBooter.java:385)
	at org.apache.maven.surefire.booter.ForkedBooter.execute(ForkedBooter.java:162)
	at org.apache.maven.surefire.booter.ForkedBooter.run(ForkedBooter.java:507)
	at org.apache.maven.surefire.booter.ForkedBooter.main(ForkedBooter.java:495)
Caused by: org.springframework.beans.factory.BeanCreationException: Error creating bean with name 'liquibase' defined in class path resource [org/springframework/boot/autoconfigure/liquibase/LiquibaseAutoConfiguration$LiquibaseConfiguration.class]: liquibase.exception.DatabaseException: org.postgresql.util.PSQLException: The connection attempt failed.
	at org.springframework.beans.factory.support.AbstractAutowireCapableBeanFactory.initializeBean(AbstractAutowireCapableBeanFactory.java:1806)
	at org.springframework.beans.factory.support.AbstractAutowireCapableBeanFactory.doCreateBean(AbstractAutowireCapableBeanFactory.java:600)
	at org.springframework.beans.factory.support.AbstractAutowireCapableBeanFactory.createBean(AbstractAutowireCapableBeanFactory.java:522)
	at org.springframework.beans.factory.support.AbstractBeanFactory.lambda$doGetBean$0(AbstractBeanFactory.java:337)
	at org.springframework.beans.factory.support.DefaultSingletonBeanRegistry.getSingleton(DefaultSingletonBeanRegistry.java:234)
	at org.springframework.beans.factory.support.AbstractBeanFactory.doGetBean(AbstractBeanFactory.java:335)
	at org.springframework.beans.factory.support.AbstractBeanFactory.getBean(AbstractBeanFactory.java:200)
	at org.springframework.beans.factory.support.AbstractBeanFactory.doGetBean(AbstractBeanFactory.java:313)
	... 88 common frames omitted
Caused by: liquibase.exception.UnexpectedLiquibaseException: liquibase.exception.DatabaseException: org.postgresql.util.PSQLException: The connection attempt failed.
	at liquibase.integration.spring.SpringLiquibase.afterPropertiesSet(SpringLiquibase.java:259)
	at org.springframework.beans.factory.support.AbstractAutowireCapableBeanFactory.invokeInitMethods(AbstractAutowireCapableBeanFactory.java:1853)
	at org.springframework.beans.factory.support.AbstractAutowireCapableBeanFactory.initializeBean(AbstractAutowireCapableBeanFactory.java:1802)
	... 95 common frames omitted
Caused by: liquibase.exception.DatabaseException: org.postgresql.util.PSQLException: The connection attempt failed.
	at liquibase.integration.spring.SpringLiquibase.lambda$afterPropertiesSet$0(SpringLiquibase.java:251)
	at liquibase.Scope.lambda$child$0(Scope.java:190)
	at liquibase.Scope.child(Scope.java:199)
	at liquibase.Scope.child(Scope.java:189)
	at liquibase.Scope.child(Scope.java:168)
	at liquibase.Scope.child(Scope.java:256)
	at liquibase.integration.spring.SpringLiquibase.afterPropertiesSet(SpringLiquibase.java:242)
	... 97 common frames omitted
Caused by: org.postgresql.util.PSQLException: The connection attempt failed.
	at org.postgresql.core.v3.ConnectionFactoryImpl.openConnectionImpl(ConnectionFactoryImpl.java:364)
	at org.postgresql.core.ConnectionFactory.openConnection(ConnectionFactory.java:54)
	at org.postgresql.jdbc.PgConnection.<init>(PgConnection.java:273)
	at org.postgresql.Driver.makeConnection(Driver.java:446)
	at org.postgresql.Driver.connect(Driver.java:298)
	at com.zaxxer.hikari.util.DriverDataSource.getConnection(DriverDataSource.java:137)
	at com.zaxxer.hikari.pool.PoolBase.newConnection(PoolBase.java:360)
	at com.zaxxer.hikari.pool.PoolBase.newPoolEntry(PoolBase.java:202)
	at com.zaxxer.hikari.pool.HikariPool.createPoolEntry(HikariPool.java:461)
	at com.zaxxer.hikari.pool.HikariPool.checkFailFast(HikariPool.java:550)
	at com.zaxxer.hikari.pool.HikariPool.<init>(HikariPool.java:98)
	at com.zaxxer.hikari.HikariDataSource.getConnection(HikariDataSource.java:111)
	at liquibase.integration.spring.SpringLiquibase.lambda$afterPropertiesSet$0(SpringLiquibase.java:246)
	... 103 common frames omitted
Caused by: java.net.UnknownHostException: db
	at java.base/sun.nio.ch.NioSocketImpl.connect(NioSocketImpl.java:567)
	at java.base/java.net.SocksSocketImpl.connect(SocksSocketImpl.java:327)
	at java.base/java.net.Socket.connect(Socket.java:751)
	at org.postgresql.core.PGStream.createSocket(PGStream.java:260)
	at org.postgresql.core.PGStream.<init>(PGStream.java:121)
	at org.postgresql.core.v3.ConnectionFactoryImpl.tryConnect(ConnectionFactoryImpl.java:140)
	at org.postgresql.core.v3.ConnectionFactoryImpl.openConnectionImpl(ConnectionFactoryImpl.java:268)
	... 115 common frames omitted
2025-03-03 17:02:53 [main] WARN  o.s.test.context.TestContextManager - Caught exception while allowing TestExecutionListener [org.springframework.test.context.web.ServletTestExecutionListener] to prepare test instance [com.track.task.TaskTrackerApplicationTests@71a7cf7c]
java.lang.IllegalStateException: Failed to load ApplicationContext for [WebMergedContextConfiguration@eb1e868 testClass = com.track.task.TaskTrackerApplicationTests, locations = [], classes = [com.track.task.TaskTrackerApplication], contextInitializerClasses = [], activeProfiles = [], propertySourceDescriptors = [], propertySourceProperties = ["org.springframework.boot.test.context.SpringBootTestContextBootstrapper=true"], contextCustomizers = [org.springframework.boot.test.context.filter.ExcludeFilterContextCustomizer@570ba13, org.springframework.boot.test.json.DuplicateJsonObjectContextCustomizerFactory$DuplicateJsonObjectContextCustomizer@6c977dcf, org.springframework.boot.test.mock.mockito.MockitoContextCustomizer@0, org.springframework.boot.test.web.client.TestRestTemplateContextCustomizer@3e900e1a, org.springframework.boot.test.web.reactor.netty.DisableReactorResourceFactoryGlobalResourcesContextCustomizerFactory$DisableReactorResourceFactoryGlobalResourcesContextCustomizerCustomizer@9b47400, org.springframework.boot.test.autoconfigure.OnFailureConditionReportContextCustomizerFactory$OnFailureConditionReportContextCustomizer@51d0ec6f, org.springframework.boot.test.autoconfigure.actuate.observability.ObservabilityContextCustomizerFactory$DisableObservabilityContextCustomizer@1f, org.springframework.boot.test.autoconfigure.properties.PropertyMappingContextCustomizer@0, org.springframework.boot.test.autoconfigure.web.servlet.WebDriverContextCustomizer@4b56b031, org.springframework.boot.test.context.SpringBootTestAnnotation@c0461fcd], resourceBasePath = "src/main/webapp", contextLoader = org.springframework.boot.test.context.SpringBootContextLoader, parent = null]
	at org.springframework.test.context.cache.DefaultCacheAwareContextLoaderDelegate.loadContext(DefaultCacheAwareContextLoaderDelegate.java:180)
	at org.springframework.test.context.support.DefaultTestContext.getApplicationContext(DefaultTestContext.java:130)
	at org.springframework.test.context.web.ServletTestExecutionListener.setUpRequestContextIfNecessary(ServletTestExecutionListener.java:191)
	at org.springframework.test.context.web.ServletTestExecutionListener.prepareTestInstance(ServletTestExecutionListener.java:130)
	at org.springframework.test.context.TestContextManager.prepareTestInstance(TestContextManager.java:260)
	at org.springframework.test.context.junit.jupiter.SpringExtension.postProcessTestInstance(SpringExtension.java:163)
	at org.junit.jupiter.engine.descriptor.ClassBasedTestDescriptor.lambda$invokeTestInstancePostProcessors$10(ClassBasedTestDescriptor.java:378)
	at org.junit.jupiter.engine.descriptor.ClassBasedTestDescriptor.executeAndMaskThrowable(ClassBasedTestDescriptor.java:383)
	at org.junit.jupiter.engine.descriptor.ClassBasedTestDescriptor.lambda$invokeTestInstancePostProcessors$11(ClassBasedTestDescriptor.java:378)
	at java.base/java.util.stream.ReferencePipeline$3$1.accept(ReferencePipeline.java:197)
	at java.base/java.util.stream.ReferencePipeline$2$1.accept(ReferencePipeline.java:179)
	at java.base/java.util.ArrayList$ArrayListSpliterator.forEachRemaining(ArrayList.java:1708)
	at java.base/java.util.stream.AbstractPipeline.copyInto(AbstractPipeline.java:509)
	at java.base/java.util.stream.AbstractPipeline.wrapAndCopyInto(AbstractPipeline.java:499)
	at java.base/java.util.stream.StreamSpliterators$WrappingSpliterator.forEachRemaining(StreamSpliterators.java:310)
	at java.base/java.util.stream.Streams$ConcatSpliterator.forEachRemaining(Streams.java:735)
	at java.base/java.util.stream.Streams$ConcatSpliterator.forEachRemaining(Streams.java:734)
	at java.base/java.util.stream.ReferencePipeline$Head.forEach(ReferencePipeline.java:762)
	at org.junit.jupiter.engine.descriptor.ClassBasedTestDescriptor.invokeTestInstancePostProcessors(ClassBasedTestDescriptor.java:377)
	at org.junit.jupiter.engine.descriptor.ClassBasedTestDescriptor.lambda$instantiateAndPostProcessTestInstance$6(ClassBasedTestDescriptor.java:290)
	at org.junit.platform.engine.support.hierarchical.ThrowableCollector.execute(ThrowableCollector.java:73)
	at org.junit.jupiter.engine.descriptor.ClassBasedTestDescriptor.instantiateAndPostProcessTestInstance(ClassBasedTestDescriptor.java:289)
	at org.junit.jupiter.engine.descriptor.ClassBasedTestDescriptor.lambda$testInstancesProvider$4(ClassBasedTestDescriptor.java:279)
	at java.base/java.util.Optional.orElseGet(Optional.java:364)
	at org.junit.jupiter.engine.descriptor.ClassBasedTestDescriptor.lambda$testInstancesProvider$5(ClassBasedTestDescriptor.java:278)
	at org.junit.jupiter.engine.execution.TestInstancesProvider.getTestInstances(TestInstancesProvider.java:31)
	at org.junit.jupiter.engine.descriptor.TestMethodTestDescriptor.lambda$prepare$0(TestMethodTestDescriptor.java:106)
	at org.junit.platform.engine.support.hierarchical.ThrowableCollector.execute(ThrowableCollector.java:73)
	at org.junit.jupiter.engine.descriptor.TestMethodTestDescriptor.prepare(TestMethodTestDescriptor.java:105)
	at org.junit.jupiter.engine.descriptor.TestMethodTestDescriptor.prepare(TestMethodTestDescriptor.java:69)
	at org.junit.platform.engine.support.hierarchical.NodeTestTask.lambda$prepare$2(NodeTestTask.java:128)
	at org.junit.platform.engine.support.hierarchical.ThrowableCollector.execute(ThrowableCollector.java:73)
	at org.junit.platform.engine.support.hierarchical.NodeTestTask.prepare(NodeTestTask.java:128)
	at org.junit.platform.engine.support.hierarchical.NodeTestTask.execute(NodeTestTask.java:95)
	at java.base/java.util.ArrayList.forEach(ArrayList.java:1596)
	at org.junit.platform.engine.support.hierarchical.SameThreadHierarchicalTestExecutorService.invokeAll(SameThreadHierarchicalTestExecutorService.java:41)
	at org.junit.platform.engine.support.hierarchical.NodeTestTask.lambda$executeRecursively$6(NodeTestTask.java:160)
	at org.junit.platform.engine.support.hierarchical.ThrowableCollector.execute(ThrowableCollector.java:73)
	at org.junit.platform.engine.support.hierarchical.NodeTestTask.lambda$executeRecursively$8(NodeTestTask.java:146)
	at org.junit.platform.engine.support.hierarchical.Node.around(Node.java:137)
	at org.junit.platform.engine.support.hierarchical.NodeTestTask.lambda$executeRecursively$9(NodeTestTask.java:144)
	at org.junit.platform.engine.support.hierarchical.ThrowableCollector.execute(ThrowableCollector.java:73)
	at org.junit.platform.engine.support.hierarchical.NodeTestTask.executeRecursively(NodeTestTask.java:143)
	at org.junit.platform.engine.support.hierarchical.NodeTestTask.execute(NodeTestTask.java:100)
	at java.base/java.util.ArrayList.forEach(ArrayList.java:1596)
	at org.junit.platform.engine.support.hierarchical.SameThreadHierarchicalTestExecutorService.invokeAll(SameThreadHierarchicalTestExecutorService.java:41)
	at org.junit.platform.engine.support.hierarchical.NodeTestTask.lambda$executeRecursively$6(NodeTestTask.java:160)
	at org.junit.platform.engine.support.hierarchical.ThrowableCollector.execute(ThrowableCollector.java:73)
	at org.junit.platform.engine.support.hierarchical.NodeTestTask.lambda$executeRecursively$8(NodeTestTask.java:146)
	at org.junit.platform.engine.support.hierarchical.Node.around(Node.java:137)
	at org.junit.platform.engine.support.hierarchical.NodeTestTask.lambda$executeRecursively$9(NodeTestTask.java:144)
	at org.junit.platform.engine.support.hierarchical.ThrowableCollector.execute(ThrowableCollector.java:73)
	at org.junit.platform.engine.support.hierarchical.NodeTestTask.executeRecursively(NodeTestTask.java:143)
	at org.junit.platform.engine.support.hierarchical.NodeTestTask.execute(NodeTestTask.java:100)
	at org.junit.platform.engine.support.hierarchical.SameThreadHierarchicalTestExecutorService.submit(SameThreadHierarchicalTestExecutorService.java:35)
	at org.junit.platform.engine.support.hierarchical.HierarchicalTestExecutor.execute(HierarchicalTestExecutor.java:57)
	at org.junit.platform.engine.support.hierarchical.HierarchicalTestEngine.execute(HierarchicalTestEngine.java:54)
	at org.junit.platform.launcher.core.EngineExecutionOrchestrator.execute(EngineExecutionOrchestrator.java:198)
	at org.junit.platform.launcher.core.EngineExecutionOrchestrator.execute(EngineExecutionOrchestrator.java:169)
	at org.junit.platform.launcher.core.EngineExecutionOrchestrator.execute(EngineExecutionOrchestrator.java:93)
	at org.junit.platform.launcher.core.EngineExecutionOrchestrator.lambda$execute$0(EngineExecutionOrchestrator.java:58)
	at org.junit.platform.launcher.core.EngineExecutionOrchestrator.withInterceptedStreams(EngineExecutionOrchestrator.java:141)
	at org.junit.platform.launcher.core.EngineExecutionOrchestrator.execute(EngineExecutionOrchestrator.java:57)
	at org.junit.platform.launcher.core.DefaultLauncher.execute(DefaultLauncher.java:103)
	at org.junit.platform.launcher.core.DefaultLauncher.execute(DefaultLauncher.java:85)
	at org.junit.platform.launcher.core.DelegatingLauncher.execute(DelegatingLauncher.java:47)
	at org.apache.maven.surefire.junitplatform.LazyLauncher.execute(LazyLauncher.java:56)
	at org.apache.maven.surefire.junitplatform.JUnitPlatformProvider.execute(JUnitPlatformProvider.java:184)
	at org.apache.maven.surefire.junitplatform.JUnitPlatformProvider.invokeAllTests(JUnitPlatformProvider.java:148)
	at org.apache.maven.surefire.junitplatform.JUnitPlatformProvider.invoke(JUnitPlatformProvider.java:122)
	at org.apache.maven.surefire.booter.ForkedBooter.runSuitesInProcess(ForkedBooter.java:385)
	at org.apache.maven.surefire.booter.ForkedBooter.execute(ForkedBooter.java:162)
	at org.apache.maven.surefire.booter.ForkedBooter.run(ForkedBooter.java:507)
	at org.apache.maven.surefire.booter.ForkedBooter.main(ForkedBooter.java:495)
Caused by: org.springframework.beans.factory.BeanCreationException: Error creating bean with name 'entityManagerFactory' defined in class path resource [org/springframework/boot/autoconfigure/orm/jpa/HibernateJpaConfiguration.class]: Failed to initialize dependency 'liquibase' of LoadTimeWeaverAware bean 'entityManagerFactory': Error creating bean with name 'liquibase' defined in class path resource [org/springframework/boot/autoconfigure/liquibase/LiquibaseAutoConfiguration$LiquibaseConfiguration.class]: liquibase.exception.DatabaseException: org.postgresql.util.PSQLException: The connection attempt failed.
	at org.springframework.beans.factory.support.AbstractBeanFactory.doGetBean(AbstractBeanFactory.java:326)
	at org.springframework.beans.factory.support.AbstractBeanFactory.getBean(AbstractBeanFactory.java:205)
	at org.springframework.context.support.AbstractApplicationContext.finishBeanFactoryInitialization(AbstractApplicationContext.java:954)
	at org.springframework.context.support.AbstractApplicationContext.refresh(AbstractApplicationContext.java:625)
	at org.springframework.boot.SpringApplication.refresh(SpringApplication.java:754)
	at org.springframework.boot.SpringApplication.refreshContext(SpringApplication.java:456)
	at org.springframework.boot.SpringApplication.run(SpringApplication.java:335)
	at org.springframework.boot.test.context.SpringBootContextLoader.lambda$loadContext$3(SpringBootContextLoader.java:137)
	at org.springframework.util.function.ThrowingSupplier.get(ThrowingSupplier.java:58)
	at org.springframework.util.function.ThrowingSupplier.get(ThrowingSupplier.java:46)
	at org.springframework.boot.SpringApplication.withHook(SpringApplication.java:1463)
	at org.springframework.boot.test.context.SpringBootContextLoader$ContextLoaderHook.run(SpringBootContextLoader.java:553)
	at org.springframework.boot.test.context.SpringBootContextLoader.loadContext(SpringBootContextLoader.java:137)
	at org.springframework.boot.test.context.SpringBootContextLoader.loadContext(SpringBootContextLoader.java:108)
	at org.springframework.test.context.cache.DefaultCacheAwareContextLoaderDelegate.loadContextInternal(DefaultCacheAwareContextLoaderDelegate.java:225)
	at org.springframework.test.context.cache.DefaultCacheAwareContextLoaderDelegate.loadContext(DefaultCacheAwareContextLoaderDelegate.java:152)
	... 73 common frames omitted
Caused by: org.springframework.beans.factory.BeanCreationException: Error creating bean with name 'liquibase' defined in class path resource [org/springframework/boot/autoconfigure/liquibase/LiquibaseAutoConfiguration$LiquibaseConfiguration.class]: liquibase.exception.DatabaseException: org.postgresql.util.PSQLException: The connection attempt failed.
	at org.springframework.beans.factory.support.AbstractAutowireCapableBeanFactory.initializeBean(AbstractAutowireCapableBeanFactory.java:1806)
	at org.springframework.beans.factory.support.AbstractAutowireCapableBeanFactory.doCreateBean(AbstractAutowireCapableBeanFactory.java:600)
	at org.springframework.beans.factory.support.AbstractAutowireCapableBeanFactory.createBean(AbstractAutowireCapableBeanFactory.java:522)
	at org.springframework.beans.factory.support.AbstractBeanFactory.lambda$doGetBean$0(AbstractBeanFactory.java:337)
	at org.springframework.beans.factory.support.DefaultSingletonBeanRegistry.getSingleton(DefaultSingletonBeanRegistry.java:234)
	at org.springframework.beans.factory.support.AbstractBeanFactory.doGetBean(AbstractBeanFactory.java:335)
	at org.springframework.beans.factory.support.AbstractBeanFactory.getBean(AbstractBeanFactory.java:200)
	at org.springframework.beans.factory.support.AbstractBeanFactory.doGetBean(AbstractBeanFactory.java:313)
	... 88 common frames omitted
Caused by: liquibase.exception.UnexpectedLiquibaseException: liquibase.exception.DatabaseException: org.postgresql.util.PSQLException: The connection attempt failed.
	at liquibase.integration.spring.SpringLiquibase.afterPropertiesSet(SpringLiquibase.java:259)
	at org.springframework.beans.factory.support.AbstractAutowireCapableBeanFactory.invokeInitMethods(AbstractAutowireCapableBeanFactory.java:1853)
	at org.springframework.beans.factory.support.AbstractAutowireCapableBeanFactory.initializeBean(AbstractAutowireCapableBeanFactory.java:1802)
	... 95 common frames omitted
Caused by: liquibase.exception.DatabaseException: org.postgresql.util.PSQLException: The connection attempt failed.
	at liquibase.integration.spring.SpringLiquibase.lambda$afterPropertiesSet$0(SpringLiquibase.java:251)
	at liquibase.Scope.lambda$child$0(Scope.java:190)
	at liquibase.Scope.child(Scope.java:199)
	at liquibase.Scope.child(Scope.java:189)
	at liquibase.Scope.child(Scope.java:168)
	at liquibase.Scope.child(Scope.java:256)
	at liquibase.integration.spring.SpringLiquibase.afterPropertiesSet(SpringLiquibase.java:242)
	... 97 common frames omitted
Caused by: org.postgresql.util.PSQLException: The connection attempt failed.
	at org.postgresql.core.v3.ConnectionFactoryImpl.openConnectionImpl(ConnectionFactoryImpl.java:364)
	at org.postgresql.core.ConnectionFactory.openConnection(ConnectionFactory.java:54)
	at org.postgresql.jdbc.PgConnection.<init>(PgConnection.java:273)
	at org.postgresql.Driver.makeConnection(Driver.java:446)
	at org.postgresql.Driver.connect(Driver.java:298)
	at com.zaxxer.hikari.util.DriverDataSource.getConnection(DriverDataSource.java:137)
	at com.zaxxer.hikari.pool.PoolBase.newConnection(PoolBase.java:360)
	at com.zaxxer.hikari.pool.PoolBase.newPoolEntry(PoolBase.java:202)
	at com.zaxxer.hikari.pool.HikariPool.createPoolEntry(HikariPool.java:461)
	at com.zaxxer.hikari.pool.HikariPool.checkFailFast(HikariPool.java:550)
	at com.zaxxer.hikari.pool.HikariPool.<init>(HikariPool.java:98)
	at com.zaxxer.hikari.HikariDataSource.getConnection(HikariDataSource.java:111)
	at liquibase.integration.spring.SpringLiquibase.lambda$afterPropertiesSet$0(SpringLiquibase.java:246)
	... 103 common frames omitted
Caused by: java.net.UnknownHostException: db
	at java.base/sun.nio.ch.NioSocketImpl.connect(NioSocketImpl.java:567)
	at java.base/java.net.SocksSocketImpl.connect(SocksSocketImpl.java:327)
	at java.base/java.net.Socket.connect(Socket.java:751)
	at org.postgresql.core.PGStream.createSocket(PGStream.java:260)
	at org.postgresql.core.PGStream.<init>(PGStream.java:121)
	at org.postgresql.core.v3.ConnectionFactoryImpl.tryConnect(ConnectionFactoryImpl.java:140)
	at org.postgresql.core.v3.ConnectionFactoryImpl.openConnectionImpl(ConnectionFactoryImpl.java:268)
	... 115 common frames omitted
2025-03-03 17:02:53 [testcontainers-ryuk] WARN  o.t.utility.RyukResourceReaper - Can not connect to Ryuk at 172.17.0.1:64134
java.net.ConnectException: Connection refused
	at java.base/sun.nio.ch.Net.pollConnect(Native Method)
	at java.base/sun.nio.ch.Net.pollConnectNow(Net.java:682)
	at java.base/sun.nio.ch.NioSocketImpl.timedFinishConnect(NioSocketImpl.java:542)
	at java.base/sun.nio.ch.NioSocketImpl.connect(NioSocketImpl.java:592)
	at java.base/java.net.SocksSocketImpl.connect(SocksSocketImpl.java:327)
	at java.base/java.net.Socket.connect(Socket.java:751)
	at org.testcontainers.utility.RyukResourceReaper.lambda$null$1(RyukResourceReaper.java:105)
	at org.rnorth.ducttape.ratelimits.RateLimiter.doWhenReady(RateLimiter.java:27)
	at org.testcontainers.utility.RyukResourceReaper.lambda$maybeStart$2(RyukResourceReaper.java:101)
	at java.base/java.lang.Thread.run(Thread.java:1583)
2025-03-03 17:02:53 [main] INFO  o.s.t.c.s.AnnotationConfigContextLoaderUtils - Could not detect default configuration classes for test class [com.track.task.user.UserServiceImplTest]: UserServiceImplTest does not declare any static, non-private, non-final, nested classes annotated with @Configuration.
2025-03-03 17:02:53 [main] INFO  o.s.b.t.c.SpringBootTestContextBootstrapper - Found @SpringBootConfiguration com.track.task.TaskTrackerApplication for test class com.track.task.user.UserServiceImplTest
2025-03-03 17:02:54 [testcontainers-ryuk] WARN  o.t.utility.RyukResourceReaper - Can not connect to Ryuk at 172.17.0.1:64134
java.net.ConnectException: Connection refused
	at java.base/sun.nio.ch.Net.pollConnect(Native Method)
	at java.base/sun.nio.ch.Net.pollConnectNow(Net.java:682)
	at java.base/sun.nio.ch.NioSocketImpl.timedFinishConnect(NioSocketImpl.java:542)
	at java.base/sun.nio.ch.NioSocketImpl.connect(NioSocketImpl.java:592)
	at java.base/java.net.SocksSocketImpl.connect(SocksSocketImpl.java:327)
	at java.base/java.net.Socket.connect(Socket.java:751)
	at org.testcontainers.utility.RyukResourceReaper.lambda$null$1(RyukResourceReaper.java:105)
	at org.rnorth.ducttape.ratelimits.RateLimiter.doWhenReady(RateLimiter.java:27)
	at org.testcontainers.utility.RyukResourceReaper.lambda$maybeStart$2(RyukResourceReaper.java:101)
	at java.base/java.lang.Thread.run(Thread.java:1583)
2025-03-03 18:13:46 [testcontainers-ryuk] WARN  o.t.utility.RyukResourceReaper - Can not connect to Ryuk at 172.17.0.1:22782
java.net.ConnectException: Connection refused
	at java.base/sun.nio.ch.Net.pollConnect(Native Method)
	at java.base/sun.nio.ch.Net.pollConnectNow(Net.java:682)
	at java.base/sun.nio.ch.NioSocketImpl.timedFinishConnect(NioSocketImpl.java:542)
	at java.base/sun.nio.ch.NioSocketImpl.connect(NioSocketImpl.java:592)
	at java.base/java.net.SocksSocketImpl.connect(SocksSocketImpl.java:327)
	at java.base/java.net.Socket.connect(Socket.java:751)
	at org.testcontainers.utility.RyukResourceReaper.lambda$null$1(RyukResourceReaper.java:105)
	at org.rnorth.ducttape.ratelimits.RateLimiter.doWhenReady(RateLimiter.java:27)
	at org.testcontainers.utility.RyukResourceReaper.lambda$maybeStart$2(RyukResourceReaper.java:101)
	at java.base/java.lang.Thread.run(Thread.java:1583)
2025-03-03 18:13:46 [testcontainers-ryuk] WARN  o.t.utility.RyukResourceReaper - Can not connect to Ryuk at 172.17.0.1:22782
java.net.ConnectException: Connection refused
	at java.base/sun.nio.ch.Net.pollConnect(Native Method)
	at java.base/sun.nio.ch.Net.pollConnectNow(Net.java:682)
	at java.base/sun.nio.ch.NioSocketImpl.timedFinishConnect(NioSocketImpl.java:542)
	at java.base/sun.nio.ch.NioSocketImpl.connect(NioSocketImpl.java:592)
	at java.base/java.net.SocksSocketImpl.connect(SocksSocketImpl.java:327)
	at java.base/java.net.Socket.connect(Socket.java:751)
	at org.testcontainers.utility.RyukResourceReaper.lambda$null$1(RyukResourceReaper.java:105)
	at org.rnorth.ducttape.ratelimits.RateLimiter.doWhenReady(RateLimiter.java:27)
	at org.testcontainers.utility.RyukResourceReaper.lambda$maybeStart$2(RyukResourceReaper.java:101)
	at java.base/java.lang.Thread.run(Thread.java:1583)
2025-03-03 18:13:46 [background-preinit] INFO  o.h.validator.internal.util.Version - HV000001: Hibernate Validator 8.0.1.Final
2025-03-03 18:13:47 [testcontainers-ryuk] WARN  o.t.utility.RyukResourceReaper - Can not connect to Ryuk at 172.17.0.1:22782
java.net.ConnectException: Connection refused
	at java.base/sun.nio.ch.Net.pollConnect(Native Method)
	at java.base/sun.nio.ch.Net.pollConnectNow(Net.java:682)
	at java.base/sun.nio.ch.NioSocketImpl.timedFinishConnect(NioSocketImpl.java:542)
	at java.base/sun.nio.ch.NioSocketImpl.connect(NioSocketImpl.java:592)
	at java.base/java.net.SocksSocketImpl.connect(SocksSocketImpl.java:327)
	at java.base/java.net.Socket.connect(Socket.java:751)
	at org.testcontainers.utility.RyukResourceReaper.lambda$null$1(RyukResourceReaper.java:105)
	at org.rnorth.ducttape.ratelimits.RateLimiter.doWhenReady(RateLimiter.java:27)
	at org.testcontainers.utility.RyukResourceReaper.lambda$maybeStart$2(RyukResourceReaper.java:101)
	at java.base/java.lang.Thread.run(Thread.java:1583)
2025-03-03 18:13:47 [main] INFO  c.t.task.TaskTrackerApplicationTests - Starting TaskTrackerApplicationTests using Java 21.0.6 with PID 66 (started by root in /app)
2025-03-03 18:13:47 [main] INFO  c.t.task.TaskTrackerApplicationTests - No active profile set, falling back to 1 default profile: "default"
2025-03-03 18:13:47 [testcontainers-ryuk] WARN  o.t.utility.RyukResourceReaper - Can not connect to Ryuk at 172.17.0.1:22782
java.net.ConnectException: Connection refused
	at java.base/sun.nio.ch.Net.pollConnect(Native Method)
	at java.base/sun.nio.ch.Net.pollConnectNow(Net.java:682)
	at java.base/sun.nio.ch.NioSocketImpl.timedFinishConnect(NioSocketImpl.java:542)
	at java.base/sun.nio.ch.NioSocketImpl.connect(NioSocketImpl.java:592)
	at java.base/java.net.SocksSocketImpl.connect(SocksSocketImpl.java:327)
	at java.base/java.net.Socket.connect(Socket.java:751)
	at org.testcontainers.utility.RyukResourceReaper.lambda$null$1(RyukResourceReaper.java:105)
	at org.rnorth.ducttape.ratelimits.RateLimiter.doWhenReady(RateLimiter.java:27)
	at org.testcontainers.utility.RyukResourceReaper.lambda$maybeStart$2(RyukResourceReaper.java:101)
	at java.base/java.lang.Thread.run(Thread.java:1583)
2025-03-03 18:13:47 [testcontainers-ryuk] WARN  o.t.utility.RyukResourceReaper - Can not connect to Ryuk at 172.17.0.1:22782
java.net.ConnectException: Connection refused
	at java.base/sun.nio.ch.Net.pollConnect(Native Method)
	at java.base/sun.nio.ch.Net.pollConnectNow(Net.java:682)
	at java.base/sun.nio.ch.NioSocketImpl.timedFinishConnect(NioSocketImpl.java:542)
	at java.base/sun.nio.ch.NioSocketImpl.connect(NioSocketImpl.java:592)
	at java.base/java.net.SocksSocketImpl.connect(SocksSocketImpl.java:327)
	at java.base/java.net.Socket.connect(Socket.java:751)
	at org.testcontainers.utility.RyukResourceReaper.lambda$null$1(RyukResourceReaper.java:105)
	at org.rnorth.ducttape.ratelimits.RateLimiter.doWhenReady(RateLimiter.java:27)
	at org.testcontainers.utility.RyukResourceReaper.lambda$maybeStart$2(RyukResourceReaper.java:101)
	at java.base/java.lang.Thread.run(Thread.java:1583)
2025-03-03 18:13:47 [testcontainers-ryuk] WARN  o.t.utility.RyukResourceReaper - Can not connect to Ryuk at 172.17.0.1:22782
java.net.ConnectException: Connection refused
	at java.base/sun.nio.ch.Net.pollConnect(Native Method)
	at java.base/sun.nio.ch.Net.pollConnectNow(Net.java:682)
	at java.base/sun.nio.ch.NioSocketImpl.timedFinishConnect(NioSocketImpl.java:542)
	at java.base/sun.nio.ch.NioSocketImpl.connect(NioSocketImpl.java:592)
	at java.base/java.net.SocksSocketImpl.connect(SocksSocketImpl.java:327)
	at java.base/java.net.Socket.connect(Socket.java:751)
	at org.testcontainers.utility.RyukResourceReaper.lambda$null$1(RyukResourceReaper.java:105)
	at org.rnorth.ducttape.ratelimits.RateLimiter.doWhenReady(RateLimiter.java:27)
	at org.testcontainers.utility.RyukResourceReaper.lambda$maybeStart$2(RyukResourceReaper.java:101)
	at java.base/java.lang.Thread.run(Thread.java:1583)
2025-03-03 18:13:48 [testcontainers-ryuk] WARN  o.t.utility.RyukResourceReaper - Can not connect to Ryuk at 172.17.0.1:22782
java.net.ConnectException: Connection refused
	at java.base/sun.nio.ch.Net.pollConnect(Native Method)
	at java.base/sun.nio.ch.Net.pollConnectNow(Net.java:682)
	at java.base/sun.nio.ch.NioSocketImpl.timedFinishConnect(NioSocketImpl.java:542)
	at java.base/sun.nio.ch.NioSocketImpl.connect(NioSocketImpl.java:592)
	at java.base/java.net.SocksSocketImpl.connect(SocksSocketImpl.java:327)
	at java.base/java.net.Socket.connect(Socket.java:751)
	at org.testcontainers.utility.RyukResourceReaper.lambda$null$1(RyukResourceReaper.java:105)
	at org.rnorth.ducttape.ratelimits.RateLimiter.doWhenReady(RateLimiter.java:27)
	at org.testcontainers.utility.RyukResourceReaper.lambda$maybeStart$2(RyukResourceReaper.java:101)
	at java.base/java.lang.Thread.run(Thread.java:1583)
2025-03-03 18:13:48 [testcontainers-ryuk] WARN  o.t.utility.RyukResourceReaper - Can not connect to Ryuk at 172.17.0.1:22782
java.net.ConnectException: Connection refused
	at java.base/sun.nio.ch.Net.pollConnect(Native Method)
	at java.base/sun.nio.ch.Net.pollConnectNow(Net.java:682)
	at java.base/sun.nio.ch.NioSocketImpl.timedFinishConnect(NioSocketImpl.java:542)
	at java.base/sun.nio.ch.NioSocketImpl.connect(NioSocketImpl.java:592)
	at java.base/java.net.SocksSocketImpl.connect(SocksSocketImpl.java:327)
	at java.base/java.net.Socket.connect(Socket.java:751)
	at org.testcontainers.utility.RyukResourceReaper.lambda$null$1(RyukResourceReaper.java:105)
	at org.rnorth.ducttape.ratelimits.RateLimiter.doWhenReady(RateLimiter.java:27)
	at org.testcontainers.utility.RyukResourceReaper.lambda$maybeStart$2(RyukResourceReaper.java:101)
	at java.base/java.lang.Thread.run(Thread.java:1583)
2025-03-03 18:13:48 [testcontainers-ryuk] WARN  o.t.utility.RyukResourceReaper - Can not connect to Ryuk at 172.17.0.1:22782
java.net.ConnectException: Connection refused
	at java.base/sun.nio.ch.Net.pollConnect(Native Method)
	at java.base/sun.nio.ch.Net.pollConnectNow(Net.java:682)
	at java.base/sun.nio.ch.NioSocketImpl.timedFinishConnect(NioSocketImpl.java:542)
	at java.base/sun.nio.ch.NioSocketImpl.connect(NioSocketImpl.java:592)
	at java.base/java.net.SocksSocketImpl.connect(SocksSocketImpl.java:327)
	at java.base/java.net.Socket.connect(Socket.java:751)
	at org.testcontainers.utility.RyukResourceReaper.lambda$null$1(RyukResourceReaper.java:105)
	at org.rnorth.ducttape.ratelimits.RateLimiter.doWhenReady(RateLimiter.java:27)
	at org.testcontainers.utility.RyukResourceReaper.lambda$maybeStart$2(RyukResourceReaper.java:101)
	at java.base/java.lang.Thread.run(Thread.java:1583)
2025-03-03 18:13:48 [testcontainers-ryuk] WARN  o.t.utility.RyukResourceReaper - Can not connect to Ryuk at 172.17.0.1:22782
java.net.ConnectException: Connection refused
	at java.base/sun.nio.ch.Net.pollConnect(Native Method)
	at java.base/sun.nio.ch.Net.pollConnectNow(Net.java:682)
	at java.base/sun.nio.ch.NioSocketImpl.timedFinishConnect(NioSocketImpl.java:542)
	at java.base/sun.nio.ch.NioSocketImpl.connect(NioSocketImpl.java:592)
	at java.base/java.net.SocksSocketImpl.connect(SocksSocketImpl.java:327)
	at java.base/java.net.Socket.connect(Socket.java:751)
	at org.testcontainers.utility.RyukResourceReaper.lambda$null$1(RyukResourceReaper.java:105)
	at org.rnorth.ducttape.ratelimits.RateLimiter.doWhenReady(RateLimiter.java:27)
	at org.testcontainers.utility.RyukResourceReaper.lambda$maybeStart$2(RyukResourceReaper.java:101)
	at java.base/java.lang.Thread.run(Thread.java:1583)
2025-03-03 18:13:49 [testcontainers-ryuk] WARN  o.t.utility.RyukResourceReaper - Can not connect to Ryuk at 172.17.0.1:22782
java.net.ConnectException: Connection refused
	at java.base/sun.nio.ch.Net.pollConnect(Native Method)
	at java.base/sun.nio.ch.Net.pollConnectNow(Net.java:682)
	at java.base/sun.nio.ch.NioSocketImpl.timedFinishConnect(NioSocketImpl.java:542)
	at java.base/sun.nio.ch.NioSocketImpl.connect(NioSocketImpl.java:592)
	at java.base/java.net.SocksSocketImpl.connect(SocksSocketImpl.java:327)
	at java.base/java.net.Socket.connect(Socket.java:751)
	at org.testcontainers.utility.RyukResourceReaper.lambda$null$1(RyukResourceReaper.java:105)
	at org.rnorth.ducttape.ratelimits.RateLimiter.doWhenReady(RateLimiter.java:27)
	at org.testcontainers.utility.RyukResourceReaper.lambda$maybeStart$2(RyukResourceReaper.java:101)
	at java.base/java.lang.Thread.run(Thread.java:1583)
2025-03-03 18:13:49 [testcontainers-ryuk] WARN  o.t.utility.RyukResourceReaper - Can not connect to Ryuk at 172.17.0.1:22782
java.net.ConnectException: Connection refused
	at java.base/sun.nio.ch.Net.pollConnect(Native Method)
	at java.base/sun.nio.ch.Net.pollConnectNow(Net.java:682)
	at java.base/sun.nio.ch.NioSocketImpl.timedFinishConnect(NioSocketImpl.java:542)
	at java.base/sun.nio.ch.NioSocketImpl.connect(NioSocketImpl.java:592)
	at java.base/java.net.SocksSocketImpl.connect(SocksSocketImpl.java:327)
	at java.base/java.net.Socket.connect(Socket.java:751)
	at org.testcontainers.utility.RyukResourceReaper.lambda$null$1(RyukResourceReaper.java:105)
	at org.rnorth.ducttape.ratelimits.RateLimiter.doWhenReady(RateLimiter.java:27)
	at org.testcontainers.utility.RyukResourceReaper.lambda$maybeStart$2(RyukResourceReaper.java:101)
	at java.base/java.lang.Thread.run(Thread.java:1583)
2025-03-03 18:13:49 [testcontainers-ryuk] WARN  o.t.utility.RyukResourceReaper - Can not connect to Ryuk at 172.17.0.1:22782
java.net.ConnectException: Connection refused
	at java.base/sun.nio.ch.Net.pollConnect(Native Method)
	at java.base/sun.nio.ch.Net.pollConnectNow(Net.java:682)
	at java.base/sun.nio.ch.NioSocketImpl.timedFinishConnect(NioSocketImpl.java:542)
	at java.base/sun.nio.ch.NioSocketImpl.connect(NioSocketImpl.java:592)
	at java.base/java.net.SocksSocketImpl.connect(SocksSocketImpl.java:327)
	at java.base/java.net.Socket.connect(Socket.java:751)
	at org.testcontainers.utility.RyukResourceReaper.lambda$null$1(RyukResourceReaper.java:105)
	at org.rnorth.ducttape.ratelimits.RateLimiter.doWhenReady(RateLimiter.java:27)
	at org.testcontainers.utility.RyukResourceReaper.lambda$maybeStart$2(RyukResourceReaper.java:101)
	at java.base/java.lang.Thread.run(Thread.java:1583)
2025-03-03 18:13:49 [testcontainers-ryuk] WARN  o.t.utility.RyukResourceReaper - Can not connect to Ryuk at 172.17.0.1:22782
java.net.ConnectException: Connection refused
	at java.base/sun.nio.ch.Net.pollConnect(Native Method)
	at java.base/sun.nio.ch.Net.pollConnectNow(Net.java:682)
	at java.base/sun.nio.ch.NioSocketImpl.timedFinishConnect(NioSocketImpl.java:542)
	at java.base/sun.nio.ch.NioSocketImpl.connect(NioSocketImpl.java:592)
	at java.base/java.net.SocksSocketImpl.connect(SocksSocketImpl.java:327)
	at java.base/java.net.Socket.connect(Socket.java:751)
	at org.testcontainers.utility.RyukResourceReaper.lambda$null$1(RyukResourceReaper.java:105)
	at org.rnorth.ducttape.ratelimits.RateLimiter.doWhenReady(RateLimiter.java:27)
	at org.testcontainers.utility.RyukResourceReaper.lambda$maybeStart$2(RyukResourceReaper.java:101)
	at java.base/java.lang.Thread.run(Thread.java:1583)
2025-03-03 18:13:50 [testcontainers-ryuk] WARN  o.t.utility.RyukResourceReaper - Can not connect to Ryuk at 172.17.0.1:22782
java.net.ConnectException: Connection refused
	at java.base/sun.nio.ch.Net.pollConnect(Native Method)
	at java.base/sun.nio.ch.Net.pollConnectNow(Net.java:682)
	at java.base/sun.nio.ch.NioSocketImpl.timedFinishConnect(NioSocketImpl.java:542)
	at java.base/sun.nio.ch.NioSocketImpl.connect(NioSocketImpl.java:592)
	at java.base/java.net.SocksSocketImpl.connect(SocksSocketImpl.java:327)
	at java.base/java.net.Socket.connect(Socket.java:751)
	at org.testcontainers.utility.RyukResourceReaper.lambda$null$1(RyukResourceReaper.java:105)
	at org.rnorth.ducttape.ratelimits.RateLimiter.doWhenReady(RateLimiter.java:27)
	at org.testcontainers.utility.RyukResourceReaper.lambda$maybeStart$2(RyukResourceReaper.java:101)
	at java.base/java.lang.Thread.run(Thread.java:1583)
2025-03-03 18:13:50 [testcontainers-ryuk] WARN  o.t.utility.RyukResourceReaper - Can not connect to Ryuk at 172.17.0.1:22782
java.net.ConnectException: Connection refused
	at java.base/sun.nio.ch.Net.pollConnect(Native Method)
	at java.base/sun.nio.ch.Net.pollConnectNow(Net.java:682)
	at java.base/sun.nio.ch.NioSocketImpl.timedFinishConnect(NioSocketImpl.java:542)
	at java.base/sun.nio.ch.NioSocketImpl.connect(NioSocketImpl.java:592)
	at java.base/java.net.SocksSocketImpl.connect(SocksSocketImpl.java:327)
	at java.base/java.net.Socket.connect(Socket.java:751)
	at org.testcontainers.utility.RyukResourceReaper.lambda$null$1(RyukResourceReaper.java:105)
	at org.rnorth.ducttape.ratelimits.RateLimiter.doWhenReady(RateLimiter.java:27)
	at org.testcontainers.utility.RyukResourceReaper.lambda$maybeStart$2(RyukResourceReaper.java:101)
	at java.base/java.lang.Thread.run(Thread.java:1583)
2025-03-03 18:13:50 [testcontainers-ryuk] WARN  o.t.utility.RyukResourceReaper - Can not connect to Ryuk at 172.17.0.1:22782
java.net.ConnectException: Connection refused
	at java.base/sun.nio.ch.Net.pollConnect(Native Method)
	at java.base/sun.nio.ch.Net.pollConnectNow(Net.java:682)
	at java.base/sun.nio.ch.NioSocketImpl.timedFinishConnect(NioSocketImpl.java:542)
	at java.base/sun.nio.ch.NioSocketImpl.connect(NioSocketImpl.java:592)
	at java.base/java.net.SocksSocketImpl.connect(SocksSocketImpl.java:327)
	at java.base/java.net.Socket.connect(Socket.java:751)
	at org.testcontainers.utility.RyukResourceReaper.lambda$null$1(RyukResourceReaper.java:105)
	at org.rnorth.ducttape.ratelimits.RateLimiter.doWhenReady(RateLimiter.java:27)
	at org.testcontainers.utility.RyukResourceReaper.lambda$maybeStart$2(RyukResourceReaper.java:101)
	at java.base/java.lang.Thread.run(Thread.java:1583)
2025-03-03 18:13:50 [testcontainers-ryuk] WARN  o.t.utility.RyukResourceReaper - Can not connect to Ryuk at 172.17.0.1:22782
java.net.ConnectException: Connection refused
	at java.base/sun.nio.ch.Net.pollConnect(Native Method)
	at java.base/sun.nio.ch.Net.pollConnectNow(Net.java:682)
	at java.base/sun.nio.ch.NioSocketImpl.timedFinishConnect(NioSocketImpl.java:542)
	at java.base/sun.nio.ch.NioSocketImpl.connect(NioSocketImpl.java:592)
	at java.base/java.net.SocksSocketImpl.connect(SocksSocketImpl.java:327)
	at java.base/java.net.Socket.connect(Socket.java:751)
	at org.testcontainers.utility.RyukResourceReaper.lambda$null$1(RyukResourceReaper.java:105)
	at org.rnorth.ducttape.ratelimits.RateLimiter.doWhenReady(RateLimiter.java:27)
	at org.testcontainers.utility.RyukResourceReaper.lambda$maybeStart$2(RyukResourceReaper.java:101)
	at java.base/java.lang.Thread.run(Thread.java:1583)
2025-03-03 18:13:51 [testcontainers-ryuk] WARN  o.t.utility.RyukResourceReaper - Can not connect to Ryuk at 172.17.0.1:22782
java.net.ConnectException: Connection refused
	at java.base/sun.nio.ch.Net.pollConnect(Native Method)
	at java.base/sun.nio.ch.Net.pollConnectNow(Net.java:682)
	at java.base/sun.nio.ch.NioSocketImpl.timedFinishConnect(NioSocketImpl.java:542)
	at java.base/sun.nio.ch.NioSocketImpl.connect(NioSocketImpl.java:592)
	at java.base/java.net.SocksSocketImpl.connect(SocksSocketImpl.java:327)
	at java.base/java.net.Socket.connect(Socket.java:751)
	at org.testcontainers.utility.RyukResourceReaper.lambda$null$1(RyukResourceReaper.java:105)
	at org.rnorth.ducttape.ratelimits.RateLimiter.doWhenReady(RateLimiter.java:27)
	at org.testcontainers.utility.RyukResourceReaper.lambda$maybeStart$2(RyukResourceReaper.java:101)
	at java.base/java.lang.Thread.run(Thread.java:1583)
2025-03-03 18:13:51 [testcontainers-ryuk] WARN  o.t.utility.RyukResourceReaper - Can not connect to Ryuk at 172.17.0.1:22782
java.net.ConnectException: Connection refused
	at java.base/sun.nio.ch.Net.pollConnect(Native Method)
	at java.base/sun.nio.ch.Net.pollConnectNow(Net.java:682)
	at java.base/sun.nio.ch.NioSocketImpl.timedFinishConnect(NioSocketImpl.java:542)
	at java.base/sun.nio.ch.NioSocketImpl.connect(NioSocketImpl.java:592)
	at java.base/java.net.SocksSocketImpl.connect(SocksSocketImpl.java:327)
	at java.base/java.net.Socket.connect(Socket.java:751)
	at org.testcontainers.utility.RyukResourceReaper.lambda$null$1(RyukResourceReaper.java:105)
	at org.rnorth.ducttape.ratelimits.RateLimiter.doWhenReady(RateLimiter.java:27)
	at org.testcontainers.utility.RyukResourceReaper.lambda$maybeStart$2(RyukResourceReaper.java:101)
	at java.base/java.lang.Thread.run(Thread.java:1583)
2025-03-03 18:13:51 [testcontainers-ryuk] WARN  o.t.utility.RyukResourceReaper - Can not connect to Ryuk at 172.17.0.1:22782
java.net.ConnectException: Connection refused
	at java.base/sun.nio.ch.Net.pollConnect(Native Method)
	at java.base/sun.nio.ch.Net.pollConnectNow(Net.java:682)
	at java.base/sun.nio.ch.NioSocketImpl.timedFinishConnect(NioSocketImpl.java:542)
	at java.base/sun.nio.ch.NioSocketImpl.connect(NioSocketImpl.java:592)
	at java.base/java.net.SocksSocketImpl.connect(SocksSocketImpl.java:327)
	at java.base/java.net.Socket.connect(Socket.java:751)
	at org.testcontainers.utility.RyukResourceReaper.lambda$null$1(RyukResourceReaper.java:105)
	at org.rnorth.ducttape.ratelimits.RateLimiter.doWhenReady(RateLimiter.java:27)
	at org.testcontainers.utility.RyukResourceReaper.lambda$maybeStart$2(RyukResourceReaper.java:101)
	at java.base/java.lang.Thread.run(Thread.java:1583)
2025-03-03 18:13:51 [testcontainers-ryuk] WARN  o.t.utility.RyukResourceReaper - Can not connect to Ryuk at 172.17.0.1:22782
java.net.ConnectException: Connection refused
	at java.base/sun.nio.ch.Net.pollConnect(Native Method)
	at java.base/sun.nio.ch.Net.pollConnectNow(Net.java:682)
	at java.base/sun.nio.ch.NioSocketImpl.timedFinishConnect(NioSocketImpl.java:542)
	at java.base/sun.nio.ch.NioSocketImpl.connect(NioSocketImpl.java:592)
	at java.base/java.net.SocksSocketImpl.connect(SocksSocketImpl.java:327)
	at java.base/java.net.Socket.connect(Socket.java:751)
	at org.testcontainers.utility.RyukResourceReaper.lambda$null$1(RyukResourceReaper.java:105)
	at org.rnorth.ducttape.ratelimits.RateLimiter.doWhenReady(RateLimiter.java:27)
	at org.testcontainers.utility.RyukResourceReaper.lambda$maybeStart$2(RyukResourceReaper.java:101)
	at java.base/java.lang.Thread.run(Thread.java:1583)
2025-03-03 18:13:52 [testcontainers-ryuk] WARN  o.t.utility.RyukResourceReaper - Can not connect to Ryuk at 172.17.0.1:22782
java.net.ConnectException: Connection refused
	at java.base/sun.nio.ch.Net.pollConnect(Native Method)
	at java.base/sun.nio.ch.Net.pollConnectNow(Net.java:682)
	at java.base/sun.nio.ch.NioSocketImpl.timedFinishConnect(NioSocketImpl.java:542)
	at java.base/sun.nio.ch.NioSocketImpl.connect(NioSocketImpl.java:592)
	at java.base/java.net.SocksSocketImpl.connect(SocksSocketImpl.java:327)
	at java.base/java.net.Socket.connect(Socket.java:751)
	at org.testcontainers.utility.RyukResourceReaper.lambda$null$1(RyukResourceReaper.java:105)
	at org.rnorth.ducttape.ratelimits.RateLimiter.doWhenReady(RateLimiter.java:27)
	at org.testcontainers.utility.RyukResourceReaper.lambda$maybeStart$2(RyukResourceReaper.java:101)
	at java.base/java.lang.Thread.run(Thread.java:1583)
2025-03-03 18:13:52 [testcontainers-ryuk] WARN  o.t.utility.RyukResourceReaper - Can not connect to Ryuk at 172.17.0.1:22782
java.net.ConnectException: Connection refused
	at java.base/sun.nio.ch.Net.pollConnect(Native Method)
	at java.base/sun.nio.ch.Net.pollConnectNow(Net.java:682)
	at java.base/sun.nio.ch.NioSocketImpl.timedFinishConnect(NioSocketImpl.java:542)
	at java.base/sun.nio.ch.NioSocketImpl.connect(NioSocketImpl.java:592)
	at java.base/java.net.SocksSocketImpl.connect(SocksSocketImpl.java:327)
	at java.base/java.net.Socket.connect(Socket.java:751)
	at org.testcontainers.utility.RyukResourceReaper.lambda$null$1(RyukResourceReaper.java:105)
	at org.rnorth.ducttape.ratelimits.RateLimiter.doWhenReady(RateLimiter.java:27)
	at org.testcontainers.utility.RyukResourceReaper.lambda$maybeStart$2(RyukResourceReaper.java:101)
	at java.base/java.lang.Thread.run(Thread.java:1583)
2025-03-03 18:13:52 [testcontainers-ryuk] WARN  o.t.utility.RyukResourceReaper - Can not connect to Ryuk at 172.17.0.1:22782
java.net.ConnectException: Connection refused
	at java.base/sun.nio.ch.Net.pollConnect(Native Method)
	at java.base/sun.nio.ch.Net.pollConnectNow(Net.java:682)
	at java.base/sun.nio.ch.NioSocketImpl.timedFinishConnect(NioSocketImpl.java:542)
	at java.base/sun.nio.ch.NioSocketImpl.connect(NioSocketImpl.java:592)
	at java.base/java.net.SocksSocketImpl.connect(SocksSocketImpl.java:327)
	at java.base/java.net.Socket.connect(Socket.java:751)
	at org.testcontainers.utility.RyukResourceReaper.lambda$null$1(RyukResourceReaper.java:105)
	at org.rnorth.ducttape.ratelimits.RateLimiter.doWhenReady(RateLimiter.java:27)
	at org.testcontainers.utility.RyukResourceReaper.lambda$maybeStart$2(RyukResourceReaper.java:101)
	at java.base/java.lang.Thread.run(Thread.java:1583)
2025-03-03 18:13:52 [testcontainers-ryuk] WARN  o.t.utility.RyukResourceReaper - Can not connect to Ryuk at 172.17.0.1:22782
java.net.ConnectException: Connection refused
	at java.base/sun.nio.ch.Net.pollConnect(Native Method)
	at java.base/sun.nio.ch.Net.pollConnectNow(Net.java:682)
	at java.base/sun.nio.ch.NioSocketImpl.timedFinishConnect(NioSocketImpl.java:542)
	at java.base/sun.nio.ch.NioSocketImpl.connect(NioSocketImpl.java:592)
	at java.base/java.net.SocksSocketImpl.connect(SocksSocketImpl.java:327)
	at java.base/java.net.Socket.connect(Socket.java:751)
	at org.testcontainers.utility.RyukResourceReaper.lambda$null$1(RyukResourceReaper.java:105)
	at org.rnorth.ducttape.ratelimits.RateLimiter.doWhenReady(RateLimiter.java:27)
	at org.testcontainers.utility.RyukResourceReaper.lambda$maybeStart$2(RyukResourceReaper.java:101)
	at java.base/java.lang.Thread.run(Thread.java:1583)
2025-03-03 18:13:53 [testcontainers-ryuk] WARN  o.t.utility.RyukResourceReaper - Can not connect to Ryuk at 172.17.0.1:22782
java.net.ConnectException: Connection refused
	at java.base/sun.nio.ch.Net.pollConnect(Native Method)
	at java.base/sun.nio.ch.Net.pollConnectNow(Net.java:682)
	at java.base/sun.nio.ch.NioSocketImpl.timedFinishConnect(NioSocketImpl.java:542)
	at java.base/sun.nio.ch.NioSocketImpl.connect(NioSocketImpl.java:592)
	at java.base/java.net.SocksSocketImpl.connect(SocksSocketImpl.java:327)
	at java.base/java.net.Socket.connect(Socket.java:751)
	at org.testcontainers.utility.RyukResourceReaper.lambda$null$1(RyukResourceReaper.java:105)
	at org.rnorth.ducttape.ratelimits.RateLimiter.doWhenReady(RateLimiter.java:27)
	at org.testcontainers.utility.RyukResourceReaper.lambda$maybeStart$2(RyukResourceReaper.java:101)
	at java.base/java.lang.Thread.run(Thread.java:1583)
2025-03-03 18:13:53 [testcontainers-ryuk] WARN  o.t.utility.RyukResourceReaper - Can not connect to Ryuk at 172.17.0.1:22782
java.net.ConnectException: Connection refused
	at java.base/sun.nio.ch.Net.pollConnect(Native Method)
	at java.base/sun.nio.ch.Net.pollConnectNow(Net.java:682)
	at java.base/sun.nio.ch.NioSocketImpl.timedFinishConnect(NioSocketImpl.java:542)
	at java.base/sun.nio.ch.NioSocketImpl.connect(NioSocketImpl.java:592)
	at java.base/java.net.SocksSocketImpl.connect(SocksSocketImpl.java:327)
	at java.base/java.net.Socket.connect(Socket.java:751)
	at org.testcontainers.utility.RyukResourceReaper.lambda$null$1(RyukResourceReaper.java:105)
	at org.rnorth.ducttape.ratelimits.RateLimiter.doWhenReady(RateLimiter.java:27)
	at org.testcontainers.utility.RyukResourceReaper.lambda$maybeStart$2(RyukResourceReaper.java:101)
	at java.base/java.lang.Thread.run(Thread.java:1583)
2025-03-03 18:13:53 [main] INFO  o.s.d.r.c.RepositoryConfigurationDelegate - Bootstrapping Spring Data JPA repositories in DEFAULT mode.
2025-03-03 18:13:53 [testcontainers-ryuk] WARN  o.t.utility.RyukResourceReaper - Can not connect to Ryuk at 172.17.0.1:22782
java.net.ConnectException: Connection refused
	at java.base/sun.nio.ch.Net.pollConnect(Native Method)
	at java.base/sun.nio.ch.Net.pollConnectNow(Net.java:682)
	at java.base/sun.nio.ch.NioSocketImpl.timedFinishConnect(NioSocketImpl.java:542)
	at java.base/sun.nio.ch.NioSocketImpl.connect(NioSocketImpl.java:592)
	at java.base/java.net.SocksSocketImpl.connect(SocksSocketImpl.java:327)
	at java.base/java.net.Socket.connect(Socket.java:751)
	at org.testcontainers.utility.RyukResourceReaper.lambda$null$1(RyukResourceReaper.java:105)
	at org.rnorth.ducttape.ratelimits.RateLimiter.doWhenReady(RateLimiter.java:27)
	at org.testcontainers.utility.RyukResourceReaper.lambda$maybeStart$2(RyukResourceReaper.java:101)
	at java.base/java.lang.Thread.run(Thread.java:1583)
2025-03-03 18:13:53 [testcontainers-ryuk] WARN  o.t.utility.RyukResourceReaper - Can not connect to Ryuk at 172.17.0.1:22782
java.net.ConnectException: Connection refused
	at java.base/sun.nio.ch.Net.pollConnect(Native Method)
	at java.base/sun.nio.ch.Net.pollConnectNow(Net.java:682)
	at java.base/sun.nio.ch.NioSocketImpl.timedFinishConnect(NioSocketImpl.java:542)
	at java.base/sun.nio.ch.NioSocketImpl.connect(NioSocketImpl.java:592)
	at java.base/java.net.SocksSocketImpl.connect(SocksSocketImpl.java:327)
	at java.base/java.net.Socket.connect(Socket.java:751)
	at org.testcontainers.utility.RyukResourceReaper.lambda$null$1(RyukResourceReaper.java:105)
	at org.rnorth.ducttape.ratelimits.RateLimiter.doWhenReady(RateLimiter.java:27)
	at org.testcontainers.utility.RyukResourceReaper.lambda$maybeStart$2(RyukResourceReaper.java:101)
	at java.base/java.lang.Thread.run(Thread.java:1583)
2025-03-03 18:13:54 [testcontainers-ryuk] WARN  o.t.utility.RyukResourceReaper - Can not connect to Ryuk at 172.17.0.1:22782
java.net.ConnectException: Connection refused
	at java.base/sun.nio.ch.Net.pollConnect(Native Method)
	at java.base/sun.nio.ch.Net.pollConnectNow(Net.java:682)
	at java.base/sun.nio.ch.NioSocketImpl.timedFinishConnect(NioSocketImpl.java:542)
	at java.base/sun.nio.ch.NioSocketImpl.connect(NioSocketImpl.java:592)
	at java.base/java.net.SocksSocketImpl.connect(SocksSocketImpl.java:327)
	at java.base/java.net.Socket.connect(Socket.java:751)
	at org.testcontainers.utility.RyukResourceReaper.lambda$null$1(RyukResourceReaper.java:105)
	at org.rnorth.ducttape.ratelimits.RateLimiter.doWhenReady(RateLimiter.java:27)
	at org.testcontainers.utility.RyukResourceReaper.lambda$maybeStart$2(RyukResourceReaper.java:101)
	at java.base/java.lang.Thread.run(Thread.java:1583)
2025-03-03 18:13:54 [testcontainers-ryuk] WARN  o.t.utility.RyukResourceReaper - Can not connect to Ryuk at 172.17.0.1:22782
java.net.ConnectException: Connection refused
	at java.base/sun.nio.ch.Net.pollConnect(Native Method)
	at java.base/sun.nio.ch.Net.pollConnectNow(Net.java:682)
	at java.base/sun.nio.ch.NioSocketImpl.timedFinishConnect(NioSocketImpl.java:542)
	at java.base/sun.nio.ch.NioSocketImpl.connect(NioSocketImpl.java:592)
	at java.base/java.net.SocksSocketImpl.connect(SocksSocketImpl.java:327)
	at java.base/java.net.Socket.connect(Socket.java:751)
	at org.testcontainers.utility.RyukResourceReaper.lambda$null$1(RyukResourceReaper.java:105)
	at org.rnorth.ducttape.ratelimits.RateLimiter.doWhenReady(RateLimiter.java:27)
	at org.testcontainers.utility.RyukResourceReaper.lambda$maybeStart$2(RyukResourceReaper.java:101)
	at java.base/java.lang.Thread.run(Thread.java:1583)
2025-03-03 18:13:54 [main] INFO  o.s.d.r.c.RepositoryConfigurationDelegate - Finished Spring Data repository scanning in 826 ms. Found 5 JPA repository interfaces.
2025-03-03 18:13:54 [testcontainers-ryuk] WARN  o.t.utility.RyukResourceReaper - Can not connect to Ryuk at 172.17.0.1:22782
java.net.ConnectException: Connection refused
	at java.base/sun.nio.ch.Net.pollConnect(Native Method)
	at java.base/sun.nio.ch.Net.pollConnectNow(Net.java:682)
	at java.base/sun.nio.ch.NioSocketImpl.timedFinishConnect(NioSocketImpl.java:542)
	at java.base/sun.nio.ch.NioSocketImpl.connect(NioSocketImpl.java:592)
	at java.base/java.net.SocksSocketImpl.connect(SocksSocketImpl.java:327)
	at java.base/java.net.Socket.connect(Socket.java:751)
	at org.testcontainers.utility.RyukResourceReaper.lambda$null$1(RyukResourceReaper.java:105)
	at org.rnorth.ducttape.ratelimits.RateLimiter.doWhenReady(RateLimiter.java:27)
	at org.testcontainers.utility.RyukResourceReaper.lambda$maybeStart$2(RyukResourceReaper.java:101)
	at java.base/java.lang.Thread.run(Thread.java:1583)
2025-03-03 18:13:54 [testcontainers-ryuk] WARN  o.t.utility.RyukResourceReaper - Can not connect to Ryuk at 172.17.0.1:22782
java.net.ConnectException: Connection refused
	at java.base/sun.nio.ch.Net.pollConnect(Native Method)
	at java.base/sun.nio.ch.Net.pollConnectNow(Net.java:682)
	at java.base/sun.nio.ch.NioSocketImpl.timedFinishConnect(NioSocketImpl.java:542)
	at java.base/sun.nio.ch.NioSocketImpl.connect(NioSocketImpl.java:592)
	at java.base/java.net.SocksSocketImpl.connect(SocksSocketImpl.java:327)
	at java.base/java.net.Socket.connect(Socket.java:751)
	at org.testcontainers.utility.RyukResourceReaper.lambda$null$1(RyukResourceReaper.java:105)
	at org.rnorth.ducttape.ratelimits.RateLimiter.doWhenReady(RateLimiter.java:27)
	at org.testcontainers.utility.RyukResourceReaper.lambda$maybeStart$2(RyukResourceReaper.java:101)
	at java.base/java.lang.Thread.run(Thread.java:1583)
2025-03-03 18:13:55 [testcontainers-ryuk] WARN  o.t.utility.RyukResourceReaper - Can not connect to Ryuk at 172.17.0.1:22782
java.net.ConnectException: Connection refused
	at java.base/sun.nio.ch.Net.pollConnect(Native Method)
	at java.base/sun.nio.ch.Net.pollConnectNow(Net.java:682)
	at java.base/sun.nio.ch.NioSocketImpl.timedFinishConnect(NioSocketImpl.java:542)
	at java.base/sun.nio.ch.NioSocketImpl.connect(NioSocketImpl.java:592)
	at java.base/java.net.SocksSocketImpl.connect(SocksSocketImpl.java:327)
	at java.base/java.net.Socket.connect(Socket.java:751)
	at org.testcontainers.utility.RyukResourceReaper.lambda$null$1(RyukResourceReaper.java:105)
	at org.rnorth.ducttape.ratelimits.RateLimiter.doWhenReady(RateLimiter.java:27)
	at org.testcontainers.utility.RyukResourceReaper.lambda$maybeStart$2(RyukResourceReaper.java:101)
	at java.base/java.lang.Thread.run(Thread.java:1583)
2025-03-03 18:13:55 [testcontainers-ryuk] WARN  o.t.utility.RyukResourceReaper - Can not connect to Ryuk at 172.17.0.1:22782
java.net.ConnectException: Connection refused
	at java.base/sun.nio.ch.Net.pollConnect(Native Method)
	at java.base/sun.nio.ch.Net.pollConnectNow(Net.java:682)
	at java.base/sun.nio.ch.NioSocketImpl.timedFinishConnect(NioSocketImpl.java:542)
	at java.base/sun.nio.ch.NioSocketImpl.connect(NioSocketImpl.java:592)
	at java.base/java.net.SocksSocketImpl.connect(SocksSocketImpl.java:327)
	at java.base/java.net.Socket.connect(Socket.java:751)
	at org.testcontainers.utility.RyukResourceReaper.lambda$null$1(RyukResourceReaper.java:105)
	at org.rnorth.ducttape.ratelimits.RateLimiter.doWhenReady(RateLimiter.java:27)
	at org.testcontainers.utility.RyukResourceReaper.lambda$maybeStart$2(RyukResourceReaper.java:101)
	at java.base/java.lang.Thread.run(Thread.java:1583)
2025-03-03 18:13:55 [testcontainers-ryuk] WARN  o.t.utility.RyukResourceReaper - Can not connect to Ryuk at 172.17.0.1:22782
java.net.ConnectException: Connection refused
	at java.base/sun.nio.ch.Net.pollConnect(Native Method)
	at java.base/sun.nio.ch.Net.pollConnectNow(Net.java:682)
	at java.base/sun.nio.ch.NioSocketImpl.timedFinishConnect(NioSocketImpl.java:542)
	at java.base/sun.nio.ch.NioSocketImpl.connect(NioSocketImpl.java:592)
	at java.base/java.net.SocksSocketImpl.connect(SocksSocketImpl.java:327)
	at java.base/java.net.Socket.connect(Socket.java:751)
	at org.testcontainers.utility.RyukResourceReaper.lambda$null$1(RyukResourceReaper.java:105)
	at org.rnorth.ducttape.ratelimits.RateLimiter.doWhenReady(RateLimiter.java:27)
	at org.testcontainers.utility.RyukResourceReaper.lambda$maybeStart$2(RyukResourceReaper.java:101)
	at java.base/java.lang.Thread.run(Thread.java:1583)
2025-03-03 18:13:55 [testcontainers-ryuk] WARN  o.t.utility.RyukResourceReaper - Can not connect to Ryuk at 172.17.0.1:22782
java.net.ConnectException: Connection refused
	at java.base/sun.nio.ch.Net.pollConnect(Native Method)
	at java.base/sun.nio.ch.Net.pollConnectNow(Net.java:682)
	at java.base/sun.nio.ch.NioSocketImpl.timedFinishConnect(NioSocketImpl.java:542)
	at java.base/sun.nio.ch.NioSocketImpl.connect(NioSocketImpl.java:592)
	at java.base/java.net.SocksSocketImpl.connect(SocksSocketImpl.java:327)
	at java.base/java.net.Socket.connect(Socket.java:751)
	at org.testcontainers.utility.RyukResourceReaper.lambda$null$1(RyukResourceReaper.java:105)
	at org.rnorth.ducttape.ratelimits.RateLimiter.doWhenReady(RateLimiter.java:27)
	at org.testcontainers.utility.RyukResourceReaper.lambda$maybeStart$2(RyukResourceReaper.java:101)
	at java.base/java.lang.Thread.run(Thread.java:1583)
2025-03-03 18:13:56 [testcontainers-ryuk] WARN  o.t.utility.RyukResourceReaper - Can not connect to Ryuk at 172.17.0.1:22782
java.net.ConnectException: Connection refused
	at java.base/sun.nio.ch.Net.pollConnect(Native Method)
	at java.base/sun.nio.ch.Net.pollConnectNow(Net.java:682)
	at java.base/sun.nio.ch.NioSocketImpl.timedFinishConnect(NioSocketImpl.java:542)
	at java.base/sun.nio.ch.NioSocketImpl.connect(NioSocketImpl.java:592)
	at java.base/java.net.SocksSocketImpl.connect(SocksSocketImpl.java:327)
	at java.base/java.net.Socket.connect(Socket.java:751)
	at org.testcontainers.utility.RyukResourceReaper.lambda$null$1(RyukResourceReaper.java:105)
	at org.rnorth.ducttape.ratelimits.RateLimiter.doWhenReady(RateLimiter.java:27)
	at org.testcontainers.utility.RyukResourceReaper.lambda$maybeStart$2(RyukResourceReaper.java:101)
	at java.base/java.lang.Thread.run(Thread.java:1583)
2025-03-03 18:13:56 [testcontainers-ryuk] WARN  o.t.utility.RyukResourceReaper - Can not connect to Ryuk at 172.17.0.1:22782
java.net.ConnectException: Connection refused
	at java.base/sun.nio.ch.Net.pollConnect(Native Method)
	at java.base/sun.nio.ch.Net.pollConnectNow(Net.java:682)
	at java.base/sun.nio.ch.NioSocketImpl.timedFinishConnect(NioSocketImpl.java:542)
	at java.base/sun.nio.ch.NioSocketImpl.connect(NioSocketImpl.java:592)
	at java.base/java.net.SocksSocketImpl.connect(SocksSocketImpl.java:327)
	at java.base/java.net.Socket.connect(Socket.java:751)
	at org.testcontainers.utility.RyukResourceReaper.lambda$null$1(RyukResourceReaper.java:105)
	at org.rnorth.ducttape.ratelimits.RateLimiter.doWhenReady(RateLimiter.java:27)
	at org.testcontainers.utility.RyukResourceReaper.lambda$maybeStart$2(RyukResourceReaper.java:101)
	at java.base/java.lang.Thread.run(Thread.java:1583)
2025-03-03 18:13:56 [testcontainers-ryuk] WARN  o.t.utility.RyukResourceReaper - Can not connect to Ryuk at 172.17.0.1:22782
java.net.ConnectException: Connection refused
	at java.base/sun.nio.ch.Net.pollConnect(Native Method)
	at java.base/sun.nio.ch.Net.pollConnectNow(Net.java:682)
	at java.base/sun.nio.ch.NioSocketImpl.timedFinishConnect(NioSocketImpl.java:542)
	at java.base/sun.nio.ch.NioSocketImpl.connect(NioSocketImpl.java:592)
	at java.base/java.net.SocksSocketImpl.connect(SocksSocketImpl.java:327)
	at java.base/java.net.Socket.connect(Socket.java:751)
	at org.testcontainers.utility.RyukResourceReaper.lambda$null$1(RyukResourceReaper.java:105)
	at org.rnorth.ducttape.ratelimits.RateLimiter.doWhenReady(RateLimiter.java:27)
	at org.testcontainers.utility.RyukResourceReaper.lambda$maybeStart$2(RyukResourceReaper.java:101)
	at java.base/java.lang.Thread.run(Thread.java:1583)
2025-03-03 18:13:57 [testcontainers-ryuk] WARN  o.t.utility.RyukResourceReaper - Can not connect to Ryuk at 172.17.0.1:22782
java.net.ConnectException: Connection refused
	at java.base/sun.nio.ch.Net.pollConnect(Native Method)
	at java.base/sun.nio.ch.Net.pollConnectNow(Net.java:682)
	at java.base/sun.nio.ch.NioSocketImpl.timedFinishConnect(NioSocketImpl.java:542)
	at java.base/sun.nio.ch.NioSocketImpl.connect(NioSocketImpl.java:592)
	at java.base/java.net.SocksSocketImpl.connect(SocksSocketImpl.java:327)
	at java.base/java.net.Socket.connect(Socket.java:751)
	at org.testcontainers.utility.RyukResourceReaper.lambda$null$1(RyukResourceReaper.java:105)
	at org.rnorth.ducttape.ratelimits.RateLimiter.doWhenReady(RateLimiter.java:27)
	at org.testcontainers.utility.RyukResourceReaper.lambda$maybeStart$2(RyukResourceReaper.java:101)
	at java.base/java.lang.Thread.run(Thread.java:1583)
2025-03-03 18:13:57 [testcontainers-ryuk] WARN  o.t.utility.RyukResourceReaper - Can not connect to Ryuk at 172.17.0.1:22782
java.net.ConnectException: Connection refused
	at java.base/sun.nio.ch.Net.pollConnect(Native Method)
	at java.base/sun.nio.ch.Net.pollConnectNow(Net.java:682)
	at java.base/sun.nio.ch.NioSocketImpl.timedFinishConnect(NioSocketImpl.java:542)
	at java.base/sun.nio.ch.NioSocketImpl.connect(NioSocketImpl.java:592)
	at java.base/java.net.SocksSocketImpl.connect(SocksSocketImpl.java:327)
	at java.base/java.net.Socket.connect(Socket.java:751)
	at org.testcontainers.utility.RyukResourceReaper.lambda$null$1(RyukResourceReaper.java:105)
	at org.rnorth.ducttape.ratelimits.RateLimiter.doWhenReady(RateLimiter.java:27)
	at org.testcontainers.utility.RyukResourceReaper.lambda$maybeStart$2(RyukResourceReaper.java:101)
	at java.base/java.lang.Thread.run(Thread.java:1583)
2025-03-03 18:13:57 [testcontainers-ryuk] WARN  o.t.utility.RyukResourceReaper - Can not connect to Ryuk at 172.17.0.1:22782
java.net.ConnectException: Connection refused
	at java.base/sun.nio.ch.Net.pollConnect(Native Method)
	at java.base/sun.nio.ch.Net.pollConnectNow(Net.java:682)
	at java.base/sun.nio.ch.NioSocketImpl.timedFinishConnect(NioSocketImpl.java:542)
	at java.base/sun.nio.ch.NioSocketImpl.connect(NioSocketImpl.java:592)
	at java.base/java.net.SocksSocketImpl.connect(SocksSocketImpl.java:327)
	at java.base/java.net.Socket.connect(Socket.java:751)
	at org.testcontainers.utility.RyukResourceReaper.lambda$null$1(RyukResourceReaper.java:105)
	at org.rnorth.ducttape.ratelimits.RateLimiter.doWhenReady(RateLimiter.java:27)
	at org.testcontainers.utility.RyukResourceReaper.lambda$maybeStart$2(RyukResourceReaper.java:101)
	at java.base/java.lang.Thread.run(Thread.java:1583)
2025-03-03 18:13:57 [testcontainers-ryuk] WARN  o.t.utility.RyukResourceReaper - Can not connect to Ryuk at 172.17.0.1:22782
java.net.ConnectException: Connection refused
	at java.base/sun.nio.ch.Net.pollConnect(Native Method)
	at java.base/sun.nio.ch.Net.pollConnectNow(Net.java:682)
	at java.base/sun.nio.ch.NioSocketImpl.timedFinishConnect(NioSocketImpl.java:542)
	at java.base/sun.nio.ch.NioSocketImpl.connect(NioSocketImpl.java:592)
	at java.base/java.net.SocksSocketImpl.connect(SocksSocketImpl.java:327)
	at java.base/java.net.Socket.connect(Socket.java:751)
	at org.testcontainers.utility.RyukResourceReaper.lambda$null$1(RyukResourceReaper.java:105)
	at org.rnorth.ducttape.ratelimits.RateLimiter.doWhenReady(RateLimiter.java:27)
	at org.testcontainers.utility.RyukResourceReaper.lambda$maybeStart$2(RyukResourceReaper.java:101)
	at java.base/java.lang.Thread.run(Thread.java:1583)
2025-03-03 18:13:57 [main] INFO  com.zaxxer.hikari.HikariDataSource - HikariPool-1 - Starting...
2025-03-03 18:13:58 [testcontainers-ryuk] WARN  o.t.utility.RyukResourceReaper - Can not connect to Ryuk at 172.17.0.1:22782
java.net.ConnectException: Connection refused
	at java.base/sun.nio.ch.Net.pollConnect(Native Method)
	at java.base/sun.nio.ch.Net.pollConnectNow(Net.java:682)
	at java.base/sun.nio.ch.NioSocketImpl.timedFinishConnect(NioSocketImpl.java:542)
	at java.base/sun.nio.ch.NioSocketImpl.connect(NioSocketImpl.java:592)
	at java.base/java.net.SocksSocketImpl.connect(SocksSocketImpl.java:327)
	at java.base/java.net.Socket.connect(Socket.java:751)
	at org.testcontainers.utility.RyukResourceReaper.lambda$null$1(RyukResourceReaper.java:105)
	at org.rnorth.ducttape.ratelimits.RateLimiter.doWhenReady(RateLimiter.java:27)
	at org.testcontainers.utility.RyukResourceReaper.lambda$maybeStart$2(RyukResourceReaper.java:101)
	at java.base/java.lang.Thread.run(Thread.java:1583)
2025-03-03 18:13:58 [testcontainers-ryuk] WARN  o.t.utility.RyukResourceReaper - Can not connect to Ryuk at 172.17.0.1:22782
java.net.ConnectException: Connection refused
	at java.base/sun.nio.ch.Net.pollConnect(Native Method)
	at java.base/sun.nio.ch.Net.pollConnectNow(Net.java:682)
	at java.base/sun.nio.ch.NioSocketImpl.timedFinishConnect(NioSocketImpl.java:542)
	at java.base/sun.nio.ch.NioSocketImpl.connect(NioSocketImpl.java:592)
	at java.base/java.net.SocksSocketImpl.connect(SocksSocketImpl.java:327)
	at java.base/java.net.Socket.connect(Socket.java:751)
	at org.testcontainers.utility.RyukResourceReaper.lambda$null$1(RyukResourceReaper.java:105)
	at org.rnorth.ducttape.ratelimits.RateLimiter.doWhenReady(RateLimiter.java:27)
	at org.testcontainers.utility.RyukResourceReaper.lambda$maybeStart$2(RyukResourceReaper.java:101)
	at java.base/java.lang.Thread.run(Thread.java:1583)
2025-03-03 18:13:58 [testcontainers-ryuk] WARN  o.t.utility.RyukResourceReaper - Can not connect to Ryuk at 172.17.0.1:22782
java.net.ConnectException: Connection refused
	at java.base/sun.nio.ch.Net.pollConnect(Native Method)
	at java.base/sun.nio.ch.Net.pollConnectNow(Net.java:682)
	at java.base/sun.nio.ch.NioSocketImpl.timedFinishConnect(NioSocketImpl.java:542)
	at java.base/sun.nio.ch.NioSocketImpl.connect(NioSocketImpl.java:592)
	at java.base/java.net.SocksSocketImpl.connect(SocksSocketImpl.java:327)
	at java.base/java.net.Socket.connect(Socket.java:751)
	at org.testcontainers.utility.RyukResourceReaper.lambda$null$1(RyukResourceReaper.java:105)
	at org.rnorth.ducttape.ratelimits.RateLimiter.doWhenReady(RateLimiter.java:27)
	at org.testcontainers.utility.RyukResourceReaper.lambda$maybeStart$2(RyukResourceReaper.java:101)
	at java.base/java.lang.Thread.run(Thread.java:1583)
2025-03-03 18:13:58 [testcontainers-ryuk] WARN  o.t.utility.RyukResourceReaper - Can not connect to Ryuk at 172.17.0.1:22782
java.net.ConnectException: Connection refused
	at java.base/sun.nio.ch.Net.pollConnect(Native Method)
	at java.base/sun.nio.ch.Net.pollConnectNow(Net.java:682)
	at java.base/sun.nio.ch.NioSocketImpl.timedFinishConnect(NioSocketImpl.java:542)
	at java.base/sun.nio.ch.NioSocketImpl.connect(NioSocketImpl.java:592)
	at java.base/java.net.SocksSocketImpl.connect(SocksSocketImpl.java:327)
	at java.base/java.net.Socket.connect(Socket.java:751)
	at org.testcontainers.utility.RyukResourceReaper.lambda$null$1(RyukResourceReaper.java:105)
	at org.rnorth.ducttape.ratelimits.RateLimiter.doWhenReady(RateLimiter.java:27)
	at org.testcontainers.utility.RyukResourceReaper.lambda$maybeStart$2(RyukResourceReaper.java:101)
	at java.base/java.lang.Thread.run(Thread.java:1583)
2025-03-03 18:13:59 [testcontainers-ryuk] WARN  o.t.utility.RyukResourceReaper - Can not connect to Ryuk at 172.17.0.1:22782
java.net.ConnectException: Connection refused
	at java.base/sun.nio.ch.Net.pollConnect(Native Method)
	at java.base/sun.nio.ch.Net.pollConnectNow(Net.java:682)
	at java.base/sun.nio.ch.NioSocketImpl.timedFinishConnect(NioSocketImpl.java:542)
	at java.base/sun.nio.ch.NioSocketImpl.connect(NioSocketImpl.java:592)
	at java.base/java.net.SocksSocketImpl.connect(SocksSocketImpl.java:327)
	at java.base/java.net.Socket.connect(Socket.java:751)
	at org.testcontainers.utility.RyukResourceReaper.lambda$null$1(RyukResourceReaper.java:105)
	at org.rnorth.ducttape.ratelimits.RateLimiter.doWhenReady(RateLimiter.java:27)
	at org.testcontainers.utility.RyukResourceReaper.lambda$maybeStart$2(RyukResourceReaper.java:101)
	at java.base/java.lang.Thread.run(Thread.java:1583)
2025-03-03 18:13:59 [testcontainers-ryuk] WARN  o.t.utility.RyukResourceReaper - Can not connect to Ryuk at 172.17.0.1:22782
java.net.ConnectException: Connection refused
	at java.base/sun.nio.ch.Net.pollConnect(Native Method)
	at java.base/sun.nio.ch.Net.pollConnectNow(Net.java:682)
	at java.base/sun.nio.ch.NioSocketImpl.timedFinishConnect(NioSocketImpl.java:542)
	at java.base/sun.nio.ch.NioSocketImpl.connect(NioSocketImpl.java:592)
	at java.base/java.net.SocksSocketImpl.connect(SocksSocketImpl.java:327)
	at java.base/java.net.Socket.connect(Socket.java:751)
	at org.testcontainers.utility.RyukResourceReaper.lambda$null$1(RyukResourceReaper.java:105)
	at org.rnorth.ducttape.ratelimits.RateLimiter.doWhenReady(RateLimiter.java:27)
	at org.testcontainers.utility.RyukResourceReaper.lambda$maybeStart$2(RyukResourceReaper.java:101)
	at java.base/java.lang.Thread.run(Thread.java:1583)
2025-03-03 18:13:59 [testcontainers-ryuk] WARN  o.t.utility.RyukResourceReaper - Can not connect to Ryuk at 172.17.0.1:22782
java.net.ConnectException: Connection refused
	at java.base/sun.nio.ch.Net.pollConnect(Native Method)
	at java.base/sun.nio.ch.Net.pollConnectNow(Net.java:682)
	at java.base/sun.nio.ch.NioSocketImpl.timedFinishConnect(NioSocketImpl.java:542)
	at java.base/sun.nio.ch.NioSocketImpl.connect(NioSocketImpl.java:592)
	at java.base/java.net.SocksSocketImpl.connect(SocksSocketImpl.java:327)
	at java.base/java.net.Socket.connect(Socket.java:751)
	at org.testcontainers.utility.RyukResourceReaper.lambda$null$1(RyukResourceReaper.java:105)
	at org.rnorth.ducttape.ratelimits.RateLimiter.doWhenReady(RateLimiter.java:27)
	at org.testcontainers.utility.RyukResourceReaper.lambda$maybeStart$2(RyukResourceReaper.java:101)
	at java.base/java.lang.Thread.run(Thread.java:1583)
2025-03-03 18:13:59 [testcontainers-ryuk] WARN  o.t.utility.RyukResourceReaper - Can not connect to Ryuk at 172.17.0.1:22782
java.net.ConnectException: Connection refused
	at java.base/sun.nio.ch.Net.pollConnect(Native Method)
	at java.base/sun.nio.ch.Net.pollConnectNow(Net.java:682)
	at java.base/sun.nio.ch.NioSocketImpl.timedFinishConnect(NioSocketImpl.java:542)
	at java.base/sun.nio.ch.NioSocketImpl.connect(NioSocketImpl.java:592)
	at java.base/java.net.SocksSocketImpl.connect(SocksSocketImpl.java:327)
	at java.base/java.net.Socket.connect(Socket.java:751)
	at org.testcontainers.utility.RyukResourceReaper.lambda$null$1(RyukResourceReaper.java:105)
	at org.rnorth.ducttape.ratelimits.RateLimiter.doWhenReady(RateLimiter.java:27)
	at org.testcontainers.utility.RyukResourceReaper.lambda$maybeStart$2(RyukResourceReaper.java:101)
	at java.base/java.lang.Thread.run(Thread.java:1583)
2025-03-03 18:14:00 [testcontainers-ryuk] WARN  o.t.utility.RyukResourceReaper - Can not connect to Ryuk at 172.17.0.1:22782
java.net.ConnectException: Connection refused
	at java.base/sun.nio.ch.Net.pollConnect(Native Method)
	at java.base/sun.nio.ch.Net.pollConnectNow(Net.java:682)
	at java.base/sun.nio.ch.NioSocketImpl.timedFinishConnect(NioSocketImpl.java:542)
	at java.base/sun.nio.ch.NioSocketImpl.connect(NioSocketImpl.java:592)
	at java.base/java.net.SocksSocketImpl.connect(SocksSocketImpl.java:327)
	at java.base/java.net.Socket.connect(Socket.java:751)
	at org.testcontainers.utility.RyukResourceReaper.lambda$null$1(RyukResourceReaper.java:105)
	at org.rnorth.ducttape.ratelimits.RateLimiter.doWhenReady(RateLimiter.java:27)
	at org.testcontainers.utility.RyukResourceReaper.lambda$maybeStart$2(RyukResourceReaper.java:101)
	at java.base/java.lang.Thread.run(Thread.java:1583)
2025-03-03 18:14:00 [testcontainers-ryuk] WARN  o.t.utility.RyukResourceReaper - Can not connect to Ryuk at 172.17.0.1:22782
java.net.ConnectException: Connection refused
	at java.base/sun.nio.ch.Net.pollConnect(Native Method)
	at java.base/sun.nio.ch.Net.pollConnectNow(Net.java:682)
	at java.base/sun.nio.ch.NioSocketImpl.timedFinishConnect(NioSocketImpl.java:542)
	at java.base/sun.nio.ch.NioSocketImpl.connect(NioSocketImpl.java:592)
	at java.base/java.net.SocksSocketImpl.connect(SocksSocketImpl.java:327)
	at java.base/java.net.Socket.connect(Socket.java:751)
	at org.testcontainers.utility.RyukResourceReaper.lambda$null$1(RyukResourceReaper.java:105)
	at org.rnorth.ducttape.ratelimits.RateLimiter.doWhenReady(RateLimiter.java:27)
	at org.testcontainers.utility.RyukResourceReaper.lambda$maybeStart$2(RyukResourceReaper.java:101)
	at java.base/java.lang.Thread.run(Thread.java:1583)
2025-03-03 18:14:00 [testcontainers-ryuk] WARN  o.t.utility.RyukResourceReaper - Can not connect to Ryuk at 172.17.0.1:22782
java.net.ConnectException: Connection refused
	at java.base/sun.nio.ch.Net.pollConnect(Native Method)
	at java.base/sun.nio.ch.Net.pollConnectNow(Net.java:682)
	at java.base/sun.nio.ch.NioSocketImpl.timedFinishConnect(NioSocketImpl.java:542)
	at java.base/sun.nio.ch.NioSocketImpl.connect(NioSocketImpl.java:592)
	at java.base/java.net.SocksSocketImpl.connect(SocksSocketImpl.java:327)
	at java.base/java.net.Socket.connect(Socket.java:751)
	at org.testcontainers.utility.RyukResourceReaper.lambda$null$1(RyukResourceReaper.java:105)
	at org.rnorth.ducttape.ratelimits.RateLimiter.doWhenReady(RateLimiter.java:27)
	at org.testcontainers.utility.RyukResourceReaper.lambda$maybeStart$2(RyukResourceReaper.java:101)
	at java.base/java.lang.Thread.run(Thread.java:1583)
2025-03-03 18:14:00 [testcontainers-ryuk] WARN  o.t.utility.RyukResourceReaper - Can not connect to Ryuk at 172.17.0.1:22782
java.net.ConnectException: Connection refused
	at java.base/sun.nio.ch.Net.pollConnect(Native Method)
	at java.base/sun.nio.ch.Net.pollConnectNow(Net.java:682)
	at java.base/sun.nio.ch.NioSocketImpl.timedFinishConnect(NioSocketImpl.java:542)
	at java.base/sun.nio.ch.NioSocketImpl.connect(NioSocketImpl.java:592)
	at java.base/java.net.SocksSocketImpl.connect(SocksSocketImpl.java:327)
	at java.base/java.net.Socket.connect(Socket.java:751)
	at org.testcontainers.utility.RyukResourceReaper.lambda$null$1(RyukResourceReaper.java:105)
	at org.rnorth.ducttape.ratelimits.RateLimiter.doWhenReady(RateLimiter.java:27)
	at org.testcontainers.utility.RyukResourceReaper.lambda$maybeStart$2(RyukResourceReaper.java:101)
	at java.base/java.lang.Thread.run(Thread.java:1583)
2025-03-03 18:14:01 [testcontainers-ryuk] WARN  o.t.utility.RyukResourceReaper - Can not connect to Ryuk at 172.17.0.1:22782
java.net.ConnectException: Connection refused
	at java.base/sun.nio.ch.Net.pollConnect(Native Method)
	at java.base/sun.nio.ch.Net.pollConnectNow(Net.java:682)
	at java.base/sun.nio.ch.NioSocketImpl.timedFinishConnect(NioSocketImpl.java:542)
	at java.base/sun.nio.ch.NioSocketImpl.connect(NioSocketImpl.java:592)
	at java.base/java.net.SocksSocketImpl.connect(SocksSocketImpl.java:327)
	at java.base/java.net.Socket.connect(Socket.java:751)
	at org.testcontainers.utility.RyukResourceReaper.lambda$null$1(RyukResourceReaper.java:105)
	at org.rnorth.ducttape.ratelimits.RateLimiter.doWhenReady(RateLimiter.java:27)
	at org.testcontainers.utility.RyukResourceReaper.lambda$maybeStart$2(RyukResourceReaper.java:101)
	at java.base/java.lang.Thread.run(Thread.java:1583)
2025-03-03 18:14:01 [testcontainers-ryuk] WARN  o.t.utility.RyukResourceReaper - Can not connect to Ryuk at 172.17.0.1:22782
java.net.ConnectException: Connection refused
	at java.base/sun.nio.ch.Net.pollConnect(Native Method)
	at java.base/sun.nio.ch.Net.pollConnectNow(Net.java:682)
	at java.base/sun.nio.ch.NioSocketImpl.timedFinishConnect(NioSocketImpl.java:542)
	at java.base/sun.nio.ch.NioSocketImpl.connect(NioSocketImpl.java:592)
	at java.base/java.net.SocksSocketImpl.connect(SocksSocketImpl.java:327)
	at java.base/java.net.Socket.connect(Socket.java:751)
	at org.testcontainers.utility.RyukResourceReaper.lambda$null$1(RyukResourceReaper.java:105)
	at org.rnorth.ducttape.ratelimits.RateLimiter.doWhenReady(RateLimiter.java:27)
	at org.testcontainers.utility.RyukResourceReaper.lambda$maybeStart$2(RyukResourceReaper.java:101)
	at java.base/java.lang.Thread.run(Thread.java:1583)
2025-03-03 18:14:01 [testcontainers-ryuk] WARN  o.t.utility.RyukResourceReaper - Can not connect to Ryuk at 172.17.0.1:22782
java.net.ConnectException: Connection refused
	at java.base/sun.nio.ch.Net.pollConnect(Native Method)
	at java.base/sun.nio.ch.Net.pollConnectNow(Net.java:682)
	at java.base/sun.nio.ch.NioSocketImpl.timedFinishConnect(NioSocketImpl.java:542)
	at java.base/sun.nio.ch.NioSocketImpl.connect(NioSocketImpl.java:592)
	at java.base/java.net.SocksSocketImpl.connect(SocksSocketImpl.java:327)
	at java.base/java.net.Socket.connect(Socket.java:751)
	at org.testcontainers.utility.RyukResourceReaper.lambda$null$1(RyukResourceReaper.java:105)
	at org.rnorth.ducttape.ratelimits.RateLimiter.doWhenReady(RateLimiter.java:27)
	at org.testcontainers.utility.RyukResourceReaper.lambda$maybeStart$2(RyukResourceReaper.java:101)
	at java.base/java.lang.Thread.run(Thread.java:1583)
2025-03-03 18:14:01 [testcontainers-ryuk] WARN  o.t.utility.RyukResourceReaper - Can not connect to Ryuk at 172.17.0.1:22782
java.net.ConnectException: Connection refused
	at java.base/sun.nio.ch.Net.pollConnect(Native Method)
	at java.base/sun.nio.ch.Net.pollConnectNow(Net.java:682)
	at java.base/sun.nio.ch.NioSocketImpl.timedFinishConnect(NioSocketImpl.java:542)
	at java.base/sun.nio.ch.NioSocketImpl.connect(NioSocketImpl.java:592)
	at java.base/java.net.SocksSocketImpl.connect(SocksSocketImpl.java:327)
	at java.base/java.net.Socket.connect(Socket.java:751)
	at org.testcontainers.utility.RyukResourceReaper.lambda$null$1(RyukResourceReaper.java:105)
	at org.rnorth.ducttape.ratelimits.RateLimiter.doWhenReady(RateLimiter.java:27)
	at org.testcontainers.utility.RyukResourceReaper.lambda$maybeStart$2(RyukResourceReaper.java:101)
	at java.base/java.lang.Thread.run(Thread.java:1583)
2025-03-03 18:14:02 [testcontainers-ryuk] WARN  o.t.utility.RyukResourceReaper - Can not connect to Ryuk at 172.17.0.1:22782
java.net.ConnectException: Connection refused
	at java.base/sun.nio.ch.Net.pollConnect(Native Method)
	at java.base/sun.nio.ch.Net.pollConnectNow(Net.java:682)
	at java.base/sun.nio.ch.NioSocketImpl.timedFinishConnect(NioSocketImpl.java:542)
	at java.base/sun.nio.ch.NioSocketImpl.connect(NioSocketImpl.java:592)
	at java.base/java.net.SocksSocketImpl.connect(SocksSocketImpl.java:327)
	at java.base/java.net.Socket.connect(Socket.java:751)
	at org.testcontainers.utility.RyukResourceReaper.lambda$null$1(RyukResourceReaper.java:105)
	at org.rnorth.ducttape.ratelimits.RateLimiter.doWhenReady(RateLimiter.java:27)
	at org.testcontainers.utility.RyukResourceReaper.lambda$maybeStart$2(RyukResourceReaper.java:101)
	at java.base/java.lang.Thread.run(Thread.java:1583)
2025-03-03 18:14:02 [testcontainers-ryuk] WARN  o.t.utility.RyukResourceReaper - Can not connect to Ryuk at 172.17.0.1:22782
java.net.ConnectException: Connection refused
	at java.base/sun.nio.ch.Net.pollConnect(Native Method)
	at java.base/sun.nio.ch.Net.pollConnectNow(Net.java:682)
	at java.base/sun.nio.ch.NioSocketImpl.timedFinishConnect(NioSocketImpl.java:542)
	at java.base/sun.nio.ch.NioSocketImpl.connect(NioSocketImpl.java:592)
	at java.base/java.net.SocksSocketImpl.connect(SocksSocketImpl.java:327)
	at java.base/java.net.Socket.connect(Socket.java:751)
	at org.testcontainers.utility.RyukResourceReaper.lambda$null$1(RyukResourceReaper.java:105)
	at org.rnorth.ducttape.ratelimits.RateLimiter.doWhenReady(RateLimiter.java:27)
	at org.testcontainers.utility.RyukResourceReaper.lambda$maybeStart$2(RyukResourceReaper.java:101)
	at java.base/java.lang.Thread.run(Thread.java:1583)
2025-03-03 18:14:02 [testcontainers-ryuk] WARN  o.t.utility.RyukResourceReaper - Can not connect to Ryuk at 172.17.0.1:22782
java.net.ConnectException: Connection refused
	at java.base/sun.nio.ch.Net.pollConnect(Native Method)
	at java.base/sun.nio.ch.Net.pollConnectNow(Net.java:682)
	at java.base/sun.nio.ch.NioSocketImpl.timedFinishConnect(NioSocketImpl.java:542)
	at java.base/sun.nio.ch.NioSocketImpl.connect(NioSocketImpl.java:592)
	at java.base/java.net.SocksSocketImpl.connect(SocksSocketImpl.java:327)
	at java.base/java.net.Socket.connect(Socket.java:751)
	at org.testcontainers.utility.RyukResourceReaper.lambda$null$1(RyukResourceReaper.java:105)
	at org.rnorth.ducttape.ratelimits.RateLimiter.doWhenReady(RateLimiter.java:27)
	at org.testcontainers.utility.RyukResourceReaper.lambda$maybeStart$2(RyukResourceReaper.java:101)
	at java.base/java.lang.Thread.run(Thread.java:1583)
2025-03-03 18:14:02 [testcontainers-ryuk] WARN  o.t.utility.RyukResourceReaper - Can not connect to Ryuk at 172.17.0.1:22782
java.net.ConnectException: Connection refused
	at java.base/sun.nio.ch.Net.pollConnect(Native Method)
	at java.base/sun.nio.ch.Net.pollConnectNow(Net.java:682)
	at java.base/sun.nio.ch.NioSocketImpl.timedFinishConnect(NioSocketImpl.java:542)
	at java.base/sun.nio.ch.NioSocketImpl.connect(NioSocketImpl.java:592)
	at java.base/java.net.SocksSocketImpl.connect(SocksSocketImpl.java:327)
	at java.base/java.net.Socket.connect(Socket.java:751)
	at org.testcontainers.utility.RyukResourceReaper.lambda$null$1(RyukResourceReaper.java:105)
	at org.rnorth.ducttape.ratelimits.RateLimiter.doWhenReady(RateLimiter.java:27)
	at org.testcontainers.utility.RyukResourceReaper.lambda$maybeStart$2(RyukResourceReaper.java:101)
	at java.base/java.lang.Thread.run(Thread.java:1583)
2025-03-03 18:14:03 [testcontainers-ryuk] WARN  o.t.utility.RyukResourceReaper - Can not connect to Ryuk at 172.17.0.1:22782
java.net.ConnectException: Connection refused
	at java.base/sun.nio.ch.Net.pollConnect(Native Method)
	at java.base/sun.nio.ch.Net.pollConnectNow(Net.java:682)
	at java.base/sun.nio.ch.NioSocketImpl.timedFinishConnect(NioSocketImpl.java:542)
	at java.base/sun.nio.ch.NioSocketImpl.connect(NioSocketImpl.java:592)
	at java.base/java.net.SocksSocketImpl.connect(SocksSocketImpl.java:327)
	at java.base/java.net.Socket.connect(Socket.java:751)
	at org.testcontainers.utility.RyukResourceReaper.lambda$null$1(RyukResourceReaper.java:105)
	at org.rnorth.ducttape.ratelimits.RateLimiter.doWhenReady(RateLimiter.java:27)
	at org.testcontainers.utility.RyukResourceReaper.lambda$maybeStart$2(RyukResourceReaper.java:101)
	at java.base/java.lang.Thread.run(Thread.java:1583)
2025-03-03 18:14:03 [testcontainers-ryuk] WARN  o.t.utility.RyukResourceReaper - Can not connect to Ryuk at 172.17.0.1:22782
java.net.ConnectException: Connection refused
	at java.base/sun.nio.ch.Net.pollConnect(Native Method)
	at java.base/sun.nio.ch.Net.pollConnectNow(Net.java:682)
	at java.base/sun.nio.ch.NioSocketImpl.timedFinishConnect(NioSocketImpl.java:542)
	at java.base/sun.nio.ch.NioSocketImpl.connect(NioSocketImpl.java:592)
	at java.base/java.net.SocksSocketImpl.connect(SocksSocketImpl.java:327)
	at java.base/java.net.Socket.connect(Socket.java:751)
	at org.testcontainers.utility.RyukResourceReaper.lambda$null$1(RyukResourceReaper.java:105)
	at org.rnorth.ducttape.ratelimits.RateLimiter.doWhenReady(RateLimiter.java:27)
	at org.testcontainers.utility.RyukResourceReaper.lambda$maybeStart$2(RyukResourceReaper.java:101)
	at java.base/java.lang.Thread.run(Thread.java:1583)
2025-03-03 18:14:03 [testcontainers-ryuk] WARN  o.t.utility.RyukResourceReaper - Can not connect to Ryuk at 172.17.0.1:22782
java.net.ConnectException: Connection refused
	at java.base/sun.nio.ch.Net.pollConnect(Native Method)
	at java.base/sun.nio.ch.Net.pollConnectNow(Net.java:682)
	at java.base/sun.nio.ch.NioSocketImpl.timedFinishConnect(NioSocketImpl.java:542)
	at java.base/sun.nio.ch.NioSocketImpl.connect(NioSocketImpl.java:592)
	at java.base/java.net.SocksSocketImpl.connect(SocksSocketImpl.java:327)
	at java.base/java.net.Socket.connect(Socket.java:751)
	at org.testcontainers.utility.RyukResourceReaper.lambda$null$1(RyukResourceReaper.java:105)
	at org.rnorth.ducttape.ratelimits.RateLimiter.doWhenReady(RateLimiter.java:27)
	at org.testcontainers.utility.RyukResourceReaper.lambda$maybeStart$2(RyukResourceReaper.java:101)
	at java.base/java.lang.Thread.run(Thread.java:1583)
2025-03-03 18:14:03 [testcontainers-ryuk] WARN  o.t.utility.RyukResourceReaper - Can not connect to Ryuk at 172.17.0.1:22782
java.net.ConnectException: Connection refused
	at java.base/sun.nio.ch.Net.pollConnect(Native Method)
	at java.base/sun.nio.ch.Net.pollConnectNow(Net.java:682)
	at java.base/sun.nio.ch.NioSocketImpl.timedFinishConnect(NioSocketImpl.java:542)
	at java.base/sun.nio.ch.NioSocketImpl.connect(NioSocketImpl.java:592)
	at java.base/java.net.SocksSocketImpl.connect(SocksSocketImpl.java:327)
	at java.base/java.net.Socket.connect(Socket.java:751)
	at org.testcontainers.utility.RyukResourceReaper.lambda$null$1(RyukResourceReaper.java:105)
	at org.rnorth.ducttape.ratelimits.RateLimiter.doWhenReady(RateLimiter.java:27)
	at org.testcontainers.utility.RyukResourceReaper.lambda$maybeStart$2(RyukResourceReaper.java:101)
	at java.base/java.lang.Thread.run(Thread.java:1583)
2025-03-03 18:14:04 [testcontainers-ryuk] WARN  o.t.utility.RyukResourceReaper - Can not connect to Ryuk at 172.17.0.1:22782
java.net.ConnectException: Connection refused
	at java.base/sun.nio.ch.Net.pollConnect(Native Method)
	at java.base/sun.nio.ch.Net.pollConnectNow(Net.java:682)
	at java.base/sun.nio.ch.NioSocketImpl.timedFinishConnect(NioSocketImpl.java:542)
	at java.base/sun.nio.ch.NioSocketImpl.connect(NioSocketImpl.java:592)
	at java.base/java.net.SocksSocketImpl.connect(SocksSocketImpl.java:327)
	at java.base/java.net.Socket.connect(Socket.java:751)
	at org.testcontainers.utility.RyukResourceReaper.lambda$null$1(RyukResourceReaper.java:105)
	at org.rnorth.ducttape.ratelimits.RateLimiter.doWhenReady(RateLimiter.java:27)
	at org.testcontainers.utility.RyukResourceReaper.lambda$maybeStart$2(RyukResourceReaper.java:101)
	at java.base/java.lang.Thread.run(Thread.java:1583)
2025-03-03 18:14:04 [testcontainers-ryuk] WARN  o.t.utility.RyukResourceReaper - Can not connect to Ryuk at 172.17.0.1:22782
java.net.ConnectException: Connection refused
	at java.base/sun.nio.ch.Net.pollConnect(Native Method)
	at java.base/sun.nio.ch.Net.pollConnectNow(Net.java:682)
	at java.base/sun.nio.ch.NioSocketImpl.timedFinishConnect(NioSocketImpl.java:542)
	at java.base/sun.nio.ch.NioSocketImpl.connect(NioSocketImpl.java:592)
	at java.base/java.net.SocksSocketImpl.connect(SocksSocketImpl.java:327)
	at java.base/java.net.Socket.connect(Socket.java:751)
	at org.testcontainers.utility.RyukResourceReaper.lambda$null$1(RyukResourceReaper.java:105)
	at org.rnorth.ducttape.ratelimits.RateLimiter.doWhenReady(RateLimiter.java:27)
	at org.testcontainers.utility.RyukResourceReaper.lambda$maybeStart$2(RyukResourceReaper.java:101)
	at java.base/java.lang.Thread.run(Thread.java:1583)
2025-03-03 18:14:04 [testcontainers-ryuk] WARN  o.t.utility.RyukResourceReaper - Can not connect to Ryuk at 172.17.0.1:22782
java.net.ConnectException: Connection refused
	at java.base/sun.nio.ch.Net.pollConnect(Native Method)
	at java.base/sun.nio.ch.Net.pollConnectNow(Net.java:682)
	at java.base/sun.nio.ch.NioSocketImpl.timedFinishConnect(NioSocketImpl.java:542)
	at java.base/sun.nio.ch.NioSocketImpl.connect(NioSocketImpl.java:592)
	at java.base/java.net.SocksSocketImpl.connect(SocksSocketImpl.java:327)
	at java.base/java.net.Socket.connect(Socket.java:751)
	at org.testcontainers.utility.RyukResourceReaper.lambda$null$1(RyukResourceReaper.java:105)
	at org.rnorth.ducttape.ratelimits.RateLimiter.doWhenReady(RateLimiter.java:27)
	at org.testcontainers.utility.RyukResourceReaper.lambda$maybeStart$2(RyukResourceReaper.java:101)
	at java.base/java.lang.Thread.run(Thread.java:1583)
2025-03-03 18:14:04 [testcontainers-ryuk] WARN  o.t.utility.RyukResourceReaper - Can not connect to Ryuk at 172.17.0.1:22782
java.net.ConnectException: Connection refused
	at java.base/sun.nio.ch.Net.pollConnect(Native Method)
	at java.base/sun.nio.ch.Net.pollConnectNow(Net.java:682)
	at java.base/sun.nio.ch.NioSocketImpl.timedFinishConnect(NioSocketImpl.java:542)
	at java.base/sun.nio.ch.NioSocketImpl.connect(NioSocketImpl.java:592)
	at java.base/java.net.SocksSocketImpl.connect(SocksSocketImpl.java:327)
	at java.base/java.net.Socket.connect(Socket.java:751)
	at org.testcontainers.utility.RyukResourceReaper.lambda$null$1(RyukResourceReaper.java:105)
	at org.rnorth.ducttape.ratelimits.RateLimiter.doWhenReady(RateLimiter.java:27)
	at org.testcontainers.utility.RyukResourceReaper.lambda$maybeStart$2(RyukResourceReaper.java:101)
	at java.base/java.lang.Thread.run(Thread.java:1583)
2025-03-03 18:14:05 [testcontainers-ryuk] WARN  o.t.utility.RyukResourceReaper - Can not connect to Ryuk at 172.17.0.1:22782
java.net.ConnectException: Connection refused
	at java.base/sun.nio.ch.Net.pollConnect(Native Method)
	at java.base/sun.nio.ch.Net.pollConnectNow(Net.java:682)
	at java.base/sun.nio.ch.NioSocketImpl.timedFinishConnect(NioSocketImpl.java:542)
	at java.base/sun.nio.ch.NioSocketImpl.connect(NioSocketImpl.java:592)
	at java.base/java.net.SocksSocketImpl.connect(SocksSocketImpl.java:327)
	at java.base/java.net.Socket.connect(Socket.java:751)
	at org.testcontainers.utility.RyukResourceReaper.lambda$null$1(RyukResourceReaper.java:105)
	at org.rnorth.ducttape.ratelimits.RateLimiter.doWhenReady(RateLimiter.java:27)
	at org.testcontainers.utility.RyukResourceReaper.lambda$maybeStart$2(RyukResourceReaper.java:101)
	at java.base/java.lang.Thread.run(Thread.java:1583)
2025-03-03 18:14:05 [testcontainers-ryuk] WARN  o.t.utility.RyukResourceReaper - Can not connect to Ryuk at 172.17.0.1:22782
java.net.ConnectException: Connection refused
	at java.base/sun.nio.ch.Net.pollConnect(Native Method)
	at java.base/sun.nio.ch.Net.pollConnectNow(Net.java:682)
	at java.base/sun.nio.ch.NioSocketImpl.timedFinishConnect(NioSocketImpl.java:542)
	at java.base/sun.nio.ch.NioSocketImpl.connect(NioSocketImpl.java:592)
	at java.base/java.net.SocksSocketImpl.connect(SocksSocketImpl.java:327)
	at java.base/java.net.Socket.connect(Socket.java:751)
	at org.testcontainers.utility.RyukResourceReaper.lambda$null$1(RyukResourceReaper.java:105)
	at org.rnorth.ducttape.ratelimits.RateLimiter.doWhenReady(RateLimiter.java:27)
	at org.testcontainers.utility.RyukResourceReaper.lambda$maybeStart$2(RyukResourceReaper.java:101)
	at java.base/java.lang.Thread.run(Thread.java:1583)
2025-03-03 18:14:05 [testcontainers-ryuk] WARN  o.t.utility.RyukResourceReaper - Can not connect to Ryuk at 172.17.0.1:22782
java.net.ConnectException: Connection refused
	at java.base/sun.nio.ch.Net.pollConnect(Native Method)
	at java.base/sun.nio.ch.Net.pollConnectNow(Net.java:682)
	at java.base/sun.nio.ch.NioSocketImpl.timedFinishConnect(NioSocketImpl.java:542)
	at java.base/sun.nio.ch.NioSocketImpl.connect(NioSocketImpl.java:592)
	at java.base/java.net.SocksSocketImpl.connect(SocksSocketImpl.java:327)
	at java.base/java.net.Socket.connect(Socket.java:751)
	at org.testcontainers.utility.RyukResourceReaper.lambda$null$1(RyukResourceReaper.java:105)
	at org.rnorth.ducttape.ratelimits.RateLimiter.doWhenReady(RateLimiter.java:27)
	at org.testcontainers.utility.RyukResourceReaper.lambda$maybeStart$2(RyukResourceReaper.java:101)
	at java.base/java.lang.Thread.run(Thread.java:1583)
2025-03-03 18:14:05 [testcontainers-ryuk] WARN  o.t.utility.RyukResourceReaper - Can not connect to Ryuk at 172.17.0.1:22782
java.net.ConnectException: Connection refused
	at java.base/sun.nio.ch.Net.pollConnect(Native Method)
	at java.base/sun.nio.ch.Net.pollConnectNow(Net.java:682)
	at java.base/sun.nio.ch.NioSocketImpl.timedFinishConnect(NioSocketImpl.java:542)
	at java.base/sun.nio.ch.NioSocketImpl.connect(NioSocketImpl.java:592)
	at java.base/java.net.SocksSocketImpl.connect(SocksSocketImpl.java:327)
	at java.base/java.net.Socket.connect(Socket.java:751)
	at org.testcontainers.utility.RyukResourceReaper.lambda$null$1(RyukResourceReaper.java:105)
	at org.rnorth.ducttape.ratelimits.RateLimiter.doWhenReady(RateLimiter.java:27)
	at org.testcontainers.utility.RyukResourceReaper.lambda$maybeStart$2(RyukResourceReaper.java:101)
	at java.base/java.lang.Thread.run(Thread.java:1583)
2025-03-03 18:14:06 [testcontainers-ryuk] WARN  o.t.utility.RyukResourceReaper - Can not connect to Ryuk at 172.17.0.1:22782
java.net.ConnectException: Connection refused
	at java.base/sun.nio.ch.Net.pollConnect(Native Method)
	at java.base/sun.nio.ch.Net.pollConnectNow(Net.java:682)
	at java.base/sun.nio.ch.NioSocketImpl.timedFinishConnect(NioSocketImpl.java:542)
	at java.base/sun.nio.ch.NioSocketImpl.connect(NioSocketImpl.java:592)
	at java.base/java.net.SocksSocketImpl.connect(SocksSocketImpl.java:327)
	at java.base/java.net.Socket.connect(Socket.java:751)
	at org.testcontainers.utility.RyukResourceReaper.lambda$null$1(RyukResourceReaper.java:105)
	at org.rnorth.ducttape.ratelimits.RateLimiter.doWhenReady(RateLimiter.java:27)
	at org.testcontainers.utility.RyukResourceReaper.lambda$maybeStart$2(RyukResourceReaper.java:101)
	at java.base/java.lang.Thread.run(Thread.java:1583)
2025-03-03 18:14:06 [testcontainers-ryuk] WARN  o.t.utility.RyukResourceReaper - Can not connect to Ryuk at 172.17.0.1:22782
java.net.ConnectException: Connection refused
	at java.base/sun.nio.ch.Net.pollConnect(Native Method)
	at java.base/sun.nio.ch.Net.pollConnectNow(Net.java:682)
	at java.base/sun.nio.ch.NioSocketImpl.timedFinishConnect(NioSocketImpl.java:542)
	at java.base/sun.nio.ch.NioSocketImpl.connect(NioSocketImpl.java:592)
	at java.base/java.net.SocksSocketImpl.connect(SocksSocketImpl.java:327)
	at java.base/java.net.Socket.connect(Socket.java:751)
	at org.testcontainers.utility.RyukResourceReaper.lambda$null$1(RyukResourceReaper.java:105)
	at org.rnorth.ducttape.ratelimits.RateLimiter.doWhenReady(RateLimiter.java:27)
	at org.testcontainers.utility.RyukResourceReaper.lambda$maybeStart$2(RyukResourceReaper.java:101)
	at java.base/java.lang.Thread.run(Thread.java:1583)
2025-03-03 18:14:06 [testcontainers-ryuk] WARN  o.t.utility.RyukResourceReaper - Can not connect to Ryuk at 172.17.0.1:22782
java.net.ConnectException: Connection refused
	at java.base/sun.nio.ch.Net.pollConnect(Native Method)
	at java.base/sun.nio.ch.Net.pollConnectNow(Net.java:682)
	at java.base/sun.nio.ch.NioSocketImpl.timedFinishConnect(NioSocketImpl.java:542)
	at java.base/sun.nio.ch.NioSocketImpl.connect(NioSocketImpl.java:592)
	at java.base/java.net.SocksSocketImpl.connect(SocksSocketImpl.java:327)
	at java.base/java.net.Socket.connect(Socket.java:751)
	at org.testcontainers.utility.RyukResourceReaper.lambda$null$1(RyukResourceReaper.java:105)
	at org.rnorth.ducttape.ratelimits.RateLimiter.doWhenReady(RateLimiter.java:27)
	at org.testcontainers.utility.RyukResourceReaper.lambda$maybeStart$2(RyukResourceReaper.java:101)
	at java.base/java.lang.Thread.run(Thread.java:1583)
2025-03-03 18:14:06 [testcontainers-ryuk] WARN  o.t.utility.RyukResourceReaper - Can not connect to Ryuk at 172.17.0.1:22782
java.net.ConnectException: Connection refused
	at java.base/sun.nio.ch.Net.pollConnect(Native Method)
	at java.base/sun.nio.ch.Net.pollConnectNow(Net.java:682)
	at java.base/sun.nio.ch.NioSocketImpl.timedFinishConnect(NioSocketImpl.java:542)
	at java.base/sun.nio.ch.NioSocketImpl.connect(NioSocketImpl.java:592)
	at java.base/java.net.SocksSocketImpl.connect(SocksSocketImpl.java:327)
	at java.base/java.net.Socket.connect(Socket.java:751)
	at org.testcontainers.utility.RyukResourceReaper.lambda$null$1(RyukResourceReaper.java:105)
	at org.rnorth.ducttape.ratelimits.RateLimiter.doWhenReady(RateLimiter.java:27)
	at org.testcontainers.utility.RyukResourceReaper.lambda$maybeStart$2(RyukResourceReaper.java:101)
	at java.base/java.lang.Thread.run(Thread.java:1583)
2025-03-03 18:14:07 [testcontainers-ryuk] WARN  o.t.utility.RyukResourceReaper - Can not connect to Ryuk at 172.17.0.1:22782
java.net.ConnectException: Connection refused
	at java.base/sun.nio.ch.Net.pollConnect(Native Method)
	at java.base/sun.nio.ch.Net.pollConnectNow(Net.java:682)
	at java.base/sun.nio.ch.NioSocketImpl.timedFinishConnect(NioSocketImpl.java:542)
	at java.base/sun.nio.ch.NioSocketImpl.connect(NioSocketImpl.java:592)
	at java.base/java.net.SocksSocketImpl.connect(SocksSocketImpl.java:327)
	at java.base/java.net.Socket.connect(Socket.java:751)
	at org.testcontainers.utility.RyukResourceReaper.lambda$null$1(RyukResourceReaper.java:105)
	at org.rnorth.ducttape.ratelimits.RateLimiter.doWhenReady(RateLimiter.java:27)
	at org.testcontainers.utility.RyukResourceReaper.lambda$maybeStart$2(RyukResourceReaper.java:101)
	at java.base/java.lang.Thread.run(Thread.java:1583)
2025-03-03 18:14:07 [testcontainers-ryuk] WARN  o.t.utility.RyukResourceReaper - Can not connect to Ryuk at 172.17.0.1:22782
java.net.ConnectException: Connection refused
	at java.base/sun.nio.ch.Net.pollConnect(Native Method)
	at java.base/sun.nio.ch.Net.pollConnectNow(Net.java:682)
	at java.base/sun.nio.ch.NioSocketImpl.timedFinishConnect(NioSocketImpl.java:542)
	at java.base/sun.nio.ch.NioSocketImpl.connect(NioSocketImpl.java:592)
	at java.base/java.net.SocksSocketImpl.connect(SocksSocketImpl.java:327)
	at java.base/java.net.Socket.connect(Socket.java:751)
	at org.testcontainers.utility.RyukResourceReaper.lambda$null$1(RyukResourceReaper.java:105)
	at org.rnorth.ducttape.ratelimits.RateLimiter.doWhenReady(RateLimiter.java:27)
	at org.testcontainers.utility.RyukResourceReaper.lambda$maybeStart$2(RyukResourceReaper.java:101)
	at java.base/java.lang.Thread.run(Thread.java:1583)
2025-03-03 18:14:07 [main] WARN  o.s.w.c.s.GenericWebApplicationContext - Exception encountered during context initialization - cancelling refresh attempt: org.springframework.beans.factory.BeanCreationException: Error creating bean with name 'entityManagerFactory' defined in class path resource [org/springframework/boot/autoconfigure/orm/jpa/HibernateJpaConfiguration.class]: Failed to initialize dependency 'liquibase' of LoadTimeWeaverAware bean 'entityManagerFactory': Error creating bean with name 'liquibase' defined in class path resource [org/springframework/boot/autoconfigure/liquibase/LiquibaseAutoConfiguration$LiquibaseConfiguration.class]: liquibase.exception.DatabaseException: org.postgresql.util.PSQLException: The connection attempt failed.
2025-03-03 18:14:07 [main] INFO  o.s.b.a.l.ConditionEvaluationReportLogger - 

Error starting ApplicationContext. To display the condition evaluation report re-run your application with 'debug' enabled.
2025-03-03 18:14:07 [main] ERROR o.s.boot.SpringApplication - Application run failed
org.springframework.beans.factory.BeanCreationException: Error creating bean with name 'entityManagerFactory' defined in class path resource [org/springframework/boot/autoconfigure/orm/jpa/HibernateJpaConfiguration.class]: Failed to initialize dependency 'liquibase' of LoadTimeWeaverAware bean 'entityManagerFactory': Error creating bean with name 'liquibase' defined in class path resource [org/springframework/boot/autoconfigure/liquibase/LiquibaseAutoConfiguration$LiquibaseConfiguration.class]: liquibase.exception.DatabaseException: org.postgresql.util.PSQLException: The connection attempt failed.
	at org.springframework.beans.factory.support.AbstractBeanFactory.doGetBean(AbstractBeanFactory.java:326)
	at org.springframework.beans.factory.support.AbstractBeanFactory.getBean(AbstractBeanFactory.java:205)
	at org.springframework.context.support.AbstractApplicationContext.finishBeanFactoryInitialization(AbstractApplicationContext.java:954)
	at org.springframework.context.support.AbstractApplicationContext.refresh(AbstractApplicationContext.java:625)
	at org.springframework.boot.SpringApplication.refresh(SpringApplication.java:754)
	at org.springframework.boot.SpringApplication.refreshContext(SpringApplication.java:456)
	at org.springframework.boot.SpringApplication.run(SpringApplication.java:335)
	at org.springframework.boot.test.context.SpringBootContextLoader.lambda$loadContext$3(SpringBootContextLoader.java:137)
	at org.springframework.util.function.ThrowingSupplier.get(ThrowingSupplier.java:58)
	at org.springframework.util.function.ThrowingSupplier.get(ThrowingSupplier.java:46)
	at org.springframework.boot.SpringApplication.withHook(SpringApplication.java:1463)
	at org.springframework.boot.test.context.SpringBootContextLoader$ContextLoaderHook.run(SpringBootContextLoader.java:553)
	at org.springframework.boot.test.context.SpringBootContextLoader.loadContext(SpringBootContextLoader.java:137)
	at org.springframework.boot.test.context.SpringBootContextLoader.loadContext(SpringBootContextLoader.java:108)
	at org.springframework.test.context.cache.DefaultCacheAwareContextLoaderDelegate.loadContextInternal(DefaultCacheAwareContextLoaderDelegate.java:225)
	at org.springframework.test.context.cache.DefaultCacheAwareContextLoaderDelegate.loadContext(DefaultCacheAwareContextLoaderDelegate.java:152)
	at org.springframework.test.context.support.DefaultTestContext.getApplicationContext(DefaultTestContext.java:130)
	at org.springframework.test.context.web.ServletTestExecutionListener.setUpRequestContextIfNecessary(ServletTestExecutionListener.java:191)
	at org.springframework.test.context.web.ServletTestExecutionListener.prepareTestInstance(ServletTestExecutionListener.java:130)
	at org.springframework.test.context.TestContextManager.prepareTestInstance(TestContextManager.java:260)
	at org.springframework.test.context.junit.jupiter.SpringExtension.postProcessTestInstance(SpringExtension.java:163)
	at org.junit.jupiter.engine.descriptor.ClassBasedTestDescriptor.lambda$invokeTestInstancePostProcessors$10(ClassBasedTestDescriptor.java:378)
	at org.junit.jupiter.engine.descriptor.ClassBasedTestDescriptor.executeAndMaskThrowable(ClassBasedTestDescriptor.java:383)
	at org.junit.jupiter.engine.descriptor.ClassBasedTestDescriptor.lambda$invokeTestInstancePostProcessors$11(ClassBasedTestDescriptor.java:378)
	at java.base/java.util.stream.ReferencePipeline$3$1.accept(ReferencePipeline.java:197)
	at java.base/java.util.stream.ReferencePipeline$2$1.accept(ReferencePipeline.java:179)
	at java.base/java.util.ArrayList$ArrayListSpliterator.forEachRemaining(ArrayList.java:1708)
	at java.base/java.util.stream.AbstractPipeline.copyInto(AbstractPipeline.java:509)
	at java.base/java.util.stream.AbstractPipeline.wrapAndCopyInto(AbstractPipeline.java:499)
	at java.base/java.util.stream.StreamSpliterators$WrappingSpliterator.forEachRemaining(StreamSpliterators.java:310)
	at java.base/java.util.stream.Streams$ConcatSpliterator.forEachRemaining(Streams.java:735)
	at java.base/java.util.stream.Streams$ConcatSpliterator.forEachRemaining(Streams.java:734)
	at java.base/java.util.stream.ReferencePipeline$Head.forEach(ReferencePipeline.java:762)
	at org.junit.jupiter.engine.descriptor.ClassBasedTestDescriptor.invokeTestInstancePostProcessors(ClassBasedTestDescriptor.java:377)
	at org.junit.jupiter.engine.descriptor.ClassBasedTestDescriptor.lambda$instantiateAndPostProcessTestInstance$6(ClassBasedTestDescriptor.java:290)
	at org.junit.platform.engine.support.hierarchical.ThrowableCollector.execute(ThrowableCollector.java:73)
	at org.junit.jupiter.engine.descriptor.ClassBasedTestDescriptor.instantiateAndPostProcessTestInstance(ClassBasedTestDescriptor.java:289)
	at org.junit.jupiter.engine.descriptor.ClassBasedTestDescriptor.lambda$testInstancesProvider$4(ClassBasedTestDescriptor.java:279)
	at java.base/java.util.Optional.orElseGet(Optional.java:364)
	at org.junit.jupiter.engine.descriptor.ClassBasedTestDescriptor.lambda$testInstancesProvider$5(ClassBasedTestDescriptor.java:278)
	at org.junit.jupiter.engine.execution.TestInstancesProvider.getTestInstances(TestInstancesProvider.java:31)
	at org.junit.jupiter.engine.descriptor.TestMethodTestDescriptor.lambda$prepare$0(TestMethodTestDescriptor.java:106)
	at org.junit.platform.engine.support.hierarchical.ThrowableCollector.execute(ThrowableCollector.java:73)
	at org.junit.jupiter.engine.descriptor.TestMethodTestDescriptor.prepare(TestMethodTestDescriptor.java:105)
	at org.junit.jupiter.engine.descriptor.TestMethodTestDescriptor.prepare(TestMethodTestDescriptor.java:69)
	at org.junit.platform.engine.support.hierarchical.NodeTestTask.lambda$prepare$2(NodeTestTask.java:128)
	at org.junit.platform.engine.support.hierarchical.ThrowableCollector.execute(ThrowableCollector.java:73)
	at org.junit.platform.engine.support.hierarchical.NodeTestTask.prepare(NodeTestTask.java:128)
	at org.junit.platform.engine.support.hierarchical.NodeTestTask.execute(NodeTestTask.java:95)
	at java.base/java.util.ArrayList.forEach(ArrayList.java:1596)
	at org.junit.platform.engine.support.hierarchical.SameThreadHierarchicalTestExecutorService.invokeAll(SameThreadHierarchicalTestExecutorService.java:41)
	at org.junit.platform.engine.support.hierarchical.NodeTestTask.lambda$executeRecursively$6(NodeTestTask.java:160)
	at org.junit.platform.engine.support.hierarchical.ThrowableCollector.execute(ThrowableCollector.java:73)
	at org.junit.platform.engine.support.hierarchical.NodeTestTask.lambda$executeRecursively$8(NodeTestTask.java:146)
	at org.junit.platform.engine.support.hierarchical.Node.around(Node.java:137)
	at org.junit.platform.engine.support.hierarchical.NodeTestTask.lambda$executeRecursively$9(NodeTestTask.java:144)
	at org.junit.platform.engine.support.hierarchical.ThrowableCollector.execute(ThrowableCollector.java:73)
	at org.junit.platform.engine.support.hierarchical.NodeTestTask.executeRecursively(NodeTestTask.java:143)
	at org.junit.platform.engine.support.hierarchical.NodeTestTask.execute(NodeTestTask.java:100)
	at java.base/java.util.ArrayList.forEach(ArrayList.java:1596)
	at org.junit.platform.engine.support.hierarchical.SameThreadHierarchicalTestExecutorService.invokeAll(SameThreadHierarchicalTestExecutorService.java:41)
	at org.junit.platform.engine.support.hierarchical.NodeTestTask.lambda$executeRecursively$6(NodeTestTask.java:160)
	at org.junit.platform.engine.support.hierarchical.ThrowableCollector.execute(ThrowableCollector.java:73)
	at org.junit.platform.engine.support.hierarchical.NodeTestTask.lambda$executeRecursively$8(NodeTestTask.java:146)
	at org.junit.platform.engine.support.hierarchical.Node.around(Node.java:137)
	at org.junit.platform.engine.support.hierarchical.NodeTestTask.lambda$executeRecursively$9(NodeTestTask.java:144)
	at org.junit.platform.engine.support.hierarchical.ThrowableCollector.execute(ThrowableCollector.java:73)
	at org.junit.platform.engine.support.hierarchical.NodeTestTask.executeRecursively(NodeTestTask.java:143)
	at org.junit.platform.engine.support.hierarchical.NodeTestTask.execute(NodeTestTask.java:100)
	at org.junit.platform.engine.support.hierarchical.SameThreadHierarchicalTestExecutorService.submit(SameThreadHierarchicalTestExecutorService.java:35)
	at org.junit.platform.engine.support.hierarchical.HierarchicalTestExecutor.execute(HierarchicalTestExecutor.java:57)
	at org.junit.platform.engine.support.hierarchical.HierarchicalTestEngine.execute(HierarchicalTestEngine.java:54)
	at org.junit.platform.launcher.core.EngineExecutionOrchestrator.execute(EngineExecutionOrchestrator.java:198)
	at org.junit.platform.launcher.core.EngineExecutionOrchestrator.execute(EngineExecutionOrchestrator.java:169)
	at org.junit.platform.launcher.core.EngineExecutionOrchestrator.execute(EngineExecutionOrchestrator.java:93)
	at org.junit.platform.launcher.core.EngineExecutionOrchestrator.lambda$execute$0(EngineExecutionOrchestrator.java:58)
	at org.junit.platform.launcher.core.EngineExecutionOrchestrator.withInterceptedStreams(EngineExecutionOrchestrator.java:141)
	at org.junit.platform.launcher.core.EngineExecutionOrchestrator.execute(EngineExecutionOrchestrator.java:57)
	at org.junit.platform.launcher.core.DefaultLauncher.execute(DefaultLauncher.java:103)
	at org.junit.platform.launcher.core.DefaultLauncher.execute(DefaultLauncher.java:85)
	at org.junit.platform.launcher.core.DelegatingLauncher.execute(DelegatingLauncher.java:47)
	at org.apache.maven.surefire.junitplatform.LazyLauncher.execute(LazyLauncher.java:56)
	at org.apache.maven.surefire.junitplatform.JUnitPlatformProvider.execute(JUnitPlatformProvider.java:184)
	at org.apache.maven.surefire.junitplatform.JUnitPlatformProvider.invokeAllTests(JUnitPlatformProvider.java:148)
	at org.apache.maven.surefire.junitplatform.JUnitPlatformProvider.invoke(JUnitPlatformProvider.java:122)
	at org.apache.maven.surefire.booter.ForkedBooter.runSuitesInProcess(ForkedBooter.java:385)
	at org.apache.maven.surefire.booter.ForkedBooter.execute(ForkedBooter.java:162)
	at org.apache.maven.surefire.booter.ForkedBooter.run(ForkedBooter.java:507)
	at org.apache.maven.surefire.booter.ForkedBooter.main(ForkedBooter.java:495)
Caused by: org.springframework.beans.factory.BeanCreationException: Error creating bean with name 'liquibase' defined in class path resource [org/springframework/boot/autoconfigure/liquibase/LiquibaseAutoConfiguration$LiquibaseConfiguration.class]: liquibase.exception.DatabaseException: org.postgresql.util.PSQLException: The connection attempt failed.
	at org.springframework.beans.factory.support.AbstractAutowireCapableBeanFactory.initializeBean(AbstractAutowireCapableBeanFactory.java:1806)
	at org.springframework.beans.factory.support.AbstractAutowireCapableBeanFactory.doCreateBean(AbstractAutowireCapableBeanFactory.java:600)
	at org.springframework.beans.factory.support.AbstractAutowireCapableBeanFactory.createBean(AbstractAutowireCapableBeanFactory.java:522)
	at org.springframework.beans.factory.support.AbstractBeanFactory.lambda$doGetBean$0(AbstractBeanFactory.java:337)
	at org.springframework.beans.factory.support.DefaultSingletonBeanRegistry.getSingleton(DefaultSingletonBeanRegistry.java:234)
	at org.springframework.beans.factory.support.AbstractBeanFactory.doGetBean(AbstractBeanFactory.java:335)
	at org.springframework.beans.factory.support.AbstractBeanFactory.getBean(AbstractBeanFactory.java:200)
	at org.springframework.beans.factory.support.AbstractBeanFactory.doGetBean(AbstractBeanFactory.java:313)
	... 88 common frames omitted
Caused by: liquibase.exception.UnexpectedLiquibaseException: liquibase.exception.DatabaseException: org.postgresql.util.PSQLException: The connection attempt failed.
	at liquibase.integration.spring.SpringLiquibase.afterPropertiesSet(SpringLiquibase.java:259)
	at org.springframework.beans.factory.support.AbstractAutowireCapableBeanFactory.invokeInitMethods(AbstractAutowireCapableBeanFactory.java:1853)
	at org.springframework.beans.factory.support.AbstractAutowireCapableBeanFactory.initializeBean(AbstractAutowireCapableBeanFactory.java:1802)
	... 95 common frames omitted
Caused by: liquibase.exception.DatabaseException: org.postgresql.util.PSQLException: The connection attempt failed.
	at liquibase.integration.spring.SpringLiquibase.lambda$afterPropertiesSet$0(SpringLiquibase.java:251)
	at liquibase.Scope.lambda$child$0(Scope.java:190)
	at liquibase.Scope.child(Scope.java:199)
	at liquibase.Scope.child(Scope.java:189)
	at liquibase.Scope.child(Scope.java:168)
	at liquibase.Scope.child(Scope.java:256)
	at liquibase.integration.spring.SpringLiquibase.afterPropertiesSet(SpringLiquibase.java:242)
	... 97 common frames omitted
Caused by: org.postgresql.util.PSQLException: The connection attempt failed.
	at org.postgresql.core.v3.ConnectionFactoryImpl.openConnectionImpl(ConnectionFactoryImpl.java:364)
	at org.postgresql.core.ConnectionFactory.openConnection(ConnectionFactory.java:54)
	at org.postgresql.jdbc.PgConnection.<init>(PgConnection.java:273)
	at org.postgresql.Driver.makeConnection(Driver.java:446)
	at org.postgresql.Driver.connect(Driver.java:298)
	at com.zaxxer.hikari.util.DriverDataSource.getConnection(DriverDataSource.java:137)
	at com.zaxxer.hikari.pool.PoolBase.newConnection(PoolBase.java:360)
	at com.zaxxer.hikari.pool.PoolBase.newPoolEntry(PoolBase.java:202)
	at com.zaxxer.hikari.pool.HikariPool.createPoolEntry(HikariPool.java:461)
	at com.zaxxer.hikari.pool.HikariPool.checkFailFast(HikariPool.java:550)
	at com.zaxxer.hikari.pool.HikariPool.<init>(HikariPool.java:98)
	at com.zaxxer.hikari.HikariDataSource.getConnection(HikariDataSource.java:111)
	at liquibase.integration.spring.SpringLiquibase.lambda$afterPropertiesSet$0(SpringLiquibase.java:246)
	... 103 common frames omitted
Caused by: java.net.UnknownHostException: postgres-db
	at java.base/sun.nio.ch.NioSocketImpl.connect(NioSocketImpl.java:567)
	at java.base/java.net.SocksSocketImpl.connect(SocksSocketImpl.java:327)
	at java.base/java.net.Socket.connect(Socket.java:751)
	at org.postgresql.core.PGStream.createSocket(PGStream.java:260)
	at org.postgresql.core.PGStream.<init>(PGStream.java:121)
	at org.postgresql.core.v3.ConnectionFactoryImpl.tryConnect(ConnectionFactoryImpl.java:140)
	at org.postgresql.core.v3.ConnectionFactoryImpl.openConnectionImpl(ConnectionFactoryImpl.java:268)
	... 115 common frames omitted
2025-03-03 18:14:07 [main] WARN  o.s.test.context.TestContextManager - Caught exception while allowing TestExecutionListener [org.springframework.test.context.web.ServletTestExecutionListener] to prepare test instance [com.track.task.TaskTrackerApplicationTests@4f1f2f84]
java.lang.IllegalStateException: Failed to load ApplicationContext for [WebMergedContextConfiguration@1f2497d9 testClass = com.track.task.TaskTrackerApplicationTests, locations = [], classes = [com.track.task.TaskTrackerApplication], contextInitializerClasses = [], activeProfiles = [], propertySourceDescriptors = [], propertySourceProperties = ["org.springframework.boot.test.context.SpringBootTestContextBootstrapper=true"], contextCustomizers = [org.springframework.boot.test.context.filter.ExcludeFilterContextCustomizer@12219f6a, org.springframework.boot.test.json.DuplicateJsonObjectContextCustomizerFactory$DuplicateJsonObjectContextCustomizer@523a7801, org.springframework.boot.test.mock.mockito.MockitoContextCustomizer@0, org.springframework.boot.test.web.client.TestRestTemplateContextCustomizer@729c8063, org.springframework.boot.test.web.reactor.netty.DisableReactorResourceFactoryGlobalResourcesContextCustomizerFactory$DisableReactorResourceFactoryGlobalResourcesContextCustomizerCustomizer@73c48264, org.springframework.boot.test.autoconfigure.OnFailureConditionReportContextCustomizerFactory$OnFailureConditionReportContextCustomizer@2dafae61, org.springframework.boot.test.autoconfigure.actuate.observability.ObservabilityContextCustomizerFactory$DisableObservabilityContextCustomizer@1f, org.springframework.boot.test.autoconfigure.properties.PropertyMappingContextCustomizer@0, org.springframework.boot.test.autoconfigure.web.servlet.WebDriverContextCustomizer@445821a6, org.springframework.boot.test.context.SpringBootTestAnnotation@c0461fcd], resourceBasePath = "src/main/webapp", contextLoader = org.springframework.boot.test.context.SpringBootContextLoader, parent = null]
	at org.springframework.test.context.cache.DefaultCacheAwareContextLoaderDelegate.loadContext(DefaultCacheAwareContextLoaderDelegate.java:180)
	at org.springframework.test.context.support.DefaultTestContext.getApplicationContext(DefaultTestContext.java:130)
	at org.springframework.test.context.web.ServletTestExecutionListener.setUpRequestContextIfNecessary(ServletTestExecutionListener.java:191)
	at org.springframework.test.context.web.ServletTestExecutionListener.prepareTestInstance(ServletTestExecutionListener.java:130)
	at org.springframework.test.context.TestContextManager.prepareTestInstance(TestContextManager.java:260)
	at org.springframework.test.context.junit.jupiter.SpringExtension.postProcessTestInstance(SpringExtension.java:163)
	at org.junit.jupiter.engine.descriptor.ClassBasedTestDescriptor.lambda$invokeTestInstancePostProcessors$10(ClassBasedTestDescriptor.java:378)
	at org.junit.jupiter.engine.descriptor.ClassBasedTestDescriptor.executeAndMaskThrowable(ClassBasedTestDescriptor.java:383)
	at org.junit.jupiter.engine.descriptor.ClassBasedTestDescriptor.lambda$invokeTestInstancePostProcessors$11(ClassBasedTestDescriptor.java:378)
	at java.base/java.util.stream.ReferencePipeline$3$1.accept(ReferencePipeline.java:197)
	at java.base/java.util.stream.ReferencePipeline$2$1.accept(ReferencePipeline.java:179)
	at java.base/java.util.ArrayList$ArrayListSpliterator.forEachRemaining(ArrayList.java:1708)
	at java.base/java.util.stream.AbstractPipeline.copyInto(AbstractPipeline.java:509)
	at java.base/java.util.stream.AbstractPipeline.wrapAndCopyInto(AbstractPipeline.java:499)
	at java.base/java.util.stream.StreamSpliterators$WrappingSpliterator.forEachRemaining(StreamSpliterators.java:310)
	at java.base/java.util.stream.Streams$ConcatSpliterator.forEachRemaining(Streams.java:735)
	at java.base/java.util.stream.Streams$ConcatSpliterator.forEachRemaining(Streams.java:734)
	at java.base/java.util.stream.ReferencePipeline$Head.forEach(ReferencePipeline.java:762)
	at org.junit.jupiter.engine.descriptor.ClassBasedTestDescriptor.invokeTestInstancePostProcessors(ClassBasedTestDescriptor.java:377)
	at org.junit.jupiter.engine.descriptor.ClassBasedTestDescriptor.lambda$instantiateAndPostProcessTestInstance$6(ClassBasedTestDescriptor.java:290)
	at org.junit.platform.engine.support.hierarchical.ThrowableCollector.execute(ThrowableCollector.java:73)
	at org.junit.jupiter.engine.descriptor.ClassBasedTestDescriptor.instantiateAndPostProcessTestInstance(ClassBasedTestDescriptor.java:289)
	at org.junit.jupiter.engine.descriptor.ClassBasedTestDescriptor.lambda$testInstancesProvider$4(ClassBasedTestDescriptor.java:279)
	at java.base/java.util.Optional.orElseGet(Optional.java:364)
	at org.junit.jupiter.engine.descriptor.ClassBasedTestDescriptor.lambda$testInstancesProvider$5(ClassBasedTestDescriptor.java:278)
	at org.junit.jupiter.engine.execution.TestInstancesProvider.getTestInstances(TestInstancesProvider.java:31)
	at org.junit.jupiter.engine.descriptor.TestMethodTestDescriptor.lambda$prepare$0(TestMethodTestDescriptor.java:106)
	at org.junit.platform.engine.support.hierarchical.ThrowableCollector.execute(ThrowableCollector.java:73)
	at org.junit.jupiter.engine.descriptor.TestMethodTestDescriptor.prepare(TestMethodTestDescriptor.java:105)
	at org.junit.jupiter.engine.descriptor.TestMethodTestDescriptor.prepare(TestMethodTestDescriptor.java:69)
	at org.junit.platform.engine.support.hierarchical.NodeTestTask.lambda$prepare$2(NodeTestTask.java:128)
	at org.junit.platform.engine.support.hierarchical.ThrowableCollector.execute(ThrowableCollector.java:73)
	at org.junit.platform.engine.support.hierarchical.NodeTestTask.prepare(NodeTestTask.java:128)
	at org.junit.platform.engine.support.hierarchical.NodeTestTask.execute(NodeTestTask.java:95)
	at java.base/java.util.ArrayList.forEach(ArrayList.java:1596)
	at org.junit.platform.engine.support.hierarchical.SameThreadHierarchicalTestExecutorService.invokeAll(SameThreadHierarchicalTestExecutorService.java:41)
	at org.junit.platform.engine.support.hierarchical.NodeTestTask.lambda$executeRecursively$6(NodeTestTask.java:160)
	at org.junit.platform.engine.support.hierarchical.ThrowableCollector.execute(ThrowableCollector.java:73)
	at org.junit.platform.engine.support.hierarchical.NodeTestTask.lambda$executeRecursively$8(NodeTestTask.java:146)
	at org.junit.platform.engine.support.hierarchical.Node.around(Node.java:137)
	at org.junit.platform.engine.support.hierarchical.NodeTestTask.lambda$executeRecursively$9(NodeTestTask.java:144)
	at org.junit.platform.engine.support.hierarchical.ThrowableCollector.execute(ThrowableCollector.java:73)
	at org.junit.platform.engine.support.hierarchical.NodeTestTask.executeRecursively(NodeTestTask.java:143)
	at org.junit.platform.engine.support.hierarchical.NodeTestTask.execute(NodeTestTask.java:100)
	at java.base/java.util.ArrayList.forEach(ArrayList.java:1596)
	at org.junit.platform.engine.support.hierarchical.SameThreadHierarchicalTestExecutorService.invokeAll(SameThreadHierarchicalTestExecutorService.java:41)
	at org.junit.platform.engine.support.hierarchical.NodeTestTask.lambda$executeRecursively$6(NodeTestTask.java:160)
	at org.junit.platform.engine.support.hierarchical.ThrowableCollector.execute(ThrowableCollector.java:73)
	at org.junit.platform.engine.support.hierarchical.NodeTestTask.lambda$executeRecursively$8(NodeTestTask.java:146)
	at org.junit.platform.engine.support.hierarchical.Node.around(Node.java:137)
	at org.junit.platform.engine.support.hierarchical.NodeTestTask.lambda$executeRecursively$9(NodeTestTask.java:144)
	at org.junit.platform.engine.support.hierarchical.ThrowableCollector.execute(ThrowableCollector.java:73)
	at org.junit.platform.engine.support.hierarchical.NodeTestTask.executeRecursively(NodeTestTask.java:143)
	at org.junit.platform.engine.support.hierarchical.NodeTestTask.execute(NodeTestTask.java:100)
	at org.junit.platform.engine.support.hierarchical.SameThreadHierarchicalTestExecutorService.submit(SameThreadHierarchicalTestExecutorService.java:35)
	at org.junit.platform.engine.support.hierarchical.HierarchicalTestExecutor.execute(HierarchicalTestExecutor.java:57)
	at org.junit.platform.engine.support.hierarchical.HierarchicalTestEngine.execute(HierarchicalTestEngine.java:54)
	at org.junit.platform.launcher.core.EngineExecutionOrchestrator.execute(EngineExecutionOrchestrator.java:198)
	at org.junit.platform.launcher.core.EngineExecutionOrchestrator.execute(EngineExecutionOrchestrator.java:169)
	at org.junit.platform.launcher.core.EngineExecutionOrchestrator.execute(EngineExecutionOrchestrator.java:93)
	at org.junit.platform.launcher.core.EngineExecutionOrchestrator.lambda$execute$0(EngineExecutionOrchestrator.java:58)
	at org.junit.platform.launcher.core.EngineExecutionOrchestrator.withInterceptedStreams(EngineExecutionOrchestrator.java:141)
	at org.junit.platform.launcher.core.EngineExecutionOrchestrator.execute(EngineExecutionOrchestrator.java:57)
	at org.junit.platform.launcher.core.DefaultLauncher.execute(DefaultLauncher.java:103)
	at org.junit.platform.launcher.core.DefaultLauncher.execute(DefaultLauncher.java:85)
	at org.junit.platform.launcher.core.DelegatingLauncher.execute(DelegatingLauncher.java:47)
	at org.apache.maven.surefire.junitplatform.LazyLauncher.execute(LazyLauncher.java:56)
	at org.apache.maven.surefire.junitplatform.JUnitPlatformProvider.execute(JUnitPlatformProvider.java:184)
	at org.apache.maven.surefire.junitplatform.JUnitPlatformProvider.invokeAllTests(JUnitPlatformProvider.java:148)
	at org.apache.maven.surefire.junitplatform.JUnitPlatformProvider.invoke(JUnitPlatformProvider.java:122)
	at org.apache.maven.surefire.booter.ForkedBooter.runSuitesInProcess(ForkedBooter.java:385)
	at org.apache.maven.surefire.booter.ForkedBooter.execute(ForkedBooter.java:162)
	at org.apache.maven.surefire.booter.ForkedBooter.run(ForkedBooter.java:507)
	at org.apache.maven.surefire.booter.ForkedBooter.main(ForkedBooter.java:495)
Caused by: org.springframework.beans.factory.BeanCreationException: Error creating bean with name 'entityManagerFactory' defined in class path resource [org/springframework/boot/autoconfigure/orm/jpa/HibernateJpaConfiguration.class]: Failed to initialize dependency 'liquibase' of LoadTimeWeaverAware bean 'entityManagerFactory': Error creating bean with name 'liquibase' defined in class path resource [org/springframework/boot/autoconfigure/liquibase/LiquibaseAutoConfiguration$LiquibaseConfiguration.class]: liquibase.exception.DatabaseException: org.postgresql.util.PSQLException: The connection attempt failed.
	at org.springframework.beans.factory.support.AbstractBeanFactory.doGetBean(AbstractBeanFactory.java:326)
	at org.springframework.beans.factory.support.AbstractBeanFactory.getBean(AbstractBeanFactory.java:205)
	at org.springframework.context.support.AbstractApplicationContext.finishBeanFactoryInitialization(AbstractApplicationContext.java:954)
	at org.springframework.context.support.AbstractApplicationContext.refresh(AbstractApplicationContext.java:625)
	at org.springframework.boot.SpringApplication.refresh(SpringApplication.java:754)
	at org.springframework.boot.SpringApplication.refreshContext(SpringApplication.java:456)
	at org.springframework.boot.SpringApplication.run(SpringApplication.java:335)
	at org.springframework.boot.test.context.SpringBootContextLoader.lambda$loadContext$3(SpringBootContextLoader.java:137)
	at org.springframework.util.function.ThrowingSupplier.get(ThrowingSupplier.java:58)
	at org.springframework.util.function.ThrowingSupplier.get(ThrowingSupplier.java:46)
	at org.springframework.boot.SpringApplication.withHook(SpringApplication.java:1463)
	at org.springframework.boot.test.context.SpringBootContextLoader$ContextLoaderHook.run(SpringBootContextLoader.java:553)
	at org.springframework.boot.test.context.SpringBootContextLoader.loadContext(SpringBootContextLoader.java:137)
	at org.springframework.boot.test.context.SpringBootContextLoader.loadContext(SpringBootContextLoader.java:108)
	at org.springframework.test.context.cache.DefaultCacheAwareContextLoaderDelegate.loadContextInternal(DefaultCacheAwareContextLoaderDelegate.java:225)
	at org.springframework.test.context.cache.DefaultCacheAwareContextLoaderDelegate.loadContext(DefaultCacheAwareContextLoaderDelegate.java:152)
	... 73 common frames omitted
Caused by: org.springframework.beans.factory.BeanCreationException: Error creating bean with name 'liquibase' defined in class path resource [org/springframework/boot/autoconfigure/liquibase/LiquibaseAutoConfiguration$LiquibaseConfiguration.class]: liquibase.exception.DatabaseException: org.postgresql.util.PSQLException: The connection attempt failed.
	at org.springframework.beans.factory.support.AbstractAutowireCapableBeanFactory.initializeBean(AbstractAutowireCapableBeanFactory.java:1806)
	at org.springframework.beans.factory.support.AbstractAutowireCapableBeanFactory.doCreateBean(AbstractAutowireCapableBeanFactory.java:600)
	at org.springframework.beans.factory.support.AbstractAutowireCapableBeanFactory.createBean(AbstractAutowireCapableBeanFactory.java:522)
	at org.springframework.beans.factory.support.AbstractBeanFactory.lambda$doGetBean$0(AbstractBeanFactory.java:337)
	at org.springframework.beans.factory.support.DefaultSingletonBeanRegistry.getSingleton(DefaultSingletonBeanRegistry.java:234)
	at org.springframework.beans.factory.support.AbstractBeanFactory.doGetBean(AbstractBeanFactory.java:335)
	at org.springframework.beans.factory.support.AbstractBeanFactory.getBean(AbstractBeanFactory.java:200)
	at org.springframework.beans.factory.support.AbstractBeanFactory.doGetBean(AbstractBeanFactory.java:313)
	... 88 common frames omitted
Caused by: liquibase.exception.UnexpectedLiquibaseException: liquibase.exception.DatabaseException: org.postgresql.util.PSQLException: The connection attempt failed.
	at liquibase.integration.spring.SpringLiquibase.afterPropertiesSet(SpringLiquibase.java:259)
	at org.springframework.beans.factory.support.AbstractAutowireCapableBeanFactory.invokeInitMethods(AbstractAutowireCapableBeanFactory.java:1853)
	at org.springframework.beans.factory.support.AbstractAutowireCapableBeanFactory.initializeBean(AbstractAutowireCapableBeanFactory.java:1802)
	... 95 common frames omitted
Caused by: liquibase.exception.DatabaseException: org.postgresql.util.PSQLException: The connection attempt failed.
	at liquibase.integration.spring.SpringLiquibase.lambda$afterPropertiesSet$0(SpringLiquibase.java:251)
	at liquibase.Scope.lambda$child$0(Scope.java:190)
	at liquibase.Scope.child(Scope.java:199)
	at liquibase.Scope.child(Scope.java:189)
	at liquibase.Scope.child(Scope.java:168)
	at liquibase.Scope.child(Scope.java:256)
	at liquibase.integration.spring.SpringLiquibase.afterPropertiesSet(SpringLiquibase.java:242)
	... 97 common frames omitted
Caused by: org.postgresql.util.PSQLException: The connection attempt failed.
	at org.postgresql.core.v3.ConnectionFactoryImpl.openConnectionImpl(ConnectionFactoryImpl.java:364)
	at org.postgresql.core.ConnectionFactory.openConnection(ConnectionFactory.java:54)
	at org.postgresql.jdbc.PgConnection.<init>(PgConnection.java:273)
	at org.postgresql.Driver.makeConnection(Driver.java:446)
	at org.postgresql.Driver.connect(Driver.java:298)
	at com.zaxxer.hikari.util.DriverDataSource.getConnection(DriverDataSource.java:137)
	at com.zaxxer.hikari.pool.PoolBase.newConnection(PoolBase.java:360)
	at com.zaxxer.hikari.pool.PoolBase.newPoolEntry(PoolBase.java:202)
	at com.zaxxer.hikari.pool.HikariPool.createPoolEntry(HikariPool.java:461)
	at com.zaxxer.hikari.pool.HikariPool.checkFailFast(HikariPool.java:550)
	at com.zaxxer.hikari.pool.HikariPool.<init>(HikariPool.java:98)
	at com.zaxxer.hikari.HikariDataSource.getConnection(HikariDataSource.java:111)
	at liquibase.integration.spring.SpringLiquibase.lambda$afterPropertiesSet$0(SpringLiquibase.java:246)
	... 103 common frames omitted
Caused by: java.net.UnknownHostException: postgres-db
	at java.base/sun.nio.ch.NioSocketImpl.connect(NioSocketImpl.java:567)
	at java.base/java.net.SocksSocketImpl.connect(SocksSocketImpl.java:327)
	at java.base/java.net.Socket.connect(Socket.java:751)
	at org.postgresql.core.PGStream.createSocket(PGStream.java:260)
	at org.postgresql.core.PGStream.<init>(PGStream.java:121)
	at org.postgresql.core.v3.ConnectionFactoryImpl.tryConnect(ConnectionFactoryImpl.java:140)
	at org.postgresql.core.v3.ConnectionFactoryImpl.openConnectionImpl(ConnectionFactoryImpl.java:268)
	... 115 common frames omitted
2025-03-03 18:14:07 [main] INFO  o.s.t.c.s.AnnotationConfigContextLoaderUtils - Could not detect default configuration classes for test class [com.track.task.user.UserServiceImplTest]: UserServiceImplTest does not declare any static, non-private, non-final, nested classes annotated with @Configuration.
2025-03-03 18:14:07 [testcontainers-ryuk] WARN  o.t.utility.RyukResourceReaper - Can not connect to Ryuk at 172.17.0.1:22782
java.net.ConnectException: Connection refused
	at java.base/sun.nio.ch.Net.pollConnect(Native Method)
	at java.base/sun.nio.ch.Net.pollConnectNow(Net.java:682)
	at java.base/sun.nio.ch.NioSocketImpl.timedFinishConnect(NioSocketImpl.java:542)
	at java.base/sun.nio.ch.NioSocketImpl.connect(NioSocketImpl.java:592)
	at java.base/java.net.SocksSocketImpl.connect(SocksSocketImpl.java:327)
	at java.base/java.net.Socket.connect(Socket.java:751)
	at org.testcontainers.utility.RyukResourceReaper.lambda$null$1(RyukResourceReaper.java:105)
	at org.rnorth.ducttape.ratelimits.RateLimiter.doWhenReady(RateLimiter.java:27)
	at org.testcontainers.utility.RyukResourceReaper.lambda$maybeStart$2(RyukResourceReaper.java:101)
	at java.base/java.lang.Thread.run(Thread.java:1583)
2025-03-03 18:14:07 [testcontainers-ryuk] WARN  o.t.utility.RyukResourceReaper - Can not connect to Ryuk at 172.17.0.1:22782
java.net.ConnectException: Connection refused
	at java.base/sun.nio.ch.Net.pollConnect(Native Method)
	at java.base/sun.nio.ch.Net.pollConnectNow(Net.java:682)
	at java.base/sun.nio.ch.NioSocketImpl.timedFinishConnect(NioSocketImpl.java:542)
	at java.base/sun.nio.ch.NioSocketImpl.connect(NioSocketImpl.java:592)
	at java.base/java.net.SocksSocketImpl.connect(SocksSocketImpl.java:327)
	at java.base/java.net.Socket.connect(Socket.java:751)
	at org.testcontainers.utility.RyukResourceReaper.lambda$null$1(RyukResourceReaper.java:105)
	at org.rnorth.ducttape.ratelimits.RateLimiter.doWhenReady(RateLimiter.java:27)
	at org.testcontainers.utility.RyukResourceReaper.lambda$maybeStart$2(RyukResourceReaper.java:101)
	at java.base/java.lang.Thread.run(Thread.java:1583)
2025-03-03 18:14:07 [main] INFO  o.s.b.t.c.SpringBootTestContextBootstrapper - Found @SpringBootConfiguration com.track.task.TaskTrackerApplication for test class com.track.task.user.UserServiceImplTest
2025-03-03 18:20:49 [testcontainers-ryuk] WARN  o.t.utility.RyukResourceReaper - Can not connect to Ryuk at 172.17.0.1:31238
java.net.ConnectException: Connection refused
	at java.base/sun.nio.ch.Net.pollConnect(Native Method)
	at java.base/sun.nio.ch.Net.pollConnectNow(Net.java:682)
	at java.base/sun.nio.ch.NioSocketImpl.timedFinishConnect(NioSocketImpl.java:542)
	at java.base/sun.nio.ch.NioSocketImpl.connect(NioSocketImpl.java:592)
	at java.base/java.net.SocksSocketImpl.connect(SocksSocketImpl.java:327)
	at java.base/java.net.Socket.connect(Socket.java:751)
	at org.testcontainers.utility.RyukResourceReaper.lambda$null$1(RyukResourceReaper.java:105)
	at org.rnorth.ducttape.ratelimits.RateLimiter.doWhenReady(RateLimiter.java:27)
	at org.testcontainers.utility.RyukResourceReaper.lambda$maybeStart$2(RyukResourceReaper.java:101)
	at java.base/java.lang.Thread.run(Thread.java:1583)
2025-03-03 18:20:49 [background-preinit] INFO  o.h.validator.internal.util.Version - HV000001: Hibernate Validator 8.0.1.Final
2025-03-03 18:20:49 [testcontainers-ryuk] WARN  o.t.utility.RyukResourceReaper - Can not connect to Ryuk at 172.17.0.1:31238
java.net.ConnectException: Connection refused
	at java.base/sun.nio.ch.Net.pollConnect(Native Method)
	at java.base/sun.nio.ch.Net.pollConnectNow(Net.java:682)
	at java.base/sun.nio.ch.NioSocketImpl.timedFinishConnect(NioSocketImpl.java:542)
	at java.base/sun.nio.ch.NioSocketImpl.connect(NioSocketImpl.java:592)
	at java.base/java.net.SocksSocketImpl.connect(SocksSocketImpl.java:327)
	at java.base/java.net.Socket.connect(Socket.java:751)
	at org.testcontainers.utility.RyukResourceReaper.lambda$null$1(RyukResourceReaper.java:105)
	at org.rnorth.ducttape.ratelimits.RateLimiter.doWhenReady(RateLimiter.java:27)
	at org.testcontainers.utility.RyukResourceReaper.lambda$maybeStart$2(RyukResourceReaper.java:101)
	at java.base/java.lang.Thread.run(Thread.java:1583)
2025-03-03 18:20:50 [testcontainers-ryuk] WARN  o.t.utility.RyukResourceReaper - Can not connect to Ryuk at 172.17.0.1:31238
java.net.ConnectException: Connection refused
	at java.base/sun.nio.ch.Net.pollConnect(Native Method)
	at java.base/sun.nio.ch.Net.pollConnectNow(Net.java:682)
	at java.base/sun.nio.ch.NioSocketImpl.timedFinishConnect(NioSocketImpl.java:542)
	at java.base/sun.nio.ch.NioSocketImpl.connect(NioSocketImpl.java:592)
	at java.base/java.net.SocksSocketImpl.connect(SocksSocketImpl.java:327)
	at java.base/java.net.Socket.connect(Socket.java:751)
	at org.testcontainers.utility.RyukResourceReaper.lambda$null$1(RyukResourceReaper.java:105)
	at org.rnorth.ducttape.ratelimits.RateLimiter.doWhenReady(RateLimiter.java:27)
	at org.testcontainers.utility.RyukResourceReaper.lambda$maybeStart$2(RyukResourceReaper.java:101)
	at java.base/java.lang.Thread.run(Thread.java:1583)
2025-03-03 18:20:50 [main] INFO  c.t.task.TaskTrackerApplicationTests - Starting TaskTrackerApplicationTests using Java 21.0.6 with PID 64 (started by root in /app)
2025-03-03 18:20:50 [main] INFO  c.t.task.TaskTrackerApplicationTests - No active profile set, falling back to 1 default profile: "default"
2025-03-03 18:20:50 [testcontainers-ryuk] WARN  o.t.utility.RyukResourceReaper - Can not connect to Ryuk at 172.17.0.1:31238
java.net.ConnectException: Connection refused
	at java.base/sun.nio.ch.Net.pollConnect(Native Method)
	at java.base/sun.nio.ch.Net.pollConnectNow(Net.java:682)
	at java.base/sun.nio.ch.NioSocketImpl.timedFinishConnect(NioSocketImpl.java:542)
	at java.base/sun.nio.ch.NioSocketImpl.connect(NioSocketImpl.java:592)
	at java.base/java.net.SocksSocketImpl.connect(SocksSocketImpl.java:327)
	at java.base/java.net.Socket.connect(Socket.java:751)
	at org.testcontainers.utility.RyukResourceReaper.lambda$null$1(RyukResourceReaper.java:105)
	at org.rnorth.ducttape.ratelimits.RateLimiter.doWhenReady(RateLimiter.java:27)
	at org.testcontainers.utility.RyukResourceReaper.lambda$maybeStart$2(RyukResourceReaper.java:101)
	at java.base/java.lang.Thread.run(Thread.java:1583)
2025-03-03 18:20:50 [testcontainers-ryuk] WARN  o.t.utility.RyukResourceReaper - Can not connect to Ryuk at 172.17.0.1:31238
java.net.ConnectException: Connection refused
	at java.base/sun.nio.ch.Net.pollConnect(Native Method)
	at java.base/sun.nio.ch.Net.pollConnectNow(Net.java:682)
	at java.base/sun.nio.ch.NioSocketImpl.timedFinishConnect(NioSocketImpl.java:542)
	at java.base/sun.nio.ch.NioSocketImpl.connect(NioSocketImpl.java:592)
	at java.base/java.net.SocksSocketImpl.connect(SocksSocketImpl.java:327)
	at java.base/java.net.Socket.connect(Socket.java:751)
	at org.testcontainers.utility.RyukResourceReaper.lambda$null$1(RyukResourceReaper.java:105)
	at org.rnorth.ducttape.ratelimits.RateLimiter.doWhenReady(RateLimiter.java:27)
	at org.testcontainers.utility.RyukResourceReaper.lambda$maybeStart$2(RyukResourceReaper.java:101)
	at java.base/java.lang.Thread.run(Thread.java:1583)
2025-03-03 18:20:50 [testcontainers-ryuk] WARN  o.t.utility.RyukResourceReaper - Can not connect to Ryuk at 172.17.0.1:31238
java.net.ConnectException: Connection refused
	at java.base/sun.nio.ch.Net.pollConnect(Native Method)
	at java.base/sun.nio.ch.Net.pollConnectNow(Net.java:682)
	at java.base/sun.nio.ch.NioSocketImpl.timedFinishConnect(NioSocketImpl.java:542)
	at java.base/sun.nio.ch.NioSocketImpl.connect(NioSocketImpl.java:592)
	at java.base/java.net.SocksSocketImpl.connect(SocksSocketImpl.java:327)
	at java.base/java.net.Socket.connect(Socket.java:751)
	at org.testcontainers.utility.RyukResourceReaper.lambda$null$1(RyukResourceReaper.java:105)
	at org.rnorth.ducttape.ratelimits.RateLimiter.doWhenReady(RateLimiter.java:27)
	at org.testcontainers.utility.RyukResourceReaper.lambda$maybeStart$2(RyukResourceReaper.java:101)
	at java.base/java.lang.Thread.run(Thread.java:1583)
2025-03-03 18:20:51 [testcontainers-ryuk] WARN  o.t.utility.RyukResourceReaper - Can not connect to Ryuk at 172.17.0.1:31238
java.net.ConnectException: Connection refused
	at java.base/sun.nio.ch.Net.pollConnect(Native Method)
	at java.base/sun.nio.ch.Net.pollConnectNow(Net.java:682)
	at java.base/sun.nio.ch.NioSocketImpl.timedFinishConnect(NioSocketImpl.java:542)
	at java.base/sun.nio.ch.NioSocketImpl.connect(NioSocketImpl.java:592)
	at java.base/java.net.SocksSocketImpl.connect(SocksSocketImpl.java:327)
	at java.base/java.net.Socket.connect(Socket.java:751)
	at org.testcontainers.utility.RyukResourceReaper.lambda$null$1(RyukResourceReaper.java:105)
	at org.rnorth.ducttape.ratelimits.RateLimiter.doWhenReady(RateLimiter.java:27)
	at org.testcontainers.utility.RyukResourceReaper.lambda$maybeStart$2(RyukResourceReaper.java:101)
	at java.base/java.lang.Thread.run(Thread.java:1583)
2025-03-03 18:20:51 [testcontainers-ryuk] WARN  o.t.utility.RyukResourceReaper - Can not connect to Ryuk at 172.17.0.1:31238
java.net.ConnectException: Connection refused
	at java.base/sun.nio.ch.Net.pollConnect(Native Method)
	at java.base/sun.nio.ch.Net.pollConnectNow(Net.java:682)
	at java.base/sun.nio.ch.NioSocketImpl.timedFinishConnect(NioSocketImpl.java:542)
	at java.base/sun.nio.ch.NioSocketImpl.connect(NioSocketImpl.java:592)
	at java.base/java.net.SocksSocketImpl.connect(SocksSocketImpl.java:327)
	at java.base/java.net.Socket.connect(Socket.java:751)
	at org.testcontainers.utility.RyukResourceReaper.lambda$null$1(RyukResourceReaper.java:105)
	at org.rnorth.ducttape.ratelimits.RateLimiter.doWhenReady(RateLimiter.java:27)
	at org.testcontainers.utility.RyukResourceReaper.lambda$maybeStart$2(RyukResourceReaper.java:101)
	at java.base/java.lang.Thread.run(Thread.java:1583)
2025-03-03 18:20:51 [testcontainers-ryuk] WARN  o.t.utility.RyukResourceReaper - Can not connect to Ryuk at 172.17.0.1:31238
java.net.ConnectException: Connection refused
	at java.base/sun.nio.ch.Net.pollConnect(Native Method)
	at java.base/sun.nio.ch.Net.pollConnectNow(Net.java:682)
	at java.base/sun.nio.ch.NioSocketImpl.timedFinishConnect(NioSocketImpl.java:542)
	at java.base/sun.nio.ch.NioSocketImpl.connect(NioSocketImpl.java:592)
	at java.base/java.net.SocksSocketImpl.connect(SocksSocketImpl.java:327)
	at java.base/java.net.Socket.connect(Socket.java:751)
	at org.testcontainers.utility.RyukResourceReaper.lambda$null$1(RyukResourceReaper.java:105)
	at org.rnorth.ducttape.ratelimits.RateLimiter.doWhenReady(RateLimiter.java:27)
	at org.testcontainers.utility.RyukResourceReaper.lambda$maybeStart$2(RyukResourceReaper.java:101)
	at java.base/java.lang.Thread.run(Thread.java:1583)
2025-03-03 18:20:51 [testcontainers-ryuk] WARN  o.t.utility.RyukResourceReaper - Can not connect to Ryuk at 172.17.0.1:31238
java.net.ConnectException: Connection refused
	at java.base/sun.nio.ch.Net.pollConnect(Native Method)
	at java.base/sun.nio.ch.Net.pollConnectNow(Net.java:682)
	at java.base/sun.nio.ch.NioSocketImpl.timedFinishConnect(NioSocketImpl.java:542)
	at java.base/sun.nio.ch.NioSocketImpl.connect(NioSocketImpl.java:592)
	at java.base/java.net.SocksSocketImpl.connect(SocksSocketImpl.java:327)
	at java.base/java.net.Socket.connect(Socket.java:751)
	at org.testcontainers.utility.RyukResourceReaper.lambda$null$1(RyukResourceReaper.java:105)
	at org.rnorth.ducttape.ratelimits.RateLimiter.doWhenReady(RateLimiter.java:27)
	at org.testcontainers.utility.RyukResourceReaper.lambda$maybeStart$2(RyukResourceReaper.java:101)
	at java.base/java.lang.Thread.run(Thread.java:1583)
2025-03-03 18:20:52 [testcontainers-ryuk] WARN  o.t.utility.RyukResourceReaper - Can not connect to Ryuk at 172.17.0.1:31238
java.net.ConnectException: Connection refused
	at java.base/sun.nio.ch.Net.pollConnect(Native Method)
	at java.base/sun.nio.ch.Net.pollConnectNow(Net.java:682)
	at java.base/sun.nio.ch.NioSocketImpl.timedFinishConnect(NioSocketImpl.java:542)
	at java.base/sun.nio.ch.NioSocketImpl.connect(NioSocketImpl.java:592)
	at java.base/java.net.SocksSocketImpl.connect(SocksSocketImpl.java:327)
	at java.base/java.net.Socket.connect(Socket.java:751)
	at org.testcontainers.utility.RyukResourceReaper.lambda$null$1(RyukResourceReaper.java:105)
	at org.rnorth.ducttape.ratelimits.RateLimiter.doWhenReady(RateLimiter.java:27)
	at org.testcontainers.utility.RyukResourceReaper.lambda$maybeStart$2(RyukResourceReaper.java:101)
	at java.base/java.lang.Thread.run(Thread.java:1583)
2025-03-03 18:20:52 [testcontainers-ryuk] WARN  o.t.utility.RyukResourceReaper - Can not connect to Ryuk at 172.17.0.1:31238
java.net.ConnectException: Connection refused
	at java.base/sun.nio.ch.Net.pollConnect(Native Method)
	at java.base/sun.nio.ch.Net.pollConnectNow(Net.java:682)
	at java.base/sun.nio.ch.NioSocketImpl.timedFinishConnect(NioSocketImpl.java:542)
	at java.base/sun.nio.ch.NioSocketImpl.connect(NioSocketImpl.java:592)
	at java.base/java.net.SocksSocketImpl.connect(SocksSocketImpl.java:327)
	at java.base/java.net.Socket.connect(Socket.java:751)
	at org.testcontainers.utility.RyukResourceReaper.lambda$null$1(RyukResourceReaper.java:105)
	at org.rnorth.ducttape.ratelimits.RateLimiter.doWhenReady(RateLimiter.java:27)
	at org.testcontainers.utility.RyukResourceReaper.lambda$maybeStart$2(RyukResourceReaper.java:101)
	at java.base/java.lang.Thread.run(Thread.java:1583)
2025-03-03 18:20:52 [testcontainers-ryuk] WARN  o.t.utility.RyukResourceReaper - Can not connect to Ryuk at 172.17.0.1:31238
java.net.ConnectException: Connection refused
	at java.base/sun.nio.ch.Net.pollConnect(Native Method)
	at java.base/sun.nio.ch.Net.pollConnectNow(Net.java:682)
	at java.base/sun.nio.ch.NioSocketImpl.timedFinishConnect(NioSocketImpl.java:542)
	at java.base/sun.nio.ch.NioSocketImpl.connect(NioSocketImpl.java:592)
	at java.base/java.net.SocksSocketImpl.connect(SocksSocketImpl.java:327)
	at java.base/java.net.Socket.connect(Socket.java:751)
	at org.testcontainers.utility.RyukResourceReaper.lambda$null$1(RyukResourceReaper.java:105)
	at org.rnorth.ducttape.ratelimits.RateLimiter.doWhenReady(RateLimiter.java:27)
	at org.testcontainers.utility.RyukResourceReaper.lambda$maybeStart$2(RyukResourceReaper.java:101)
	at java.base/java.lang.Thread.run(Thread.java:1583)
2025-03-03 18:20:52 [testcontainers-ryuk] WARN  o.t.utility.RyukResourceReaper - Can not connect to Ryuk at 172.17.0.1:31238
java.net.ConnectException: Connection refused
	at java.base/sun.nio.ch.Net.pollConnect(Native Method)
	at java.base/sun.nio.ch.Net.pollConnectNow(Net.java:682)
	at java.base/sun.nio.ch.NioSocketImpl.timedFinishConnect(NioSocketImpl.java:542)
	at java.base/sun.nio.ch.NioSocketImpl.connect(NioSocketImpl.java:592)
	at java.base/java.net.SocksSocketImpl.connect(SocksSocketImpl.java:327)
	at java.base/java.net.Socket.connect(Socket.java:751)
	at org.testcontainers.utility.RyukResourceReaper.lambda$null$1(RyukResourceReaper.java:105)
	at org.rnorth.ducttape.ratelimits.RateLimiter.doWhenReady(RateLimiter.java:27)
	at org.testcontainers.utility.RyukResourceReaper.lambda$maybeStart$2(RyukResourceReaper.java:101)
	at java.base/java.lang.Thread.run(Thread.java:1583)
2025-03-03 18:20:53 [testcontainers-ryuk] WARN  o.t.utility.RyukResourceReaper - Can not connect to Ryuk at 172.17.0.1:31238
java.net.ConnectException: Connection refused
	at java.base/sun.nio.ch.Net.pollConnect(Native Method)
	at java.base/sun.nio.ch.Net.pollConnectNow(Net.java:682)
	at java.base/sun.nio.ch.NioSocketImpl.timedFinishConnect(NioSocketImpl.java:542)
	at java.base/sun.nio.ch.NioSocketImpl.connect(NioSocketImpl.java:592)
	at java.base/java.net.SocksSocketImpl.connect(SocksSocketImpl.java:327)
	at java.base/java.net.Socket.connect(Socket.java:751)
	at org.testcontainers.utility.RyukResourceReaper.lambda$null$1(RyukResourceReaper.java:105)
	at org.rnorth.ducttape.ratelimits.RateLimiter.doWhenReady(RateLimiter.java:27)
	at org.testcontainers.utility.RyukResourceReaper.lambda$maybeStart$2(RyukResourceReaper.java:101)
	at java.base/java.lang.Thread.run(Thread.java:1583)
2025-03-03 18:20:53 [testcontainers-ryuk] WARN  o.t.utility.RyukResourceReaper - Can not connect to Ryuk at 172.17.0.1:31238
java.net.ConnectException: Connection refused
	at java.base/sun.nio.ch.Net.pollConnect(Native Method)
	at java.base/sun.nio.ch.Net.pollConnectNow(Net.java:682)
	at java.base/sun.nio.ch.NioSocketImpl.timedFinishConnect(NioSocketImpl.java:542)
	at java.base/sun.nio.ch.NioSocketImpl.connect(NioSocketImpl.java:592)
	at java.base/java.net.SocksSocketImpl.connect(SocksSocketImpl.java:327)
	at java.base/java.net.Socket.connect(Socket.java:751)
	at org.testcontainers.utility.RyukResourceReaper.lambda$null$1(RyukResourceReaper.java:105)
	at org.rnorth.ducttape.ratelimits.RateLimiter.doWhenReady(RateLimiter.java:27)
	at org.testcontainers.utility.RyukResourceReaper.lambda$maybeStart$2(RyukResourceReaper.java:101)
	at java.base/java.lang.Thread.run(Thread.java:1583)
2025-03-03 18:20:53 [testcontainers-ryuk] WARN  o.t.utility.RyukResourceReaper - Can not connect to Ryuk at 172.17.0.1:31238
java.net.ConnectException: Connection refused
	at java.base/sun.nio.ch.Net.pollConnect(Native Method)
	at java.base/sun.nio.ch.Net.pollConnectNow(Net.java:682)
	at java.base/sun.nio.ch.NioSocketImpl.timedFinishConnect(NioSocketImpl.java:542)
	at java.base/sun.nio.ch.NioSocketImpl.connect(NioSocketImpl.java:592)
	at java.base/java.net.SocksSocketImpl.connect(SocksSocketImpl.java:327)
	at java.base/java.net.Socket.connect(Socket.java:751)
	at org.testcontainers.utility.RyukResourceReaper.lambda$null$1(RyukResourceReaper.java:105)
	at org.rnorth.ducttape.ratelimits.RateLimiter.doWhenReady(RateLimiter.java:27)
	at org.testcontainers.utility.RyukResourceReaper.lambda$maybeStart$2(RyukResourceReaper.java:101)
	at java.base/java.lang.Thread.run(Thread.java:1583)
2025-03-03 18:20:53 [testcontainers-ryuk] WARN  o.t.utility.RyukResourceReaper - Can not connect to Ryuk at 172.17.0.1:31238
java.net.ConnectException: Connection refused
	at java.base/sun.nio.ch.Net.pollConnect(Native Method)
	at java.base/sun.nio.ch.Net.pollConnectNow(Net.java:682)
	at java.base/sun.nio.ch.NioSocketImpl.timedFinishConnect(NioSocketImpl.java:542)
	at java.base/sun.nio.ch.NioSocketImpl.connect(NioSocketImpl.java:592)
	at java.base/java.net.SocksSocketImpl.connect(SocksSocketImpl.java:327)
	at java.base/java.net.Socket.connect(Socket.java:751)
	at org.testcontainers.utility.RyukResourceReaper.lambda$null$1(RyukResourceReaper.java:105)
	at org.rnorth.ducttape.ratelimits.RateLimiter.doWhenReady(RateLimiter.java:27)
	at org.testcontainers.utility.RyukResourceReaper.lambda$maybeStart$2(RyukResourceReaper.java:101)
	at java.base/java.lang.Thread.run(Thread.java:1583)
2025-03-03 18:20:54 [testcontainers-ryuk] WARN  o.t.utility.RyukResourceReaper - Can not connect to Ryuk at 172.17.0.1:31238
java.net.ConnectException: Connection refused
	at java.base/sun.nio.ch.Net.pollConnect(Native Method)
	at java.base/sun.nio.ch.Net.pollConnectNow(Net.java:682)
	at java.base/sun.nio.ch.NioSocketImpl.timedFinishConnect(NioSocketImpl.java:542)
	at java.base/sun.nio.ch.NioSocketImpl.connect(NioSocketImpl.java:592)
	at java.base/java.net.SocksSocketImpl.connect(SocksSocketImpl.java:327)
	at java.base/java.net.Socket.connect(Socket.java:751)
	at org.testcontainers.utility.RyukResourceReaper.lambda$null$1(RyukResourceReaper.java:105)
	at org.rnorth.ducttape.ratelimits.RateLimiter.doWhenReady(RateLimiter.java:27)
	at org.testcontainers.utility.RyukResourceReaper.lambda$maybeStart$2(RyukResourceReaper.java:101)
	at java.base/java.lang.Thread.run(Thread.java:1583)
2025-03-03 18:20:54 [testcontainers-ryuk] WARN  o.t.utility.RyukResourceReaper - Can not connect to Ryuk at 172.17.0.1:31238
java.net.ConnectException: Connection refused
	at java.base/sun.nio.ch.Net.pollConnect(Native Method)
	at java.base/sun.nio.ch.Net.pollConnectNow(Net.java:682)
	at java.base/sun.nio.ch.NioSocketImpl.timedFinishConnect(NioSocketImpl.java:542)
	at java.base/sun.nio.ch.NioSocketImpl.connect(NioSocketImpl.java:592)
	at java.base/java.net.SocksSocketImpl.connect(SocksSocketImpl.java:327)
	at java.base/java.net.Socket.connect(Socket.java:751)
	at org.testcontainers.utility.RyukResourceReaper.lambda$null$1(RyukResourceReaper.java:105)
	at org.rnorth.ducttape.ratelimits.RateLimiter.doWhenReady(RateLimiter.java:27)
	at org.testcontainers.utility.RyukResourceReaper.lambda$maybeStart$2(RyukResourceReaper.java:101)
	at java.base/java.lang.Thread.run(Thread.java:1583)
2025-03-03 18:20:54 [testcontainers-ryuk] WARN  o.t.utility.RyukResourceReaper - Can not connect to Ryuk at 172.17.0.1:31238
java.net.ConnectException: Connection refused
	at java.base/sun.nio.ch.Net.pollConnect(Native Method)
	at java.base/sun.nio.ch.Net.pollConnectNow(Net.java:682)
	at java.base/sun.nio.ch.NioSocketImpl.timedFinishConnect(NioSocketImpl.java:542)
	at java.base/sun.nio.ch.NioSocketImpl.connect(NioSocketImpl.java:592)
	at java.base/java.net.SocksSocketImpl.connect(SocksSocketImpl.java:327)
	at java.base/java.net.Socket.connect(Socket.java:751)
	at org.testcontainers.utility.RyukResourceReaper.lambda$null$1(RyukResourceReaper.java:105)
	at org.rnorth.ducttape.ratelimits.RateLimiter.doWhenReady(RateLimiter.java:27)
	at org.testcontainers.utility.RyukResourceReaper.lambda$maybeStart$2(RyukResourceReaper.java:101)
	at java.base/java.lang.Thread.run(Thread.java:1583)
2025-03-03 18:20:54 [testcontainers-ryuk] WARN  o.t.utility.RyukResourceReaper - Can not connect to Ryuk at 172.17.0.1:31238
java.net.ConnectException: Connection refused
	at java.base/sun.nio.ch.Net.pollConnect(Native Method)
	at java.base/sun.nio.ch.Net.pollConnectNow(Net.java:682)
	at java.base/sun.nio.ch.NioSocketImpl.timedFinishConnect(NioSocketImpl.java:542)
	at java.base/sun.nio.ch.NioSocketImpl.connect(NioSocketImpl.java:592)
	at java.base/java.net.SocksSocketImpl.connect(SocksSocketImpl.java:327)
	at java.base/java.net.Socket.connect(Socket.java:751)
	at org.testcontainers.utility.RyukResourceReaper.lambda$null$1(RyukResourceReaper.java:105)
	at org.rnorth.ducttape.ratelimits.RateLimiter.doWhenReady(RateLimiter.java:27)
	at org.testcontainers.utility.RyukResourceReaper.lambda$maybeStart$2(RyukResourceReaper.java:101)
	at java.base/java.lang.Thread.run(Thread.java:1583)
2025-03-03 18:20:55 [testcontainers-ryuk] WARN  o.t.utility.RyukResourceReaper - Can not connect to Ryuk at 172.17.0.1:31238
java.net.ConnectException: Connection refused
	at java.base/sun.nio.ch.Net.pollConnect(Native Method)
	at java.base/sun.nio.ch.Net.pollConnectNow(Net.java:682)
	at java.base/sun.nio.ch.NioSocketImpl.timedFinishConnect(NioSocketImpl.java:542)
	at java.base/sun.nio.ch.NioSocketImpl.connect(NioSocketImpl.java:592)
	at java.base/java.net.SocksSocketImpl.connect(SocksSocketImpl.java:327)
	at java.base/java.net.Socket.connect(Socket.java:751)
	at org.testcontainers.utility.RyukResourceReaper.lambda$null$1(RyukResourceReaper.java:105)
	at org.rnorth.ducttape.ratelimits.RateLimiter.doWhenReady(RateLimiter.java:27)
	at org.testcontainers.utility.RyukResourceReaper.lambda$maybeStart$2(RyukResourceReaper.java:101)
	at java.base/java.lang.Thread.run(Thread.java:1583)
2025-03-03 18:20:55 [testcontainers-ryuk] WARN  o.t.utility.RyukResourceReaper - Can not connect to Ryuk at 172.17.0.1:31238
java.net.ConnectException: Connection refused
	at java.base/sun.nio.ch.Net.pollConnect(Native Method)
	at java.base/sun.nio.ch.Net.pollConnectNow(Net.java:682)
	at java.base/sun.nio.ch.NioSocketImpl.timedFinishConnect(NioSocketImpl.java:542)
	at java.base/sun.nio.ch.NioSocketImpl.connect(NioSocketImpl.java:592)
	at java.base/java.net.SocksSocketImpl.connect(SocksSocketImpl.java:327)
	at java.base/java.net.Socket.connect(Socket.java:751)
	at org.testcontainers.utility.RyukResourceReaper.lambda$null$1(RyukResourceReaper.java:105)
	at org.rnorth.ducttape.ratelimits.RateLimiter.doWhenReady(RateLimiter.java:27)
	at org.testcontainers.utility.RyukResourceReaper.lambda$maybeStart$2(RyukResourceReaper.java:101)
	at java.base/java.lang.Thread.run(Thread.java:1583)
2025-03-03 18:20:55 [testcontainers-ryuk] WARN  o.t.utility.RyukResourceReaper - Can not connect to Ryuk at 172.17.0.1:31238
java.net.ConnectException: Connection refused
	at java.base/sun.nio.ch.Net.pollConnect(Native Method)
	at java.base/sun.nio.ch.Net.pollConnectNow(Net.java:682)
	at java.base/sun.nio.ch.NioSocketImpl.timedFinishConnect(NioSocketImpl.java:542)
	at java.base/sun.nio.ch.NioSocketImpl.connect(NioSocketImpl.java:592)
	at java.base/java.net.SocksSocketImpl.connect(SocksSocketImpl.java:327)
	at java.base/java.net.Socket.connect(Socket.java:751)
	at org.testcontainers.utility.RyukResourceReaper.lambda$null$1(RyukResourceReaper.java:105)
	at org.rnorth.ducttape.ratelimits.RateLimiter.doWhenReady(RateLimiter.java:27)
	at org.testcontainers.utility.RyukResourceReaper.lambda$maybeStart$2(RyukResourceReaper.java:101)
	at java.base/java.lang.Thread.run(Thread.java:1583)
2025-03-03 18:20:56 [testcontainers-ryuk] WARN  o.t.utility.RyukResourceReaper - Can not connect to Ryuk at 172.17.0.1:31238
java.net.ConnectException: Connection refused
	at java.base/sun.nio.ch.Net.pollConnect(Native Method)
	at java.base/sun.nio.ch.Net.pollConnectNow(Net.java:682)
	at java.base/sun.nio.ch.NioSocketImpl.timedFinishConnect(NioSocketImpl.java:542)
	at java.base/sun.nio.ch.NioSocketImpl.connect(NioSocketImpl.java:592)
	at java.base/java.net.SocksSocketImpl.connect(SocksSocketImpl.java:327)
	at java.base/java.net.Socket.connect(Socket.java:751)
	at org.testcontainers.utility.RyukResourceReaper.lambda$null$1(RyukResourceReaper.java:105)
	at org.rnorth.ducttape.ratelimits.RateLimiter.doWhenReady(RateLimiter.java:27)
	at org.testcontainers.utility.RyukResourceReaper.lambda$maybeStart$2(RyukResourceReaper.java:101)
	at java.base/java.lang.Thread.run(Thread.java:1583)
2025-03-03 18:20:56 [testcontainers-ryuk] WARN  o.t.utility.RyukResourceReaper - Can not connect to Ryuk at 172.17.0.1:31238
java.net.ConnectException: Connection refused
	at java.base/sun.nio.ch.Net.pollConnect(Native Method)
	at java.base/sun.nio.ch.Net.pollConnectNow(Net.java:682)
	at java.base/sun.nio.ch.NioSocketImpl.timedFinishConnect(NioSocketImpl.java:542)
	at java.base/sun.nio.ch.NioSocketImpl.connect(NioSocketImpl.java:592)
	at java.base/java.net.SocksSocketImpl.connect(SocksSocketImpl.java:327)
	at java.base/java.net.Socket.connect(Socket.java:751)
	at org.testcontainers.utility.RyukResourceReaper.lambda$null$1(RyukResourceReaper.java:105)
	at org.rnorth.ducttape.ratelimits.RateLimiter.doWhenReady(RateLimiter.java:27)
	at org.testcontainers.utility.RyukResourceReaper.lambda$maybeStart$2(RyukResourceReaper.java:101)
	at java.base/java.lang.Thread.run(Thread.java:1583)
2025-03-03 18:20:56 [testcontainers-ryuk] WARN  o.t.utility.RyukResourceReaper - Can not connect to Ryuk at 172.17.0.1:31238
java.net.ConnectException: Connection refused
	at java.base/sun.nio.ch.Net.pollConnect(Native Method)
	at java.base/sun.nio.ch.Net.pollConnectNow(Net.java:682)
	at java.base/sun.nio.ch.NioSocketImpl.timedFinishConnect(NioSocketImpl.java:542)
	at java.base/sun.nio.ch.NioSocketImpl.connect(NioSocketImpl.java:592)
	at java.base/java.net.SocksSocketImpl.connect(SocksSocketImpl.java:327)
	at java.base/java.net.Socket.connect(Socket.java:751)
	at org.testcontainers.utility.RyukResourceReaper.lambda$null$1(RyukResourceReaper.java:105)
	at org.rnorth.ducttape.ratelimits.RateLimiter.doWhenReady(RateLimiter.java:27)
	at org.testcontainers.utility.RyukResourceReaper.lambda$maybeStart$2(RyukResourceReaper.java:101)
	at java.base/java.lang.Thread.run(Thread.java:1583)
2025-03-03 18:20:56 [testcontainers-ryuk] WARN  o.t.utility.RyukResourceReaper - Can not connect to Ryuk at 172.17.0.1:31238
java.net.ConnectException: Connection refused
	at java.base/sun.nio.ch.Net.pollConnect(Native Method)
	at java.base/sun.nio.ch.Net.pollConnectNow(Net.java:682)
	at java.base/sun.nio.ch.NioSocketImpl.timedFinishConnect(NioSocketImpl.java:542)
	at java.base/sun.nio.ch.NioSocketImpl.connect(NioSocketImpl.java:592)
	at java.base/java.net.SocksSocketImpl.connect(SocksSocketImpl.java:327)
	at java.base/java.net.Socket.connect(Socket.java:751)
	at org.testcontainers.utility.RyukResourceReaper.lambda$null$1(RyukResourceReaper.java:105)
	at org.rnorth.ducttape.ratelimits.RateLimiter.doWhenReady(RateLimiter.java:27)
	at org.testcontainers.utility.RyukResourceReaper.lambda$maybeStart$2(RyukResourceReaper.java:101)
	at java.base/java.lang.Thread.run(Thread.java:1583)
2025-03-03 18:20:57 [testcontainers-ryuk] WARN  o.t.utility.RyukResourceReaper - Can not connect to Ryuk at 172.17.0.1:31238
java.net.ConnectException: Connection refused
	at java.base/sun.nio.ch.Net.pollConnect(Native Method)
	at java.base/sun.nio.ch.Net.pollConnectNow(Net.java:682)
	at java.base/sun.nio.ch.NioSocketImpl.timedFinishConnect(NioSocketImpl.java:542)
	at java.base/sun.nio.ch.NioSocketImpl.connect(NioSocketImpl.java:592)
	at java.base/java.net.SocksSocketImpl.connect(SocksSocketImpl.java:327)
	at java.base/java.net.Socket.connect(Socket.java:751)
	at org.testcontainers.utility.RyukResourceReaper.lambda$null$1(RyukResourceReaper.java:105)
	at org.rnorth.ducttape.ratelimits.RateLimiter.doWhenReady(RateLimiter.java:27)
	at org.testcontainers.utility.RyukResourceReaper.lambda$maybeStart$2(RyukResourceReaper.java:101)
	at java.base/java.lang.Thread.run(Thread.java:1583)
2025-03-03 18:20:57 [main] INFO  o.s.d.r.c.RepositoryConfigurationDelegate - Bootstrapping Spring Data JPA repositories in DEFAULT mode.
2025-03-03 18:20:57 [testcontainers-ryuk] WARN  o.t.utility.RyukResourceReaper - Can not connect to Ryuk at 172.17.0.1:31238
java.net.ConnectException: Connection refused
	at java.base/sun.nio.ch.Net.pollConnect(Native Method)
	at java.base/sun.nio.ch.Net.pollConnectNow(Net.java:682)
	at java.base/sun.nio.ch.NioSocketImpl.timedFinishConnect(NioSocketImpl.java:542)
	at java.base/sun.nio.ch.NioSocketImpl.connect(NioSocketImpl.java:592)
	at java.base/java.net.SocksSocketImpl.connect(SocksSocketImpl.java:327)
	at java.base/java.net.Socket.connect(Socket.java:751)
	at org.testcontainers.utility.RyukResourceReaper.lambda$null$1(RyukResourceReaper.java:105)
	at org.rnorth.ducttape.ratelimits.RateLimiter.doWhenReady(RateLimiter.java:27)
	at org.testcontainers.utility.RyukResourceReaper.lambda$maybeStart$2(RyukResourceReaper.java:101)
	at java.base/java.lang.Thread.run(Thread.java:1583)
2025-03-03 18:20:57 [testcontainers-ryuk] WARN  o.t.utility.RyukResourceReaper - Can not connect to Ryuk at 172.17.0.1:31238
java.net.ConnectException: Connection refused
	at java.base/sun.nio.ch.Net.pollConnect(Native Method)
	at java.base/sun.nio.ch.Net.pollConnectNow(Net.java:682)
	at java.base/sun.nio.ch.NioSocketImpl.timedFinishConnect(NioSocketImpl.java:542)
	at java.base/sun.nio.ch.NioSocketImpl.connect(NioSocketImpl.java:592)
	at java.base/java.net.SocksSocketImpl.connect(SocksSocketImpl.java:327)
	at java.base/java.net.Socket.connect(Socket.java:751)
	at org.testcontainers.utility.RyukResourceReaper.lambda$null$1(RyukResourceReaper.java:105)
	at org.rnorth.ducttape.ratelimits.RateLimiter.doWhenReady(RateLimiter.java:27)
	at org.testcontainers.utility.RyukResourceReaper.lambda$maybeStart$2(RyukResourceReaper.java:101)
	at java.base/java.lang.Thread.run(Thread.java:1583)
2025-03-03 18:20:57 [testcontainers-ryuk] WARN  o.t.utility.RyukResourceReaper - Can not connect to Ryuk at 172.17.0.1:31238
java.net.ConnectException: Connection refused
	at java.base/sun.nio.ch.Net.pollConnect(Native Method)
	at java.base/sun.nio.ch.Net.pollConnectNow(Net.java:682)
	at java.base/sun.nio.ch.NioSocketImpl.timedFinishConnect(NioSocketImpl.java:542)
	at java.base/sun.nio.ch.NioSocketImpl.connect(NioSocketImpl.java:592)
	at java.base/java.net.SocksSocketImpl.connect(SocksSocketImpl.java:327)
	at java.base/java.net.Socket.connect(Socket.java:751)
	at org.testcontainers.utility.RyukResourceReaper.lambda$null$1(RyukResourceReaper.java:105)
	at org.rnorth.ducttape.ratelimits.RateLimiter.doWhenReady(RateLimiter.java:27)
	at org.testcontainers.utility.RyukResourceReaper.lambda$maybeStart$2(RyukResourceReaper.java:101)
	at java.base/java.lang.Thread.run(Thread.java:1583)
2025-03-03 18:20:58 [testcontainers-ryuk] WARN  o.t.utility.RyukResourceReaper - Can not connect to Ryuk at 172.17.0.1:31238
java.net.ConnectException: Connection refused
	at java.base/sun.nio.ch.Net.pollConnect(Native Method)
	at java.base/sun.nio.ch.Net.pollConnectNow(Net.java:682)
	at java.base/sun.nio.ch.NioSocketImpl.timedFinishConnect(NioSocketImpl.java:542)
	at java.base/sun.nio.ch.NioSocketImpl.connect(NioSocketImpl.java:592)
	at java.base/java.net.SocksSocketImpl.connect(SocksSocketImpl.java:327)
	at java.base/java.net.Socket.connect(Socket.java:751)
	at org.testcontainers.utility.RyukResourceReaper.lambda$null$1(RyukResourceReaper.java:105)
	at org.rnorth.ducttape.ratelimits.RateLimiter.doWhenReady(RateLimiter.java:27)
	at org.testcontainers.utility.RyukResourceReaper.lambda$maybeStart$2(RyukResourceReaper.java:101)
	at java.base/java.lang.Thread.run(Thread.java:1583)
2025-03-03 18:20:58 [main] INFO  o.s.d.r.c.RepositoryConfigurationDelegate - Finished Spring Data repository scanning in 1183 ms. Found 5 JPA repository interfaces.
2025-03-03 18:20:58 [testcontainers-ryuk] WARN  o.t.utility.RyukResourceReaper - Can not connect to Ryuk at 172.17.0.1:31238
java.net.ConnectException: Connection refused
	at java.base/sun.nio.ch.Net.pollConnect(Native Method)
	at java.base/sun.nio.ch.Net.pollConnectNow(Net.java:682)
	at java.base/sun.nio.ch.NioSocketImpl.timedFinishConnect(NioSocketImpl.java:542)
	at java.base/sun.nio.ch.NioSocketImpl.connect(NioSocketImpl.java:592)
	at java.base/java.net.SocksSocketImpl.connect(SocksSocketImpl.java:327)
	at java.base/java.net.Socket.connect(Socket.java:751)
	at org.testcontainers.utility.RyukResourceReaper.lambda$null$1(RyukResourceReaper.java:105)
	at org.rnorth.ducttape.ratelimits.RateLimiter.doWhenReady(RateLimiter.java:27)
	at org.testcontainers.utility.RyukResourceReaper.lambda$maybeStart$2(RyukResourceReaper.java:101)
	at java.base/java.lang.Thread.run(Thread.java:1583)
2025-03-03 18:20:58 [testcontainers-ryuk] WARN  o.t.utility.RyukResourceReaper - Can not connect to Ryuk at 172.17.0.1:31238
java.net.ConnectException: Connection refused
	at java.base/sun.nio.ch.Net.pollConnect(Native Method)
	at java.base/sun.nio.ch.Net.pollConnectNow(Net.java:682)
	at java.base/sun.nio.ch.NioSocketImpl.timedFinishConnect(NioSocketImpl.java:542)
	at java.base/sun.nio.ch.NioSocketImpl.connect(NioSocketImpl.java:592)
	at java.base/java.net.SocksSocketImpl.connect(SocksSocketImpl.java:327)
	at java.base/java.net.Socket.connect(Socket.java:751)
	at org.testcontainers.utility.RyukResourceReaper.lambda$null$1(RyukResourceReaper.java:105)
	at org.rnorth.ducttape.ratelimits.RateLimiter.doWhenReady(RateLimiter.java:27)
	at org.testcontainers.utility.RyukResourceReaper.lambda$maybeStart$2(RyukResourceReaper.java:101)
	at java.base/java.lang.Thread.run(Thread.java:1583)
2025-03-03 18:20:58 [testcontainers-ryuk] WARN  o.t.utility.RyukResourceReaper - Can not connect to Ryuk at 172.17.0.1:31238
java.net.ConnectException: Connection refused
	at java.base/sun.nio.ch.Net.pollConnect(Native Method)
	at java.base/sun.nio.ch.Net.pollConnectNow(Net.java:682)
	at java.base/sun.nio.ch.NioSocketImpl.timedFinishConnect(NioSocketImpl.java:542)
	at java.base/sun.nio.ch.NioSocketImpl.connect(NioSocketImpl.java:592)
	at java.base/java.net.SocksSocketImpl.connect(SocksSocketImpl.java:327)
	at java.base/java.net.Socket.connect(Socket.java:751)
	at org.testcontainers.utility.RyukResourceReaper.lambda$null$1(RyukResourceReaper.java:105)
	at org.rnorth.ducttape.ratelimits.RateLimiter.doWhenReady(RateLimiter.java:27)
	at org.testcontainers.utility.RyukResourceReaper.lambda$maybeStart$2(RyukResourceReaper.java:101)
	at java.base/java.lang.Thread.run(Thread.java:1583)
2025-03-03 18:20:59 [testcontainers-ryuk] WARN  o.t.utility.RyukResourceReaper - Can not connect to Ryuk at 172.17.0.1:31238
java.net.ConnectException: Connection refused
	at java.base/sun.nio.ch.Net.pollConnect(Native Method)
	at java.base/sun.nio.ch.Net.pollConnectNow(Net.java:682)
	at java.base/sun.nio.ch.NioSocketImpl.timedFinishConnect(NioSocketImpl.java:542)
	at java.base/sun.nio.ch.NioSocketImpl.connect(NioSocketImpl.java:592)
	at java.base/java.net.SocksSocketImpl.connect(SocksSocketImpl.java:327)
	at java.base/java.net.Socket.connect(Socket.java:751)
	at org.testcontainers.utility.RyukResourceReaper.lambda$null$1(RyukResourceReaper.java:105)
	at org.rnorth.ducttape.ratelimits.RateLimiter.doWhenReady(RateLimiter.java:27)
	at org.testcontainers.utility.RyukResourceReaper.lambda$maybeStart$2(RyukResourceReaper.java:101)
	at java.base/java.lang.Thread.run(Thread.java:1583)
2025-03-03 18:20:59 [testcontainers-ryuk] WARN  o.t.utility.RyukResourceReaper - Can not connect to Ryuk at 172.17.0.1:31238
java.net.ConnectException: Connection refused
	at java.base/sun.nio.ch.Net.pollConnect(Native Method)
	at java.base/sun.nio.ch.Net.pollConnectNow(Net.java:682)
	at java.base/sun.nio.ch.NioSocketImpl.timedFinishConnect(NioSocketImpl.java:542)
	at java.base/sun.nio.ch.NioSocketImpl.connect(NioSocketImpl.java:592)
	at java.base/java.net.SocksSocketImpl.connect(SocksSocketImpl.java:327)
	at java.base/java.net.Socket.connect(Socket.java:751)
	at org.testcontainers.utility.RyukResourceReaper.lambda$null$1(RyukResourceReaper.java:105)
	at org.rnorth.ducttape.ratelimits.RateLimiter.doWhenReady(RateLimiter.java:27)
	at org.testcontainers.utility.RyukResourceReaper.lambda$maybeStart$2(RyukResourceReaper.java:101)
	at java.base/java.lang.Thread.run(Thread.java:1583)
2025-03-03 18:20:59 [testcontainers-ryuk] WARN  o.t.utility.RyukResourceReaper - Can not connect to Ryuk at 172.17.0.1:31238
java.net.ConnectException: Connection refused
	at java.base/sun.nio.ch.Net.pollConnect(Native Method)
	at java.base/sun.nio.ch.Net.pollConnectNow(Net.java:682)
	at java.base/sun.nio.ch.NioSocketImpl.timedFinishConnect(NioSocketImpl.java:542)
	at java.base/sun.nio.ch.NioSocketImpl.connect(NioSocketImpl.java:592)
	at java.base/java.net.SocksSocketImpl.connect(SocksSocketImpl.java:327)
	at java.base/java.net.Socket.connect(Socket.java:751)
	at org.testcontainers.utility.RyukResourceReaper.lambda$null$1(RyukResourceReaper.java:105)
	at org.rnorth.ducttape.ratelimits.RateLimiter.doWhenReady(RateLimiter.java:27)
	at org.testcontainers.utility.RyukResourceReaper.lambda$maybeStart$2(RyukResourceReaper.java:101)
	at java.base/java.lang.Thread.run(Thread.java:1583)
2025-03-03 18:20:59 [testcontainers-ryuk] WARN  o.t.utility.RyukResourceReaper - Can not connect to Ryuk at 172.17.0.1:31238
java.net.ConnectException: Connection refused
	at java.base/sun.nio.ch.Net.pollConnect(Native Method)
	at java.base/sun.nio.ch.Net.pollConnectNow(Net.java:682)
	at java.base/sun.nio.ch.NioSocketImpl.timedFinishConnect(NioSocketImpl.java:542)
	at java.base/sun.nio.ch.NioSocketImpl.connect(NioSocketImpl.java:592)
	at java.base/java.net.SocksSocketImpl.connect(SocksSocketImpl.java:327)
	at java.base/java.net.Socket.connect(Socket.java:751)
	at org.testcontainers.utility.RyukResourceReaper.lambda$null$1(RyukResourceReaper.java:105)
	at org.rnorth.ducttape.ratelimits.RateLimiter.doWhenReady(RateLimiter.java:27)
	at org.testcontainers.utility.RyukResourceReaper.lambda$maybeStart$2(RyukResourceReaper.java:101)
	at java.base/java.lang.Thread.run(Thread.java:1583)
2025-03-03 18:21:00 [testcontainers-ryuk] WARN  o.t.utility.RyukResourceReaper - Can not connect to Ryuk at 172.17.0.1:31238
java.net.ConnectException: Connection refused
	at java.base/sun.nio.ch.Net.pollConnect(Native Method)
	at java.base/sun.nio.ch.Net.pollConnectNow(Net.java:682)
	at java.base/sun.nio.ch.NioSocketImpl.timedFinishConnect(NioSocketImpl.java:542)
	at java.base/sun.nio.ch.NioSocketImpl.connect(NioSocketImpl.java:592)
	at java.base/java.net.SocksSocketImpl.connect(SocksSocketImpl.java:327)
	at java.base/java.net.Socket.connect(Socket.java:751)
	at org.testcontainers.utility.RyukResourceReaper.lambda$null$1(RyukResourceReaper.java:105)
	at org.rnorth.ducttape.ratelimits.RateLimiter.doWhenReady(RateLimiter.java:27)
	at org.testcontainers.utility.RyukResourceReaper.lambda$maybeStart$2(RyukResourceReaper.java:101)
	at java.base/java.lang.Thread.run(Thread.java:1583)
2025-03-03 18:21:00 [testcontainers-ryuk] WARN  o.t.utility.RyukResourceReaper - Can not connect to Ryuk at 172.17.0.1:31238
java.net.ConnectException: Connection refused
	at java.base/sun.nio.ch.Net.pollConnect(Native Method)
	at java.base/sun.nio.ch.Net.pollConnectNow(Net.java:682)
	at java.base/sun.nio.ch.NioSocketImpl.timedFinishConnect(NioSocketImpl.java:542)
	at java.base/sun.nio.ch.NioSocketImpl.connect(NioSocketImpl.java:592)
	at java.base/java.net.SocksSocketImpl.connect(SocksSocketImpl.java:327)
	at java.base/java.net.Socket.connect(Socket.java:751)
	at org.testcontainers.utility.RyukResourceReaper.lambda$null$1(RyukResourceReaper.java:105)
	at org.rnorth.ducttape.ratelimits.RateLimiter.doWhenReady(RateLimiter.java:27)
	at org.testcontainers.utility.RyukResourceReaper.lambda$maybeStart$2(RyukResourceReaper.java:101)
	at java.base/java.lang.Thread.run(Thread.java:1583)
2025-03-03 18:21:00 [testcontainers-ryuk] WARN  o.t.utility.RyukResourceReaper - Can not connect to Ryuk at 172.17.0.1:31238
java.net.ConnectException: Connection refused
	at java.base/sun.nio.ch.Net.pollConnect(Native Method)
	at java.base/sun.nio.ch.Net.pollConnectNow(Net.java:682)
	at java.base/sun.nio.ch.NioSocketImpl.timedFinishConnect(NioSocketImpl.java:542)
	at java.base/sun.nio.ch.NioSocketImpl.connect(NioSocketImpl.java:592)
	at java.base/java.net.SocksSocketImpl.connect(SocksSocketImpl.java:327)
	at java.base/java.net.Socket.connect(Socket.java:751)
	at org.testcontainers.utility.RyukResourceReaper.lambda$null$1(RyukResourceReaper.java:105)
	at org.rnorth.ducttape.ratelimits.RateLimiter.doWhenReady(RateLimiter.java:27)
	at org.testcontainers.utility.RyukResourceReaper.lambda$maybeStart$2(RyukResourceReaper.java:101)
	at java.base/java.lang.Thread.run(Thread.java:1583)
2025-03-03 18:21:00 [testcontainers-ryuk] WARN  o.t.utility.RyukResourceReaper - Can not connect to Ryuk at 172.17.0.1:31238
java.net.ConnectException: Connection refused
	at java.base/sun.nio.ch.Net.pollConnect(Native Method)
	at java.base/sun.nio.ch.Net.pollConnectNow(Net.java:682)
	at java.base/sun.nio.ch.NioSocketImpl.timedFinishConnect(NioSocketImpl.java:542)
	at java.base/sun.nio.ch.NioSocketImpl.connect(NioSocketImpl.java:592)
	at java.base/java.net.SocksSocketImpl.connect(SocksSocketImpl.java:327)
	at java.base/java.net.Socket.connect(Socket.java:751)
	at org.testcontainers.utility.RyukResourceReaper.lambda$null$1(RyukResourceReaper.java:105)
	at org.rnorth.ducttape.ratelimits.RateLimiter.doWhenReady(RateLimiter.java:27)
	at org.testcontainers.utility.RyukResourceReaper.lambda$maybeStart$2(RyukResourceReaper.java:101)
	at java.base/java.lang.Thread.run(Thread.java:1583)
2025-03-03 18:21:01 [testcontainers-ryuk] WARN  o.t.utility.RyukResourceReaper - Can not connect to Ryuk at 172.17.0.1:31238
java.net.ConnectException: Connection refused
	at java.base/sun.nio.ch.Net.pollConnect(Native Method)
	at java.base/sun.nio.ch.Net.pollConnectNow(Net.java:682)
	at java.base/sun.nio.ch.NioSocketImpl.timedFinishConnect(NioSocketImpl.java:542)
	at java.base/sun.nio.ch.NioSocketImpl.connect(NioSocketImpl.java:592)
	at java.base/java.net.SocksSocketImpl.connect(SocksSocketImpl.java:327)
	at java.base/java.net.Socket.connect(Socket.java:751)
	at org.testcontainers.utility.RyukResourceReaper.lambda$null$1(RyukResourceReaper.java:105)
	at org.rnorth.ducttape.ratelimits.RateLimiter.doWhenReady(RateLimiter.java:27)
	at org.testcontainers.utility.RyukResourceReaper.lambda$maybeStart$2(RyukResourceReaper.java:101)
	at java.base/java.lang.Thread.run(Thread.java:1583)
2025-03-03 18:21:01 [testcontainers-ryuk] WARN  o.t.utility.RyukResourceReaper - Can not connect to Ryuk at 172.17.0.1:31238
java.net.ConnectException: Connection refused
	at java.base/sun.nio.ch.Net.pollConnect(Native Method)
	at java.base/sun.nio.ch.Net.pollConnectNow(Net.java:682)
	at java.base/sun.nio.ch.NioSocketImpl.timedFinishConnect(NioSocketImpl.java:542)
	at java.base/sun.nio.ch.NioSocketImpl.connect(NioSocketImpl.java:592)
	at java.base/java.net.SocksSocketImpl.connect(SocksSocketImpl.java:327)
	at java.base/java.net.Socket.connect(Socket.java:751)
	at org.testcontainers.utility.RyukResourceReaper.lambda$null$1(RyukResourceReaper.java:105)
	at org.rnorth.ducttape.ratelimits.RateLimiter.doWhenReady(RateLimiter.java:27)
	at org.testcontainers.utility.RyukResourceReaper.lambda$maybeStart$2(RyukResourceReaper.java:101)
	at java.base/java.lang.Thread.run(Thread.java:1583)
2025-03-03 18:21:01 [testcontainers-ryuk] WARN  o.t.utility.RyukResourceReaper - Can not connect to Ryuk at 172.17.0.1:31238
java.net.ConnectException: Connection refused
	at java.base/sun.nio.ch.Net.pollConnect(Native Method)
	at java.base/sun.nio.ch.Net.pollConnectNow(Net.java:682)
	at java.base/sun.nio.ch.NioSocketImpl.timedFinishConnect(NioSocketImpl.java:542)
	at java.base/sun.nio.ch.NioSocketImpl.connect(NioSocketImpl.java:592)
	at java.base/java.net.SocksSocketImpl.connect(SocksSocketImpl.java:327)
	at java.base/java.net.Socket.connect(Socket.java:751)
	at org.testcontainers.utility.RyukResourceReaper.lambda$null$1(RyukResourceReaper.java:105)
	at org.rnorth.ducttape.ratelimits.RateLimiter.doWhenReady(RateLimiter.java:27)
	at org.testcontainers.utility.RyukResourceReaper.lambda$maybeStart$2(RyukResourceReaper.java:101)
	at java.base/java.lang.Thread.run(Thread.java:1583)
2025-03-03 18:21:01 [testcontainers-ryuk] WARN  o.t.utility.RyukResourceReaper - Can not connect to Ryuk at 172.17.0.1:31238
java.net.ConnectException: Connection refused
	at java.base/sun.nio.ch.Net.pollConnect(Native Method)
	at java.base/sun.nio.ch.Net.pollConnectNow(Net.java:682)
	at java.base/sun.nio.ch.NioSocketImpl.timedFinishConnect(NioSocketImpl.java:542)
	at java.base/sun.nio.ch.NioSocketImpl.connect(NioSocketImpl.java:592)
	at java.base/java.net.SocksSocketImpl.connect(SocksSocketImpl.java:327)
	at java.base/java.net.Socket.connect(Socket.java:751)
	at org.testcontainers.utility.RyukResourceReaper.lambda$null$1(RyukResourceReaper.java:105)
	at org.rnorth.ducttape.ratelimits.RateLimiter.doWhenReady(RateLimiter.java:27)
	at org.testcontainers.utility.RyukResourceReaper.lambda$maybeStart$2(RyukResourceReaper.java:101)
	at java.base/java.lang.Thread.run(Thread.java:1583)
2025-03-03 18:21:02 [testcontainers-ryuk] WARN  o.t.utility.RyukResourceReaper - Can not connect to Ryuk at 172.17.0.1:31238
java.net.ConnectException: Connection refused
	at java.base/sun.nio.ch.Net.pollConnect(Native Method)
	at java.base/sun.nio.ch.Net.pollConnectNow(Net.java:682)
	at java.base/sun.nio.ch.NioSocketImpl.timedFinishConnect(NioSocketImpl.java:542)
	at java.base/sun.nio.ch.NioSocketImpl.connect(NioSocketImpl.java:592)
	at java.base/java.net.SocksSocketImpl.connect(SocksSocketImpl.java:327)
	at java.base/java.net.Socket.connect(Socket.java:751)
	at org.testcontainers.utility.RyukResourceReaper.lambda$null$1(RyukResourceReaper.java:105)
	at org.rnorth.ducttape.ratelimits.RateLimiter.doWhenReady(RateLimiter.java:27)
	at org.testcontainers.utility.RyukResourceReaper.lambda$maybeStart$2(RyukResourceReaper.java:101)
	at java.base/java.lang.Thread.run(Thread.java:1583)
2025-03-03 18:21:02 [main] INFO  com.zaxxer.hikari.HikariDataSource - HikariPool-1 - Starting...
2025-03-03 18:21:02 [testcontainers-ryuk] WARN  o.t.utility.RyukResourceReaper - Can not connect to Ryuk at 172.17.0.1:31238
java.net.ConnectException: Connection refused
	at java.base/sun.nio.ch.Net.pollConnect(Native Method)
	at java.base/sun.nio.ch.Net.pollConnectNow(Net.java:682)
	at java.base/sun.nio.ch.NioSocketImpl.timedFinishConnect(NioSocketImpl.java:542)
	at java.base/sun.nio.ch.NioSocketImpl.connect(NioSocketImpl.java:592)
	at java.base/java.net.SocksSocketImpl.connect(SocksSocketImpl.java:327)
	at java.base/java.net.Socket.connect(Socket.java:751)
	at org.testcontainers.utility.RyukResourceReaper.lambda$null$1(RyukResourceReaper.java:105)
	at org.rnorth.ducttape.ratelimits.RateLimiter.doWhenReady(RateLimiter.java:27)
	at org.testcontainers.utility.RyukResourceReaper.lambda$maybeStart$2(RyukResourceReaper.java:101)
	at java.base/java.lang.Thread.run(Thread.java:1583)
2025-03-03 18:21:02 [testcontainers-ryuk] WARN  o.t.utility.RyukResourceReaper - Can not connect to Ryuk at 172.17.0.1:31238
java.net.ConnectException: Connection refused
	at java.base/sun.nio.ch.Net.pollConnect(Native Method)
	at java.base/sun.nio.ch.Net.pollConnectNow(Net.java:682)
	at java.base/sun.nio.ch.NioSocketImpl.timedFinishConnect(NioSocketImpl.java:542)
	at java.base/sun.nio.ch.NioSocketImpl.connect(NioSocketImpl.java:592)
	at java.base/java.net.SocksSocketImpl.connect(SocksSocketImpl.java:327)
	at java.base/java.net.Socket.connect(Socket.java:751)
	at org.testcontainers.utility.RyukResourceReaper.lambda$null$1(RyukResourceReaper.java:105)
	at org.rnorth.ducttape.ratelimits.RateLimiter.doWhenReady(RateLimiter.java:27)
	at org.testcontainers.utility.RyukResourceReaper.lambda$maybeStart$2(RyukResourceReaper.java:101)
	at java.base/java.lang.Thread.run(Thread.java:1583)
2025-03-03 18:21:02 [testcontainers-ryuk] WARN  o.t.utility.RyukResourceReaper - Can not connect to Ryuk at 172.17.0.1:31238
java.net.ConnectException: Connection refused
	at java.base/sun.nio.ch.Net.pollConnect(Native Method)
	at java.base/sun.nio.ch.Net.pollConnectNow(Net.java:682)
	at java.base/sun.nio.ch.NioSocketImpl.timedFinishConnect(NioSocketImpl.java:542)
	at java.base/sun.nio.ch.NioSocketImpl.connect(NioSocketImpl.java:592)
	at java.base/java.net.SocksSocketImpl.connect(SocksSocketImpl.java:327)
	at java.base/java.net.Socket.connect(Socket.java:751)
	at org.testcontainers.utility.RyukResourceReaper.lambda$null$1(RyukResourceReaper.java:105)
	at org.rnorth.ducttape.ratelimits.RateLimiter.doWhenReady(RateLimiter.java:27)
	at org.testcontainers.utility.RyukResourceReaper.lambda$maybeStart$2(RyukResourceReaper.java:101)
	at java.base/java.lang.Thread.run(Thread.java:1583)
2025-03-03 18:21:03 [testcontainers-ryuk] WARN  o.t.utility.RyukResourceReaper - Can not connect to Ryuk at 172.17.0.1:31238
java.net.ConnectException: Connection refused
	at java.base/sun.nio.ch.Net.pollConnect(Native Method)
	at java.base/sun.nio.ch.Net.pollConnectNow(Net.java:682)
	at java.base/sun.nio.ch.NioSocketImpl.timedFinishConnect(NioSocketImpl.java:542)
	at java.base/sun.nio.ch.NioSocketImpl.connect(NioSocketImpl.java:592)
	at java.base/java.net.SocksSocketImpl.connect(SocksSocketImpl.java:327)
	at java.base/java.net.Socket.connect(Socket.java:751)
	at org.testcontainers.utility.RyukResourceReaper.lambda$null$1(RyukResourceReaper.java:105)
	at org.rnorth.ducttape.ratelimits.RateLimiter.doWhenReady(RateLimiter.java:27)
	at org.testcontainers.utility.RyukResourceReaper.lambda$maybeStart$2(RyukResourceReaper.java:101)
	at java.base/java.lang.Thread.run(Thread.java:1583)
2025-03-03 18:21:03 [testcontainers-ryuk] WARN  o.t.utility.RyukResourceReaper - Can not connect to Ryuk at 172.17.0.1:31238
java.net.ConnectException: Connection refused
	at java.base/sun.nio.ch.Net.pollConnect(Native Method)
	at java.base/sun.nio.ch.Net.pollConnectNow(Net.java:682)
	at java.base/sun.nio.ch.NioSocketImpl.timedFinishConnect(NioSocketImpl.java:542)
	at java.base/sun.nio.ch.NioSocketImpl.connect(NioSocketImpl.java:592)
	at java.base/java.net.SocksSocketImpl.connect(SocksSocketImpl.java:327)
	at java.base/java.net.Socket.connect(Socket.java:751)
	at org.testcontainers.utility.RyukResourceReaper.lambda$null$1(RyukResourceReaper.java:105)
	at org.rnorth.ducttape.ratelimits.RateLimiter.doWhenReady(RateLimiter.java:27)
	at org.testcontainers.utility.RyukResourceReaper.lambda$maybeStart$2(RyukResourceReaper.java:101)
	at java.base/java.lang.Thread.run(Thread.java:1583)
2025-03-03 18:21:03 [testcontainers-ryuk] WARN  o.t.utility.RyukResourceReaper - Can not connect to Ryuk at 172.17.0.1:31238
java.net.ConnectException: Connection refused
	at java.base/sun.nio.ch.Net.pollConnect(Native Method)
	at java.base/sun.nio.ch.Net.pollConnectNow(Net.java:682)
	at java.base/sun.nio.ch.NioSocketImpl.timedFinishConnect(NioSocketImpl.java:542)
	at java.base/sun.nio.ch.NioSocketImpl.connect(NioSocketImpl.java:592)
	at java.base/java.net.SocksSocketImpl.connect(SocksSocketImpl.java:327)
	at java.base/java.net.Socket.connect(Socket.java:751)
	at org.testcontainers.utility.RyukResourceReaper.lambda$null$1(RyukResourceReaper.java:105)
	at org.rnorth.ducttape.ratelimits.RateLimiter.doWhenReady(RateLimiter.java:27)
	at org.testcontainers.utility.RyukResourceReaper.lambda$maybeStart$2(RyukResourceReaper.java:101)
	at java.base/java.lang.Thread.run(Thread.java:1583)
2025-03-03 18:21:03 [testcontainers-ryuk] WARN  o.t.utility.RyukResourceReaper - Can not connect to Ryuk at 172.17.0.1:31238
java.net.ConnectException: Connection refused
	at java.base/sun.nio.ch.Net.pollConnect(Native Method)
	at java.base/sun.nio.ch.Net.pollConnectNow(Net.java:682)
	at java.base/sun.nio.ch.NioSocketImpl.timedFinishConnect(NioSocketImpl.java:542)
	at java.base/sun.nio.ch.NioSocketImpl.connect(NioSocketImpl.java:592)
	at java.base/java.net.SocksSocketImpl.connect(SocksSocketImpl.java:327)
	at java.base/java.net.Socket.connect(Socket.java:751)
	at org.testcontainers.utility.RyukResourceReaper.lambda$null$1(RyukResourceReaper.java:105)
	at org.rnorth.ducttape.ratelimits.RateLimiter.doWhenReady(RateLimiter.java:27)
	at org.testcontainers.utility.RyukResourceReaper.lambda$maybeStart$2(RyukResourceReaper.java:101)
	at java.base/java.lang.Thread.run(Thread.java:1583)
2025-03-03 18:21:04 [testcontainers-ryuk] WARN  o.t.utility.RyukResourceReaper - Can not connect to Ryuk at 172.17.0.1:31238
java.net.ConnectException: Connection refused
	at java.base/sun.nio.ch.Net.pollConnect(Native Method)
	at java.base/sun.nio.ch.Net.pollConnectNow(Net.java:682)
	at java.base/sun.nio.ch.NioSocketImpl.timedFinishConnect(NioSocketImpl.java:542)
	at java.base/sun.nio.ch.NioSocketImpl.connect(NioSocketImpl.java:592)
	at java.base/java.net.SocksSocketImpl.connect(SocksSocketImpl.java:327)
	at java.base/java.net.Socket.connect(Socket.java:751)
	at org.testcontainers.utility.RyukResourceReaper.lambda$null$1(RyukResourceReaper.java:105)
	at org.rnorth.ducttape.ratelimits.RateLimiter.doWhenReady(RateLimiter.java:27)
	at org.testcontainers.utility.RyukResourceReaper.lambda$maybeStart$2(RyukResourceReaper.java:101)
	at java.base/java.lang.Thread.run(Thread.java:1583)
2025-03-03 18:21:04 [testcontainers-ryuk] WARN  o.t.utility.RyukResourceReaper - Can not connect to Ryuk at 172.17.0.1:31238
java.net.ConnectException: Connection refused
	at java.base/sun.nio.ch.Net.pollConnect(Native Method)
	at java.base/sun.nio.ch.Net.pollConnectNow(Net.java:682)
	at java.base/sun.nio.ch.NioSocketImpl.timedFinishConnect(NioSocketImpl.java:542)
	at java.base/sun.nio.ch.NioSocketImpl.connect(NioSocketImpl.java:592)
	at java.base/java.net.SocksSocketImpl.connect(SocksSocketImpl.java:327)
	at java.base/java.net.Socket.connect(Socket.java:751)
	at org.testcontainers.utility.RyukResourceReaper.lambda$null$1(RyukResourceReaper.java:105)
	at org.rnorth.ducttape.ratelimits.RateLimiter.doWhenReady(RateLimiter.java:27)
	at org.testcontainers.utility.RyukResourceReaper.lambda$maybeStart$2(RyukResourceReaper.java:101)
	at java.base/java.lang.Thread.run(Thread.java:1583)
2025-03-03 18:21:04 [testcontainers-ryuk] WARN  o.t.utility.RyukResourceReaper - Can not connect to Ryuk at 172.17.0.1:31238
java.net.ConnectException: Connection refused
	at java.base/sun.nio.ch.Net.pollConnect(Native Method)
	at java.base/sun.nio.ch.Net.pollConnectNow(Net.java:682)
	at java.base/sun.nio.ch.NioSocketImpl.timedFinishConnect(NioSocketImpl.java:542)
	at java.base/sun.nio.ch.NioSocketImpl.connect(NioSocketImpl.java:592)
	at java.base/java.net.SocksSocketImpl.connect(SocksSocketImpl.java:327)
	at java.base/java.net.Socket.connect(Socket.java:751)
	at org.testcontainers.utility.RyukResourceReaper.lambda$null$1(RyukResourceReaper.java:105)
	at org.rnorth.ducttape.ratelimits.RateLimiter.doWhenReady(RateLimiter.java:27)
	at org.testcontainers.utility.RyukResourceReaper.lambda$maybeStart$2(RyukResourceReaper.java:101)
	at java.base/java.lang.Thread.run(Thread.java:1583)
2025-03-03 18:21:04 [testcontainers-ryuk] WARN  o.t.utility.RyukResourceReaper - Can not connect to Ryuk at 172.17.0.1:31238
java.net.ConnectException: Connection refused
	at java.base/sun.nio.ch.Net.pollConnect(Native Method)
	at java.base/sun.nio.ch.Net.pollConnectNow(Net.java:682)
	at java.base/sun.nio.ch.NioSocketImpl.timedFinishConnect(NioSocketImpl.java:542)
	at java.base/sun.nio.ch.NioSocketImpl.connect(NioSocketImpl.java:592)
	at java.base/java.net.SocksSocketImpl.connect(SocksSocketImpl.java:327)
	at java.base/java.net.Socket.connect(Socket.java:751)
	at org.testcontainers.utility.RyukResourceReaper.lambda$null$1(RyukResourceReaper.java:105)
	at org.rnorth.ducttape.ratelimits.RateLimiter.doWhenReady(RateLimiter.java:27)
	at org.testcontainers.utility.RyukResourceReaper.lambda$maybeStart$2(RyukResourceReaper.java:101)
	at java.base/java.lang.Thread.run(Thread.java:1583)
2025-03-03 18:21:05 [testcontainers-ryuk] WARN  o.t.utility.RyukResourceReaper - Can not connect to Ryuk at 172.17.0.1:31238
java.net.ConnectException: Connection refused
	at java.base/sun.nio.ch.Net.pollConnect(Native Method)
	at java.base/sun.nio.ch.Net.pollConnectNow(Net.java:682)
	at java.base/sun.nio.ch.NioSocketImpl.timedFinishConnect(NioSocketImpl.java:542)
	at java.base/sun.nio.ch.NioSocketImpl.connect(NioSocketImpl.java:592)
	at java.base/java.net.SocksSocketImpl.connect(SocksSocketImpl.java:327)
	at java.base/java.net.Socket.connect(Socket.java:751)
	at org.testcontainers.utility.RyukResourceReaper.lambda$null$1(RyukResourceReaper.java:105)
	at org.rnorth.ducttape.ratelimits.RateLimiter.doWhenReady(RateLimiter.java:27)
	at org.testcontainers.utility.RyukResourceReaper.lambda$maybeStart$2(RyukResourceReaper.java:101)
	at java.base/java.lang.Thread.run(Thread.java:1583)
2025-03-03 18:21:05 [testcontainers-ryuk] WARN  o.t.utility.RyukResourceReaper - Can not connect to Ryuk at 172.17.0.1:31238
java.net.ConnectException: Connection refused
	at java.base/sun.nio.ch.Net.pollConnect(Native Method)
	at java.base/sun.nio.ch.Net.pollConnectNow(Net.java:682)
	at java.base/sun.nio.ch.NioSocketImpl.timedFinishConnect(NioSocketImpl.java:542)
	at java.base/sun.nio.ch.NioSocketImpl.connect(NioSocketImpl.java:592)
	at java.base/java.net.SocksSocketImpl.connect(SocksSocketImpl.java:327)
	at java.base/java.net.Socket.connect(Socket.java:751)
	at org.testcontainers.utility.RyukResourceReaper.lambda$null$1(RyukResourceReaper.java:105)
	at org.rnorth.ducttape.ratelimits.RateLimiter.doWhenReady(RateLimiter.java:27)
	at org.testcontainers.utility.RyukResourceReaper.lambda$maybeStart$2(RyukResourceReaper.java:101)
	at java.base/java.lang.Thread.run(Thread.java:1583)
2025-03-03 18:21:05 [testcontainers-ryuk] WARN  o.t.utility.RyukResourceReaper - Can not connect to Ryuk at 172.17.0.1:31238
java.net.ConnectException: Connection refused
	at java.base/sun.nio.ch.Net.pollConnect(Native Method)
	at java.base/sun.nio.ch.Net.pollConnectNow(Net.java:682)
	at java.base/sun.nio.ch.NioSocketImpl.timedFinishConnect(NioSocketImpl.java:542)
	at java.base/sun.nio.ch.NioSocketImpl.connect(NioSocketImpl.java:592)
	at java.base/java.net.SocksSocketImpl.connect(SocksSocketImpl.java:327)
	at java.base/java.net.Socket.connect(Socket.java:751)
	at org.testcontainers.utility.RyukResourceReaper.lambda$null$1(RyukResourceReaper.java:105)
	at org.rnorth.ducttape.ratelimits.RateLimiter.doWhenReady(RateLimiter.java:27)
	at org.testcontainers.utility.RyukResourceReaper.lambda$maybeStart$2(RyukResourceReaper.java:101)
	at java.base/java.lang.Thread.run(Thread.java:1583)
2025-03-03 18:21:06 [testcontainers-ryuk] WARN  o.t.utility.RyukResourceReaper - Can not connect to Ryuk at 172.17.0.1:31238
java.net.ConnectException: Connection refused
	at java.base/sun.nio.ch.Net.pollConnect(Native Method)
	at java.base/sun.nio.ch.Net.pollConnectNow(Net.java:682)
	at java.base/sun.nio.ch.NioSocketImpl.timedFinishConnect(NioSocketImpl.java:542)
	at java.base/sun.nio.ch.NioSocketImpl.connect(NioSocketImpl.java:592)
	at java.base/java.net.SocksSocketImpl.connect(SocksSocketImpl.java:327)
	at java.base/java.net.Socket.connect(Socket.java:751)
	at org.testcontainers.utility.RyukResourceReaper.lambda$null$1(RyukResourceReaper.java:105)
	at org.rnorth.ducttape.ratelimits.RateLimiter.doWhenReady(RateLimiter.java:27)
	at org.testcontainers.utility.RyukResourceReaper.lambda$maybeStart$2(RyukResourceReaper.java:101)
	at java.base/java.lang.Thread.run(Thread.java:1583)
2025-03-03 18:21:06 [testcontainers-ryuk] WARN  o.t.utility.RyukResourceReaper - Can not connect to Ryuk at 172.17.0.1:31238
java.net.ConnectException: Connection refused
	at java.base/sun.nio.ch.Net.pollConnect(Native Method)
	at java.base/sun.nio.ch.Net.pollConnectNow(Net.java:682)
	at java.base/sun.nio.ch.NioSocketImpl.timedFinishConnect(NioSocketImpl.java:542)
	at java.base/sun.nio.ch.NioSocketImpl.connect(NioSocketImpl.java:592)
	at java.base/java.net.SocksSocketImpl.connect(SocksSocketImpl.java:327)
	at java.base/java.net.Socket.connect(Socket.java:751)
	at org.testcontainers.utility.RyukResourceReaper.lambda$null$1(RyukResourceReaper.java:105)
	at org.rnorth.ducttape.ratelimits.RateLimiter.doWhenReady(RateLimiter.java:27)
	at org.testcontainers.utility.RyukResourceReaper.lambda$maybeStart$2(RyukResourceReaper.java:101)
	at java.base/java.lang.Thread.run(Thread.java:1583)
2025-03-03 18:21:06 [testcontainers-ryuk] WARN  o.t.utility.RyukResourceReaper - Can not connect to Ryuk at 172.17.0.1:31238
java.net.ConnectException: Connection refused
	at java.base/sun.nio.ch.Net.pollConnect(Native Method)
	at java.base/sun.nio.ch.Net.pollConnectNow(Net.java:682)
	at java.base/sun.nio.ch.NioSocketImpl.timedFinishConnect(NioSocketImpl.java:542)
	at java.base/sun.nio.ch.NioSocketImpl.connect(NioSocketImpl.java:592)
	at java.base/java.net.SocksSocketImpl.connect(SocksSocketImpl.java:327)
	at java.base/java.net.Socket.connect(Socket.java:751)
	at org.testcontainers.utility.RyukResourceReaper.lambda$null$1(RyukResourceReaper.java:105)
	at org.rnorth.ducttape.ratelimits.RateLimiter.doWhenReady(RateLimiter.java:27)
	at org.testcontainers.utility.RyukResourceReaper.lambda$maybeStart$2(RyukResourceReaper.java:101)
	at java.base/java.lang.Thread.run(Thread.java:1583)
2025-03-03 18:21:06 [testcontainers-ryuk] WARN  o.t.utility.RyukResourceReaper - Can not connect to Ryuk at 172.17.0.1:31238
java.net.ConnectException: Connection refused
	at java.base/sun.nio.ch.Net.pollConnect(Native Method)
	at java.base/sun.nio.ch.Net.pollConnectNow(Net.java:682)
	at java.base/sun.nio.ch.NioSocketImpl.timedFinishConnect(NioSocketImpl.java:542)
	at java.base/sun.nio.ch.NioSocketImpl.connect(NioSocketImpl.java:592)
	at java.base/java.net.SocksSocketImpl.connect(SocksSocketImpl.java:327)
	at java.base/java.net.Socket.connect(Socket.java:751)
	at org.testcontainers.utility.RyukResourceReaper.lambda$null$1(RyukResourceReaper.java:105)
	at org.rnorth.ducttape.ratelimits.RateLimiter.doWhenReady(RateLimiter.java:27)
	at org.testcontainers.utility.RyukResourceReaper.lambda$maybeStart$2(RyukResourceReaper.java:101)
	at java.base/java.lang.Thread.run(Thread.java:1583)
2025-03-03 18:21:07 [testcontainers-ryuk] WARN  o.t.utility.RyukResourceReaper - Can not connect to Ryuk at 172.17.0.1:31238
java.net.ConnectException: Connection refused
	at java.base/sun.nio.ch.Net.pollConnect(Native Method)
	at java.base/sun.nio.ch.Net.pollConnectNow(Net.java:682)
	at java.base/sun.nio.ch.NioSocketImpl.timedFinishConnect(NioSocketImpl.java:542)
	at java.base/sun.nio.ch.NioSocketImpl.connect(NioSocketImpl.java:592)
	at java.base/java.net.SocksSocketImpl.connect(SocksSocketImpl.java:327)
	at java.base/java.net.Socket.connect(Socket.java:751)
	at org.testcontainers.utility.RyukResourceReaper.lambda$null$1(RyukResourceReaper.java:105)
	at org.rnorth.ducttape.ratelimits.RateLimiter.doWhenReady(RateLimiter.java:27)
	at org.testcontainers.utility.RyukResourceReaper.lambda$maybeStart$2(RyukResourceReaper.java:101)
	at java.base/java.lang.Thread.run(Thread.java:1583)
2025-03-03 18:21:07 [testcontainers-ryuk] WARN  o.t.utility.RyukResourceReaper - Can not connect to Ryuk at 172.17.0.1:31238
java.net.ConnectException: Connection refused
	at java.base/sun.nio.ch.Net.pollConnect(Native Method)
	at java.base/sun.nio.ch.Net.pollConnectNow(Net.java:682)
	at java.base/sun.nio.ch.NioSocketImpl.timedFinishConnect(NioSocketImpl.java:542)
	at java.base/sun.nio.ch.NioSocketImpl.connect(NioSocketImpl.java:592)
	at java.base/java.net.SocksSocketImpl.connect(SocksSocketImpl.java:327)
	at java.base/java.net.Socket.connect(Socket.java:751)
	at org.testcontainers.utility.RyukResourceReaper.lambda$null$1(RyukResourceReaper.java:105)
	at org.rnorth.ducttape.ratelimits.RateLimiter.doWhenReady(RateLimiter.java:27)
	at org.testcontainers.utility.RyukResourceReaper.lambda$maybeStart$2(RyukResourceReaper.java:101)
	at java.base/java.lang.Thread.run(Thread.java:1583)
2025-03-03 18:21:07 [testcontainers-ryuk] WARN  o.t.utility.RyukResourceReaper - Can not connect to Ryuk at 172.17.0.1:31238
java.net.ConnectException: Connection refused
	at java.base/sun.nio.ch.Net.pollConnect(Native Method)
	at java.base/sun.nio.ch.Net.pollConnectNow(Net.java:682)
	at java.base/sun.nio.ch.NioSocketImpl.timedFinishConnect(NioSocketImpl.java:542)
	at java.base/sun.nio.ch.NioSocketImpl.connect(NioSocketImpl.java:592)
	at java.base/java.net.SocksSocketImpl.connect(SocksSocketImpl.java:327)
	at java.base/java.net.Socket.connect(Socket.java:751)
	at org.testcontainers.utility.RyukResourceReaper.lambda$null$1(RyukResourceReaper.java:105)
	at org.rnorth.ducttape.ratelimits.RateLimiter.doWhenReady(RateLimiter.java:27)
	at org.testcontainers.utility.RyukResourceReaper.lambda$maybeStart$2(RyukResourceReaper.java:101)
	at java.base/java.lang.Thread.run(Thread.java:1583)
2025-03-03 18:21:07 [testcontainers-ryuk] WARN  o.t.utility.RyukResourceReaper - Can not connect to Ryuk at 172.17.0.1:31238
java.net.ConnectException: Connection refused
	at java.base/sun.nio.ch.Net.pollConnect(Native Method)
	at java.base/sun.nio.ch.Net.pollConnectNow(Net.java:682)
	at java.base/sun.nio.ch.NioSocketImpl.timedFinishConnect(NioSocketImpl.java:542)
	at java.base/sun.nio.ch.NioSocketImpl.connect(NioSocketImpl.java:592)
	at java.base/java.net.SocksSocketImpl.connect(SocksSocketImpl.java:327)
	at java.base/java.net.Socket.connect(Socket.java:751)
	at org.testcontainers.utility.RyukResourceReaper.lambda$null$1(RyukResourceReaper.java:105)
	at org.rnorth.ducttape.ratelimits.RateLimiter.doWhenReady(RateLimiter.java:27)
	at org.testcontainers.utility.RyukResourceReaper.lambda$maybeStart$2(RyukResourceReaper.java:101)
	at java.base/java.lang.Thread.run(Thread.java:1583)
2025-03-03 18:21:08 [testcontainers-ryuk] WARN  o.t.utility.RyukResourceReaper - Can not connect to Ryuk at 172.17.0.1:31238
java.net.ConnectException: Connection refused
	at java.base/sun.nio.ch.Net.pollConnect(Native Method)
	at java.base/sun.nio.ch.Net.pollConnectNow(Net.java:682)
	at java.base/sun.nio.ch.NioSocketImpl.timedFinishConnect(NioSocketImpl.java:542)
	at java.base/sun.nio.ch.NioSocketImpl.connect(NioSocketImpl.java:592)
	at java.base/java.net.SocksSocketImpl.connect(SocksSocketImpl.java:327)
	at java.base/java.net.Socket.connect(Socket.java:751)
	at org.testcontainers.utility.RyukResourceReaper.lambda$null$1(RyukResourceReaper.java:105)
	at org.rnorth.ducttape.ratelimits.RateLimiter.doWhenReady(RateLimiter.java:27)
	at org.testcontainers.utility.RyukResourceReaper.lambda$maybeStart$2(RyukResourceReaper.java:101)
	at java.base/java.lang.Thread.run(Thread.java:1583)
2025-03-03 18:21:08 [testcontainers-ryuk] WARN  o.t.utility.RyukResourceReaper - Can not connect to Ryuk at 172.17.0.1:31238
java.net.ConnectException: Connection refused
	at java.base/sun.nio.ch.Net.pollConnect(Native Method)
	at java.base/sun.nio.ch.Net.pollConnectNow(Net.java:682)
	at java.base/sun.nio.ch.NioSocketImpl.timedFinishConnect(NioSocketImpl.java:542)
	at java.base/sun.nio.ch.NioSocketImpl.connect(NioSocketImpl.java:592)
	at java.base/java.net.SocksSocketImpl.connect(SocksSocketImpl.java:327)
	at java.base/java.net.Socket.connect(Socket.java:751)
	at org.testcontainers.utility.RyukResourceReaper.lambda$null$1(RyukResourceReaper.java:105)
	at org.rnorth.ducttape.ratelimits.RateLimiter.doWhenReady(RateLimiter.java:27)
	at org.testcontainers.utility.RyukResourceReaper.lambda$maybeStart$2(RyukResourceReaper.java:101)
	at java.base/java.lang.Thread.run(Thread.java:1583)
2025-03-03 18:21:08 [testcontainers-ryuk] WARN  o.t.utility.RyukResourceReaper - Can not connect to Ryuk at 172.17.0.1:31238
java.net.ConnectException: Connection refused
	at java.base/sun.nio.ch.Net.pollConnect(Native Method)
	at java.base/sun.nio.ch.Net.pollConnectNow(Net.java:682)
	at java.base/sun.nio.ch.NioSocketImpl.timedFinishConnect(NioSocketImpl.java:542)
	at java.base/sun.nio.ch.NioSocketImpl.connect(NioSocketImpl.java:592)
	at java.base/java.net.SocksSocketImpl.connect(SocksSocketImpl.java:327)
	at java.base/java.net.Socket.connect(Socket.java:751)
	at org.testcontainers.utility.RyukResourceReaper.lambda$null$1(RyukResourceReaper.java:105)
	at org.rnorth.ducttape.ratelimits.RateLimiter.doWhenReady(RateLimiter.java:27)
	at org.testcontainers.utility.RyukResourceReaper.lambda$maybeStart$2(RyukResourceReaper.java:101)
	at java.base/java.lang.Thread.run(Thread.java:1583)
2025-03-03 18:21:08 [testcontainers-ryuk] WARN  o.t.utility.RyukResourceReaper - Can not connect to Ryuk at 172.17.0.1:31238
java.net.ConnectException: Connection refused
	at java.base/sun.nio.ch.Net.pollConnect(Native Method)
	at java.base/sun.nio.ch.Net.pollConnectNow(Net.java:682)
	at java.base/sun.nio.ch.NioSocketImpl.timedFinishConnect(NioSocketImpl.java:542)
	at java.base/sun.nio.ch.NioSocketImpl.connect(NioSocketImpl.java:592)
	at java.base/java.net.SocksSocketImpl.connect(SocksSocketImpl.java:327)
	at java.base/java.net.Socket.connect(Socket.java:751)
	at org.testcontainers.utility.RyukResourceReaper.lambda$null$1(RyukResourceReaper.java:105)
	at org.rnorth.ducttape.ratelimits.RateLimiter.doWhenReady(RateLimiter.java:27)
	at org.testcontainers.utility.RyukResourceReaper.lambda$maybeStart$2(RyukResourceReaper.java:101)
	at java.base/java.lang.Thread.run(Thread.java:1583)
2025-03-03 18:21:09 [testcontainers-ryuk] WARN  o.t.utility.RyukResourceReaper - Can not connect to Ryuk at 172.17.0.1:31238
java.net.ConnectException: Connection refused
	at java.base/sun.nio.ch.Net.pollConnect(Native Method)
	at java.base/sun.nio.ch.Net.pollConnectNow(Net.java:682)
	at java.base/sun.nio.ch.NioSocketImpl.timedFinishConnect(NioSocketImpl.java:542)
	at java.base/sun.nio.ch.NioSocketImpl.connect(NioSocketImpl.java:592)
	at java.base/java.net.SocksSocketImpl.connect(SocksSocketImpl.java:327)
	at java.base/java.net.Socket.connect(Socket.java:751)
	at org.testcontainers.utility.RyukResourceReaper.lambda$null$1(RyukResourceReaper.java:105)
	at org.rnorth.ducttape.ratelimits.RateLimiter.doWhenReady(RateLimiter.java:27)
	at org.testcontainers.utility.RyukResourceReaper.lambda$maybeStart$2(RyukResourceReaper.java:101)
	at java.base/java.lang.Thread.run(Thread.java:1583)
2025-03-03 18:21:09 [testcontainers-ryuk] WARN  o.t.utility.RyukResourceReaper - Can not connect to Ryuk at 172.17.0.1:31238
java.net.ConnectException: Connection refused
	at java.base/sun.nio.ch.Net.pollConnect(Native Method)
	at java.base/sun.nio.ch.Net.pollConnectNow(Net.java:682)
	at java.base/sun.nio.ch.NioSocketImpl.timedFinishConnect(NioSocketImpl.java:542)
	at java.base/sun.nio.ch.NioSocketImpl.connect(NioSocketImpl.java:592)
	at java.base/java.net.SocksSocketImpl.connect(SocksSocketImpl.java:327)
	at java.base/java.net.Socket.connect(Socket.java:751)
	at org.testcontainers.utility.RyukResourceReaper.lambda$null$1(RyukResourceReaper.java:105)
	at org.rnorth.ducttape.ratelimits.RateLimiter.doWhenReady(RateLimiter.java:27)
	at org.testcontainers.utility.RyukResourceReaper.lambda$maybeStart$2(RyukResourceReaper.java:101)
	at java.base/java.lang.Thread.run(Thread.java:1583)
2025-03-03 18:21:09 [testcontainers-ryuk] WARN  o.t.utility.RyukResourceReaper - Can not connect to Ryuk at 172.17.0.1:31238
java.net.ConnectException: Connection refused
	at java.base/sun.nio.ch.Net.pollConnect(Native Method)
	at java.base/sun.nio.ch.Net.pollConnectNow(Net.java:682)
	at java.base/sun.nio.ch.NioSocketImpl.timedFinishConnect(NioSocketImpl.java:542)
	at java.base/sun.nio.ch.NioSocketImpl.connect(NioSocketImpl.java:592)
	at java.base/java.net.SocksSocketImpl.connect(SocksSocketImpl.java:327)
	at java.base/java.net.Socket.connect(Socket.java:751)
	at org.testcontainers.utility.RyukResourceReaper.lambda$null$1(RyukResourceReaper.java:105)
	at org.rnorth.ducttape.ratelimits.RateLimiter.doWhenReady(RateLimiter.java:27)
	at org.testcontainers.utility.RyukResourceReaper.lambda$maybeStart$2(RyukResourceReaper.java:101)
	at java.base/java.lang.Thread.run(Thread.java:1583)
2025-03-03 18:21:09 [testcontainers-ryuk] WARN  o.t.utility.RyukResourceReaper - Can not connect to Ryuk at 172.17.0.1:31238
java.net.ConnectException: Connection refused
	at java.base/sun.nio.ch.Net.pollConnect(Native Method)
	at java.base/sun.nio.ch.Net.pollConnectNow(Net.java:682)
	at java.base/sun.nio.ch.NioSocketImpl.timedFinishConnect(NioSocketImpl.java:542)
	at java.base/sun.nio.ch.NioSocketImpl.connect(NioSocketImpl.java:592)
	at java.base/java.net.SocksSocketImpl.connect(SocksSocketImpl.java:327)
	at java.base/java.net.Socket.connect(Socket.java:751)
	at org.testcontainers.utility.RyukResourceReaper.lambda$null$1(RyukResourceReaper.java:105)
	at org.rnorth.ducttape.ratelimits.RateLimiter.doWhenReady(RateLimiter.java:27)
	at org.testcontainers.utility.RyukResourceReaper.lambda$maybeStart$2(RyukResourceReaper.java:101)
	at java.base/java.lang.Thread.run(Thread.java:1583)
2025-03-03 18:21:10 [testcontainers-ryuk] WARN  o.t.utility.RyukResourceReaper - Can not connect to Ryuk at 172.17.0.1:31238
java.net.ConnectException: Connection refused
	at java.base/sun.nio.ch.Net.pollConnect(Native Method)
	at java.base/sun.nio.ch.Net.pollConnectNow(Net.java:682)
	at java.base/sun.nio.ch.NioSocketImpl.timedFinishConnect(NioSocketImpl.java:542)
	at java.base/sun.nio.ch.NioSocketImpl.connect(NioSocketImpl.java:592)
	at java.base/java.net.SocksSocketImpl.connect(SocksSocketImpl.java:327)
	at java.base/java.net.Socket.connect(Socket.java:751)
	at org.testcontainers.utility.RyukResourceReaper.lambda$null$1(RyukResourceReaper.java:105)
	at org.rnorth.ducttape.ratelimits.RateLimiter.doWhenReady(RateLimiter.java:27)
	at org.testcontainers.utility.RyukResourceReaper.lambda$maybeStart$2(RyukResourceReaper.java:101)
	at java.base/java.lang.Thread.run(Thread.java:1583)
2025-03-03 18:21:10 [testcontainers-ryuk] WARN  o.t.utility.RyukResourceReaper - Can not connect to Ryuk at 172.17.0.1:31238
java.net.ConnectException: Connection refused
	at java.base/sun.nio.ch.Net.pollConnect(Native Method)
	at java.base/sun.nio.ch.Net.pollConnectNow(Net.java:682)
	at java.base/sun.nio.ch.NioSocketImpl.timedFinishConnect(NioSocketImpl.java:542)
	at java.base/sun.nio.ch.NioSocketImpl.connect(NioSocketImpl.java:592)
	at java.base/java.net.SocksSocketImpl.connect(SocksSocketImpl.java:327)
	at java.base/java.net.Socket.connect(Socket.java:751)
	at org.testcontainers.utility.RyukResourceReaper.lambda$null$1(RyukResourceReaper.java:105)
	at org.rnorth.ducttape.ratelimits.RateLimiter.doWhenReady(RateLimiter.java:27)
	at org.testcontainers.utility.RyukResourceReaper.lambda$maybeStart$2(RyukResourceReaper.java:101)
	at java.base/java.lang.Thread.run(Thread.java:1583)
2025-03-03 18:21:10 [testcontainers-ryuk] WARN  o.t.utility.RyukResourceReaper - Can not connect to Ryuk at 172.17.0.1:31238
java.net.ConnectException: Connection refused
	at java.base/sun.nio.ch.Net.pollConnect(Native Method)
	at java.base/sun.nio.ch.Net.pollConnectNow(Net.java:682)
	at java.base/sun.nio.ch.NioSocketImpl.timedFinishConnect(NioSocketImpl.java:542)
	at java.base/sun.nio.ch.NioSocketImpl.connect(NioSocketImpl.java:592)
	at java.base/java.net.SocksSocketImpl.connect(SocksSocketImpl.java:327)
	at java.base/java.net.Socket.connect(Socket.java:751)
	at org.testcontainers.utility.RyukResourceReaper.lambda$null$1(RyukResourceReaper.java:105)
	at org.rnorth.ducttape.ratelimits.RateLimiter.doWhenReady(RateLimiter.java:27)
	at org.testcontainers.utility.RyukResourceReaper.lambda$maybeStart$2(RyukResourceReaper.java:101)
	at java.base/java.lang.Thread.run(Thread.java:1583)
2025-03-03 18:21:10 [testcontainers-ryuk] WARN  o.t.utility.RyukResourceReaper - Can not connect to Ryuk at 172.17.0.1:31238
java.net.ConnectException: Connection refused
	at java.base/sun.nio.ch.Net.pollConnect(Native Method)
	at java.base/sun.nio.ch.Net.pollConnectNow(Net.java:682)
	at java.base/sun.nio.ch.NioSocketImpl.timedFinishConnect(NioSocketImpl.java:542)
	at java.base/sun.nio.ch.NioSocketImpl.connect(NioSocketImpl.java:592)
	at java.base/java.net.SocksSocketImpl.connect(SocksSocketImpl.java:327)
	at java.base/java.net.Socket.connect(Socket.java:751)
	at org.testcontainers.utility.RyukResourceReaper.lambda$null$1(RyukResourceReaper.java:105)
	at org.rnorth.ducttape.ratelimits.RateLimiter.doWhenReady(RateLimiter.java:27)
	at org.testcontainers.utility.RyukResourceReaper.lambda$maybeStart$2(RyukResourceReaper.java:101)
	at java.base/java.lang.Thread.run(Thread.java:1583)
2025-03-03 18:21:11 [testcontainers-ryuk] WARN  o.t.utility.RyukResourceReaper - Can not connect to Ryuk at 172.17.0.1:31238
java.net.ConnectException: Connection refused
	at java.base/sun.nio.ch.Net.pollConnect(Native Method)
	at java.base/sun.nio.ch.Net.pollConnectNow(Net.java:682)
	at java.base/sun.nio.ch.NioSocketImpl.timedFinishConnect(NioSocketImpl.java:542)
	at java.base/sun.nio.ch.NioSocketImpl.connect(NioSocketImpl.java:592)
	at java.base/java.net.SocksSocketImpl.connect(SocksSocketImpl.java:327)
	at java.base/java.net.Socket.connect(Socket.java:751)
	at org.testcontainers.utility.RyukResourceReaper.lambda$null$1(RyukResourceReaper.java:105)
	at org.rnorth.ducttape.ratelimits.RateLimiter.doWhenReady(RateLimiter.java:27)
	at org.testcontainers.utility.RyukResourceReaper.lambda$maybeStart$2(RyukResourceReaper.java:101)
	at java.base/java.lang.Thread.run(Thread.java:1583)
2025-03-03 18:21:11 [testcontainers-ryuk] WARN  o.t.utility.RyukResourceReaper - Can not connect to Ryuk at 172.17.0.1:31238
java.net.ConnectException: Connection refused
	at java.base/sun.nio.ch.Net.pollConnect(Native Method)
	at java.base/sun.nio.ch.Net.pollConnectNow(Net.java:682)
	at java.base/sun.nio.ch.NioSocketImpl.timedFinishConnect(NioSocketImpl.java:542)
	at java.base/sun.nio.ch.NioSocketImpl.connect(NioSocketImpl.java:592)
	at java.base/java.net.SocksSocketImpl.connect(SocksSocketImpl.java:327)
	at java.base/java.net.Socket.connect(Socket.java:751)
	at org.testcontainers.utility.RyukResourceReaper.lambda$null$1(RyukResourceReaper.java:105)
	at org.rnorth.ducttape.ratelimits.RateLimiter.doWhenReady(RateLimiter.java:27)
	at org.testcontainers.utility.RyukResourceReaper.lambda$maybeStart$2(RyukResourceReaper.java:101)
	at java.base/java.lang.Thread.run(Thread.java:1583)
2025-03-03 18:21:11 [testcontainers-ryuk] WARN  o.t.utility.RyukResourceReaper - Can not connect to Ryuk at 172.17.0.1:31238
java.net.ConnectException: Connection refused
	at java.base/sun.nio.ch.Net.pollConnect(Native Method)
	at java.base/sun.nio.ch.Net.pollConnectNow(Net.java:682)
	at java.base/sun.nio.ch.NioSocketImpl.timedFinishConnect(NioSocketImpl.java:542)
	at java.base/sun.nio.ch.NioSocketImpl.connect(NioSocketImpl.java:592)
	at java.base/java.net.SocksSocketImpl.connect(SocksSocketImpl.java:327)
	at java.base/java.net.Socket.connect(Socket.java:751)
	at org.testcontainers.utility.RyukResourceReaper.lambda$null$1(RyukResourceReaper.java:105)
	at org.rnorth.ducttape.ratelimits.RateLimiter.doWhenReady(RateLimiter.java:27)
	at org.testcontainers.utility.RyukResourceReaper.lambda$maybeStart$2(RyukResourceReaper.java:101)
	at java.base/java.lang.Thread.run(Thread.java:1583)
2025-03-03 18:21:11 [main] WARN  o.s.w.c.s.GenericWebApplicationContext - Exception encountered during context initialization - cancelling refresh attempt: org.springframework.beans.factory.BeanCreationException: Error creating bean with name 'entityManagerFactory' defined in class path resource [org/springframework/boot/autoconfigure/orm/jpa/HibernateJpaConfiguration.class]: Failed to initialize dependency 'liquibase' of LoadTimeWeaverAware bean 'entityManagerFactory': Error creating bean with name 'liquibase' defined in class path resource [org/springframework/boot/autoconfigure/liquibase/LiquibaseAutoConfiguration$LiquibaseConfiguration.class]: liquibase.exception.DatabaseException: org.postgresql.util.PSQLException: The connection attempt failed.
2025-03-03 18:21:11 [main] INFO  o.s.b.a.l.ConditionEvaluationReportLogger - 

Error starting ApplicationContext. To display the condition evaluation report re-run your application with 'debug' enabled.
2025-03-03 18:21:11 [testcontainers-ryuk] WARN  o.t.utility.RyukResourceReaper - Can not connect to Ryuk at 172.17.0.1:31238
java.net.ConnectException: Connection refused
	at java.base/sun.nio.ch.Net.pollConnect(Native Method)
	at java.base/sun.nio.ch.Net.pollConnectNow(Net.java:682)
	at java.base/sun.nio.ch.NioSocketImpl.timedFinishConnect(NioSocketImpl.java:542)
	at java.base/sun.nio.ch.NioSocketImpl.connect(NioSocketImpl.java:592)
	at java.base/java.net.SocksSocketImpl.connect(SocksSocketImpl.java:327)
	at java.base/java.net.Socket.connect(Socket.java:751)
	at org.testcontainers.utility.RyukResourceReaper.lambda$null$1(RyukResourceReaper.java:105)
	at org.rnorth.ducttape.ratelimits.RateLimiter.doWhenReady(RateLimiter.java:27)
	at org.testcontainers.utility.RyukResourceReaper.lambda$maybeStart$2(RyukResourceReaper.java:101)
	at java.base/java.lang.Thread.run(Thread.java:1583)
2025-03-03 18:21:11 [main] ERROR o.s.boot.SpringApplication - Application run failed
org.springframework.beans.factory.BeanCreationException: Error creating bean with name 'entityManagerFactory' defined in class path resource [org/springframework/boot/autoconfigure/orm/jpa/HibernateJpaConfiguration.class]: Failed to initialize dependency 'liquibase' of LoadTimeWeaverAware bean 'entityManagerFactory': Error creating bean with name 'liquibase' defined in class path resource [org/springframework/boot/autoconfigure/liquibase/LiquibaseAutoConfiguration$LiquibaseConfiguration.class]: liquibase.exception.DatabaseException: org.postgresql.util.PSQLException: The connection attempt failed.
	at org.springframework.beans.factory.support.AbstractBeanFactory.doGetBean(AbstractBeanFactory.java:326)
	at org.springframework.beans.factory.support.AbstractBeanFactory.getBean(AbstractBeanFactory.java:205)
	at org.springframework.context.support.AbstractApplicationContext.finishBeanFactoryInitialization(AbstractApplicationContext.java:954)
	at org.springframework.context.support.AbstractApplicationContext.refresh(AbstractApplicationContext.java:625)
	at org.springframework.boot.SpringApplication.refresh(SpringApplication.java:754)
	at org.springframework.boot.SpringApplication.refreshContext(SpringApplication.java:456)
	at org.springframework.boot.SpringApplication.run(SpringApplication.java:335)
	at org.springframework.boot.test.context.SpringBootContextLoader.lambda$loadContext$3(SpringBootContextLoader.java:137)
	at org.springframework.util.function.ThrowingSupplier.get(ThrowingSupplier.java:58)
	at org.springframework.util.function.ThrowingSupplier.get(ThrowingSupplier.java:46)
	at org.springframework.boot.SpringApplication.withHook(SpringApplication.java:1463)
	at org.springframework.boot.test.context.SpringBootContextLoader$ContextLoaderHook.run(SpringBootContextLoader.java:553)
	at org.springframework.boot.test.context.SpringBootContextLoader.loadContext(SpringBootContextLoader.java:137)
	at org.springframework.boot.test.context.SpringBootContextLoader.loadContext(SpringBootContextLoader.java:108)
	at org.springframework.test.context.cache.DefaultCacheAwareContextLoaderDelegate.loadContextInternal(DefaultCacheAwareContextLoaderDelegate.java:225)
	at org.springframework.test.context.cache.DefaultCacheAwareContextLoaderDelegate.loadContext(DefaultCacheAwareContextLoaderDelegate.java:152)
	at org.springframework.test.context.support.DefaultTestContext.getApplicationContext(DefaultTestContext.java:130)
	at org.springframework.test.context.web.ServletTestExecutionListener.setUpRequestContextIfNecessary(ServletTestExecutionListener.java:191)
	at org.springframework.test.context.web.ServletTestExecutionListener.prepareTestInstance(ServletTestExecutionListener.java:130)
	at org.springframework.test.context.TestContextManager.prepareTestInstance(TestContextManager.java:260)
	at org.springframework.test.context.junit.jupiter.SpringExtension.postProcessTestInstance(SpringExtension.java:163)
	at org.junit.jupiter.engine.descriptor.ClassBasedTestDescriptor.lambda$invokeTestInstancePostProcessors$10(ClassBasedTestDescriptor.java:378)
	at org.junit.jupiter.engine.descriptor.ClassBasedTestDescriptor.executeAndMaskThrowable(ClassBasedTestDescriptor.java:383)
	at org.junit.jupiter.engine.descriptor.ClassBasedTestDescriptor.lambda$invokeTestInstancePostProcessors$11(ClassBasedTestDescriptor.java:378)
	at java.base/java.util.stream.ReferencePipeline$3$1.accept(ReferencePipeline.java:197)
	at java.base/java.util.stream.ReferencePipeline$2$1.accept(ReferencePipeline.java:179)
	at java.base/java.util.ArrayList$ArrayListSpliterator.forEachRemaining(ArrayList.java:1708)
	at java.base/java.util.stream.AbstractPipeline.copyInto(AbstractPipeline.java:509)
	at java.base/java.util.stream.AbstractPipeline.wrapAndCopyInto(AbstractPipeline.java:499)
	at java.base/java.util.stream.StreamSpliterators$WrappingSpliterator.forEachRemaining(StreamSpliterators.java:310)
	at java.base/java.util.stream.Streams$ConcatSpliterator.forEachRemaining(Streams.java:735)
	at java.base/java.util.stream.Streams$ConcatSpliterator.forEachRemaining(Streams.java:734)
	at java.base/java.util.stream.ReferencePipeline$Head.forEach(ReferencePipeline.java:762)
	at org.junit.jupiter.engine.descriptor.ClassBasedTestDescriptor.invokeTestInstancePostProcessors(ClassBasedTestDescriptor.java:377)
	at org.junit.jupiter.engine.descriptor.ClassBasedTestDescriptor.lambda$instantiateAndPostProcessTestInstance$6(ClassBasedTestDescriptor.java:290)
	at org.junit.platform.engine.support.hierarchical.ThrowableCollector.execute(ThrowableCollector.java:73)
	at org.junit.jupiter.engine.descriptor.ClassBasedTestDescriptor.instantiateAndPostProcessTestInstance(ClassBasedTestDescriptor.java:289)
	at org.junit.jupiter.engine.descriptor.ClassBasedTestDescriptor.lambda$testInstancesProvider$4(ClassBasedTestDescriptor.java:279)
	at java.base/java.util.Optional.orElseGet(Optional.java:364)
	at org.junit.jupiter.engine.descriptor.ClassBasedTestDescriptor.lambda$testInstancesProvider$5(ClassBasedTestDescriptor.java:278)
	at org.junit.jupiter.engine.execution.TestInstancesProvider.getTestInstances(TestInstancesProvider.java:31)
	at org.junit.jupiter.engine.descriptor.TestMethodTestDescriptor.lambda$prepare$0(TestMethodTestDescriptor.java:106)
	at org.junit.platform.engine.support.hierarchical.ThrowableCollector.execute(ThrowableCollector.java:73)
	at org.junit.jupiter.engine.descriptor.TestMethodTestDescriptor.prepare(TestMethodTestDescriptor.java:105)
	at org.junit.jupiter.engine.descriptor.TestMethodTestDescriptor.prepare(TestMethodTestDescriptor.java:69)
	at org.junit.platform.engine.support.hierarchical.NodeTestTask.lambda$prepare$2(NodeTestTask.java:128)
	at org.junit.platform.engine.support.hierarchical.ThrowableCollector.execute(ThrowableCollector.java:73)
	at org.junit.platform.engine.support.hierarchical.NodeTestTask.prepare(NodeTestTask.java:128)
	at org.junit.platform.engine.support.hierarchical.NodeTestTask.execute(NodeTestTask.java:95)
	at java.base/java.util.ArrayList.forEach(ArrayList.java:1596)
	at org.junit.platform.engine.support.hierarchical.SameThreadHierarchicalTestExecutorService.invokeAll(SameThreadHierarchicalTestExecutorService.java:41)
	at org.junit.platform.engine.support.hierarchical.NodeTestTask.lambda$executeRecursively$6(NodeTestTask.java:160)
	at org.junit.platform.engine.support.hierarchical.ThrowableCollector.execute(ThrowableCollector.java:73)
	at org.junit.platform.engine.support.hierarchical.NodeTestTask.lambda$executeRecursively$8(NodeTestTask.java:146)
	at org.junit.platform.engine.support.hierarchical.Node.around(Node.java:137)
	at org.junit.platform.engine.support.hierarchical.NodeTestTask.lambda$executeRecursively$9(NodeTestTask.java:144)
	at org.junit.platform.engine.support.hierarchical.ThrowableCollector.execute(ThrowableCollector.java:73)
	at org.junit.platform.engine.support.hierarchical.NodeTestTask.executeRecursively(NodeTestTask.java:143)
	at org.junit.platform.engine.support.hierarchical.NodeTestTask.execute(NodeTestTask.java:100)
	at java.base/java.util.ArrayList.forEach(ArrayList.java:1596)
	at org.junit.platform.engine.support.hierarchical.SameThreadHierarchicalTestExecutorService.invokeAll(SameThreadHierarchicalTestExecutorService.java:41)
	at org.junit.platform.engine.support.hierarchical.NodeTestTask.lambda$executeRecursively$6(NodeTestTask.java:160)
	at org.junit.platform.engine.support.hierarchical.ThrowableCollector.execute(ThrowableCollector.java:73)
	at org.junit.platform.engine.support.hierarchical.NodeTestTask.lambda$executeRecursively$8(NodeTestTask.java:146)
	at org.junit.platform.engine.support.hierarchical.Node.around(Node.java:137)
	at org.junit.platform.engine.support.hierarchical.NodeTestTask.lambda$executeRecursively$9(NodeTestTask.java:144)
	at org.junit.platform.engine.support.hierarchical.ThrowableCollector.execute(ThrowableCollector.java:73)
	at org.junit.platform.engine.support.hierarchical.NodeTestTask.executeRecursively(NodeTestTask.java:143)
	at org.junit.platform.engine.support.hierarchical.NodeTestTask.execute(NodeTestTask.java:100)
	at org.junit.platform.engine.support.hierarchical.SameThreadHierarchicalTestExecutorService.submit(SameThreadHierarchicalTestExecutorService.java:35)
	at org.junit.platform.engine.support.hierarchical.HierarchicalTestExecutor.execute(HierarchicalTestExecutor.java:57)
	at org.junit.platform.engine.support.hierarchical.HierarchicalTestEngine.execute(HierarchicalTestEngine.java:54)
	at org.junit.platform.launcher.core.EngineExecutionOrchestrator.execute(EngineExecutionOrchestrator.java:198)
	at org.junit.platform.launcher.core.EngineExecutionOrchestrator.execute(EngineExecutionOrchestrator.java:169)
	at org.junit.platform.launcher.core.EngineExecutionOrchestrator.execute(EngineExecutionOrchestrator.java:93)
	at org.junit.platform.launcher.core.EngineExecutionOrchestrator.lambda$execute$0(EngineExecutionOrchestrator.java:58)
	at org.junit.platform.launcher.core.EngineExecutionOrchestrator.withInterceptedStreams(EngineExecutionOrchestrator.java:141)
	at org.junit.platform.launcher.core.EngineExecutionOrchestrator.execute(EngineExecutionOrchestrator.java:57)
	at org.junit.platform.launcher.core.DefaultLauncher.execute(DefaultLauncher.java:103)
	at org.junit.platform.launcher.core.DefaultLauncher.execute(DefaultLauncher.java:85)
	at org.junit.platform.launcher.core.DelegatingLauncher.execute(DelegatingLauncher.java:47)
	at org.apache.maven.surefire.junitplatform.LazyLauncher.execute(LazyLauncher.java:56)
	at org.apache.maven.surefire.junitplatform.JUnitPlatformProvider.execute(JUnitPlatformProvider.java:184)
	at org.apache.maven.surefire.junitplatform.JUnitPlatformProvider.invokeAllTests(JUnitPlatformProvider.java:148)
	at org.apache.maven.surefire.junitplatform.JUnitPlatformProvider.invoke(JUnitPlatformProvider.java:122)
	at org.apache.maven.surefire.booter.ForkedBooter.runSuitesInProcess(ForkedBooter.java:385)
	at org.apache.maven.surefire.booter.ForkedBooter.execute(ForkedBooter.java:162)
	at org.apache.maven.surefire.booter.ForkedBooter.run(ForkedBooter.java:507)
	at org.apache.maven.surefire.booter.ForkedBooter.main(ForkedBooter.java:495)
Caused by: org.springframework.beans.factory.BeanCreationException: Error creating bean with name 'liquibase' defined in class path resource [org/springframework/boot/autoconfigure/liquibase/LiquibaseAutoConfiguration$LiquibaseConfiguration.class]: liquibase.exception.DatabaseException: org.postgresql.util.PSQLException: The connection attempt failed.
	at org.springframework.beans.factory.support.AbstractAutowireCapableBeanFactory.initializeBean(AbstractAutowireCapableBeanFactory.java:1806)
	at org.springframework.beans.factory.support.AbstractAutowireCapableBeanFactory.doCreateBean(AbstractAutowireCapableBeanFactory.java:600)
	at org.springframework.beans.factory.support.AbstractAutowireCapableBeanFactory.createBean(AbstractAutowireCapableBeanFactory.java:522)
	at org.springframework.beans.factory.support.AbstractBeanFactory.lambda$doGetBean$0(AbstractBeanFactory.java:337)
	at org.springframework.beans.factory.support.DefaultSingletonBeanRegistry.getSingleton(DefaultSingletonBeanRegistry.java:234)
	at org.springframework.beans.factory.support.AbstractBeanFactory.doGetBean(AbstractBeanFactory.java:335)
	at org.springframework.beans.factory.support.AbstractBeanFactory.getBean(AbstractBeanFactory.java:200)
	at org.springframework.beans.factory.support.AbstractBeanFactory.doGetBean(AbstractBeanFactory.java:313)
	... 88 common frames omitted
Caused by: liquibase.exception.UnexpectedLiquibaseException: liquibase.exception.DatabaseException: org.postgresql.util.PSQLException: The connection attempt failed.
	at liquibase.integration.spring.SpringLiquibase.afterPropertiesSet(SpringLiquibase.java:259)
	at org.springframework.beans.factory.support.AbstractAutowireCapableBeanFactory.invokeInitMethods(AbstractAutowireCapableBeanFactory.java:1853)
	at org.springframework.beans.factory.support.AbstractAutowireCapableBeanFactory.initializeBean(AbstractAutowireCapableBeanFactory.java:1802)
	... 95 common frames omitted
Caused by: liquibase.exception.DatabaseException: org.postgresql.util.PSQLException: The connection attempt failed.
	at liquibase.integration.spring.SpringLiquibase.lambda$afterPropertiesSet$0(SpringLiquibase.java:251)
	at liquibase.Scope.lambda$child$0(Scope.java:190)
	at liquibase.Scope.child(Scope.java:199)
	at liquibase.Scope.child(Scope.java:189)
	at liquibase.Scope.child(Scope.java:168)
	at liquibase.Scope.child(Scope.java:256)
	at liquibase.integration.spring.SpringLiquibase.afterPropertiesSet(SpringLiquibase.java:242)
	... 97 common frames omitted
Caused by: org.postgresql.util.PSQLException: The connection attempt failed.
	at org.postgresql.core.v3.ConnectionFactoryImpl.openConnectionImpl(ConnectionFactoryImpl.java:364)
	at org.postgresql.core.ConnectionFactory.openConnection(ConnectionFactory.java:54)
	at org.postgresql.jdbc.PgConnection.<init>(PgConnection.java:273)
	at org.postgresql.Driver.makeConnection(Driver.java:446)
	at org.postgresql.Driver.connect(Driver.java:298)
	at com.zaxxer.hikari.util.DriverDataSource.getConnection(DriverDataSource.java:137)
	at com.zaxxer.hikari.pool.PoolBase.newConnection(PoolBase.java:360)
	at com.zaxxer.hikari.pool.PoolBase.newPoolEntry(PoolBase.java:202)
	at com.zaxxer.hikari.pool.HikariPool.createPoolEntry(HikariPool.java:461)
	at com.zaxxer.hikari.pool.HikariPool.checkFailFast(HikariPool.java:550)
	at com.zaxxer.hikari.pool.HikariPool.<init>(HikariPool.java:98)
	at com.zaxxer.hikari.HikariDataSource.getConnection(HikariDataSource.java:111)
	at liquibase.integration.spring.SpringLiquibase.lambda$afterPropertiesSet$0(SpringLiquibase.java:246)
	... 103 common frames omitted
Caused by: java.net.UnknownHostException: postgres-db
	at java.base/sun.nio.ch.NioSocketImpl.connect(NioSocketImpl.java:567)
	at java.base/java.net.SocksSocketImpl.connect(SocksSocketImpl.java:327)
	at java.base/java.net.Socket.connect(Socket.java:751)
	at org.postgresql.core.PGStream.createSocket(PGStream.java:260)
	at org.postgresql.core.PGStream.<init>(PGStream.java:121)
	at org.postgresql.core.v3.ConnectionFactoryImpl.tryConnect(ConnectionFactoryImpl.java:140)
	at org.postgresql.core.v3.ConnectionFactoryImpl.openConnectionImpl(ConnectionFactoryImpl.java:268)
	... 115 common frames omitted
2025-03-03 18:21:12 [main] WARN  o.s.test.context.TestContextManager - Caught exception while allowing TestExecutionListener [org.springframework.test.context.web.ServletTestExecutionListener] to prepare test instance [com.track.task.TaskTrackerApplicationTests@646c872a]
java.lang.IllegalStateException: Failed to load ApplicationContext for [WebMergedContextConfiguration@56226064 testClass = com.track.task.TaskTrackerApplicationTests, locations = [], classes = [com.track.task.TaskTrackerApplication], contextInitializerClasses = [], activeProfiles = [], propertySourceDescriptors = [], propertySourceProperties = ["org.springframework.boot.test.context.SpringBootTestContextBootstrapper=true"], contextCustomizers = [org.springframework.boot.test.context.filter.ExcludeFilterContextCustomizer@12219f6a, org.springframework.boot.test.json.DuplicateJsonObjectContextCustomizerFactory$DuplicateJsonObjectContextCustomizer@523a7801, org.springframework.boot.test.mock.mockito.MockitoContextCustomizer@0, org.springframework.boot.test.web.client.TestRestTemplateContextCustomizer@729c8063, org.springframework.boot.test.web.reactor.netty.DisableReactorResourceFactoryGlobalResourcesContextCustomizerFactory$DisableReactorResourceFactoryGlobalResourcesContextCustomizerCustomizer@73c48264, org.springframework.boot.test.autoconfigure.OnFailureConditionReportContextCustomizerFactory$OnFailureConditionReportContextCustomizer@2dafae61, org.springframework.boot.test.autoconfigure.actuate.observability.ObservabilityContextCustomizerFactory$DisableObservabilityContextCustomizer@1f, org.springframework.boot.test.autoconfigure.properties.PropertyMappingContextCustomizer@0, org.springframework.boot.test.autoconfigure.web.servlet.WebDriverContextCustomizer@445821a6, org.springframework.boot.test.context.SpringBootTestAnnotation@c0461fcd], resourceBasePath = "src/main/webapp", contextLoader = org.springframework.boot.test.context.SpringBootContextLoader, parent = null]
	at org.springframework.test.context.cache.DefaultCacheAwareContextLoaderDelegate.loadContext(DefaultCacheAwareContextLoaderDelegate.java:180)
	at org.springframework.test.context.support.DefaultTestContext.getApplicationContext(DefaultTestContext.java:130)
	at org.springframework.test.context.web.ServletTestExecutionListener.setUpRequestContextIfNecessary(ServletTestExecutionListener.java:191)
	at org.springframework.test.context.web.ServletTestExecutionListener.prepareTestInstance(ServletTestExecutionListener.java:130)
	at org.springframework.test.context.TestContextManager.prepareTestInstance(TestContextManager.java:260)
	at org.springframework.test.context.junit.jupiter.SpringExtension.postProcessTestInstance(SpringExtension.java:163)
	at org.junit.jupiter.engine.descriptor.ClassBasedTestDescriptor.lambda$invokeTestInstancePostProcessors$10(ClassBasedTestDescriptor.java:378)
	at org.junit.jupiter.engine.descriptor.ClassBasedTestDescriptor.executeAndMaskThrowable(ClassBasedTestDescriptor.java:383)
	at org.junit.jupiter.engine.descriptor.ClassBasedTestDescriptor.lambda$invokeTestInstancePostProcessors$11(ClassBasedTestDescriptor.java:378)
	at java.base/java.util.stream.ReferencePipeline$3$1.accept(ReferencePipeline.java:197)
	at java.base/java.util.stream.ReferencePipeline$2$1.accept(ReferencePipeline.java:179)
	at java.base/java.util.ArrayList$ArrayListSpliterator.forEachRemaining(ArrayList.java:1708)
	at java.base/java.util.stream.AbstractPipeline.copyInto(AbstractPipeline.java:509)
	at java.base/java.util.stream.AbstractPipeline.wrapAndCopyInto(AbstractPipeline.java:499)
	at java.base/java.util.stream.StreamSpliterators$WrappingSpliterator.forEachRemaining(StreamSpliterators.java:310)
	at java.base/java.util.stream.Streams$ConcatSpliterator.forEachRemaining(Streams.java:735)
	at java.base/java.util.stream.Streams$ConcatSpliterator.forEachRemaining(Streams.java:734)
	at java.base/java.util.stream.ReferencePipeline$Head.forEach(ReferencePipeline.java:762)
	at org.junit.jupiter.engine.descriptor.ClassBasedTestDescriptor.invokeTestInstancePostProcessors(ClassBasedTestDescriptor.java:377)
	at org.junit.jupiter.engine.descriptor.ClassBasedTestDescriptor.lambda$instantiateAndPostProcessTestInstance$6(ClassBasedTestDescriptor.java:290)
	at org.junit.platform.engine.support.hierarchical.ThrowableCollector.execute(ThrowableCollector.java:73)
	at org.junit.jupiter.engine.descriptor.ClassBasedTestDescriptor.instantiateAndPostProcessTestInstance(ClassBasedTestDescriptor.java:289)
	at org.junit.jupiter.engine.descriptor.ClassBasedTestDescriptor.lambda$testInstancesProvider$4(ClassBasedTestDescriptor.java:279)
	at java.base/java.util.Optional.orElseGet(Optional.java:364)
	at org.junit.jupiter.engine.descriptor.ClassBasedTestDescriptor.lambda$testInstancesProvider$5(ClassBasedTestDescriptor.java:278)
	at org.junit.jupiter.engine.execution.TestInstancesProvider.getTestInstances(TestInstancesProvider.java:31)
	at org.junit.jupiter.engine.descriptor.TestMethodTestDescriptor.lambda$prepare$0(TestMethodTestDescriptor.java:106)
	at org.junit.platform.engine.support.hierarchical.ThrowableCollector.execute(ThrowableCollector.java:73)
	at org.junit.jupiter.engine.descriptor.TestMethodTestDescriptor.prepare(TestMethodTestDescriptor.java:105)
	at org.junit.jupiter.engine.descriptor.TestMethodTestDescriptor.prepare(TestMethodTestDescriptor.java:69)
	at org.junit.platform.engine.support.hierarchical.NodeTestTask.lambda$prepare$2(NodeTestTask.java:128)
	at org.junit.platform.engine.support.hierarchical.ThrowableCollector.execute(ThrowableCollector.java:73)
	at org.junit.platform.engine.support.hierarchical.NodeTestTask.prepare(NodeTestTask.java:128)
	at org.junit.platform.engine.support.hierarchical.NodeTestTask.execute(NodeTestTask.java:95)
	at java.base/java.util.ArrayList.forEach(ArrayList.java:1596)
	at org.junit.platform.engine.support.hierarchical.SameThreadHierarchicalTestExecutorService.invokeAll(SameThreadHierarchicalTestExecutorService.java:41)
	at org.junit.platform.engine.support.hierarchical.NodeTestTask.lambda$executeRecursively$6(NodeTestTask.java:160)
	at org.junit.platform.engine.support.hierarchical.ThrowableCollector.execute(ThrowableCollector.java:73)
	at org.junit.platform.engine.support.hierarchical.NodeTestTask.lambda$executeRecursively$8(NodeTestTask.java:146)
	at org.junit.platform.engine.support.hierarchical.Node.around(Node.java:137)
	at org.junit.platform.engine.support.hierarchical.NodeTestTask.lambda$executeRecursively$9(NodeTestTask.java:144)
	at org.junit.platform.engine.support.hierarchical.ThrowableCollector.execute(ThrowableCollector.java:73)
	at org.junit.platform.engine.support.hierarchical.NodeTestTask.executeRecursively(NodeTestTask.java:143)
	at org.junit.platform.engine.support.hierarchical.NodeTestTask.execute(NodeTestTask.java:100)
	at java.base/java.util.ArrayList.forEach(ArrayList.java:1596)
	at org.junit.platform.engine.support.hierarchical.SameThreadHierarchicalTestExecutorService.invokeAll(SameThreadHierarchicalTestExecutorService.java:41)
	at org.junit.platform.engine.support.hierarchical.NodeTestTask.lambda$executeRecursively$6(NodeTestTask.java:160)
	at org.junit.platform.engine.support.hierarchical.ThrowableCollector.execute(ThrowableCollector.java:73)
	at org.junit.platform.engine.support.hierarchical.NodeTestTask.lambda$executeRecursively$8(NodeTestTask.java:146)
	at org.junit.platform.engine.support.hierarchical.Node.around(Node.java:137)
	at org.junit.platform.engine.support.hierarchical.NodeTestTask.lambda$executeRecursively$9(NodeTestTask.java:144)
	at org.junit.platform.engine.support.hierarchical.ThrowableCollector.execute(ThrowableCollector.java:73)
	at org.junit.platform.engine.support.hierarchical.NodeTestTask.executeRecursively(NodeTestTask.java:143)
	at org.junit.platform.engine.support.hierarchical.NodeTestTask.execute(NodeTestTask.java:100)
	at org.junit.platform.engine.support.hierarchical.SameThreadHierarchicalTestExecutorService.submit(SameThreadHierarchicalTestExecutorService.java:35)
	at org.junit.platform.engine.support.hierarchical.HierarchicalTestExecutor.execute(HierarchicalTestExecutor.java:57)
	at org.junit.platform.engine.support.hierarchical.HierarchicalTestEngine.execute(HierarchicalTestEngine.java:54)
	at org.junit.platform.launcher.core.EngineExecutionOrchestrator.execute(EngineExecutionOrchestrator.java:198)
	at org.junit.platform.launcher.core.EngineExecutionOrchestrator.execute(EngineExecutionOrchestrator.java:169)
	at org.junit.platform.launcher.core.EngineExecutionOrchestrator.execute(EngineExecutionOrchestrator.java:93)
	at org.junit.platform.launcher.core.EngineExecutionOrchestrator.lambda$execute$0(EngineExecutionOrchestrator.java:58)
	at org.junit.platform.launcher.core.EngineExecutionOrchestrator.withInterceptedStreams(EngineExecutionOrchestrator.java:141)
	at org.junit.platform.launcher.core.EngineExecutionOrchestrator.execute(EngineExecutionOrchestrator.java:57)
	at org.junit.platform.launcher.core.DefaultLauncher.execute(DefaultLauncher.java:103)
	at org.junit.platform.launcher.core.DefaultLauncher.execute(DefaultLauncher.java:85)
	at org.junit.platform.launcher.core.DelegatingLauncher.execute(DelegatingLauncher.java:47)
	at org.apache.maven.surefire.junitplatform.LazyLauncher.execute(LazyLauncher.java:56)
	at org.apache.maven.surefire.junitplatform.JUnitPlatformProvider.execute(JUnitPlatformProvider.java:184)
	at org.apache.maven.surefire.junitplatform.JUnitPlatformProvider.invokeAllTests(JUnitPlatformProvider.java:148)
	at org.apache.maven.surefire.junitplatform.JUnitPlatformProvider.invoke(JUnitPlatformProvider.java:122)
	at org.apache.maven.surefire.booter.ForkedBooter.runSuitesInProcess(ForkedBooter.java:385)
	at org.apache.maven.surefire.booter.ForkedBooter.execute(ForkedBooter.java:162)
	at org.apache.maven.surefire.booter.ForkedBooter.run(ForkedBooter.java:507)
	at org.apache.maven.surefire.booter.ForkedBooter.main(ForkedBooter.java:495)
Caused by: org.springframework.beans.factory.BeanCreationException: Error creating bean with name 'entityManagerFactory' defined in class path resource [org/springframework/boot/autoconfigure/orm/jpa/HibernateJpaConfiguration.class]: Failed to initialize dependency 'liquibase' of LoadTimeWeaverAware bean 'entityManagerFactory': Error creating bean with name 'liquibase' defined in class path resource [org/springframework/boot/autoconfigure/liquibase/LiquibaseAutoConfiguration$LiquibaseConfiguration.class]: liquibase.exception.DatabaseException: org.postgresql.util.PSQLException: The connection attempt failed.
	at org.springframework.beans.factory.support.AbstractBeanFactory.doGetBean(AbstractBeanFactory.java:326)
	at org.springframework.beans.factory.support.AbstractBeanFactory.getBean(AbstractBeanFactory.java:205)
	at org.springframework.context.support.AbstractApplicationContext.finishBeanFactoryInitialization(AbstractApplicationContext.java:954)
	at org.springframework.context.support.AbstractApplicationContext.refresh(AbstractApplicationContext.java:625)
	at org.springframework.boot.SpringApplication.refresh(SpringApplication.java:754)
	at org.springframework.boot.SpringApplication.refreshContext(SpringApplication.java:456)
	at org.springframework.boot.SpringApplication.run(SpringApplication.java:335)
	at org.springframework.boot.test.context.SpringBootContextLoader.lambda$loadContext$3(SpringBootContextLoader.java:137)
	at org.springframework.util.function.ThrowingSupplier.get(ThrowingSupplier.java:58)
	at org.springframework.util.function.ThrowingSupplier.get(ThrowingSupplier.java:46)
	at org.springframework.boot.SpringApplication.withHook(SpringApplication.java:1463)
	at org.springframework.boot.test.context.SpringBootContextLoader$ContextLoaderHook.run(SpringBootContextLoader.java:553)
	at org.springframework.boot.test.context.SpringBootContextLoader.loadContext(SpringBootContextLoader.java:137)
	at org.springframework.boot.test.context.SpringBootContextLoader.loadContext(SpringBootContextLoader.java:108)
	at org.springframework.test.context.cache.DefaultCacheAwareContextLoaderDelegate.loadContextInternal(DefaultCacheAwareContextLoaderDelegate.java:225)
	at org.springframework.test.context.cache.DefaultCacheAwareContextLoaderDelegate.loadContext(DefaultCacheAwareContextLoaderDelegate.java:152)
	... 73 common frames omitted
Caused by: org.springframework.beans.factory.BeanCreationException: Error creating bean with name 'liquibase' defined in class path resource [org/springframework/boot/autoconfigure/liquibase/LiquibaseAutoConfiguration$LiquibaseConfiguration.class]: liquibase.exception.DatabaseException: org.postgresql.util.PSQLException: The connection attempt failed.
	at org.springframework.beans.factory.support.AbstractAutowireCapableBeanFactory.initializeBean(AbstractAutowireCapableBeanFactory.java:1806)
	at org.springframework.beans.factory.support.AbstractAutowireCapableBeanFactory.doCreateBean(AbstractAutowireCapableBeanFactory.java:600)
	at org.springframework.beans.factory.support.AbstractAutowireCapableBeanFactory.createBean(AbstractAutowireCapableBeanFactory.java:522)
	at org.springframework.beans.factory.support.AbstractBeanFactory.lambda$doGetBean$0(AbstractBeanFactory.java:337)
	at org.springframework.beans.factory.support.DefaultSingletonBeanRegistry.getSingleton(DefaultSingletonBeanRegistry.java:234)
	at org.springframework.beans.factory.support.AbstractBeanFactory.doGetBean(AbstractBeanFactory.java:335)
	at org.springframework.beans.factory.support.AbstractBeanFactory.getBean(AbstractBeanFactory.java:200)
	at org.springframework.beans.factory.support.AbstractBeanFactory.doGetBean(AbstractBeanFactory.java:313)
	... 88 common frames omitted
Caused by: liquibase.exception.UnexpectedLiquibaseException: liquibase.exception.DatabaseException: org.postgresql.util.PSQLException: The connection attempt failed.
	at liquibase.integration.spring.SpringLiquibase.afterPropertiesSet(SpringLiquibase.java:259)
	at org.springframework.beans.factory.support.AbstractAutowireCapableBeanFactory.invokeInitMethods(AbstractAutowireCapableBeanFactory.java:1853)
	at org.springframework.beans.factory.support.AbstractAutowireCapableBeanFactory.initializeBean(AbstractAutowireCapableBeanFactory.java:1802)
	... 95 common frames omitted
Caused by: liquibase.exception.DatabaseException: org.postgresql.util.PSQLException: The connection attempt failed.
	at liquibase.integration.spring.SpringLiquibase.lambda$afterPropertiesSet$0(SpringLiquibase.java:251)
	at liquibase.Scope.lambda$child$0(Scope.java:190)
	at liquibase.Scope.child(Scope.java:199)
	at liquibase.Scope.child(Scope.java:189)
	at liquibase.Scope.child(Scope.java:168)
	at liquibase.Scope.child(Scope.java:256)
	at liquibase.integration.spring.SpringLiquibase.afterPropertiesSet(SpringLiquibase.java:242)
	... 97 common frames omitted
Caused by: org.postgresql.util.PSQLException: The connection attempt failed.
	at org.postgresql.core.v3.ConnectionFactoryImpl.openConnectionImpl(ConnectionFactoryImpl.java:364)
	at org.postgresql.core.ConnectionFactory.openConnection(ConnectionFactory.java:54)
	at org.postgresql.jdbc.PgConnection.<init>(PgConnection.java:273)
	at org.postgresql.Driver.makeConnection(Driver.java:446)
	at org.postgresql.Driver.connect(Driver.java:298)
	at com.zaxxer.hikari.util.DriverDataSource.getConnection(DriverDataSource.java:137)
	at com.zaxxer.hikari.pool.PoolBase.newConnection(PoolBase.java:360)
	at com.zaxxer.hikari.pool.PoolBase.newPoolEntry(PoolBase.java:202)
	at com.zaxxer.hikari.pool.HikariPool.createPoolEntry(HikariPool.java:461)
	at com.zaxxer.hikari.pool.HikariPool.checkFailFast(HikariPool.java:550)
	at com.zaxxer.hikari.pool.HikariPool.<init>(HikariPool.java:98)
	at com.zaxxer.hikari.HikariDataSource.getConnection(HikariDataSource.java:111)
	at liquibase.integration.spring.SpringLiquibase.lambda$afterPropertiesSet$0(SpringLiquibase.java:246)
	... 103 common frames omitted
Caused by: java.net.UnknownHostException: postgres-db
	at java.base/sun.nio.ch.NioSocketImpl.connect(NioSocketImpl.java:567)
	at java.base/java.net.SocksSocketImpl.connect(SocksSocketImpl.java:327)
	at java.base/java.net.Socket.connect(Socket.java:751)
	at org.postgresql.core.PGStream.createSocket(PGStream.java:260)
	at org.postgresql.core.PGStream.<init>(PGStream.java:121)
	at org.postgresql.core.v3.ConnectionFactoryImpl.tryConnect(ConnectionFactoryImpl.java:140)
	at org.postgresql.core.v3.ConnectionFactoryImpl.openConnectionImpl(ConnectionFactoryImpl.java:268)
	... 115 common frames omitted
2025-03-03 18:21:12 [main] INFO  o.s.t.c.s.AnnotationConfigContextLoaderUtils - Could not detect default configuration classes for test class [com.track.task.user.UserServiceImplTest]: UserServiceImplTest does not declare any static, non-private, non-final, nested classes annotated with @Configuration.
2025-03-03 18:21:12 [testcontainers-ryuk] WARN  o.t.utility.RyukResourceReaper - Can not connect to Ryuk at 172.17.0.1:31238
java.net.ConnectException: Connection refused
	at java.base/sun.nio.ch.Net.pollConnect(Native Method)
	at java.base/sun.nio.ch.Net.pollConnectNow(Net.java:682)
	at java.base/sun.nio.ch.NioSocketImpl.timedFinishConnect(NioSocketImpl.java:542)
	at java.base/sun.nio.ch.NioSocketImpl.connect(NioSocketImpl.java:592)
	at java.base/java.net.SocksSocketImpl.connect(SocksSocketImpl.java:327)
	at java.base/java.net.Socket.connect(Socket.java:751)
	at org.testcontainers.utility.RyukResourceReaper.lambda$null$1(RyukResourceReaper.java:105)
	at org.rnorth.ducttape.ratelimits.RateLimiter.doWhenReady(RateLimiter.java:27)
	at org.testcontainers.utility.RyukResourceReaper.lambda$maybeStart$2(RyukResourceReaper.java:101)
	at java.base/java.lang.Thread.run(Thread.java:1583)
2025-03-03 18:21:12 [testcontainers-ryuk] WARN  o.t.utility.RyukResourceReaper - Can not connect to Ryuk at 172.17.0.1:31238
java.net.ConnectException: Connection refused
	at java.base/sun.nio.ch.Net.pollConnect(Native Method)
	at java.base/sun.nio.ch.Net.pollConnectNow(Net.java:682)
	at java.base/sun.nio.ch.NioSocketImpl.timedFinishConnect(NioSocketImpl.java:542)
	at java.base/sun.nio.ch.NioSocketImpl.connect(NioSocketImpl.java:592)
	at java.base/java.net.SocksSocketImpl.connect(SocksSocketImpl.java:327)
	at java.base/java.net.Socket.connect(Socket.java:751)
	at org.testcontainers.utility.RyukResourceReaper.lambda$null$1(RyukResourceReaper.java:105)
	at org.rnorth.ducttape.ratelimits.RateLimiter.doWhenReady(RateLimiter.java:27)
	at org.testcontainers.utility.RyukResourceReaper.lambda$maybeStart$2(RyukResourceReaper.java:101)
	at java.base/java.lang.Thread.run(Thread.java:1583)
2025-03-03 18:21:12 [main] INFO  o.s.b.t.c.SpringBootTestContextBootstrapper - Found @SpringBootConfiguration com.track.task.TaskTrackerApplication for test class com.track.task.user.UserServiceImplTest
2025-03-03 18:21:12 [testcontainers-ryuk] WARN  o.t.utility.RyukResourceReaper - Can not connect to Ryuk at 172.17.0.1:31238
java.net.ConnectException: Connection refused
	at java.base/sun.nio.ch.Net.pollConnect(Native Method)
	at java.base/sun.nio.ch.Net.pollConnectNow(Net.java:682)
	at java.base/sun.nio.ch.NioSocketImpl.timedFinishConnect(NioSocketImpl.java:542)
	at java.base/sun.nio.ch.NioSocketImpl.connect(NioSocketImpl.java:592)
	at java.base/java.net.SocksSocketImpl.connect(SocksSocketImpl.java:327)
	at java.base/java.net.Socket.connect(Socket.java:751)
	at org.testcontainers.utility.RyukResourceReaper.lambda$null$1(RyukResourceReaper.java:105)
	at org.rnorth.ducttape.ratelimits.RateLimiter.doWhenReady(RateLimiter.java:27)
	at org.testcontainers.utility.RyukResourceReaper.lambda$maybeStart$2(RyukResourceReaper.java:101)
	at java.base/java.lang.Thread.run(Thread.java:1583)
2025-03-03 19:44:25 [testcontainers-ryuk] WARN  o.t.utility.RyukResourceReaper - Can not connect to Ryuk at 172.17.0.1:32264
java.net.ConnectException: Connection refused
	at java.base/sun.nio.ch.Net.pollConnect(Native Method)
	at java.base/sun.nio.ch.Net.pollConnectNow(Net.java:682)
	at java.base/sun.nio.ch.NioSocketImpl.timedFinishConnect(NioSocketImpl.java:542)
	at java.base/sun.nio.ch.NioSocketImpl.connect(NioSocketImpl.java:592)
	at java.base/java.net.SocksSocketImpl.connect(SocksSocketImpl.java:327)
	at java.base/java.net.Socket.connect(Socket.java:751)
	at org.testcontainers.utility.RyukResourceReaper.lambda$null$1(RyukResourceReaper.java:105)
	at org.rnorth.ducttape.ratelimits.RateLimiter.doWhenReady(RateLimiter.java:27)
	at org.testcontainers.utility.RyukResourceReaper.lambda$maybeStart$2(RyukResourceReaper.java:101)
	at java.base/java.lang.Thread.run(Thread.java:1583)
2025-03-03 19:44:25 [background-preinit] INFO  o.h.validator.internal.util.Version - HV000001: Hibernate Validator 8.0.1.Final
2025-03-03 19:44:25 [testcontainers-ryuk] WARN  o.t.utility.RyukResourceReaper - Can not connect to Ryuk at 172.17.0.1:32264
java.net.ConnectException: Connection refused
	at java.base/sun.nio.ch.Net.pollConnect(Native Method)
	at java.base/sun.nio.ch.Net.pollConnectNow(Net.java:682)
	at java.base/sun.nio.ch.NioSocketImpl.timedFinishConnect(NioSocketImpl.java:542)
	at java.base/sun.nio.ch.NioSocketImpl.connect(NioSocketImpl.java:592)
	at java.base/java.net.SocksSocketImpl.connect(SocksSocketImpl.java:327)
	at java.base/java.net.Socket.connect(Socket.java:751)
	at org.testcontainers.utility.RyukResourceReaper.lambda$null$1(RyukResourceReaper.java:105)
	at org.rnorth.ducttape.ratelimits.RateLimiter.doWhenReady(RateLimiter.java:27)
	at org.testcontainers.utility.RyukResourceReaper.lambda$maybeStart$2(RyukResourceReaper.java:101)
	at java.base/java.lang.Thread.run(Thread.java:1583)
2025-03-03 19:44:26 [testcontainers-ryuk] WARN  o.t.utility.RyukResourceReaper - Can not connect to Ryuk at 172.17.0.1:32264
java.net.ConnectException: Connection refused
	at java.base/sun.nio.ch.Net.pollConnect(Native Method)
	at java.base/sun.nio.ch.Net.pollConnectNow(Net.java:682)
	at java.base/sun.nio.ch.NioSocketImpl.timedFinishConnect(NioSocketImpl.java:542)
	at java.base/sun.nio.ch.NioSocketImpl.connect(NioSocketImpl.java:592)
	at java.base/java.net.SocksSocketImpl.connect(SocksSocketImpl.java:327)
	at java.base/java.net.Socket.connect(Socket.java:751)
	at org.testcontainers.utility.RyukResourceReaper.lambda$null$1(RyukResourceReaper.java:105)
	at org.rnorth.ducttape.ratelimits.RateLimiter.doWhenReady(RateLimiter.java:27)
	at org.testcontainers.utility.RyukResourceReaper.lambda$maybeStart$2(RyukResourceReaper.java:101)
	at java.base/java.lang.Thread.run(Thread.java:1583)
2025-03-03 19:44:26 [main] INFO  c.t.task.TaskTrackerApplicationTests - Starting TaskTrackerApplicationTests using Java 21.0.6 with PID 67 (started by root in /app)
2025-03-03 19:44:26 [main] INFO  c.t.task.TaskTrackerApplicationTests - No active profile set, falling back to 1 default profile: "default"
2025-03-03 19:44:26 [testcontainers-ryuk] WARN  o.t.utility.RyukResourceReaper - Can not connect to Ryuk at 172.17.0.1:32264
java.net.ConnectException: Connection refused
	at java.base/sun.nio.ch.Net.pollConnect(Native Method)
	at java.base/sun.nio.ch.Net.pollConnectNow(Net.java:682)
	at java.base/sun.nio.ch.NioSocketImpl.timedFinishConnect(NioSocketImpl.java:542)
	at java.base/sun.nio.ch.NioSocketImpl.connect(NioSocketImpl.java:592)
	at java.base/java.net.SocksSocketImpl.connect(SocksSocketImpl.java:327)
	at java.base/java.net.Socket.connect(Socket.java:751)
	at org.testcontainers.utility.RyukResourceReaper.lambda$null$1(RyukResourceReaper.java:105)
	at org.rnorth.ducttape.ratelimits.RateLimiter.doWhenReady(RateLimiter.java:27)
	at org.testcontainers.utility.RyukResourceReaper.lambda$maybeStart$2(RyukResourceReaper.java:101)
	at java.base/java.lang.Thread.run(Thread.java:1583)
2025-03-03 19:44:26 [testcontainers-ryuk] WARN  o.t.utility.RyukResourceReaper - Can not connect to Ryuk at 172.17.0.1:32264
java.net.ConnectException: Connection refused
	at java.base/sun.nio.ch.Net.pollConnect(Native Method)
	at java.base/sun.nio.ch.Net.pollConnectNow(Net.java:682)
	at java.base/sun.nio.ch.NioSocketImpl.timedFinishConnect(NioSocketImpl.java:542)
	at java.base/sun.nio.ch.NioSocketImpl.connect(NioSocketImpl.java:592)
	at java.base/java.net.SocksSocketImpl.connect(SocksSocketImpl.java:327)
	at java.base/java.net.Socket.connect(Socket.java:751)
	at org.testcontainers.utility.RyukResourceReaper.lambda$null$1(RyukResourceReaper.java:105)
	at org.rnorth.ducttape.ratelimits.RateLimiter.doWhenReady(RateLimiter.java:27)
	at org.testcontainers.utility.RyukResourceReaper.lambda$maybeStart$2(RyukResourceReaper.java:101)
	at java.base/java.lang.Thread.run(Thread.java:1583)
2025-03-03 19:44:26 [testcontainers-ryuk] WARN  o.t.utility.RyukResourceReaper - Can not connect to Ryuk at 172.17.0.1:32264
java.net.ConnectException: Connection refused
	at java.base/sun.nio.ch.Net.pollConnect(Native Method)
	at java.base/sun.nio.ch.Net.pollConnectNow(Net.java:682)
	at java.base/sun.nio.ch.NioSocketImpl.timedFinishConnect(NioSocketImpl.java:542)
	at java.base/sun.nio.ch.NioSocketImpl.connect(NioSocketImpl.java:592)
	at java.base/java.net.SocksSocketImpl.connect(SocksSocketImpl.java:327)
	at java.base/java.net.Socket.connect(Socket.java:751)
	at org.testcontainers.utility.RyukResourceReaper.lambda$null$1(RyukResourceReaper.java:105)
	at org.rnorth.ducttape.ratelimits.RateLimiter.doWhenReady(RateLimiter.java:27)
	at org.testcontainers.utility.RyukResourceReaper.lambda$maybeStart$2(RyukResourceReaper.java:101)
	at java.base/java.lang.Thread.run(Thread.java:1583)
2025-03-03 19:44:27 [testcontainers-ryuk] WARN  o.t.utility.RyukResourceReaper - Can not connect to Ryuk at 172.17.0.1:32264
java.net.ConnectException: Connection refused
	at java.base/sun.nio.ch.Net.pollConnect(Native Method)
	at java.base/sun.nio.ch.Net.pollConnectNow(Net.java:682)
	at java.base/sun.nio.ch.NioSocketImpl.timedFinishConnect(NioSocketImpl.java:542)
	at java.base/sun.nio.ch.NioSocketImpl.connect(NioSocketImpl.java:592)
	at java.base/java.net.SocksSocketImpl.connect(SocksSocketImpl.java:327)
	at java.base/java.net.Socket.connect(Socket.java:751)
	at org.testcontainers.utility.RyukResourceReaper.lambda$null$1(RyukResourceReaper.java:105)
	at org.rnorth.ducttape.ratelimits.RateLimiter.doWhenReady(RateLimiter.java:27)
	at org.testcontainers.utility.RyukResourceReaper.lambda$maybeStart$2(RyukResourceReaper.java:101)
	at java.base/java.lang.Thread.run(Thread.java:1583)
2025-03-03 19:44:27 [testcontainers-ryuk] WARN  o.t.utility.RyukResourceReaper - Can not connect to Ryuk at 172.17.0.1:32264
java.net.ConnectException: Connection refused
	at java.base/sun.nio.ch.Net.pollConnect(Native Method)
	at java.base/sun.nio.ch.Net.pollConnectNow(Net.java:682)
	at java.base/sun.nio.ch.NioSocketImpl.timedFinishConnect(NioSocketImpl.java:542)
	at java.base/sun.nio.ch.NioSocketImpl.connect(NioSocketImpl.java:592)
	at java.base/java.net.SocksSocketImpl.connect(SocksSocketImpl.java:327)
	at java.base/java.net.Socket.connect(Socket.java:751)
	at org.testcontainers.utility.RyukResourceReaper.lambda$null$1(RyukResourceReaper.java:105)
	at org.rnorth.ducttape.ratelimits.RateLimiter.doWhenReady(RateLimiter.java:27)
	at org.testcontainers.utility.RyukResourceReaper.lambda$maybeStart$2(RyukResourceReaper.java:101)
	at java.base/java.lang.Thread.run(Thread.java:1583)
2025-03-03 19:44:27 [testcontainers-ryuk] WARN  o.t.utility.RyukResourceReaper - Can not connect to Ryuk at 172.17.0.1:32264
java.net.ConnectException: Connection refused
	at java.base/sun.nio.ch.Net.pollConnect(Native Method)
	at java.base/sun.nio.ch.Net.pollConnectNow(Net.java:682)
	at java.base/sun.nio.ch.NioSocketImpl.timedFinishConnect(NioSocketImpl.java:542)
	at java.base/sun.nio.ch.NioSocketImpl.connect(NioSocketImpl.java:592)
	at java.base/java.net.SocksSocketImpl.connect(SocksSocketImpl.java:327)
	at java.base/java.net.Socket.connect(Socket.java:751)
	at org.testcontainers.utility.RyukResourceReaper.lambda$null$1(RyukResourceReaper.java:105)
	at org.rnorth.ducttape.ratelimits.RateLimiter.doWhenReady(RateLimiter.java:27)
	at org.testcontainers.utility.RyukResourceReaper.lambda$maybeStart$2(RyukResourceReaper.java:101)
	at java.base/java.lang.Thread.run(Thread.java:1583)
2025-03-03 19:44:27 [testcontainers-ryuk] WARN  o.t.utility.RyukResourceReaper - Can not connect to Ryuk at 172.17.0.1:32264
java.net.ConnectException: Connection refused
	at java.base/sun.nio.ch.Net.pollConnect(Native Method)
	at java.base/sun.nio.ch.Net.pollConnectNow(Net.java:682)
	at java.base/sun.nio.ch.NioSocketImpl.timedFinishConnect(NioSocketImpl.java:542)
	at java.base/sun.nio.ch.NioSocketImpl.connect(NioSocketImpl.java:592)
	at java.base/java.net.SocksSocketImpl.connect(SocksSocketImpl.java:327)
	at java.base/java.net.Socket.connect(Socket.java:751)
	at org.testcontainers.utility.RyukResourceReaper.lambda$null$1(RyukResourceReaper.java:105)
	at org.rnorth.ducttape.ratelimits.RateLimiter.doWhenReady(RateLimiter.java:27)
	at org.testcontainers.utility.RyukResourceReaper.lambda$maybeStart$2(RyukResourceReaper.java:101)
	at java.base/java.lang.Thread.run(Thread.java:1583)
2025-03-03 19:44:28 [testcontainers-ryuk] WARN  o.t.utility.RyukResourceReaper - Can not connect to Ryuk at 172.17.0.1:32264
java.net.ConnectException: Connection refused
	at java.base/sun.nio.ch.Net.pollConnect(Native Method)
	at java.base/sun.nio.ch.Net.pollConnectNow(Net.java:682)
	at java.base/sun.nio.ch.NioSocketImpl.timedFinishConnect(NioSocketImpl.java:542)
	at java.base/sun.nio.ch.NioSocketImpl.connect(NioSocketImpl.java:592)
	at java.base/java.net.SocksSocketImpl.connect(SocksSocketImpl.java:327)
	at java.base/java.net.Socket.connect(Socket.java:751)
	at org.testcontainers.utility.RyukResourceReaper.lambda$null$1(RyukResourceReaper.java:105)
	at org.rnorth.ducttape.ratelimits.RateLimiter.doWhenReady(RateLimiter.java:27)
	at org.testcontainers.utility.RyukResourceReaper.lambda$maybeStart$2(RyukResourceReaper.java:101)
	at java.base/java.lang.Thread.run(Thread.java:1583)
2025-03-03 19:44:28 [testcontainers-ryuk] WARN  o.t.utility.RyukResourceReaper - Can not connect to Ryuk at 172.17.0.1:32264
java.net.ConnectException: Connection refused
	at java.base/sun.nio.ch.Net.pollConnect(Native Method)
	at java.base/sun.nio.ch.Net.pollConnectNow(Net.java:682)
	at java.base/sun.nio.ch.NioSocketImpl.timedFinishConnect(NioSocketImpl.java:542)
	at java.base/sun.nio.ch.NioSocketImpl.connect(NioSocketImpl.java:592)
	at java.base/java.net.SocksSocketImpl.connect(SocksSocketImpl.java:327)
	at java.base/java.net.Socket.connect(Socket.java:751)
	at org.testcontainers.utility.RyukResourceReaper.lambda$null$1(RyukResourceReaper.java:105)
	at org.rnorth.ducttape.ratelimits.RateLimiter.doWhenReady(RateLimiter.java:27)
	at org.testcontainers.utility.RyukResourceReaper.lambda$maybeStart$2(RyukResourceReaper.java:101)
	at java.base/java.lang.Thread.run(Thread.java:1583)
2025-03-03 19:44:28 [testcontainers-ryuk] WARN  o.t.utility.RyukResourceReaper - Can not connect to Ryuk at 172.17.0.1:32264
java.net.ConnectException: Connection refused
	at java.base/sun.nio.ch.Net.pollConnect(Native Method)
	at java.base/sun.nio.ch.Net.pollConnectNow(Net.java:682)
	at java.base/sun.nio.ch.NioSocketImpl.timedFinishConnect(NioSocketImpl.java:542)
	at java.base/sun.nio.ch.NioSocketImpl.connect(NioSocketImpl.java:592)
	at java.base/java.net.SocksSocketImpl.connect(SocksSocketImpl.java:327)
	at java.base/java.net.Socket.connect(Socket.java:751)
	at org.testcontainers.utility.RyukResourceReaper.lambda$null$1(RyukResourceReaper.java:105)
	at org.rnorth.ducttape.ratelimits.RateLimiter.doWhenReady(RateLimiter.java:27)
	at org.testcontainers.utility.RyukResourceReaper.lambda$maybeStart$2(RyukResourceReaper.java:101)
	at java.base/java.lang.Thread.run(Thread.java:1583)
2025-03-03 19:44:28 [testcontainers-ryuk] WARN  o.t.utility.RyukResourceReaper - Can not connect to Ryuk at 172.17.0.1:32264
java.net.ConnectException: Connection refused
	at java.base/sun.nio.ch.Net.pollConnect(Native Method)
	at java.base/sun.nio.ch.Net.pollConnectNow(Net.java:682)
	at java.base/sun.nio.ch.NioSocketImpl.timedFinishConnect(NioSocketImpl.java:542)
	at java.base/sun.nio.ch.NioSocketImpl.connect(NioSocketImpl.java:592)
	at java.base/java.net.SocksSocketImpl.connect(SocksSocketImpl.java:327)
	at java.base/java.net.Socket.connect(Socket.java:751)
	at org.testcontainers.utility.RyukResourceReaper.lambda$null$1(RyukResourceReaper.java:105)
	at org.rnorth.ducttape.ratelimits.RateLimiter.doWhenReady(RateLimiter.java:27)
	at org.testcontainers.utility.RyukResourceReaper.lambda$maybeStart$2(RyukResourceReaper.java:101)
	at java.base/java.lang.Thread.run(Thread.java:1583)
2025-03-03 19:44:29 [testcontainers-ryuk] WARN  o.t.utility.RyukResourceReaper - Can not connect to Ryuk at 172.17.0.1:32264
java.net.ConnectException: Connection refused
	at java.base/sun.nio.ch.Net.pollConnect(Native Method)
	at java.base/sun.nio.ch.Net.pollConnectNow(Net.java:682)
	at java.base/sun.nio.ch.NioSocketImpl.timedFinishConnect(NioSocketImpl.java:542)
	at java.base/sun.nio.ch.NioSocketImpl.connect(NioSocketImpl.java:592)
	at java.base/java.net.SocksSocketImpl.connect(SocksSocketImpl.java:327)
	at java.base/java.net.Socket.connect(Socket.java:751)
	at org.testcontainers.utility.RyukResourceReaper.lambda$null$1(RyukResourceReaper.java:105)
	at org.rnorth.ducttape.ratelimits.RateLimiter.doWhenReady(RateLimiter.java:27)
	at org.testcontainers.utility.RyukResourceReaper.lambda$maybeStart$2(RyukResourceReaper.java:101)
	at java.base/java.lang.Thread.run(Thread.java:1583)
2025-03-03 19:44:29 [testcontainers-ryuk] WARN  o.t.utility.RyukResourceReaper - Can not connect to Ryuk at 172.17.0.1:32264
java.net.ConnectException: Connection refused
	at java.base/sun.nio.ch.Net.pollConnect(Native Method)
	at java.base/sun.nio.ch.Net.pollConnectNow(Net.java:682)
	at java.base/sun.nio.ch.NioSocketImpl.timedFinishConnect(NioSocketImpl.java:542)
	at java.base/sun.nio.ch.NioSocketImpl.connect(NioSocketImpl.java:592)
	at java.base/java.net.SocksSocketImpl.connect(SocksSocketImpl.java:327)
	at java.base/java.net.Socket.connect(Socket.java:751)
	at org.testcontainers.utility.RyukResourceReaper.lambda$null$1(RyukResourceReaper.java:105)
	at org.rnorth.ducttape.ratelimits.RateLimiter.doWhenReady(RateLimiter.java:27)
	at org.testcontainers.utility.RyukResourceReaper.lambda$maybeStart$2(RyukResourceReaper.java:101)
	at java.base/java.lang.Thread.run(Thread.java:1583)
2025-03-03 19:44:29 [testcontainers-ryuk] WARN  o.t.utility.RyukResourceReaper - Can not connect to Ryuk at 172.17.0.1:32264
java.net.ConnectException: Connection refused
	at java.base/sun.nio.ch.Net.pollConnect(Native Method)
	at java.base/sun.nio.ch.Net.pollConnectNow(Net.java:682)
	at java.base/sun.nio.ch.NioSocketImpl.timedFinishConnect(NioSocketImpl.java:542)
	at java.base/sun.nio.ch.NioSocketImpl.connect(NioSocketImpl.java:592)
	at java.base/java.net.SocksSocketImpl.connect(SocksSocketImpl.java:327)
	at java.base/java.net.Socket.connect(Socket.java:751)
	at org.testcontainers.utility.RyukResourceReaper.lambda$null$1(RyukResourceReaper.java:105)
	at org.rnorth.ducttape.ratelimits.RateLimiter.doWhenReady(RateLimiter.java:27)
	at org.testcontainers.utility.RyukResourceReaper.lambda$maybeStart$2(RyukResourceReaper.java:101)
	at java.base/java.lang.Thread.run(Thread.java:1583)
2025-03-03 19:44:29 [testcontainers-ryuk] WARN  o.t.utility.RyukResourceReaper - Can not connect to Ryuk at 172.17.0.1:32264
java.net.ConnectException: Connection refused
	at java.base/sun.nio.ch.Net.pollConnect(Native Method)
	at java.base/sun.nio.ch.Net.pollConnectNow(Net.java:682)
	at java.base/sun.nio.ch.NioSocketImpl.timedFinishConnect(NioSocketImpl.java:542)
	at java.base/sun.nio.ch.NioSocketImpl.connect(NioSocketImpl.java:592)
	at java.base/java.net.SocksSocketImpl.connect(SocksSocketImpl.java:327)
	at java.base/java.net.Socket.connect(Socket.java:751)
	at org.testcontainers.utility.RyukResourceReaper.lambda$null$1(RyukResourceReaper.java:105)
	at org.rnorth.ducttape.ratelimits.RateLimiter.doWhenReady(RateLimiter.java:27)
	at org.testcontainers.utility.RyukResourceReaper.lambda$maybeStart$2(RyukResourceReaper.java:101)
	at java.base/java.lang.Thread.run(Thread.java:1583)
2025-03-03 19:44:30 [testcontainers-ryuk] WARN  o.t.utility.RyukResourceReaper - Can not connect to Ryuk at 172.17.0.1:32264
java.net.ConnectException: Connection refused
	at java.base/sun.nio.ch.Net.pollConnect(Native Method)
	at java.base/sun.nio.ch.Net.pollConnectNow(Net.java:682)
	at java.base/sun.nio.ch.NioSocketImpl.timedFinishConnect(NioSocketImpl.java:542)
	at java.base/sun.nio.ch.NioSocketImpl.connect(NioSocketImpl.java:592)
	at java.base/java.net.SocksSocketImpl.connect(SocksSocketImpl.java:327)
	at java.base/java.net.Socket.connect(Socket.java:751)
	at org.testcontainers.utility.RyukResourceReaper.lambda$null$1(RyukResourceReaper.java:105)
	at org.rnorth.ducttape.ratelimits.RateLimiter.doWhenReady(RateLimiter.java:27)
	at org.testcontainers.utility.RyukResourceReaper.lambda$maybeStart$2(RyukResourceReaper.java:101)
	at java.base/java.lang.Thread.run(Thread.java:1583)
2025-03-03 19:44:30 [testcontainers-ryuk] WARN  o.t.utility.RyukResourceReaper - Can not connect to Ryuk at 172.17.0.1:32264
java.net.ConnectException: Connection refused
	at java.base/sun.nio.ch.Net.pollConnect(Native Method)
	at java.base/sun.nio.ch.Net.pollConnectNow(Net.java:682)
	at java.base/sun.nio.ch.NioSocketImpl.timedFinishConnect(NioSocketImpl.java:542)
	at java.base/sun.nio.ch.NioSocketImpl.connect(NioSocketImpl.java:592)
	at java.base/java.net.SocksSocketImpl.connect(SocksSocketImpl.java:327)
	at java.base/java.net.Socket.connect(Socket.java:751)
	at org.testcontainers.utility.RyukResourceReaper.lambda$null$1(RyukResourceReaper.java:105)
	at org.rnorth.ducttape.ratelimits.RateLimiter.doWhenReady(RateLimiter.java:27)
	at org.testcontainers.utility.RyukResourceReaper.lambda$maybeStart$2(RyukResourceReaper.java:101)
	at java.base/java.lang.Thread.run(Thread.java:1583)
2025-03-03 19:44:30 [testcontainers-ryuk] WARN  o.t.utility.RyukResourceReaper - Can not connect to Ryuk at 172.17.0.1:32264
java.net.ConnectException: Connection refused
	at java.base/sun.nio.ch.Net.pollConnect(Native Method)
	at java.base/sun.nio.ch.Net.pollConnectNow(Net.java:682)
	at java.base/sun.nio.ch.NioSocketImpl.timedFinishConnect(NioSocketImpl.java:542)
	at java.base/sun.nio.ch.NioSocketImpl.connect(NioSocketImpl.java:592)
	at java.base/java.net.SocksSocketImpl.connect(SocksSocketImpl.java:327)
	at java.base/java.net.Socket.connect(Socket.java:751)
	at org.testcontainers.utility.RyukResourceReaper.lambda$null$1(RyukResourceReaper.java:105)
	at org.rnorth.ducttape.ratelimits.RateLimiter.doWhenReady(RateLimiter.java:27)
	at org.testcontainers.utility.RyukResourceReaper.lambda$maybeStart$2(RyukResourceReaper.java:101)
	at java.base/java.lang.Thread.run(Thread.java:1583)
2025-03-03 19:44:30 [testcontainers-ryuk] WARN  o.t.utility.RyukResourceReaper - Can not connect to Ryuk at 172.17.0.1:32264
java.net.ConnectException: Connection refused
	at java.base/sun.nio.ch.Net.pollConnect(Native Method)
	at java.base/sun.nio.ch.Net.pollConnectNow(Net.java:682)
	at java.base/sun.nio.ch.NioSocketImpl.timedFinishConnect(NioSocketImpl.java:542)
	at java.base/sun.nio.ch.NioSocketImpl.connect(NioSocketImpl.java:592)
	at java.base/java.net.SocksSocketImpl.connect(SocksSocketImpl.java:327)
	at java.base/java.net.Socket.connect(Socket.java:751)
	at org.testcontainers.utility.RyukResourceReaper.lambda$null$1(RyukResourceReaper.java:105)
	at org.rnorth.ducttape.ratelimits.RateLimiter.doWhenReady(RateLimiter.java:27)
	at org.testcontainers.utility.RyukResourceReaper.lambda$maybeStart$2(RyukResourceReaper.java:101)
	at java.base/java.lang.Thread.run(Thread.java:1583)
2025-03-03 19:44:31 [testcontainers-ryuk] WARN  o.t.utility.RyukResourceReaper - Can not connect to Ryuk at 172.17.0.1:32264
java.net.ConnectException: Connection refused
	at java.base/sun.nio.ch.Net.pollConnect(Native Method)
	at java.base/sun.nio.ch.Net.pollConnectNow(Net.java:682)
	at java.base/sun.nio.ch.NioSocketImpl.timedFinishConnect(NioSocketImpl.java:542)
	at java.base/sun.nio.ch.NioSocketImpl.connect(NioSocketImpl.java:592)
	at java.base/java.net.SocksSocketImpl.connect(SocksSocketImpl.java:327)
	at java.base/java.net.Socket.connect(Socket.java:751)
	at org.testcontainers.utility.RyukResourceReaper.lambda$null$1(RyukResourceReaper.java:105)
	at org.rnorth.ducttape.ratelimits.RateLimiter.doWhenReady(RateLimiter.java:27)
	at org.testcontainers.utility.RyukResourceReaper.lambda$maybeStart$2(RyukResourceReaper.java:101)
	at java.base/java.lang.Thread.run(Thread.java:1583)
2025-03-03 19:44:31 [testcontainers-ryuk] WARN  o.t.utility.RyukResourceReaper - Can not connect to Ryuk at 172.17.0.1:32264
java.net.ConnectException: Connection refused
	at java.base/sun.nio.ch.Net.pollConnect(Native Method)
	at java.base/sun.nio.ch.Net.pollConnectNow(Net.java:682)
	at java.base/sun.nio.ch.NioSocketImpl.timedFinishConnect(NioSocketImpl.java:542)
	at java.base/sun.nio.ch.NioSocketImpl.connect(NioSocketImpl.java:592)
	at java.base/java.net.SocksSocketImpl.connect(SocksSocketImpl.java:327)
	at java.base/java.net.Socket.connect(Socket.java:751)
	at org.testcontainers.utility.RyukResourceReaper.lambda$null$1(RyukResourceReaper.java:105)
	at org.rnorth.ducttape.ratelimits.RateLimiter.doWhenReady(RateLimiter.java:27)
	at org.testcontainers.utility.RyukResourceReaper.lambda$maybeStart$2(RyukResourceReaper.java:101)
	at java.base/java.lang.Thread.run(Thread.java:1583)
2025-03-03 19:44:31 [testcontainers-ryuk] WARN  o.t.utility.RyukResourceReaper - Can not connect to Ryuk at 172.17.0.1:32264
java.net.ConnectException: Connection refused
	at java.base/sun.nio.ch.Net.pollConnect(Native Method)
	at java.base/sun.nio.ch.Net.pollConnectNow(Net.java:682)
	at java.base/sun.nio.ch.NioSocketImpl.timedFinishConnect(NioSocketImpl.java:542)
	at java.base/sun.nio.ch.NioSocketImpl.connect(NioSocketImpl.java:592)
	at java.base/java.net.SocksSocketImpl.connect(SocksSocketImpl.java:327)
	at java.base/java.net.Socket.connect(Socket.java:751)
	at org.testcontainers.utility.RyukResourceReaper.lambda$null$1(RyukResourceReaper.java:105)
	at org.rnorth.ducttape.ratelimits.RateLimiter.doWhenReady(RateLimiter.java:27)
	at org.testcontainers.utility.RyukResourceReaper.lambda$maybeStart$2(RyukResourceReaper.java:101)
	at java.base/java.lang.Thread.run(Thread.java:1583)
2025-03-03 19:44:32 [testcontainers-ryuk] WARN  o.t.utility.RyukResourceReaper - Can not connect to Ryuk at 172.17.0.1:32264
java.net.ConnectException: Connection refused
	at java.base/sun.nio.ch.Net.pollConnect(Native Method)
	at java.base/sun.nio.ch.Net.pollConnectNow(Net.java:682)
	at java.base/sun.nio.ch.NioSocketImpl.timedFinishConnect(NioSocketImpl.java:542)
	at java.base/sun.nio.ch.NioSocketImpl.connect(NioSocketImpl.java:592)
	at java.base/java.net.SocksSocketImpl.connect(SocksSocketImpl.java:327)
	at java.base/java.net.Socket.connect(Socket.java:751)
	at org.testcontainers.utility.RyukResourceReaper.lambda$null$1(RyukResourceReaper.java:105)
	at org.rnorth.ducttape.ratelimits.RateLimiter.doWhenReady(RateLimiter.java:27)
	at org.testcontainers.utility.RyukResourceReaper.lambda$maybeStart$2(RyukResourceReaper.java:101)
	at java.base/java.lang.Thread.run(Thread.java:1583)
2025-03-03 19:44:32 [testcontainers-ryuk] WARN  o.t.utility.RyukResourceReaper - Can not connect to Ryuk at 172.17.0.1:32264
java.net.ConnectException: Connection refused
	at java.base/sun.nio.ch.Net.pollConnect(Native Method)
	at java.base/sun.nio.ch.Net.pollConnectNow(Net.java:682)
	at java.base/sun.nio.ch.NioSocketImpl.timedFinishConnect(NioSocketImpl.java:542)
	at java.base/sun.nio.ch.NioSocketImpl.connect(NioSocketImpl.java:592)
	at java.base/java.net.SocksSocketImpl.connect(SocksSocketImpl.java:327)
	at java.base/java.net.Socket.connect(Socket.java:751)
	at org.testcontainers.utility.RyukResourceReaper.lambda$null$1(RyukResourceReaper.java:105)
	at org.rnorth.ducttape.ratelimits.RateLimiter.doWhenReady(RateLimiter.java:27)
	at org.testcontainers.utility.RyukResourceReaper.lambda$maybeStart$2(RyukResourceReaper.java:101)
	at java.base/java.lang.Thread.run(Thread.java:1583)
2025-03-03 19:44:32 [testcontainers-ryuk] WARN  o.t.utility.RyukResourceReaper - Can not connect to Ryuk at 172.17.0.1:32264
java.net.ConnectException: Connection refused
	at java.base/sun.nio.ch.Net.pollConnect(Native Method)
	at java.base/sun.nio.ch.Net.pollConnectNow(Net.java:682)
	at java.base/sun.nio.ch.NioSocketImpl.timedFinishConnect(NioSocketImpl.java:542)
	at java.base/sun.nio.ch.NioSocketImpl.connect(NioSocketImpl.java:592)
	at java.base/java.net.SocksSocketImpl.connect(SocksSocketImpl.java:327)
	at java.base/java.net.Socket.connect(Socket.java:751)
	at org.testcontainers.utility.RyukResourceReaper.lambda$null$1(RyukResourceReaper.java:105)
	at org.rnorth.ducttape.ratelimits.RateLimiter.doWhenReady(RateLimiter.java:27)
	at org.testcontainers.utility.RyukResourceReaper.lambda$maybeStart$2(RyukResourceReaper.java:101)
	at java.base/java.lang.Thread.run(Thread.java:1583)
2025-03-03 19:44:32 [testcontainers-ryuk] WARN  o.t.utility.RyukResourceReaper - Can not connect to Ryuk at 172.17.0.1:32264
java.net.ConnectException: Connection refused
	at java.base/sun.nio.ch.Net.pollConnect(Native Method)
	at java.base/sun.nio.ch.Net.pollConnectNow(Net.java:682)
	at java.base/sun.nio.ch.NioSocketImpl.timedFinishConnect(NioSocketImpl.java:542)
	at java.base/sun.nio.ch.NioSocketImpl.connect(NioSocketImpl.java:592)
	at java.base/java.net.SocksSocketImpl.connect(SocksSocketImpl.java:327)
	at java.base/java.net.Socket.connect(Socket.java:751)
	at org.testcontainers.utility.RyukResourceReaper.lambda$null$1(RyukResourceReaper.java:105)
	at org.rnorth.ducttape.ratelimits.RateLimiter.doWhenReady(RateLimiter.java:27)
	at org.testcontainers.utility.RyukResourceReaper.lambda$maybeStart$2(RyukResourceReaper.java:101)
	at java.base/java.lang.Thread.run(Thread.java:1583)
2025-03-03 19:44:33 [testcontainers-ryuk] WARN  o.t.utility.RyukResourceReaper - Can not connect to Ryuk at 172.17.0.1:32264
java.net.ConnectException: Connection refused
	at java.base/sun.nio.ch.Net.pollConnect(Native Method)
	at java.base/sun.nio.ch.Net.pollConnectNow(Net.java:682)
	at java.base/sun.nio.ch.NioSocketImpl.timedFinishConnect(NioSocketImpl.java:542)
	at java.base/sun.nio.ch.NioSocketImpl.connect(NioSocketImpl.java:592)
	at java.base/java.net.SocksSocketImpl.connect(SocksSocketImpl.java:327)
	at java.base/java.net.Socket.connect(Socket.java:751)
	at org.testcontainers.utility.RyukResourceReaper.lambda$null$1(RyukResourceReaper.java:105)
	at org.rnorth.ducttape.ratelimits.RateLimiter.doWhenReady(RateLimiter.java:27)
	at org.testcontainers.utility.RyukResourceReaper.lambda$maybeStart$2(RyukResourceReaper.java:101)
	at java.base/java.lang.Thread.run(Thread.java:1583)
2025-03-03 19:44:33 [testcontainers-ryuk] WARN  o.t.utility.RyukResourceReaper - Can not connect to Ryuk at 172.17.0.1:32264
java.net.ConnectException: Connection refused
	at java.base/sun.nio.ch.Net.pollConnect(Native Method)
	at java.base/sun.nio.ch.Net.pollConnectNow(Net.java:682)
	at java.base/sun.nio.ch.NioSocketImpl.timedFinishConnect(NioSocketImpl.java:542)
	at java.base/sun.nio.ch.NioSocketImpl.connect(NioSocketImpl.java:592)
	at java.base/java.net.SocksSocketImpl.connect(SocksSocketImpl.java:327)
	at java.base/java.net.Socket.connect(Socket.java:751)
	at org.testcontainers.utility.RyukResourceReaper.lambda$null$1(RyukResourceReaper.java:105)
	at org.rnorth.ducttape.ratelimits.RateLimiter.doWhenReady(RateLimiter.java:27)
	at org.testcontainers.utility.RyukResourceReaper.lambda$maybeStart$2(RyukResourceReaper.java:101)
	at java.base/java.lang.Thread.run(Thread.java:1583)
2025-03-03 19:44:33 [testcontainers-ryuk] WARN  o.t.utility.RyukResourceReaper - Can not connect to Ryuk at 172.17.0.1:32264
java.net.ConnectException: Connection refused
	at java.base/sun.nio.ch.Net.pollConnect(Native Method)
	at java.base/sun.nio.ch.Net.pollConnectNow(Net.java:682)
	at java.base/sun.nio.ch.NioSocketImpl.timedFinishConnect(NioSocketImpl.java:542)
	at java.base/sun.nio.ch.NioSocketImpl.connect(NioSocketImpl.java:592)
	at java.base/java.net.SocksSocketImpl.connect(SocksSocketImpl.java:327)
	at java.base/java.net.Socket.connect(Socket.java:751)
	at org.testcontainers.utility.RyukResourceReaper.lambda$null$1(RyukResourceReaper.java:105)
	at org.rnorth.ducttape.ratelimits.RateLimiter.doWhenReady(RateLimiter.java:27)
	at org.testcontainers.utility.RyukResourceReaper.lambda$maybeStart$2(RyukResourceReaper.java:101)
	at java.base/java.lang.Thread.run(Thread.java:1583)
2025-03-03 19:44:33 [main] INFO  o.s.d.r.c.RepositoryConfigurationDelegate - Bootstrapping Spring Data JPA repositories in DEFAULT mode.
2025-03-03 19:44:33 [testcontainers-ryuk] WARN  o.t.utility.RyukResourceReaper - Can not connect to Ryuk at 172.17.0.1:32264
java.net.ConnectException: Connection refused
	at java.base/sun.nio.ch.Net.pollConnect(Native Method)
	at java.base/sun.nio.ch.Net.pollConnectNow(Net.java:682)
	at java.base/sun.nio.ch.NioSocketImpl.timedFinishConnect(NioSocketImpl.java:542)
	at java.base/sun.nio.ch.NioSocketImpl.connect(NioSocketImpl.java:592)
	at java.base/java.net.SocksSocketImpl.connect(SocksSocketImpl.java:327)
	at java.base/java.net.Socket.connect(Socket.java:751)
	at org.testcontainers.utility.RyukResourceReaper.lambda$null$1(RyukResourceReaper.java:105)
	at org.rnorth.ducttape.ratelimits.RateLimiter.doWhenReady(RateLimiter.java:27)
	at org.testcontainers.utility.RyukResourceReaper.lambda$maybeStart$2(RyukResourceReaper.java:101)
	at java.base/java.lang.Thread.run(Thread.java:1583)
2025-03-03 19:44:34 [testcontainers-ryuk] WARN  o.t.utility.RyukResourceReaper - Can not connect to Ryuk at 172.17.0.1:32264
java.net.ConnectException: Connection refused
	at java.base/sun.nio.ch.Net.pollConnect(Native Method)
	at java.base/sun.nio.ch.Net.pollConnectNow(Net.java:682)
	at java.base/sun.nio.ch.NioSocketImpl.timedFinishConnect(NioSocketImpl.java:542)
	at java.base/sun.nio.ch.NioSocketImpl.connect(NioSocketImpl.java:592)
	at java.base/java.net.SocksSocketImpl.connect(SocksSocketImpl.java:327)
	at java.base/java.net.Socket.connect(Socket.java:751)
	at org.testcontainers.utility.RyukResourceReaper.lambda$null$1(RyukResourceReaper.java:105)
	at org.rnorth.ducttape.ratelimits.RateLimiter.doWhenReady(RateLimiter.java:27)
	at org.testcontainers.utility.RyukResourceReaper.lambda$maybeStart$2(RyukResourceReaper.java:101)
	at java.base/java.lang.Thread.run(Thread.java:1583)
2025-03-03 19:44:34 [testcontainers-ryuk] WARN  o.t.utility.RyukResourceReaper - Can not connect to Ryuk at 172.17.0.1:32264
java.net.ConnectException: Connection refused
	at java.base/sun.nio.ch.Net.pollConnect(Native Method)
	at java.base/sun.nio.ch.Net.pollConnectNow(Net.java:682)
	at java.base/sun.nio.ch.NioSocketImpl.timedFinishConnect(NioSocketImpl.java:542)
	at java.base/sun.nio.ch.NioSocketImpl.connect(NioSocketImpl.java:592)
	at java.base/java.net.SocksSocketImpl.connect(SocksSocketImpl.java:327)
	at java.base/java.net.Socket.connect(Socket.java:751)
	at org.testcontainers.utility.RyukResourceReaper.lambda$null$1(RyukResourceReaper.java:105)
	at org.rnorth.ducttape.ratelimits.RateLimiter.doWhenReady(RateLimiter.java:27)
	at org.testcontainers.utility.RyukResourceReaper.lambda$maybeStart$2(RyukResourceReaper.java:101)
	at java.base/java.lang.Thread.run(Thread.java:1583)
2025-03-03 19:44:34 [testcontainers-ryuk] WARN  o.t.utility.RyukResourceReaper - Can not connect to Ryuk at 172.17.0.1:32264
java.net.ConnectException: Connection refused
	at java.base/sun.nio.ch.Net.pollConnect(Native Method)
	at java.base/sun.nio.ch.Net.pollConnectNow(Net.java:682)
	at java.base/sun.nio.ch.NioSocketImpl.timedFinishConnect(NioSocketImpl.java:542)
	at java.base/sun.nio.ch.NioSocketImpl.connect(NioSocketImpl.java:592)
	at java.base/java.net.SocksSocketImpl.connect(SocksSocketImpl.java:327)
	at java.base/java.net.Socket.connect(Socket.java:751)
	at org.testcontainers.utility.RyukResourceReaper.lambda$null$1(RyukResourceReaper.java:105)
	at org.rnorth.ducttape.ratelimits.RateLimiter.doWhenReady(RateLimiter.java:27)
	at org.testcontainers.utility.RyukResourceReaper.lambda$maybeStart$2(RyukResourceReaper.java:101)
	at java.base/java.lang.Thread.run(Thread.java:1583)
2025-03-03 19:44:34 [main] INFO  o.s.d.r.c.RepositoryConfigurationDelegate - Finished Spring Data repository scanning in 797 ms. Found 5 JPA repository interfaces.
2025-03-03 19:44:34 [testcontainers-ryuk] WARN  o.t.utility.RyukResourceReaper - Can not connect to Ryuk at 172.17.0.1:32264
java.net.ConnectException: Connection refused
	at java.base/sun.nio.ch.Net.pollConnect(Native Method)
	at java.base/sun.nio.ch.Net.pollConnectNow(Net.java:682)
	at java.base/sun.nio.ch.NioSocketImpl.timedFinishConnect(NioSocketImpl.java:542)
	at java.base/sun.nio.ch.NioSocketImpl.connect(NioSocketImpl.java:592)
	at java.base/java.net.SocksSocketImpl.connect(SocksSocketImpl.java:327)
	at java.base/java.net.Socket.connect(Socket.java:751)
	at org.testcontainers.utility.RyukResourceReaper.lambda$null$1(RyukResourceReaper.java:105)
	at org.rnorth.ducttape.ratelimits.RateLimiter.doWhenReady(RateLimiter.java:27)
	at org.testcontainers.utility.RyukResourceReaper.lambda$maybeStart$2(RyukResourceReaper.java:101)
	at java.base/java.lang.Thread.run(Thread.java:1583)
2025-03-03 19:44:35 [testcontainers-ryuk] WARN  o.t.utility.RyukResourceReaper - Can not connect to Ryuk at 172.17.0.1:32264
java.net.ConnectException: Connection refused
	at java.base/sun.nio.ch.Net.pollConnect(Native Method)
	at java.base/sun.nio.ch.Net.pollConnectNow(Net.java:682)
	at java.base/sun.nio.ch.NioSocketImpl.timedFinishConnect(NioSocketImpl.java:542)
	at java.base/sun.nio.ch.NioSocketImpl.connect(NioSocketImpl.java:592)
	at java.base/java.net.SocksSocketImpl.connect(SocksSocketImpl.java:327)
	at java.base/java.net.Socket.connect(Socket.java:751)
	at org.testcontainers.utility.RyukResourceReaper.lambda$null$1(RyukResourceReaper.java:105)
	at org.rnorth.ducttape.ratelimits.RateLimiter.doWhenReady(RateLimiter.java:27)
	at org.testcontainers.utility.RyukResourceReaper.lambda$maybeStart$2(RyukResourceReaper.java:101)
	at java.base/java.lang.Thread.run(Thread.java:1583)
2025-03-03 19:44:35 [testcontainers-ryuk] WARN  o.t.utility.RyukResourceReaper - Can not connect to Ryuk at 172.17.0.1:32264
java.net.ConnectException: Connection refused
	at java.base/sun.nio.ch.Net.pollConnect(Native Method)
	at java.base/sun.nio.ch.Net.pollConnectNow(Net.java:682)
	at java.base/sun.nio.ch.NioSocketImpl.timedFinishConnect(NioSocketImpl.java:542)
	at java.base/sun.nio.ch.NioSocketImpl.connect(NioSocketImpl.java:592)
	at java.base/java.net.SocksSocketImpl.connect(SocksSocketImpl.java:327)
	at java.base/java.net.Socket.connect(Socket.java:751)
	at org.testcontainers.utility.RyukResourceReaper.lambda$null$1(RyukResourceReaper.java:105)
	at org.rnorth.ducttape.ratelimits.RateLimiter.doWhenReady(RateLimiter.java:27)
	at org.testcontainers.utility.RyukResourceReaper.lambda$maybeStart$2(RyukResourceReaper.java:101)
	at java.base/java.lang.Thread.run(Thread.java:1583)
2025-03-03 19:44:35 [testcontainers-ryuk] WARN  o.t.utility.RyukResourceReaper - Can not connect to Ryuk at 172.17.0.1:32264
java.net.ConnectException: Connection refused
	at java.base/sun.nio.ch.Net.pollConnect(Native Method)
	at java.base/sun.nio.ch.Net.pollConnectNow(Net.java:682)
	at java.base/sun.nio.ch.NioSocketImpl.timedFinishConnect(NioSocketImpl.java:542)
	at java.base/sun.nio.ch.NioSocketImpl.connect(NioSocketImpl.java:592)
	at java.base/java.net.SocksSocketImpl.connect(SocksSocketImpl.java:327)
	at java.base/java.net.Socket.connect(Socket.java:751)
	at org.testcontainers.utility.RyukResourceReaper.lambda$null$1(RyukResourceReaper.java:105)
	at org.rnorth.ducttape.ratelimits.RateLimiter.doWhenReady(RateLimiter.java:27)
	at org.testcontainers.utility.RyukResourceReaper.lambda$maybeStart$2(RyukResourceReaper.java:101)
	at java.base/java.lang.Thread.run(Thread.java:1583)
2025-03-03 19:44:35 [testcontainers-ryuk] WARN  o.t.utility.RyukResourceReaper - Can not connect to Ryuk at 172.17.0.1:32264
java.net.ConnectException: Connection refused
	at java.base/sun.nio.ch.Net.pollConnect(Native Method)
	at java.base/sun.nio.ch.Net.pollConnectNow(Net.java:682)
	at java.base/sun.nio.ch.NioSocketImpl.timedFinishConnect(NioSocketImpl.java:542)
	at java.base/sun.nio.ch.NioSocketImpl.connect(NioSocketImpl.java:592)
	at java.base/java.net.SocksSocketImpl.connect(SocksSocketImpl.java:327)
	at java.base/java.net.Socket.connect(Socket.java:751)
	at org.testcontainers.utility.RyukResourceReaper.lambda$null$1(RyukResourceReaper.java:105)
	at org.rnorth.ducttape.ratelimits.RateLimiter.doWhenReady(RateLimiter.java:27)
	at org.testcontainers.utility.RyukResourceReaper.lambda$maybeStart$2(RyukResourceReaper.java:101)
	at java.base/java.lang.Thread.run(Thread.java:1583)
2025-03-03 19:44:36 [testcontainers-ryuk] WARN  o.t.utility.RyukResourceReaper - Can not connect to Ryuk at 172.17.0.1:32264
java.net.ConnectException: Connection refused
	at java.base/sun.nio.ch.Net.pollConnect(Native Method)
	at java.base/sun.nio.ch.Net.pollConnectNow(Net.java:682)
	at java.base/sun.nio.ch.NioSocketImpl.timedFinishConnect(NioSocketImpl.java:542)
	at java.base/sun.nio.ch.NioSocketImpl.connect(NioSocketImpl.java:592)
	at java.base/java.net.SocksSocketImpl.connect(SocksSocketImpl.java:327)
	at java.base/java.net.Socket.connect(Socket.java:751)
	at org.testcontainers.utility.RyukResourceReaper.lambda$null$1(RyukResourceReaper.java:105)
	at org.rnorth.ducttape.ratelimits.RateLimiter.doWhenReady(RateLimiter.java:27)
	at org.testcontainers.utility.RyukResourceReaper.lambda$maybeStart$2(RyukResourceReaper.java:101)
	at java.base/java.lang.Thread.run(Thread.java:1583)
2025-03-03 19:44:36 [testcontainers-ryuk] WARN  o.t.utility.RyukResourceReaper - Can not connect to Ryuk at 172.17.0.1:32264
java.net.ConnectException: Connection refused
	at java.base/sun.nio.ch.Net.pollConnect(Native Method)
	at java.base/sun.nio.ch.Net.pollConnectNow(Net.java:682)
	at java.base/sun.nio.ch.NioSocketImpl.timedFinishConnect(NioSocketImpl.java:542)
	at java.base/sun.nio.ch.NioSocketImpl.connect(NioSocketImpl.java:592)
	at java.base/java.net.SocksSocketImpl.connect(SocksSocketImpl.java:327)
	at java.base/java.net.Socket.connect(Socket.java:751)
	at org.testcontainers.utility.RyukResourceReaper.lambda$null$1(RyukResourceReaper.java:105)
	at org.rnorth.ducttape.ratelimits.RateLimiter.doWhenReady(RateLimiter.java:27)
	at org.testcontainers.utility.RyukResourceReaper.lambda$maybeStart$2(RyukResourceReaper.java:101)
	at java.base/java.lang.Thread.run(Thread.java:1583)
2025-03-03 19:44:36 [testcontainers-ryuk] WARN  o.t.utility.RyukResourceReaper - Can not connect to Ryuk at 172.17.0.1:32264
java.net.ConnectException: Connection refused
	at java.base/sun.nio.ch.Net.pollConnect(Native Method)
	at java.base/sun.nio.ch.Net.pollConnectNow(Net.java:682)
	at java.base/sun.nio.ch.NioSocketImpl.timedFinishConnect(NioSocketImpl.java:542)
	at java.base/sun.nio.ch.NioSocketImpl.connect(NioSocketImpl.java:592)
	at java.base/java.net.SocksSocketImpl.connect(SocksSocketImpl.java:327)
	at java.base/java.net.Socket.connect(Socket.java:751)
	at org.testcontainers.utility.RyukResourceReaper.lambda$null$1(RyukResourceReaper.java:105)
	at org.rnorth.ducttape.ratelimits.RateLimiter.doWhenReady(RateLimiter.java:27)
	at org.testcontainers.utility.RyukResourceReaper.lambda$maybeStart$2(RyukResourceReaper.java:101)
	at java.base/java.lang.Thread.run(Thread.java:1583)
2025-03-03 19:44:36 [testcontainers-ryuk] WARN  o.t.utility.RyukResourceReaper - Can not connect to Ryuk at 172.17.0.1:32264
java.net.ConnectException: Connection refused
	at java.base/sun.nio.ch.Net.pollConnect(Native Method)
	at java.base/sun.nio.ch.Net.pollConnectNow(Net.java:682)
	at java.base/sun.nio.ch.NioSocketImpl.timedFinishConnect(NioSocketImpl.java:542)
	at java.base/sun.nio.ch.NioSocketImpl.connect(NioSocketImpl.java:592)
	at java.base/java.net.SocksSocketImpl.connect(SocksSocketImpl.java:327)
	at java.base/java.net.Socket.connect(Socket.java:751)
	at org.testcontainers.utility.RyukResourceReaper.lambda$null$1(RyukResourceReaper.java:105)
	at org.rnorth.ducttape.ratelimits.RateLimiter.doWhenReady(RateLimiter.java:27)
	at org.testcontainers.utility.RyukResourceReaper.lambda$maybeStart$2(RyukResourceReaper.java:101)
	at java.base/java.lang.Thread.run(Thread.java:1583)
2025-03-03 19:44:37 [testcontainers-ryuk] WARN  o.t.utility.RyukResourceReaper - Can not connect to Ryuk at 172.17.0.1:32264
java.net.ConnectException: Connection refused
	at java.base/sun.nio.ch.Net.pollConnect(Native Method)
	at java.base/sun.nio.ch.Net.pollConnectNow(Net.java:682)
	at java.base/sun.nio.ch.NioSocketImpl.timedFinishConnect(NioSocketImpl.java:542)
	at java.base/sun.nio.ch.NioSocketImpl.connect(NioSocketImpl.java:592)
	at java.base/java.net.SocksSocketImpl.connect(SocksSocketImpl.java:327)
	at java.base/java.net.Socket.connect(Socket.java:751)
	at org.testcontainers.utility.RyukResourceReaper.lambda$null$1(RyukResourceReaper.java:105)
	at org.rnorth.ducttape.ratelimits.RateLimiter.doWhenReady(RateLimiter.java:27)
	at org.testcontainers.utility.RyukResourceReaper.lambda$maybeStart$2(RyukResourceReaper.java:101)
	at java.base/java.lang.Thread.run(Thread.java:1583)
2025-03-03 19:44:37 [testcontainers-ryuk] WARN  o.t.utility.RyukResourceReaper - Can not connect to Ryuk at 172.17.0.1:32264
java.net.ConnectException: Connection refused
	at java.base/sun.nio.ch.Net.pollConnect(Native Method)
	at java.base/sun.nio.ch.Net.pollConnectNow(Net.java:682)
	at java.base/sun.nio.ch.NioSocketImpl.timedFinishConnect(NioSocketImpl.java:542)
	at java.base/sun.nio.ch.NioSocketImpl.connect(NioSocketImpl.java:592)
	at java.base/java.net.SocksSocketImpl.connect(SocksSocketImpl.java:327)
	at java.base/java.net.Socket.connect(Socket.java:751)
	at org.testcontainers.utility.RyukResourceReaper.lambda$null$1(RyukResourceReaper.java:105)
	at org.rnorth.ducttape.ratelimits.RateLimiter.doWhenReady(RateLimiter.java:27)
	at org.testcontainers.utility.RyukResourceReaper.lambda$maybeStart$2(RyukResourceReaper.java:101)
	at java.base/java.lang.Thread.run(Thread.java:1583)
2025-03-03 19:44:37 [testcontainers-ryuk] WARN  o.t.utility.RyukResourceReaper - Can not connect to Ryuk at 172.17.0.1:32264
java.net.ConnectException: Connection refused
	at java.base/sun.nio.ch.Net.pollConnect(Native Method)
	at java.base/sun.nio.ch.Net.pollConnectNow(Net.java:682)
	at java.base/sun.nio.ch.NioSocketImpl.timedFinishConnect(NioSocketImpl.java:542)
	at java.base/sun.nio.ch.NioSocketImpl.connect(NioSocketImpl.java:592)
	at java.base/java.net.SocksSocketImpl.connect(SocksSocketImpl.java:327)
	at java.base/java.net.Socket.connect(Socket.java:751)
	at org.testcontainers.utility.RyukResourceReaper.lambda$null$1(RyukResourceReaper.java:105)
	at org.rnorth.ducttape.ratelimits.RateLimiter.doWhenReady(RateLimiter.java:27)
	at org.testcontainers.utility.RyukResourceReaper.lambda$maybeStart$2(RyukResourceReaper.java:101)
	at java.base/java.lang.Thread.run(Thread.java:1583)
2025-03-03 19:44:37 [testcontainers-ryuk] WARN  o.t.utility.RyukResourceReaper - Can not connect to Ryuk at 172.17.0.1:32264
java.net.ConnectException: Connection refused
	at java.base/sun.nio.ch.Net.pollConnect(Native Method)
	at java.base/sun.nio.ch.Net.pollConnectNow(Net.java:682)
	at java.base/sun.nio.ch.NioSocketImpl.timedFinishConnect(NioSocketImpl.java:542)
	at java.base/sun.nio.ch.NioSocketImpl.connect(NioSocketImpl.java:592)
	at java.base/java.net.SocksSocketImpl.connect(SocksSocketImpl.java:327)
	at java.base/java.net.Socket.connect(Socket.java:751)
	at org.testcontainers.utility.RyukResourceReaper.lambda$null$1(RyukResourceReaper.java:105)
	at org.rnorth.ducttape.ratelimits.RateLimiter.doWhenReady(RateLimiter.java:27)
	at org.testcontainers.utility.RyukResourceReaper.lambda$maybeStart$2(RyukResourceReaper.java:101)
	at java.base/java.lang.Thread.run(Thread.java:1583)
2025-03-03 19:44:38 [testcontainers-ryuk] WARN  o.t.utility.RyukResourceReaper - Can not connect to Ryuk at 172.17.0.1:32264
java.net.ConnectException: Connection refused
	at java.base/sun.nio.ch.Net.pollConnect(Native Method)
	at java.base/sun.nio.ch.Net.pollConnectNow(Net.java:682)
	at java.base/sun.nio.ch.NioSocketImpl.timedFinishConnect(NioSocketImpl.java:542)
	at java.base/sun.nio.ch.NioSocketImpl.connect(NioSocketImpl.java:592)
	at java.base/java.net.SocksSocketImpl.connect(SocksSocketImpl.java:327)
	at java.base/java.net.Socket.connect(Socket.java:751)
	at org.testcontainers.utility.RyukResourceReaper.lambda$null$1(RyukResourceReaper.java:105)
	at org.rnorth.ducttape.ratelimits.RateLimiter.doWhenReady(RateLimiter.java:27)
	at org.testcontainers.utility.RyukResourceReaper.lambda$maybeStart$2(RyukResourceReaper.java:101)
	at java.base/java.lang.Thread.run(Thread.java:1583)
2025-03-03 19:44:38 [testcontainers-ryuk] WARN  o.t.utility.RyukResourceReaper - Can not connect to Ryuk at 172.17.0.1:32264
java.net.ConnectException: Connection refused
	at java.base/sun.nio.ch.Net.pollConnect(Native Method)
	at java.base/sun.nio.ch.Net.pollConnectNow(Net.java:682)
	at java.base/sun.nio.ch.NioSocketImpl.timedFinishConnect(NioSocketImpl.java:542)
	at java.base/sun.nio.ch.NioSocketImpl.connect(NioSocketImpl.java:592)
	at java.base/java.net.SocksSocketImpl.connect(SocksSocketImpl.java:327)
	at java.base/java.net.Socket.connect(Socket.java:751)
	at org.testcontainers.utility.RyukResourceReaper.lambda$null$1(RyukResourceReaper.java:105)
	at org.rnorth.ducttape.ratelimits.RateLimiter.doWhenReady(RateLimiter.java:27)
	at org.testcontainers.utility.RyukResourceReaper.lambda$maybeStart$2(RyukResourceReaper.java:101)
	at java.base/java.lang.Thread.run(Thread.java:1583)
2025-03-03 19:44:38 [testcontainers-ryuk] WARN  o.t.utility.RyukResourceReaper - Can not connect to Ryuk at 172.17.0.1:32264
java.net.ConnectException: Connection refused
	at java.base/sun.nio.ch.Net.pollConnect(Native Method)
	at java.base/sun.nio.ch.Net.pollConnectNow(Net.java:682)
	at java.base/sun.nio.ch.NioSocketImpl.timedFinishConnect(NioSocketImpl.java:542)
	at java.base/sun.nio.ch.NioSocketImpl.connect(NioSocketImpl.java:592)
	at java.base/java.net.SocksSocketImpl.connect(SocksSocketImpl.java:327)
	at java.base/java.net.Socket.connect(Socket.java:751)
	at org.testcontainers.utility.RyukResourceReaper.lambda$null$1(RyukResourceReaper.java:105)
	at org.rnorth.ducttape.ratelimits.RateLimiter.doWhenReady(RateLimiter.java:27)
	at org.testcontainers.utility.RyukResourceReaper.lambda$maybeStart$2(RyukResourceReaper.java:101)
	at java.base/java.lang.Thread.run(Thread.java:1583)
2025-03-03 19:44:38 [testcontainers-ryuk] WARN  o.t.utility.RyukResourceReaper - Can not connect to Ryuk at 172.17.0.1:32264
java.net.ConnectException: Connection refused
	at java.base/sun.nio.ch.Net.pollConnect(Native Method)
	at java.base/sun.nio.ch.Net.pollConnectNow(Net.java:682)
	at java.base/sun.nio.ch.NioSocketImpl.timedFinishConnect(NioSocketImpl.java:542)
	at java.base/sun.nio.ch.NioSocketImpl.connect(NioSocketImpl.java:592)
	at java.base/java.net.SocksSocketImpl.connect(SocksSocketImpl.java:327)
	at java.base/java.net.Socket.connect(Socket.java:751)
	at org.testcontainers.utility.RyukResourceReaper.lambda$null$1(RyukResourceReaper.java:105)
	at org.rnorth.ducttape.ratelimits.RateLimiter.doWhenReady(RateLimiter.java:27)
	at org.testcontainers.utility.RyukResourceReaper.lambda$maybeStart$2(RyukResourceReaper.java:101)
	at java.base/java.lang.Thread.run(Thread.java:1583)
2025-03-03 19:44:39 [testcontainers-ryuk] WARN  o.t.utility.RyukResourceReaper - Can not connect to Ryuk at 172.17.0.1:32264
java.net.ConnectException: Connection refused
	at java.base/sun.nio.ch.Net.pollConnect(Native Method)
	at java.base/sun.nio.ch.Net.pollConnectNow(Net.java:682)
	at java.base/sun.nio.ch.NioSocketImpl.timedFinishConnect(NioSocketImpl.java:542)
	at java.base/sun.nio.ch.NioSocketImpl.connect(NioSocketImpl.java:592)
	at java.base/java.net.SocksSocketImpl.connect(SocksSocketImpl.java:327)
	at java.base/java.net.Socket.connect(Socket.java:751)
	at org.testcontainers.utility.RyukResourceReaper.lambda$null$1(RyukResourceReaper.java:105)
	at org.rnorth.ducttape.ratelimits.RateLimiter.doWhenReady(RateLimiter.java:27)
	at org.testcontainers.utility.RyukResourceReaper.lambda$maybeStart$2(RyukResourceReaper.java:101)
	at java.base/java.lang.Thread.run(Thread.java:1583)
2025-03-03 19:44:39 [testcontainers-ryuk] WARN  o.t.utility.RyukResourceReaper - Can not connect to Ryuk at 172.17.0.1:32264
java.net.ConnectException: Connection refused
	at java.base/sun.nio.ch.Net.pollConnect(Native Method)
	at java.base/sun.nio.ch.Net.pollConnectNow(Net.java:682)
	at java.base/sun.nio.ch.NioSocketImpl.timedFinishConnect(NioSocketImpl.java:542)
	at java.base/sun.nio.ch.NioSocketImpl.connect(NioSocketImpl.java:592)
	at java.base/java.net.SocksSocketImpl.connect(SocksSocketImpl.java:327)
	at java.base/java.net.Socket.connect(Socket.java:751)
	at org.testcontainers.utility.RyukResourceReaper.lambda$null$1(RyukResourceReaper.java:105)
	at org.rnorth.ducttape.ratelimits.RateLimiter.doWhenReady(RateLimiter.java:27)
	at org.testcontainers.utility.RyukResourceReaper.lambda$maybeStart$2(RyukResourceReaper.java:101)
	at java.base/java.lang.Thread.run(Thread.java:1583)
2025-03-03 19:44:39 [main] INFO  com.zaxxer.hikari.HikariDataSource - HikariPool-1 - Starting...
2025-03-03 19:44:40 [testcontainers-ryuk] WARN  o.t.utility.RyukResourceReaper - Can not connect to Ryuk at 172.17.0.1:32264
java.net.ConnectException: Connection refused
	at java.base/sun.nio.ch.Net.pollConnect(Native Method)
	at java.base/sun.nio.ch.Net.pollConnectNow(Net.java:682)
	at java.base/sun.nio.ch.NioSocketImpl.timedFinishConnect(NioSocketImpl.java:542)
	at java.base/sun.nio.ch.NioSocketImpl.connect(NioSocketImpl.java:592)
	at java.base/java.net.SocksSocketImpl.connect(SocksSocketImpl.java:327)
	at java.base/java.net.Socket.connect(Socket.java:751)
	at org.testcontainers.utility.RyukResourceReaper.lambda$null$1(RyukResourceReaper.java:105)
	at org.rnorth.ducttape.ratelimits.RateLimiter.doWhenReady(RateLimiter.java:27)
	at org.testcontainers.utility.RyukResourceReaper.lambda$maybeStart$2(RyukResourceReaper.java:101)
	at java.base/java.lang.Thread.run(Thread.java:1583)
2025-03-03 19:44:40 [testcontainers-ryuk] WARN  o.t.utility.RyukResourceReaper - Can not connect to Ryuk at 172.17.0.1:32264
java.net.ConnectException: Connection refused
	at java.base/sun.nio.ch.Net.pollConnect(Native Method)
	at java.base/sun.nio.ch.Net.pollConnectNow(Net.java:682)
	at java.base/sun.nio.ch.NioSocketImpl.timedFinishConnect(NioSocketImpl.java:542)
	at java.base/sun.nio.ch.NioSocketImpl.connect(NioSocketImpl.java:592)
	at java.base/java.net.SocksSocketImpl.connect(SocksSocketImpl.java:327)
	at java.base/java.net.Socket.connect(Socket.java:751)
	at org.testcontainers.utility.RyukResourceReaper.lambda$null$1(RyukResourceReaper.java:105)
	at org.rnorth.ducttape.ratelimits.RateLimiter.doWhenReady(RateLimiter.java:27)
	at org.testcontainers.utility.RyukResourceReaper.lambda$maybeStart$2(RyukResourceReaper.java:101)
	at java.base/java.lang.Thread.run(Thread.java:1583)
2025-03-03 19:44:40 [testcontainers-ryuk] WARN  o.t.utility.RyukResourceReaper - Can not connect to Ryuk at 172.17.0.1:32264
java.net.ConnectException: Connection refused
	at java.base/sun.nio.ch.Net.pollConnect(Native Method)
	at java.base/sun.nio.ch.Net.pollConnectNow(Net.java:682)
	at java.base/sun.nio.ch.NioSocketImpl.timedFinishConnect(NioSocketImpl.java:542)
	at java.base/sun.nio.ch.NioSocketImpl.connect(NioSocketImpl.java:592)
	at java.base/java.net.SocksSocketImpl.connect(SocksSocketImpl.java:327)
	at java.base/java.net.Socket.connect(Socket.java:751)
	at org.testcontainers.utility.RyukResourceReaper.lambda$null$1(RyukResourceReaper.java:105)
	at org.rnorth.ducttape.ratelimits.RateLimiter.doWhenReady(RateLimiter.java:27)
	at org.testcontainers.utility.RyukResourceReaper.lambda$maybeStart$2(RyukResourceReaper.java:101)
	at java.base/java.lang.Thread.run(Thread.java:1583)
2025-03-03 19:44:40 [testcontainers-ryuk] WARN  o.t.utility.RyukResourceReaper - Can not connect to Ryuk at 172.17.0.1:32264
java.net.ConnectException: Connection refused
	at java.base/sun.nio.ch.Net.pollConnect(Native Method)
	at java.base/sun.nio.ch.Net.pollConnectNow(Net.java:682)
	at java.base/sun.nio.ch.NioSocketImpl.timedFinishConnect(NioSocketImpl.java:542)
	at java.base/sun.nio.ch.NioSocketImpl.connect(NioSocketImpl.java:592)
	at java.base/java.net.SocksSocketImpl.connect(SocksSocketImpl.java:327)
	at java.base/java.net.Socket.connect(Socket.java:751)
	at org.testcontainers.utility.RyukResourceReaper.lambda$null$1(RyukResourceReaper.java:105)
	at org.rnorth.ducttape.ratelimits.RateLimiter.doWhenReady(RateLimiter.java:27)
	at org.testcontainers.utility.RyukResourceReaper.lambda$maybeStart$2(RyukResourceReaper.java:101)
	at java.base/java.lang.Thread.run(Thread.java:1583)
2025-03-03 19:44:41 [testcontainers-ryuk] WARN  o.t.utility.RyukResourceReaper - Can not connect to Ryuk at 172.17.0.1:32264
java.net.ConnectException: Connection refused
	at java.base/sun.nio.ch.Net.pollConnect(Native Method)
	at java.base/sun.nio.ch.Net.pollConnectNow(Net.java:682)
	at java.base/sun.nio.ch.NioSocketImpl.timedFinishConnect(NioSocketImpl.java:542)
	at java.base/sun.nio.ch.NioSocketImpl.connect(NioSocketImpl.java:592)
	at java.base/java.net.SocksSocketImpl.connect(SocksSocketImpl.java:327)
	at java.base/java.net.Socket.connect(Socket.java:751)
	at org.testcontainers.utility.RyukResourceReaper.lambda$null$1(RyukResourceReaper.java:105)
	at org.rnorth.ducttape.ratelimits.RateLimiter.doWhenReady(RateLimiter.java:27)
	at org.testcontainers.utility.RyukResourceReaper.lambda$maybeStart$2(RyukResourceReaper.java:101)
	at java.base/java.lang.Thread.run(Thread.java:1583)
2025-03-03 19:44:41 [testcontainers-ryuk] WARN  o.t.utility.RyukResourceReaper - Can not connect to Ryuk at 172.17.0.1:32264
java.net.ConnectException: Connection refused
	at java.base/sun.nio.ch.Net.pollConnect(Native Method)
	at java.base/sun.nio.ch.Net.pollConnectNow(Net.java:682)
	at java.base/sun.nio.ch.NioSocketImpl.timedFinishConnect(NioSocketImpl.java:542)
	at java.base/sun.nio.ch.NioSocketImpl.connect(NioSocketImpl.java:592)
	at java.base/java.net.SocksSocketImpl.connect(SocksSocketImpl.java:327)
	at java.base/java.net.Socket.connect(Socket.java:751)
	at org.testcontainers.utility.RyukResourceReaper.lambda$null$1(RyukResourceReaper.java:105)
	at org.rnorth.ducttape.ratelimits.RateLimiter.doWhenReady(RateLimiter.java:27)
	at org.testcontainers.utility.RyukResourceReaper.lambda$maybeStart$2(RyukResourceReaper.java:101)
	at java.base/java.lang.Thread.run(Thread.java:1583)
2025-03-03 19:44:41 [testcontainers-ryuk] WARN  o.t.utility.RyukResourceReaper - Can not connect to Ryuk at 172.17.0.1:32264
java.net.ConnectException: Connection refused
	at java.base/sun.nio.ch.Net.pollConnect(Native Method)
	at java.base/sun.nio.ch.Net.pollConnectNow(Net.java:682)
	at java.base/sun.nio.ch.NioSocketImpl.timedFinishConnect(NioSocketImpl.java:542)
	at java.base/sun.nio.ch.NioSocketImpl.connect(NioSocketImpl.java:592)
	at java.base/java.net.SocksSocketImpl.connect(SocksSocketImpl.java:327)
	at java.base/java.net.Socket.connect(Socket.java:751)
	at org.testcontainers.utility.RyukResourceReaper.lambda$null$1(RyukResourceReaper.java:105)
	at org.rnorth.ducttape.ratelimits.RateLimiter.doWhenReady(RateLimiter.java:27)
	at org.testcontainers.utility.RyukResourceReaper.lambda$maybeStart$2(RyukResourceReaper.java:101)
	at java.base/java.lang.Thread.run(Thread.java:1583)
2025-03-03 19:44:41 [testcontainers-ryuk] WARN  o.t.utility.RyukResourceReaper - Can not connect to Ryuk at 172.17.0.1:32264
java.net.ConnectException: Connection refused
	at java.base/sun.nio.ch.Net.pollConnect(Native Method)
	at java.base/sun.nio.ch.Net.pollConnectNow(Net.java:682)
	at java.base/sun.nio.ch.NioSocketImpl.timedFinishConnect(NioSocketImpl.java:542)
	at java.base/sun.nio.ch.NioSocketImpl.connect(NioSocketImpl.java:592)
	at java.base/java.net.SocksSocketImpl.connect(SocksSocketImpl.java:327)
	at java.base/java.net.Socket.connect(Socket.java:751)
	at org.testcontainers.utility.RyukResourceReaper.lambda$null$1(RyukResourceReaper.java:105)
	at org.rnorth.ducttape.ratelimits.RateLimiter.doWhenReady(RateLimiter.java:27)
	at org.testcontainers.utility.RyukResourceReaper.lambda$maybeStart$2(RyukResourceReaper.java:101)
	at java.base/java.lang.Thread.run(Thread.java:1583)
2025-03-03 19:44:42 [testcontainers-ryuk] WARN  o.t.utility.RyukResourceReaper - Can not connect to Ryuk at 172.17.0.1:32264
java.net.ConnectException: Connection refused
	at java.base/sun.nio.ch.Net.pollConnect(Native Method)
	at java.base/sun.nio.ch.Net.pollConnectNow(Net.java:682)
	at java.base/sun.nio.ch.NioSocketImpl.timedFinishConnect(NioSocketImpl.java:542)
	at java.base/sun.nio.ch.NioSocketImpl.connect(NioSocketImpl.java:592)
	at java.base/java.net.SocksSocketImpl.connect(SocksSocketImpl.java:327)
	at java.base/java.net.Socket.connect(Socket.java:751)
	at org.testcontainers.utility.RyukResourceReaper.lambda$null$1(RyukResourceReaper.java:105)
	at org.rnorth.ducttape.ratelimits.RateLimiter.doWhenReady(RateLimiter.java:27)
	at org.testcontainers.utility.RyukResourceReaper.lambda$maybeStart$2(RyukResourceReaper.java:101)
	at java.base/java.lang.Thread.run(Thread.java:1583)
2025-03-03 19:44:42 [testcontainers-ryuk] WARN  o.t.utility.RyukResourceReaper - Can not connect to Ryuk at 172.17.0.1:32264
java.net.ConnectException: Connection refused
	at java.base/sun.nio.ch.Net.pollConnect(Native Method)
	at java.base/sun.nio.ch.Net.pollConnectNow(Net.java:682)
	at java.base/sun.nio.ch.NioSocketImpl.timedFinishConnect(NioSocketImpl.java:542)
	at java.base/sun.nio.ch.NioSocketImpl.connect(NioSocketImpl.java:592)
	at java.base/java.net.SocksSocketImpl.connect(SocksSocketImpl.java:327)
	at java.base/java.net.Socket.connect(Socket.java:751)
	at org.testcontainers.utility.RyukResourceReaper.lambda$null$1(RyukResourceReaper.java:105)
	at org.rnorth.ducttape.ratelimits.RateLimiter.doWhenReady(RateLimiter.java:27)
	at org.testcontainers.utility.RyukResourceReaper.lambda$maybeStart$2(RyukResourceReaper.java:101)
	at java.base/java.lang.Thread.run(Thread.java:1583)
2025-03-03 19:44:42 [testcontainers-ryuk] WARN  o.t.utility.RyukResourceReaper - Can not connect to Ryuk at 172.17.0.1:32264
java.net.ConnectException: Connection refused
	at java.base/sun.nio.ch.Net.pollConnect(Native Method)
	at java.base/sun.nio.ch.Net.pollConnectNow(Net.java:682)
	at java.base/sun.nio.ch.NioSocketImpl.timedFinishConnect(NioSocketImpl.java:542)
	at java.base/sun.nio.ch.NioSocketImpl.connect(NioSocketImpl.java:592)
	at java.base/java.net.SocksSocketImpl.connect(SocksSocketImpl.java:327)
	at java.base/java.net.Socket.connect(Socket.java:751)
	at org.testcontainers.utility.RyukResourceReaper.lambda$null$1(RyukResourceReaper.java:105)
	at org.rnorth.ducttape.ratelimits.RateLimiter.doWhenReady(RateLimiter.java:27)
	at org.testcontainers.utility.RyukResourceReaper.lambda$maybeStart$2(RyukResourceReaper.java:101)
	at java.base/java.lang.Thread.run(Thread.java:1583)
2025-03-03 19:44:43 [testcontainers-ryuk] WARN  o.t.utility.RyukResourceReaper - Can not connect to Ryuk at 172.17.0.1:32264
java.net.ConnectException: Connection refused
	at java.base/sun.nio.ch.Net.pollConnect(Native Method)
	at java.base/sun.nio.ch.Net.pollConnectNow(Net.java:682)
	at java.base/sun.nio.ch.NioSocketImpl.timedFinishConnect(NioSocketImpl.java:542)
	at java.base/sun.nio.ch.NioSocketImpl.connect(NioSocketImpl.java:592)
	at java.base/java.net.SocksSocketImpl.connect(SocksSocketImpl.java:327)
	at java.base/java.net.Socket.connect(Socket.java:751)
	at org.testcontainers.utility.RyukResourceReaper.lambda$null$1(RyukResourceReaper.java:105)
	at org.rnorth.ducttape.ratelimits.RateLimiter.doWhenReady(RateLimiter.java:27)
	at org.testcontainers.utility.RyukResourceReaper.lambda$maybeStart$2(RyukResourceReaper.java:101)
	at java.base/java.lang.Thread.run(Thread.java:1583)
2025-03-03 19:44:43 [testcontainers-ryuk] WARN  o.t.utility.RyukResourceReaper - Can not connect to Ryuk at 172.17.0.1:32264
java.net.ConnectException: Connection refused
	at java.base/sun.nio.ch.Net.pollConnect(Native Method)
	at java.base/sun.nio.ch.Net.pollConnectNow(Net.java:682)
	at java.base/sun.nio.ch.NioSocketImpl.timedFinishConnect(NioSocketImpl.java:542)
	at java.base/sun.nio.ch.NioSocketImpl.connect(NioSocketImpl.java:592)
	at java.base/java.net.SocksSocketImpl.connect(SocksSocketImpl.java:327)
	at java.base/java.net.Socket.connect(Socket.java:751)
	at org.testcontainers.utility.RyukResourceReaper.lambda$null$1(RyukResourceReaper.java:105)
	at org.rnorth.ducttape.ratelimits.RateLimiter.doWhenReady(RateLimiter.java:27)
	at org.testcontainers.utility.RyukResourceReaper.lambda$maybeStart$2(RyukResourceReaper.java:101)
	at java.base/java.lang.Thread.run(Thread.java:1583)
2025-03-03 19:44:43 [testcontainers-ryuk] WARN  o.t.utility.RyukResourceReaper - Can not connect to Ryuk at 172.17.0.1:32264
java.net.ConnectException: Connection refused
	at java.base/sun.nio.ch.Net.pollConnect(Native Method)
	at java.base/sun.nio.ch.Net.pollConnectNow(Net.java:682)
	at java.base/sun.nio.ch.NioSocketImpl.timedFinishConnect(NioSocketImpl.java:542)
	at java.base/sun.nio.ch.NioSocketImpl.connect(NioSocketImpl.java:592)
	at java.base/java.net.SocksSocketImpl.connect(SocksSocketImpl.java:327)
	at java.base/java.net.Socket.connect(Socket.java:751)
	at org.testcontainers.utility.RyukResourceReaper.lambda$null$1(RyukResourceReaper.java:105)
	at org.rnorth.ducttape.ratelimits.RateLimiter.doWhenReady(RateLimiter.java:27)
	at org.testcontainers.utility.RyukResourceReaper.lambda$maybeStart$2(RyukResourceReaper.java:101)
	at java.base/java.lang.Thread.run(Thread.java:1583)
2025-03-03 19:44:43 [testcontainers-ryuk] WARN  o.t.utility.RyukResourceReaper - Can not connect to Ryuk at 172.17.0.1:32264
java.net.ConnectException: Connection refused
	at java.base/sun.nio.ch.Net.pollConnect(Native Method)
	at java.base/sun.nio.ch.Net.pollConnectNow(Net.java:682)
	at java.base/sun.nio.ch.NioSocketImpl.timedFinishConnect(NioSocketImpl.java:542)
	at java.base/sun.nio.ch.NioSocketImpl.connect(NioSocketImpl.java:592)
	at java.base/java.net.SocksSocketImpl.connect(SocksSocketImpl.java:327)
	at java.base/java.net.Socket.connect(Socket.java:751)
	at org.testcontainers.utility.RyukResourceReaper.lambda$null$1(RyukResourceReaper.java:105)
	at org.rnorth.ducttape.ratelimits.RateLimiter.doWhenReady(RateLimiter.java:27)
	at org.testcontainers.utility.RyukResourceReaper.lambda$maybeStart$2(RyukResourceReaper.java:101)
	at java.base/java.lang.Thread.run(Thread.java:1583)
2025-03-03 19:44:44 [testcontainers-ryuk] WARN  o.t.utility.RyukResourceReaper - Can not connect to Ryuk at 172.17.0.1:32264
java.net.ConnectException: Connection refused
	at java.base/sun.nio.ch.Net.pollConnect(Native Method)
	at java.base/sun.nio.ch.Net.pollConnectNow(Net.java:682)
	at java.base/sun.nio.ch.NioSocketImpl.timedFinishConnect(NioSocketImpl.java:542)
	at java.base/sun.nio.ch.NioSocketImpl.connect(NioSocketImpl.java:592)
	at java.base/java.net.SocksSocketImpl.connect(SocksSocketImpl.java:327)
	at java.base/java.net.Socket.connect(Socket.java:751)
	at org.testcontainers.utility.RyukResourceReaper.lambda$null$1(RyukResourceReaper.java:105)
	at org.rnorth.ducttape.ratelimits.RateLimiter.doWhenReady(RateLimiter.java:27)
	at org.testcontainers.utility.RyukResourceReaper.lambda$maybeStart$2(RyukResourceReaper.java:101)
	at java.base/java.lang.Thread.run(Thread.java:1583)
2025-03-03 19:44:44 [testcontainers-ryuk] WARN  o.t.utility.RyukResourceReaper - Can not connect to Ryuk at 172.17.0.1:32264
java.net.ConnectException: Connection refused
	at java.base/sun.nio.ch.Net.pollConnect(Native Method)
	at java.base/sun.nio.ch.Net.pollConnectNow(Net.java:682)
	at java.base/sun.nio.ch.NioSocketImpl.timedFinishConnect(NioSocketImpl.java:542)
	at java.base/sun.nio.ch.NioSocketImpl.connect(NioSocketImpl.java:592)
	at java.base/java.net.SocksSocketImpl.connect(SocksSocketImpl.java:327)
	at java.base/java.net.Socket.connect(Socket.java:751)
	at org.testcontainers.utility.RyukResourceReaper.lambda$null$1(RyukResourceReaper.java:105)
	at org.rnorth.ducttape.ratelimits.RateLimiter.doWhenReady(RateLimiter.java:27)
	at org.testcontainers.utility.RyukResourceReaper.lambda$maybeStart$2(RyukResourceReaper.java:101)
	at java.base/java.lang.Thread.run(Thread.java:1583)
2025-03-03 19:44:44 [testcontainers-ryuk] WARN  o.t.utility.RyukResourceReaper - Can not connect to Ryuk at 172.17.0.1:32264
java.net.ConnectException: Connection refused
	at java.base/sun.nio.ch.Net.pollConnect(Native Method)
	at java.base/sun.nio.ch.Net.pollConnectNow(Net.java:682)
	at java.base/sun.nio.ch.NioSocketImpl.timedFinishConnect(NioSocketImpl.java:542)
	at java.base/sun.nio.ch.NioSocketImpl.connect(NioSocketImpl.java:592)
	at java.base/java.net.SocksSocketImpl.connect(SocksSocketImpl.java:327)
	at java.base/java.net.Socket.connect(Socket.java:751)
	at org.testcontainers.utility.RyukResourceReaper.lambda$null$1(RyukResourceReaper.java:105)
	at org.rnorth.ducttape.ratelimits.RateLimiter.doWhenReady(RateLimiter.java:27)
	at org.testcontainers.utility.RyukResourceReaper.lambda$maybeStart$2(RyukResourceReaper.java:101)
	at java.base/java.lang.Thread.run(Thread.java:1583)
2025-03-03 19:44:44 [testcontainers-ryuk] WARN  o.t.utility.RyukResourceReaper - Can not connect to Ryuk at 172.17.0.1:32264
java.net.ConnectException: Connection refused
	at java.base/sun.nio.ch.Net.pollConnect(Native Method)
	at java.base/sun.nio.ch.Net.pollConnectNow(Net.java:682)
	at java.base/sun.nio.ch.NioSocketImpl.timedFinishConnect(NioSocketImpl.java:542)
	at java.base/sun.nio.ch.NioSocketImpl.connect(NioSocketImpl.java:592)
	at java.base/java.net.SocksSocketImpl.connect(SocksSocketImpl.java:327)
	at java.base/java.net.Socket.connect(Socket.java:751)
	at org.testcontainers.utility.RyukResourceReaper.lambda$null$1(RyukResourceReaper.java:105)
	at org.rnorth.ducttape.ratelimits.RateLimiter.doWhenReady(RateLimiter.java:27)
	at org.testcontainers.utility.RyukResourceReaper.lambda$maybeStart$2(RyukResourceReaper.java:101)
	at java.base/java.lang.Thread.run(Thread.java:1583)
2025-03-03 19:44:45 [testcontainers-ryuk] WARN  o.t.utility.RyukResourceReaper - Can not connect to Ryuk at 172.17.0.1:32264
java.net.ConnectException: Connection refused
	at java.base/sun.nio.ch.Net.pollConnect(Native Method)
	at java.base/sun.nio.ch.Net.pollConnectNow(Net.java:682)
	at java.base/sun.nio.ch.NioSocketImpl.timedFinishConnect(NioSocketImpl.java:542)
	at java.base/sun.nio.ch.NioSocketImpl.connect(NioSocketImpl.java:592)
	at java.base/java.net.SocksSocketImpl.connect(SocksSocketImpl.java:327)
	at java.base/java.net.Socket.connect(Socket.java:751)
	at org.testcontainers.utility.RyukResourceReaper.lambda$null$1(RyukResourceReaper.java:105)
	at org.rnorth.ducttape.ratelimits.RateLimiter.doWhenReady(RateLimiter.java:27)
	at org.testcontainers.utility.RyukResourceReaper.lambda$maybeStart$2(RyukResourceReaper.java:101)
	at java.base/java.lang.Thread.run(Thread.java:1583)
2025-03-03 19:44:45 [testcontainers-ryuk] WARN  o.t.utility.RyukResourceReaper - Can not connect to Ryuk at 172.17.0.1:32264
java.net.ConnectException: Connection refused
	at java.base/sun.nio.ch.Net.pollConnect(Native Method)
	at java.base/sun.nio.ch.Net.pollConnectNow(Net.java:682)
	at java.base/sun.nio.ch.NioSocketImpl.timedFinishConnect(NioSocketImpl.java:542)
	at java.base/sun.nio.ch.NioSocketImpl.connect(NioSocketImpl.java:592)
	at java.base/java.net.SocksSocketImpl.connect(SocksSocketImpl.java:327)
	at java.base/java.net.Socket.connect(Socket.java:751)
	at org.testcontainers.utility.RyukResourceReaper.lambda$null$1(RyukResourceReaper.java:105)
	at org.rnorth.ducttape.ratelimits.RateLimiter.doWhenReady(RateLimiter.java:27)
	at org.testcontainers.utility.RyukResourceReaper.lambda$maybeStart$2(RyukResourceReaper.java:101)
	at java.base/java.lang.Thread.run(Thread.java:1583)
2025-03-03 19:44:45 [testcontainers-ryuk] WARN  o.t.utility.RyukResourceReaper - Can not connect to Ryuk at 172.17.0.1:32264
java.net.ConnectException: Connection refused
	at java.base/sun.nio.ch.Net.pollConnect(Native Method)
	at java.base/sun.nio.ch.Net.pollConnectNow(Net.java:682)
	at java.base/sun.nio.ch.NioSocketImpl.timedFinishConnect(NioSocketImpl.java:542)
	at java.base/sun.nio.ch.NioSocketImpl.connect(NioSocketImpl.java:592)
	at java.base/java.net.SocksSocketImpl.connect(SocksSocketImpl.java:327)
	at java.base/java.net.Socket.connect(Socket.java:751)
	at org.testcontainers.utility.RyukResourceReaper.lambda$null$1(RyukResourceReaper.java:105)
	at org.rnorth.ducttape.ratelimits.RateLimiter.doWhenReady(RateLimiter.java:27)
	at org.testcontainers.utility.RyukResourceReaper.lambda$maybeStart$2(RyukResourceReaper.java:101)
	at java.base/java.lang.Thread.run(Thread.java:1583)
2025-03-03 19:44:45 [testcontainers-ryuk] WARN  o.t.utility.RyukResourceReaper - Can not connect to Ryuk at 172.17.0.1:32264
java.net.ConnectException: Connection refused
	at java.base/sun.nio.ch.Net.pollConnect(Native Method)
	at java.base/sun.nio.ch.Net.pollConnectNow(Net.java:682)
	at java.base/sun.nio.ch.NioSocketImpl.timedFinishConnect(NioSocketImpl.java:542)
	at java.base/sun.nio.ch.NioSocketImpl.connect(NioSocketImpl.java:592)
	at java.base/java.net.SocksSocketImpl.connect(SocksSocketImpl.java:327)
	at java.base/java.net.Socket.connect(Socket.java:751)
	at org.testcontainers.utility.RyukResourceReaper.lambda$null$1(RyukResourceReaper.java:105)
	at org.rnorth.ducttape.ratelimits.RateLimiter.doWhenReady(RateLimiter.java:27)
	at org.testcontainers.utility.RyukResourceReaper.lambda$maybeStart$2(RyukResourceReaper.java:101)
	at java.base/java.lang.Thread.run(Thread.java:1583)
2025-03-03 19:44:46 [testcontainers-ryuk] WARN  o.t.utility.RyukResourceReaper - Can not connect to Ryuk at 172.17.0.1:32264
java.net.ConnectException: Connection refused
	at java.base/sun.nio.ch.Net.pollConnect(Native Method)
	at java.base/sun.nio.ch.Net.pollConnectNow(Net.java:682)
	at java.base/sun.nio.ch.NioSocketImpl.timedFinishConnect(NioSocketImpl.java:542)
	at java.base/sun.nio.ch.NioSocketImpl.connect(NioSocketImpl.java:592)
	at java.base/java.net.SocksSocketImpl.connect(SocksSocketImpl.java:327)
	at java.base/java.net.Socket.connect(Socket.java:751)
	at org.testcontainers.utility.RyukResourceReaper.lambda$null$1(RyukResourceReaper.java:105)
	at org.rnorth.ducttape.ratelimits.RateLimiter.doWhenReady(RateLimiter.java:27)
	at org.testcontainers.utility.RyukResourceReaper.lambda$maybeStart$2(RyukResourceReaper.java:101)
	at java.base/java.lang.Thread.run(Thread.java:1583)
2025-03-03 19:44:46 [testcontainers-ryuk] WARN  o.t.utility.RyukResourceReaper - Can not connect to Ryuk at 172.17.0.1:32264
java.net.ConnectException: Connection refused
	at java.base/sun.nio.ch.Net.pollConnect(Native Method)
	at java.base/sun.nio.ch.Net.pollConnectNow(Net.java:682)
	at java.base/sun.nio.ch.NioSocketImpl.timedFinishConnect(NioSocketImpl.java:542)
	at java.base/sun.nio.ch.NioSocketImpl.connect(NioSocketImpl.java:592)
	at java.base/java.net.SocksSocketImpl.connect(SocksSocketImpl.java:327)
	at java.base/java.net.Socket.connect(Socket.java:751)
	at org.testcontainers.utility.RyukResourceReaper.lambda$null$1(RyukResourceReaper.java:105)
	at org.rnorth.ducttape.ratelimits.RateLimiter.doWhenReady(RateLimiter.java:27)
	at org.testcontainers.utility.RyukResourceReaper.lambda$maybeStart$2(RyukResourceReaper.java:101)
	at java.base/java.lang.Thread.run(Thread.java:1583)
2025-03-03 19:44:46 [testcontainers-ryuk] WARN  o.t.utility.RyukResourceReaper - Can not connect to Ryuk at 172.17.0.1:32264
java.net.ConnectException: Connection refused
	at java.base/sun.nio.ch.Net.pollConnect(Native Method)
	at java.base/sun.nio.ch.Net.pollConnectNow(Net.java:682)
	at java.base/sun.nio.ch.NioSocketImpl.timedFinishConnect(NioSocketImpl.java:542)
	at java.base/sun.nio.ch.NioSocketImpl.connect(NioSocketImpl.java:592)
	at java.base/java.net.SocksSocketImpl.connect(SocksSocketImpl.java:327)
	at java.base/java.net.Socket.connect(Socket.java:751)
	at org.testcontainers.utility.RyukResourceReaper.lambda$null$1(RyukResourceReaper.java:105)
	at org.rnorth.ducttape.ratelimits.RateLimiter.doWhenReady(RateLimiter.java:27)
	at org.testcontainers.utility.RyukResourceReaper.lambda$maybeStart$2(RyukResourceReaper.java:101)
	at java.base/java.lang.Thread.run(Thread.java:1583)
2025-03-03 19:44:46 [testcontainers-ryuk] WARN  o.t.utility.RyukResourceReaper - Can not connect to Ryuk at 172.17.0.1:32264
java.net.ConnectException: Connection refused
	at java.base/sun.nio.ch.Net.pollConnect(Native Method)
	at java.base/sun.nio.ch.Net.pollConnectNow(Net.java:682)
	at java.base/sun.nio.ch.NioSocketImpl.timedFinishConnect(NioSocketImpl.java:542)
	at java.base/sun.nio.ch.NioSocketImpl.connect(NioSocketImpl.java:592)
	at java.base/java.net.SocksSocketImpl.connect(SocksSocketImpl.java:327)
	at java.base/java.net.Socket.connect(Socket.java:751)
	at org.testcontainers.utility.RyukResourceReaper.lambda$null$1(RyukResourceReaper.java:105)
	at org.rnorth.ducttape.ratelimits.RateLimiter.doWhenReady(RateLimiter.java:27)
	at org.testcontainers.utility.RyukResourceReaper.lambda$maybeStart$2(RyukResourceReaper.java:101)
	at java.base/java.lang.Thread.run(Thread.java:1583)
2025-03-03 19:44:47 [testcontainers-ryuk] WARN  o.t.utility.RyukResourceReaper - Can not connect to Ryuk at 172.17.0.1:32264
java.net.ConnectException: Connection refused
	at java.base/sun.nio.ch.Net.pollConnect(Native Method)
	at java.base/sun.nio.ch.Net.pollConnectNow(Net.java:682)
	at java.base/sun.nio.ch.NioSocketImpl.timedFinishConnect(NioSocketImpl.java:542)
	at java.base/sun.nio.ch.NioSocketImpl.connect(NioSocketImpl.java:592)
	at java.base/java.net.SocksSocketImpl.connect(SocksSocketImpl.java:327)
	at java.base/java.net.Socket.connect(Socket.java:751)
	at org.testcontainers.utility.RyukResourceReaper.lambda$null$1(RyukResourceReaper.java:105)
	at org.rnorth.ducttape.ratelimits.RateLimiter.doWhenReady(RateLimiter.java:27)
	at org.testcontainers.utility.RyukResourceReaper.lambda$maybeStart$2(RyukResourceReaper.java:101)
	at java.base/java.lang.Thread.run(Thread.java:1583)
2025-03-03 19:44:47 [testcontainers-ryuk] WARN  o.t.utility.RyukResourceReaper - Can not connect to Ryuk at 172.17.0.1:32264
java.net.ConnectException: Connection refused
	at java.base/sun.nio.ch.Net.pollConnect(Native Method)
	at java.base/sun.nio.ch.Net.pollConnectNow(Net.java:682)
	at java.base/sun.nio.ch.NioSocketImpl.timedFinishConnect(NioSocketImpl.java:542)
	at java.base/sun.nio.ch.NioSocketImpl.connect(NioSocketImpl.java:592)
	at java.base/java.net.SocksSocketImpl.connect(SocksSocketImpl.java:327)
	at java.base/java.net.Socket.connect(Socket.java:751)
	at org.testcontainers.utility.RyukResourceReaper.lambda$null$1(RyukResourceReaper.java:105)
	at org.rnorth.ducttape.ratelimits.RateLimiter.doWhenReady(RateLimiter.java:27)
	at org.testcontainers.utility.RyukResourceReaper.lambda$maybeStart$2(RyukResourceReaper.java:101)
	at java.base/java.lang.Thread.run(Thread.java:1583)
2025-03-03 19:44:47 [testcontainers-ryuk] WARN  o.t.utility.RyukResourceReaper - Can not connect to Ryuk at 172.17.0.1:32264
java.net.ConnectException: Connection refused
	at java.base/sun.nio.ch.Net.pollConnect(Native Method)
	at java.base/sun.nio.ch.Net.pollConnectNow(Net.java:682)
	at java.base/sun.nio.ch.NioSocketImpl.timedFinishConnect(NioSocketImpl.java:542)
	at java.base/sun.nio.ch.NioSocketImpl.connect(NioSocketImpl.java:592)
	at java.base/java.net.SocksSocketImpl.connect(SocksSocketImpl.java:327)
	at java.base/java.net.Socket.connect(Socket.java:751)
	at org.testcontainers.utility.RyukResourceReaper.lambda$null$1(RyukResourceReaper.java:105)
	at org.rnorth.ducttape.ratelimits.RateLimiter.doWhenReady(RateLimiter.java:27)
	at org.testcontainers.utility.RyukResourceReaper.lambda$maybeStart$2(RyukResourceReaper.java:101)
	at java.base/java.lang.Thread.run(Thread.java:1583)
2025-03-03 19:44:47 [testcontainers-ryuk] WARN  o.t.utility.RyukResourceReaper - Can not connect to Ryuk at 172.17.0.1:32264
java.net.ConnectException: Connection refused
	at java.base/sun.nio.ch.Net.pollConnect(Native Method)
	at java.base/sun.nio.ch.Net.pollConnectNow(Net.java:682)
	at java.base/sun.nio.ch.NioSocketImpl.timedFinishConnect(NioSocketImpl.java:542)
	at java.base/sun.nio.ch.NioSocketImpl.connect(NioSocketImpl.java:592)
	at java.base/java.net.SocksSocketImpl.connect(SocksSocketImpl.java:327)
	at java.base/java.net.Socket.connect(Socket.java:751)
	at org.testcontainers.utility.RyukResourceReaper.lambda$null$1(RyukResourceReaper.java:105)
	at org.rnorth.ducttape.ratelimits.RateLimiter.doWhenReady(RateLimiter.java:27)
	at org.testcontainers.utility.RyukResourceReaper.lambda$maybeStart$2(RyukResourceReaper.java:101)
	at java.base/java.lang.Thread.run(Thread.java:1583)
2025-03-03 19:44:48 [testcontainers-ryuk] WARN  o.t.utility.RyukResourceReaper - Can not connect to Ryuk at 172.17.0.1:32264
java.net.ConnectException: Connection refused
	at java.base/sun.nio.ch.Net.pollConnect(Native Method)
	at java.base/sun.nio.ch.Net.pollConnectNow(Net.java:682)
	at java.base/sun.nio.ch.NioSocketImpl.timedFinishConnect(NioSocketImpl.java:542)
	at java.base/sun.nio.ch.NioSocketImpl.connect(NioSocketImpl.java:592)
	at java.base/java.net.SocksSocketImpl.connect(SocksSocketImpl.java:327)
	at java.base/java.net.Socket.connect(Socket.java:751)
	at org.testcontainers.utility.RyukResourceReaper.lambda$null$1(RyukResourceReaper.java:105)
	at org.rnorth.ducttape.ratelimits.RateLimiter.doWhenReady(RateLimiter.java:27)
	at org.testcontainers.utility.RyukResourceReaper.lambda$maybeStart$2(RyukResourceReaper.java:101)
	at java.base/java.lang.Thread.run(Thread.java:1583)
2025-03-03 19:44:48 [testcontainers-ryuk] WARN  o.t.utility.RyukResourceReaper - Can not connect to Ryuk at 172.17.0.1:32264
java.net.ConnectException: Connection refused
	at java.base/sun.nio.ch.Net.pollConnect(Native Method)
	at java.base/sun.nio.ch.Net.pollConnectNow(Net.java:682)
	at java.base/sun.nio.ch.NioSocketImpl.timedFinishConnect(NioSocketImpl.java:542)
	at java.base/sun.nio.ch.NioSocketImpl.connect(NioSocketImpl.java:592)
	at java.base/java.net.SocksSocketImpl.connect(SocksSocketImpl.java:327)
	at java.base/java.net.Socket.connect(Socket.java:751)
	at org.testcontainers.utility.RyukResourceReaper.lambda$null$1(RyukResourceReaper.java:105)
	at org.rnorth.ducttape.ratelimits.RateLimiter.doWhenReady(RateLimiter.java:27)
	at org.testcontainers.utility.RyukResourceReaper.lambda$maybeStart$2(RyukResourceReaper.java:101)
	at java.base/java.lang.Thread.run(Thread.java:1583)
2025-03-03 19:44:48 [testcontainers-ryuk] WARN  o.t.utility.RyukResourceReaper - Can not connect to Ryuk at 172.17.0.1:32264
java.net.ConnectException: Connection refused
	at java.base/sun.nio.ch.Net.pollConnect(Native Method)
	at java.base/sun.nio.ch.Net.pollConnectNow(Net.java:682)
	at java.base/sun.nio.ch.NioSocketImpl.timedFinishConnect(NioSocketImpl.java:542)
	at java.base/sun.nio.ch.NioSocketImpl.connect(NioSocketImpl.java:592)
	at java.base/java.net.SocksSocketImpl.connect(SocksSocketImpl.java:327)
	at java.base/java.net.Socket.connect(Socket.java:751)
	at org.testcontainers.utility.RyukResourceReaper.lambda$null$1(RyukResourceReaper.java:105)
	at org.rnorth.ducttape.ratelimits.RateLimiter.doWhenReady(RateLimiter.java:27)
	at org.testcontainers.utility.RyukResourceReaper.lambda$maybeStart$2(RyukResourceReaper.java:101)
	at java.base/java.lang.Thread.run(Thread.java:1583)
2025-03-03 19:44:48 [testcontainers-ryuk] WARN  o.t.utility.RyukResourceReaper - Can not connect to Ryuk at 172.17.0.1:32264
java.net.ConnectException: Connection refused
	at java.base/sun.nio.ch.Net.pollConnect(Native Method)
	at java.base/sun.nio.ch.Net.pollConnectNow(Net.java:682)
	at java.base/sun.nio.ch.NioSocketImpl.timedFinishConnect(NioSocketImpl.java:542)
	at java.base/sun.nio.ch.NioSocketImpl.connect(NioSocketImpl.java:592)
	at java.base/java.net.SocksSocketImpl.connect(SocksSocketImpl.java:327)
	at java.base/java.net.Socket.connect(Socket.java:751)
	at org.testcontainers.utility.RyukResourceReaper.lambda$null$1(RyukResourceReaper.java:105)
	at org.rnorth.ducttape.ratelimits.RateLimiter.doWhenReady(RateLimiter.java:27)
	at org.testcontainers.utility.RyukResourceReaper.lambda$maybeStart$2(RyukResourceReaper.java:101)
	at java.base/java.lang.Thread.run(Thread.java:1583)
2025-03-03 19:44:49 [testcontainers-ryuk] WARN  o.t.utility.RyukResourceReaper - Can not connect to Ryuk at 172.17.0.1:32264
java.net.ConnectException: Connection refused
	at java.base/sun.nio.ch.Net.pollConnect(Native Method)
	at java.base/sun.nio.ch.Net.pollConnectNow(Net.java:682)
	at java.base/sun.nio.ch.NioSocketImpl.timedFinishConnect(NioSocketImpl.java:542)
	at java.base/sun.nio.ch.NioSocketImpl.connect(NioSocketImpl.java:592)
	at java.base/java.net.SocksSocketImpl.connect(SocksSocketImpl.java:327)
	at java.base/java.net.Socket.connect(Socket.java:751)
	at org.testcontainers.utility.RyukResourceReaper.lambda$null$1(RyukResourceReaper.java:105)
	at org.rnorth.ducttape.ratelimits.RateLimiter.doWhenReady(RateLimiter.java:27)
	at org.testcontainers.utility.RyukResourceReaper.lambda$maybeStart$2(RyukResourceReaper.java:101)
	at java.base/java.lang.Thread.run(Thread.java:1583)
2025-03-03 19:44:49 [testcontainers-ryuk] WARN  o.t.utility.RyukResourceReaper - Can not connect to Ryuk at 172.17.0.1:32264
java.net.ConnectException: Connection refused
	at java.base/sun.nio.ch.Net.pollConnect(Native Method)
	at java.base/sun.nio.ch.Net.pollConnectNow(Net.java:682)
	at java.base/sun.nio.ch.NioSocketImpl.timedFinishConnect(NioSocketImpl.java:542)
	at java.base/sun.nio.ch.NioSocketImpl.connect(NioSocketImpl.java:592)
	at java.base/java.net.SocksSocketImpl.connect(SocksSocketImpl.java:327)
	at java.base/java.net.Socket.connect(Socket.java:751)
	at org.testcontainers.utility.RyukResourceReaper.lambda$null$1(RyukResourceReaper.java:105)
	at org.rnorth.ducttape.ratelimits.RateLimiter.doWhenReady(RateLimiter.java:27)
	at org.testcontainers.utility.RyukResourceReaper.lambda$maybeStart$2(RyukResourceReaper.java:101)
	at java.base/java.lang.Thread.run(Thread.java:1583)
2025-03-03 19:44:49 [testcontainers-ryuk] WARN  o.t.utility.RyukResourceReaper - Can not connect to Ryuk at 172.17.0.1:32264
java.net.ConnectException: Connection refused
	at java.base/sun.nio.ch.Net.pollConnect(Native Method)
	at java.base/sun.nio.ch.Net.pollConnectNow(Net.java:682)
	at java.base/sun.nio.ch.NioSocketImpl.timedFinishConnect(NioSocketImpl.java:542)
	at java.base/sun.nio.ch.NioSocketImpl.connect(NioSocketImpl.java:592)
	at java.base/java.net.SocksSocketImpl.connect(SocksSocketImpl.java:327)
	at java.base/java.net.Socket.connect(Socket.java:751)
	at org.testcontainers.utility.RyukResourceReaper.lambda$null$1(RyukResourceReaper.java:105)
	at org.rnorth.ducttape.ratelimits.RateLimiter.doWhenReady(RateLimiter.java:27)
	at org.testcontainers.utility.RyukResourceReaper.lambda$maybeStart$2(RyukResourceReaper.java:101)
	at java.base/java.lang.Thread.run(Thread.java:1583)
2025-03-03 19:44:49 [main] WARN  o.s.w.c.s.GenericWebApplicationContext - Exception encountered during context initialization - cancelling refresh attempt: org.springframework.beans.factory.BeanCreationException: Error creating bean with name 'entityManagerFactory' defined in class path resource [org/springframework/boot/autoconfigure/orm/jpa/HibernateJpaConfiguration.class]: Failed to initialize dependency 'liquibase' of LoadTimeWeaverAware bean 'entityManagerFactory': Error creating bean with name 'liquibase' defined in class path resource [org/springframework/boot/autoconfigure/liquibase/LiquibaseAutoConfiguration$LiquibaseConfiguration.class]: liquibase.exception.DatabaseException: org.postgresql.util.PSQLException: The connection attempt failed.
2025-03-03 19:44:49 [main] INFO  o.s.b.a.l.ConditionEvaluationReportLogger - 

Error starting ApplicationContext. To display the condition evaluation report re-run your application with 'debug' enabled.
2025-03-03 19:44:49 [testcontainers-ryuk] WARN  o.t.utility.RyukResourceReaper - Can not connect to Ryuk at 172.17.0.1:32264
java.net.ConnectException: Connection refused
	at java.base/sun.nio.ch.Net.pollConnect(Native Method)
	at java.base/sun.nio.ch.Net.pollConnectNow(Net.java:682)
	at java.base/sun.nio.ch.NioSocketImpl.timedFinishConnect(NioSocketImpl.java:542)
	at java.base/sun.nio.ch.NioSocketImpl.connect(NioSocketImpl.java:592)
	at java.base/java.net.SocksSocketImpl.connect(SocksSocketImpl.java:327)
	at java.base/java.net.Socket.connect(Socket.java:751)
	at org.testcontainers.utility.RyukResourceReaper.lambda$null$1(RyukResourceReaper.java:105)
	at org.rnorth.ducttape.ratelimits.RateLimiter.doWhenReady(RateLimiter.java:27)
	at org.testcontainers.utility.RyukResourceReaper.lambda$maybeStart$2(RyukResourceReaper.java:101)
	at java.base/java.lang.Thread.run(Thread.java:1583)
2025-03-03 19:44:49 [main] ERROR o.s.boot.SpringApplication - Application run failed
org.springframework.beans.factory.BeanCreationException: Error creating bean with name 'entityManagerFactory' defined in class path resource [org/springframework/boot/autoconfigure/orm/jpa/HibernateJpaConfiguration.class]: Failed to initialize dependency 'liquibase' of LoadTimeWeaverAware bean 'entityManagerFactory': Error creating bean with name 'liquibase' defined in class path resource [org/springframework/boot/autoconfigure/liquibase/LiquibaseAutoConfiguration$LiquibaseConfiguration.class]: liquibase.exception.DatabaseException: org.postgresql.util.PSQLException: The connection attempt failed.
	at org.springframework.beans.factory.support.AbstractBeanFactory.doGetBean(AbstractBeanFactory.java:326)
	at org.springframework.beans.factory.support.AbstractBeanFactory.getBean(AbstractBeanFactory.java:205)
	at org.springframework.context.support.AbstractApplicationContext.finishBeanFactoryInitialization(AbstractApplicationContext.java:954)
	at org.springframework.context.support.AbstractApplicationContext.refresh(AbstractApplicationContext.java:625)
	at org.springframework.boot.SpringApplication.refresh(SpringApplication.java:754)
	at org.springframework.boot.SpringApplication.refreshContext(SpringApplication.java:456)
	at org.springframework.boot.SpringApplication.run(SpringApplication.java:335)
	at org.springframework.boot.test.context.SpringBootContextLoader.lambda$loadContext$3(SpringBootContextLoader.java:137)
	at org.springframework.util.function.ThrowingSupplier.get(ThrowingSupplier.java:58)
	at org.springframework.util.function.ThrowingSupplier.get(ThrowingSupplier.java:46)
	at org.springframework.boot.SpringApplication.withHook(SpringApplication.java:1463)
	at org.springframework.boot.test.context.SpringBootContextLoader$ContextLoaderHook.run(SpringBootContextLoader.java:553)
	at org.springframework.boot.test.context.SpringBootContextLoader.loadContext(SpringBootContextLoader.java:137)
	at org.springframework.boot.test.context.SpringBootContextLoader.loadContext(SpringBootContextLoader.java:108)
	at org.springframework.test.context.cache.DefaultCacheAwareContextLoaderDelegate.loadContextInternal(DefaultCacheAwareContextLoaderDelegate.java:225)
	at org.springframework.test.context.cache.DefaultCacheAwareContextLoaderDelegate.loadContext(DefaultCacheAwareContextLoaderDelegate.java:152)
	at org.springframework.test.context.support.DefaultTestContext.getApplicationContext(DefaultTestContext.java:130)
	at org.springframework.test.context.web.ServletTestExecutionListener.setUpRequestContextIfNecessary(ServletTestExecutionListener.java:191)
	at org.springframework.test.context.web.ServletTestExecutionListener.prepareTestInstance(ServletTestExecutionListener.java:130)
	at org.springframework.test.context.TestContextManager.prepareTestInstance(TestContextManager.java:260)
	at org.springframework.test.context.junit.jupiter.SpringExtension.postProcessTestInstance(SpringExtension.java:163)
	at org.junit.jupiter.engine.descriptor.ClassBasedTestDescriptor.lambda$invokeTestInstancePostProcessors$10(ClassBasedTestDescriptor.java:378)
	at org.junit.jupiter.engine.descriptor.ClassBasedTestDescriptor.executeAndMaskThrowable(ClassBasedTestDescriptor.java:383)
	at org.junit.jupiter.engine.descriptor.ClassBasedTestDescriptor.lambda$invokeTestInstancePostProcessors$11(ClassBasedTestDescriptor.java:378)
	at java.base/java.util.stream.ReferencePipeline$3$1.accept(ReferencePipeline.java:197)
	at java.base/java.util.stream.ReferencePipeline$2$1.accept(ReferencePipeline.java:179)
	at java.base/java.util.ArrayList$ArrayListSpliterator.forEachRemaining(ArrayList.java:1708)
	at java.base/java.util.stream.AbstractPipeline.copyInto(AbstractPipeline.java:509)
	at java.base/java.util.stream.AbstractPipeline.wrapAndCopyInto(AbstractPipeline.java:499)
	at java.base/java.util.stream.StreamSpliterators$WrappingSpliterator.forEachRemaining(StreamSpliterators.java:310)
	at java.base/java.util.stream.Streams$ConcatSpliterator.forEachRemaining(Streams.java:735)
	at java.base/java.util.stream.Streams$ConcatSpliterator.forEachRemaining(Streams.java:734)
	at java.base/java.util.stream.ReferencePipeline$Head.forEach(ReferencePipeline.java:762)
	at org.junit.jupiter.engine.descriptor.ClassBasedTestDescriptor.invokeTestInstancePostProcessors(ClassBasedTestDescriptor.java:377)
	at org.junit.jupiter.engine.descriptor.ClassBasedTestDescriptor.lambda$instantiateAndPostProcessTestInstance$6(ClassBasedTestDescriptor.java:290)
	at org.junit.platform.engine.support.hierarchical.ThrowableCollector.execute(ThrowableCollector.java:73)
	at org.junit.jupiter.engine.descriptor.ClassBasedTestDescriptor.instantiateAndPostProcessTestInstance(ClassBasedTestDescriptor.java:289)
	at org.junit.jupiter.engine.descriptor.ClassBasedTestDescriptor.lambda$testInstancesProvider$4(ClassBasedTestDescriptor.java:279)
	at java.base/java.util.Optional.orElseGet(Optional.java:364)
	at org.junit.jupiter.engine.descriptor.ClassBasedTestDescriptor.lambda$testInstancesProvider$5(ClassBasedTestDescriptor.java:278)
	at org.junit.jupiter.engine.execution.TestInstancesProvider.getTestInstances(TestInstancesProvider.java:31)
	at org.junit.jupiter.engine.descriptor.TestMethodTestDescriptor.lambda$prepare$0(TestMethodTestDescriptor.java:106)
	at org.junit.platform.engine.support.hierarchical.ThrowableCollector.execute(ThrowableCollector.java:73)
	at org.junit.jupiter.engine.descriptor.TestMethodTestDescriptor.prepare(TestMethodTestDescriptor.java:105)
	at org.junit.jupiter.engine.descriptor.TestMethodTestDescriptor.prepare(TestMethodTestDescriptor.java:69)
	at org.junit.platform.engine.support.hierarchical.NodeTestTask.lambda$prepare$2(NodeTestTask.java:128)
	at org.junit.platform.engine.support.hierarchical.ThrowableCollector.execute(ThrowableCollector.java:73)
	at org.junit.platform.engine.support.hierarchical.NodeTestTask.prepare(NodeTestTask.java:128)
	at org.junit.platform.engine.support.hierarchical.NodeTestTask.execute(NodeTestTask.java:95)
	at java.base/java.util.ArrayList.forEach(ArrayList.java:1596)
	at org.junit.platform.engine.support.hierarchical.SameThreadHierarchicalTestExecutorService.invokeAll(SameThreadHierarchicalTestExecutorService.java:41)
	at org.junit.platform.engine.support.hierarchical.NodeTestTask.lambda$executeRecursively$6(NodeTestTask.java:160)
	at org.junit.platform.engine.support.hierarchical.ThrowableCollector.execute(ThrowableCollector.java:73)
	at org.junit.platform.engine.support.hierarchical.NodeTestTask.lambda$executeRecursively$8(NodeTestTask.java:146)
	at org.junit.platform.engine.support.hierarchical.Node.around(Node.java:137)
	at org.junit.platform.engine.support.hierarchical.NodeTestTask.lambda$executeRecursively$9(NodeTestTask.java:144)
	at org.junit.platform.engine.support.hierarchical.ThrowableCollector.execute(ThrowableCollector.java:73)
	at org.junit.platform.engine.support.hierarchical.NodeTestTask.executeRecursively(NodeTestTask.java:143)
	at org.junit.platform.engine.support.hierarchical.NodeTestTask.execute(NodeTestTask.java:100)
	at java.base/java.util.ArrayList.forEach(ArrayList.java:1596)
	at org.junit.platform.engine.support.hierarchical.SameThreadHierarchicalTestExecutorService.invokeAll(SameThreadHierarchicalTestExecutorService.java:41)
	at org.junit.platform.engine.support.hierarchical.NodeTestTask.lambda$executeRecursively$6(NodeTestTask.java:160)
	at org.junit.platform.engine.support.hierarchical.ThrowableCollector.execute(ThrowableCollector.java:73)
	at org.junit.platform.engine.support.hierarchical.NodeTestTask.lambda$executeRecursively$8(NodeTestTask.java:146)
	at org.junit.platform.engine.support.hierarchical.Node.around(Node.java:137)
	at org.junit.platform.engine.support.hierarchical.NodeTestTask.lambda$executeRecursively$9(NodeTestTask.java:144)
	at org.junit.platform.engine.support.hierarchical.ThrowableCollector.execute(ThrowableCollector.java:73)
	at org.junit.platform.engine.support.hierarchical.NodeTestTask.executeRecursively(NodeTestTask.java:143)
	at org.junit.platform.engine.support.hierarchical.NodeTestTask.execute(NodeTestTask.java:100)
	at org.junit.platform.engine.support.hierarchical.SameThreadHierarchicalTestExecutorService.submit(SameThreadHierarchicalTestExecutorService.java:35)
	at org.junit.platform.engine.support.hierarchical.HierarchicalTestExecutor.execute(HierarchicalTestExecutor.java:57)
	at org.junit.platform.engine.support.hierarchical.HierarchicalTestEngine.execute(HierarchicalTestEngine.java:54)
	at org.junit.platform.launcher.core.EngineExecutionOrchestrator.execute(EngineExecutionOrchestrator.java:198)
	at org.junit.platform.launcher.core.EngineExecutionOrchestrator.execute(EngineExecutionOrchestrator.java:169)
	at org.junit.platform.launcher.core.EngineExecutionOrchestrator.execute(EngineExecutionOrchestrator.java:93)
	at org.junit.platform.launcher.core.EngineExecutionOrchestrator.lambda$execute$0(EngineExecutionOrchestrator.java:58)
	at org.junit.platform.launcher.core.EngineExecutionOrchestrator.withInterceptedStreams(EngineExecutionOrchestrator.java:141)
	at org.junit.platform.launcher.core.EngineExecutionOrchestrator.execute(EngineExecutionOrchestrator.java:57)
	at org.junit.platform.launcher.core.DefaultLauncher.execute(DefaultLauncher.java:103)
	at org.junit.platform.launcher.core.DefaultLauncher.execute(DefaultLauncher.java:85)
	at org.junit.platform.launcher.core.DelegatingLauncher.execute(DelegatingLauncher.java:47)
	at org.apache.maven.surefire.junitplatform.LazyLauncher.execute(LazyLauncher.java:56)
	at org.apache.maven.surefire.junitplatform.JUnitPlatformProvider.execute(JUnitPlatformProvider.java:184)
	at org.apache.maven.surefire.junitplatform.JUnitPlatformProvider.invokeAllTests(JUnitPlatformProvider.java:148)
	at org.apache.maven.surefire.junitplatform.JUnitPlatformProvider.invoke(JUnitPlatformProvider.java:122)
	at org.apache.maven.surefire.booter.ForkedBooter.runSuitesInProcess(ForkedBooter.java:385)
	at org.apache.maven.surefire.booter.ForkedBooter.execute(ForkedBooter.java:162)
	at org.apache.maven.surefire.booter.ForkedBooter.run(ForkedBooter.java:507)
	at org.apache.maven.surefire.booter.ForkedBooter.main(ForkedBooter.java:495)
Caused by: org.springframework.beans.factory.BeanCreationException: Error creating bean with name 'liquibase' defined in class path resource [org/springframework/boot/autoconfigure/liquibase/LiquibaseAutoConfiguration$LiquibaseConfiguration.class]: liquibase.exception.DatabaseException: org.postgresql.util.PSQLException: The connection attempt failed.
	at org.springframework.beans.factory.support.AbstractAutowireCapableBeanFactory.initializeBean(AbstractAutowireCapableBeanFactory.java:1806)
	at org.springframework.beans.factory.support.AbstractAutowireCapableBeanFactory.doCreateBean(AbstractAutowireCapableBeanFactory.java:600)
	at org.springframework.beans.factory.support.AbstractAutowireCapableBeanFactory.createBean(AbstractAutowireCapableBeanFactory.java:522)
	at org.springframework.beans.factory.support.AbstractBeanFactory.lambda$doGetBean$0(AbstractBeanFactory.java:337)
	at org.springframework.beans.factory.support.DefaultSingletonBeanRegistry.getSingleton(DefaultSingletonBeanRegistry.java:234)
	at org.springframework.beans.factory.support.AbstractBeanFactory.doGetBean(AbstractBeanFactory.java:335)
	at org.springframework.beans.factory.support.AbstractBeanFactory.getBean(AbstractBeanFactory.java:200)
	at org.springframework.beans.factory.support.AbstractBeanFactory.doGetBean(AbstractBeanFactory.java:313)
	... 88 common frames omitted
Caused by: liquibase.exception.UnexpectedLiquibaseException: liquibase.exception.DatabaseException: org.postgresql.util.PSQLException: The connection attempt failed.
	at liquibase.integration.spring.SpringLiquibase.afterPropertiesSet(SpringLiquibase.java:259)
	at org.springframework.beans.factory.support.AbstractAutowireCapableBeanFactory.invokeInitMethods(AbstractAutowireCapableBeanFactory.java:1853)
	at org.springframework.beans.factory.support.AbstractAutowireCapableBeanFactory.initializeBean(AbstractAutowireCapableBeanFactory.java:1802)
	... 95 common frames omitted
Caused by: liquibase.exception.DatabaseException: org.postgresql.util.PSQLException: The connection attempt failed.
	at liquibase.integration.spring.SpringLiquibase.lambda$afterPropertiesSet$0(SpringLiquibase.java:251)
	at liquibase.Scope.lambda$child$0(Scope.java:190)
	at liquibase.Scope.child(Scope.java:199)
	at liquibase.Scope.child(Scope.java:189)
	at liquibase.Scope.child(Scope.java:168)
	at liquibase.Scope.child(Scope.java:256)
	at liquibase.integration.spring.SpringLiquibase.afterPropertiesSet(SpringLiquibase.java:242)
	... 97 common frames omitted
Caused by: org.postgresql.util.PSQLException: The connection attempt failed.
	at org.postgresql.core.v3.ConnectionFactoryImpl.openConnectionImpl(ConnectionFactoryImpl.java:364)
	at org.postgresql.core.ConnectionFactory.openConnection(ConnectionFactory.java:54)
	at org.postgresql.jdbc.PgConnection.<init>(PgConnection.java:273)
	at org.postgresql.Driver.makeConnection(Driver.java:446)
	at org.postgresql.Driver.connect(Driver.java:298)
	at com.zaxxer.hikari.util.DriverDataSource.getConnection(DriverDataSource.java:137)
	at com.zaxxer.hikari.pool.PoolBase.newConnection(PoolBase.java:360)
	at com.zaxxer.hikari.pool.PoolBase.newPoolEntry(PoolBase.java:202)
	at com.zaxxer.hikari.pool.HikariPool.createPoolEntry(HikariPool.java:461)
	at com.zaxxer.hikari.pool.HikariPool.checkFailFast(HikariPool.java:550)
	at com.zaxxer.hikari.pool.HikariPool.<init>(HikariPool.java:98)
	at com.zaxxer.hikari.HikariDataSource.getConnection(HikariDataSource.java:111)
	at liquibase.integration.spring.SpringLiquibase.lambda$afterPropertiesSet$0(SpringLiquibase.java:246)
	... 103 common frames omitted
Caused by: java.net.UnknownHostException: postgres-db
	at java.base/sun.nio.ch.NioSocketImpl.connect(NioSocketImpl.java:567)
	at java.base/java.net.SocksSocketImpl.connect(SocksSocketImpl.java:327)
	at java.base/java.net.Socket.connect(Socket.java:751)
	at org.postgresql.core.PGStream.createSocket(PGStream.java:260)
	at org.postgresql.core.PGStream.<init>(PGStream.java:121)
	at org.postgresql.core.v3.ConnectionFactoryImpl.tryConnect(ConnectionFactoryImpl.java:140)
	at org.postgresql.core.v3.ConnectionFactoryImpl.openConnectionImpl(ConnectionFactoryImpl.java:268)
	... 115 common frames omitted
2025-03-03 19:44:49 [main] WARN  o.s.test.context.TestContextManager - Caught exception while allowing TestExecutionListener [org.springframework.test.context.web.ServletTestExecutionListener] to prepare test instance [com.track.task.TaskTrackerApplicationTests@1d4531fa]
java.lang.IllegalStateException: Failed to load ApplicationContext for [WebMergedContextConfiguration@7e36d508 testClass = com.track.task.TaskTrackerApplicationTests, locations = [], classes = [com.track.task.TaskTrackerApplication], contextInitializerClasses = [], activeProfiles = [], propertySourceDescriptors = [], propertySourceProperties = ["org.springframework.boot.test.context.SpringBootTestContextBootstrapper=true"], contextCustomizers = [org.springframework.boot.test.context.filter.ExcludeFilterContextCustomizer@52d3fafd, org.springframework.boot.test.json.DuplicateJsonObjectContextCustomizerFactory$DuplicateJsonObjectContextCustomizer@718fd7c1, org.springframework.boot.test.mock.mockito.MockitoContextCustomizer@0, org.springframework.boot.test.web.client.TestRestTemplateContextCustomizer@40ed1802, org.springframework.boot.test.web.reactor.netty.DisableReactorResourceFactoryGlobalResourcesContextCustomizerFactory$DisableReactorResourceFactoryGlobalResourcesContextCustomizerCustomizer@5ef85555, org.springframework.boot.test.autoconfigure.OnFailureConditionReportContextCustomizerFactory$OnFailureConditionReportContextCustomizer@7a2fce12, org.springframework.boot.test.autoconfigure.actuate.observability.ObservabilityContextCustomizerFactory$DisableObservabilityContextCustomizer@1f, org.springframework.boot.test.autoconfigure.properties.PropertyMappingContextCustomizer@0, org.springframework.boot.test.autoconfigure.web.servlet.WebDriverContextCustomizer@2c0c4c0a, org.springframework.boot.test.context.SpringBootTestAnnotation@c0461fcd], resourceBasePath = "src/main/webapp", contextLoader = org.springframework.boot.test.context.SpringBootContextLoader, parent = null]
	at org.springframework.test.context.cache.DefaultCacheAwareContextLoaderDelegate.loadContext(DefaultCacheAwareContextLoaderDelegate.java:180)
	at org.springframework.test.context.support.DefaultTestContext.getApplicationContext(DefaultTestContext.java:130)
	at org.springframework.test.context.web.ServletTestExecutionListener.setUpRequestContextIfNecessary(ServletTestExecutionListener.java:191)
	at org.springframework.test.context.web.ServletTestExecutionListener.prepareTestInstance(ServletTestExecutionListener.java:130)
	at org.springframework.test.context.TestContextManager.prepareTestInstance(TestContextManager.java:260)
	at org.springframework.test.context.junit.jupiter.SpringExtension.postProcessTestInstance(SpringExtension.java:163)
	at org.junit.jupiter.engine.descriptor.ClassBasedTestDescriptor.lambda$invokeTestInstancePostProcessors$10(ClassBasedTestDescriptor.java:378)
	at org.junit.jupiter.engine.descriptor.ClassBasedTestDescriptor.executeAndMaskThrowable(ClassBasedTestDescriptor.java:383)
	at org.junit.jupiter.engine.descriptor.ClassBasedTestDescriptor.lambda$invokeTestInstancePostProcessors$11(ClassBasedTestDescriptor.java:378)
	at java.base/java.util.stream.ReferencePipeline$3$1.accept(ReferencePipeline.java:197)
	at java.base/java.util.stream.ReferencePipeline$2$1.accept(ReferencePipeline.java:179)
	at java.base/java.util.ArrayList$ArrayListSpliterator.forEachRemaining(ArrayList.java:1708)
	at java.base/java.util.stream.AbstractPipeline.copyInto(AbstractPipeline.java:509)
	at java.base/java.util.stream.AbstractPipeline.wrapAndCopyInto(AbstractPipeline.java:499)
	at java.base/java.util.stream.StreamSpliterators$WrappingSpliterator.forEachRemaining(StreamSpliterators.java:310)
	at java.base/java.util.stream.Streams$ConcatSpliterator.forEachRemaining(Streams.java:735)
	at java.base/java.util.stream.Streams$ConcatSpliterator.forEachRemaining(Streams.java:734)
	at java.base/java.util.stream.ReferencePipeline$Head.forEach(ReferencePipeline.java:762)
	at org.junit.jupiter.engine.descriptor.ClassBasedTestDescriptor.invokeTestInstancePostProcessors(ClassBasedTestDescriptor.java:377)
	at org.junit.jupiter.engine.descriptor.ClassBasedTestDescriptor.lambda$instantiateAndPostProcessTestInstance$6(ClassBasedTestDescriptor.java:290)
	at org.junit.platform.engine.support.hierarchical.ThrowableCollector.execute(ThrowableCollector.java:73)
	at org.junit.jupiter.engine.descriptor.ClassBasedTestDescriptor.instantiateAndPostProcessTestInstance(ClassBasedTestDescriptor.java:289)
	at org.junit.jupiter.engine.descriptor.ClassBasedTestDescriptor.lambda$testInstancesProvider$4(ClassBasedTestDescriptor.java:279)
	at java.base/java.util.Optional.orElseGet(Optional.java:364)
	at org.junit.jupiter.engine.descriptor.ClassBasedTestDescriptor.lambda$testInstancesProvider$5(ClassBasedTestDescriptor.java:278)
	at org.junit.jupiter.engine.execution.TestInstancesProvider.getTestInstances(TestInstancesProvider.java:31)
	at org.junit.jupiter.engine.descriptor.TestMethodTestDescriptor.lambda$prepare$0(TestMethodTestDescriptor.java:106)
	at org.junit.platform.engine.support.hierarchical.ThrowableCollector.execute(ThrowableCollector.java:73)
	at org.junit.jupiter.engine.descriptor.TestMethodTestDescriptor.prepare(TestMethodTestDescriptor.java:105)
	at org.junit.jupiter.engine.descriptor.TestMethodTestDescriptor.prepare(TestMethodTestDescriptor.java:69)
	at org.junit.platform.engine.support.hierarchical.NodeTestTask.lambda$prepare$2(NodeTestTask.java:128)
	at org.junit.platform.engine.support.hierarchical.ThrowableCollector.execute(ThrowableCollector.java:73)
	at org.junit.platform.engine.support.hierarchical.NodeTestTask.prepare(NodeTestTask.java:128)
	at org.junit.platform.engine.support.hierarchical.NodeTestTask.execute(NodeTestTask.java:95)
	at java.base/java.util.ArrayList.forEach(ArrayList.java:1596)
	at org.junit.platform.engine.support.hierarchical.SameThreadHierarchicalTestExecutorService.invokeAll(SameThreadHierarchicalTestExecutorService.java:41)
	at org.junit.platform.engine.support.hierarchical.NodeTestTask.lambda$executeRecursively$6(NodeTestTask.java:160)
	at org.junit.platform.engine.support.hierarchical.ThrowableCollector.execute(ThrowableCollector.java:73)
	at org.junit.platform.engine.support.hierarchical.NodeTestTask.lambda$executeRecursively$8(NodeTestTask.java:146)
	at org.junit.platform.engine.support.hierarchical.Node.around(Node.java:137)
	at org.junit.platform.engine.support.hierarchical.NodeTestTask.lambda$executeRecursively$9(NodeTestTask.java:144)
	at org.junit.platform.engine.support.hierarchical.ThrowableCollector.execute(ThrowableCollector.java:73)
	at org.junit.platform.engine.support.hierarchical.NodeTestTask.executeRecursively(NodeTestTask.java:143)
	at org.junit.platform.engine.support.hierarchical.NodeTestTask.execute(NodeTestTask.java:100)
	at java.base/java.util.ArrayList.forEach(ArrayList.java:1596)
	at org.junit.platform.engine.support.hierarchical.SameThreadHierarchicalTestExecutorService.invokeAll(SameThreadHierarchicalTestExecutorService.java:41)
	at org.junit.platform.engine.support.hierarchical.NodeTestTask.lambda$executeRecursively$6(NodeTestTask.java:160)
	at org.junit.platform.engine.support.hierarchical.ThrowableCollector.execute(ThrowableCollector.java:73)
	at org.junit.platform.engine.support.hierarchical.NodeTestTask.lambda$executeRecursively$8(NodeTestTask.java:146)
	at org.junit.platform.engine.support.hierarchical.Node.around(Node.java:137)
	at org.junit.platform.engine.support.hierarchical.NodeTestTask.lambda$executeRecursively$9(NodeTestTask.java:144)
	at org.junit.platform.engine.support.hierarchical.ThrowableCollector.execute(ThrowableCollector.java:73)
	at org.junit.platform.engine.support.hierarchical.NodeTestTask.executeRecursively(NodeTestTask.java:143)
	at org.junit.platform.engine.support.hierarchical.NodeTestTask.execute(NodeTestTask.java:100)
	at org.junit.platform.engine.support.hierarchical.SameThreadHierarchicalTestExecutorService.submit(SameThreadHierarchicalTestExecutorService.java:35)
	at org.junit.platform.engine.support.hierarchical.HierarchicalTestExecutor.execute(HierarchicalTestExecutor.java:57)
	at org.junit.platform.engine.support.hierarchical.HierarchicalTestEngine.execute(HierarchicalTestEngine.java:54)
	at org.junit.platform.launcher.core.EngineExecutionOrchestrator.execute(EngineExecutionOrchestrator.java:198)
	at org.junit.platform.launcher.core.EngineExecutionOrchestrator.execute(EngineExecutionOrchestrator.java:169)
	at org.junit.platform.launcher.core.EngineExecutionOrchestrator.execute(EngineExecutionOrchestrator.java:93)
	at org.junit.platform.launcher.core.EngineExecutionOrchestrator.lambda$execute$0(EngineExecutionOrchestrator.java:58)
	at org.junit.platform.launcher.core.EngineExecutionOrchestrator.withInterceptedStreams(EngineExecutionOrchestrator.java:141)
	at org.junit.platform.launcher.core.EngineExecutionOrchestrator.execute(EngineExecutionOrchestrator.java:57)
	at org.junit.platform.launcher.core.DefaultLauncher.execute(DefaultLauncher.java:103)
	at org.junit.platform.launcher.core.DefaultLauncher.execute(DefaultLauncher.java:85)
	at org.junit.platform.launcher.core.DelegatingLauncher.execute(DelegatingLauncher.java:47)
	at org.apache.maven.surefire.junitplatform.LazyLauncher.execute(LazyLauncher.java:56)
	at org.apache.maven.surefire.junitplatform.JUnitPlatformProvider.execute(JUnitPlatformProvider.java:184)
	at org.apache.maven.surefire.junitplatform.JUnitPlatformProvider.invokeAllTests(JUnitPlatformProvider.java:148)
	at org.apache.maven.surefire.junitplatform.JUnitPlatformProvider.invoke(JUnitPlatformProvider.java:122)
	at org.apache.maven.surefire.booter.ForkedBooter.runSuitesInProcess(ForkedBooter.java:385)
	at org.apache.maven.surefire.booter.ForkedBooter.execute(ForkedBooter.java:162)
	at org.apache.maven.surefire.booter.ForkedBooter.run(ForkedBooter.java:507)
	at org.apache.maven.surefire.booter.ForkedBooter.main(ForkedBooter.java:495)
Caused by: org.springframework.beans.factory.BeanCreationException: Error creating bean with name 'entityManagerFactory' defined in class path resource [org/springframework/boot/autoconfigure/orm/jpa/HibernateJpaConfiguration.class]: Failed to initialize dependency 'liquibase' of LoadTimeWeaverAware bean 'entityManagerFactory': Error creating bean with name 'liquibase' defined in class path resource [org/springframework/boot/autoconfigure/liquibase/LiquibaseAutoConfiguration$LiquibaseConfiguration.class]: liquibase.exception.DatabaseException: org.postgresql.util.PSQLException: The connection attempt failed.
	at org.springframework.beans.factory.support.AbstractBeanFactory.doGetBean(AbstractBeanFactory.java:326)
	at org.springframework.beans.factory.support.AbstractBeanFactory.getBean(AbstractBeanFactory.java:205)
	at org.springframework.context.support.AbstractApplicationContext.finishBeanFactoryInitialization(AbstractApplicationContext.java:954)
	at org.springframework.context.support.AbstractApplicationContext.refresh(AbstractApplicationContext.java:625)
	at org.springframework.boot.SpringApplication.refresh(SpringApplication.java:754)
	at org.springframework.boot.SpringApplication.refreshContext(SpringApplication.java:456)
	at org.springframework.boot.SpringApplication.run(SpringApplication.java:335)
	at org.springframework.boot.test.context.SpringBootContextLoader.lambda$loadContext$3(SpringBootContextLoader.java:137)
	at org.springframework.util.function.ThrowingSupplier.get(ThrowingSupplier.java:58)
	at org.springframework.util.function.ThrowingSupplier.get(ThrowingSupplier.java:46)
	at org.springframework.boot.SpringApplication.withHook(SpringApplication.java:1463)
	at org.springframework.boot.test.context.SpringBootContextLoader$ContextLoaderHook.run(SpringBootContextLoader.java:553)
	at org.springframework.boot.test.context.SpringBootContextLoader.loadContext(SpringBootContextLoader.java:137)
	at org.springframework.boot.test.context.SpringBootContextLoader.loadContext(SpringBootContextLoader.java:108)
	at org.springframework.test.context.cache.DefaultCacheAwareContextLoaderDelegate.loadContextInternal(DefaultCacheAwareContextLoaderDelegate.java:225)
	at org.springframework.test.context.cache.DefaultCacheAwareContextLoaderDelegate.loadContext(DefaultCacheAwareContextLoaderDelegate.java:152)
	... 73 common frames omitted
Caused by: org.springframework.beans.factory.BeanCreationException: Error creating bean with name 'liquibase' defined in class path resource [org/springframework/boot/autoconfigure/liquibase/LiquibaseAutoConfiguration$LiquibaseConfiguration.class]: liquibase.exception.DatabaseException: org.postgresql.util.PSQLException: The connection attempt failed.
	at org.springframework.beans.factory.support.AbstractAutowireCapableBeanFactory.initializeBean(AbstractAutowireCapableBeanFactory.java:1806)
	at org.springframework.beans.factory.support.AbstractAutowireCapableBeanFactory.doCreateBean(AbstractAutowireCapableBeanFactory.java:600)
	at org.springframework.beans.factory.support.AbstractAutowireCapableBeanFactory.createBean(AbstractAutowireCapableBeanFactory.java:522)
	at org.springframework.beans.factory.support.AbstractBeanFactory.lambda$doGetBean$0(AbstractBeanFactory.java:337)
	at org.springframework.beans.factory.support.DefaultSingletonBeanRegistry.getSingleton(DefaultSingletonBeanRegistry.java:234)
	at org.springframework.beans.factory.support.AbstractBeanFactory.doGetBean(AbstractBeanFactory.java:335)
	at org.springframework.beans.factory.support.AbstractBeanFactory.getBean(AbstractBeanFactory.java:200)
	at org.springframework.beans.factory.support.AbstractBeanFactory.doGetBean(AbstractBeanFactory.java:313)
	... 88 common frames omitted
Caused by: liquibase.exception.UnexpectedLiquibaseException: liquibase.exception.DatabaseException: org.postgresql.util.PSQLException: The connection attempt failed.
	at liquibase.integration.spring.SpringLiquibase.afterPropertiesSet(SpringLiquibase.java:259)
	at org.springframework.beans.factory.support.AbstractAutowireCapableBeanFactory.invokeInitMethods(AbstractAutowireCapableBeanFactory.java:1853)
	at org.springframework.beans.factory.support.AbstractAutowireCapableBeanFactory.initializeBean(AbstractAutowireCapableBeanFactory.java:1802)
	... 95 common frames omitted
Caused by: liquibase.exception.DatabaseException: org.postgresql.util.PSQLException: The connection attempt failed.
	at liquibase.integration.spring.SpringLiquibase.lambda$afterPropertiesSet$0(SpringLiquibase.java:251)
	at liquibase.Scope.lambda$child$0(Scope.java:190)
	at liquibase.Scope.child(Scope.java:199)
	at liquibase.Scope.child(Scope.java:189)
	at liquibase.Scope.child(Scope.java:168)
	at liquibase.Scope.child(Scope.java:256)
	at liquibase.integration.spring.SpringLiquibase.afterPropertiesSet(SpringLiquibase.java:242)
	... 97 common frames omitted
Caused by: org.postgresql.util.PSQLException: The connection attempt failed.
	at org.postgresql.core.v3.ConnectionFactoryImpl.openConnectionImpl(ConnectionFactoryImpl.java:364)
	at org.postgresql.core.ConnectionFactory.openConnection(ConnectionFactory.java:54)
	at org.postgresql.jdbc.PgConnection.<init>(PgConnection.java:273)
	at org.postgresql.Driver.makeConnection(Driver.java:446)
	at org.postgresql.Driver.connect(Driver.java:298)
	at com.zaxxer.hikari.util.DriverDataSource.getConnection(DriverDataSource.java:137)
	at com.zaxxer.hikari.pool.PoolBase.newConnection(PoolBase.java:360)
	at com.zaxxer.hikari.pool.PoolBase.newPoolEntry(PoolBase.java:202)
	at com.zaxxer.hikari.pool.HikariPool.createPoolEntry(HikariPool.java:461)
	at com.zaxxer.hikari.pool.HikariPool.checkFailFast(HikariPool.java:550)
	at com.zaxxer.hikari.pool.HikariPool.<init>(HikariPool.java:98)
	at com.zaxxer.hikari.HikariDataSource.getConnection(HikariDataSource.java:111)
	at liquibase.integration.spring.SpringLiquibase.lambda$afterPropertiesSet$0(SpringLiquibase.java:246)
	... 103 common frames omitted
Caused by: java.net.UnknownHostException: postgres-db
	at java.base/sun.nio.ch.NioSocketImpl.connect(NioSocketImpl.java:567)
	at java.base/java.net.SocksSocketImpl.connect(SocksSocketImpl.java:327)
	at java.base/java.net.Socket.connect(Socket.java:751)
	at org.postgresql.core.PGStream.createSocket(PGStream.java:260)
	at org.postgresql.core.PGStream.<init>(PGStream.java:121)
	at org.postgresql.core.v3.ConnectionFactoryImpl.tryConnect(ConnectionFactoryImpl.java:140)
	at org.postgresql.core.v3.ConnectionFactoryImpl.openConnectionImpl(ConnectionFactoryImpl.java:268)
	... 115 common frames omitted
2025-03-03 19:44:50 [main] INFO  o.s.t.c.s.AnnotationConfigContextLoaderUtils - Could not detect default configuration classes for test class [com.track.task.user.UserServiceImplTest]: UserServiceImplTest does not declare any static, non-private, non-final, nested classes annotated with @Configuration.
2025-03-03 19:44:50 [testcontainers-ryuk] WARN  o.t.utility.RyukResourceReaper - Can not connect to Ryuk at 172.17.0.1:32264
java.net.ConnectException: Connection refused
	at java.base/sun.nio.ch.Net.pollConnect(Native Method)
	at java.base/sun.nio.ch.Net.pollConnectNow(Net.java:682)
	at java.base/sun.nio.ch.NioSocketImpl.timedFinishConnect(NioSocketImpl.java:542)
	at java.base/sun.nio.ch.NioSocketImpl.connect(NioSocketImpl.java:592)
	at java.base/java.net.SocksSocketImpl.connect(SocksSocketImpl.java:327)
	at java.base/java.net.Socket.connect(Socket.java:751)
	at org.testcontainers.utility.RyukResourceReaper.lambda$null$1(RyukResourceReaper.java:105)
	at org.rnorth.ducttape.ratelimits.RateLimiter.doWhenReady(RateLimiter.java:27)
	at org.testcontainers.utility.RyukResourceReaper.lambda$maybeStart$2(RyukResourceReaper.java:101)
	at java.base/java.lang.Thread.run(Thread.java:1583)
2025-03-03 19:44:50 [testcontainers-ryuk] WARN  o.t.utility.RyukResourceReaper - Can not connect to Ryuk at 172.17.0.1:32264
java.net.ConnectException: Connection refused
	at java.base/sun.nio.ch.Net.pollConnect(Native Method)
	at java.base/sun.nio.ch.Net.pollConnectNow(Net.java:682)
	at java.base/sun.nio.ch.NioSocketImpl.timedFinishConnect(NioSocketImpl.java:542)
	at java.base/sun.nio.ch.NioSocketImpl.connect(NioSocketImpl.java:592)
	at java.base/java.net.SocksSocketImpl.connect(SocksSocketImpl.java:327)
	at java.base/java.net.Socket.connect(Socket.java:751)
	at org.testcontainers.utility.RyukResourceReaper.lambda$null$1(RyukResourceReaper.java:105)
	at org.rnorth.ducttape.ratelimits.RateLimiter.doWhenReady(RateLimiter.java:27)
	at org.testcontainers.utility.RyukResourceReaper.lambda$maybeStart$2(RyukResourceReaper.java:101)
	at java.base/java.lang.Thread.run(Thread.java:1583)
2025-03-03 19:44:50 [main] INFO  o.s.b.t.c.SpringBootTestContextBootstrapper - Found @SpringBootConfiguration com.track.task.TaskTrackerApplication for test class com.track.task.user.UserServiceImplTest
2025-03-03 19:56:19 [background-preinit] INFO  o.h.validator.internal.util.Version - HV000001: Hibernate Validator 8.0.1.Final
2025-03-03 19:56:19 [main] INFO  com.track.task.task.TaskServiceTest - Starting TaskServiceTest using Java 21.0.6 with PID 77 (started by root in /app)
2025-03-03 19:56:19 [main] INFO  com.track.task.task.TaskServiceTest - No active profile set, falling back to 1 default profile: "default"
2025-03-03 19:56:24 [main] INFO  o.s.d.r.c.RepositoryConfigurationDelegate - Bootstrapping Spring Data JPA repositories in DEFAULT mode.
2025-03-03 19:56:25 [main] INFO  o.s.d.r.c.RepositoryConfigurationDelegate - Finished Spring Data repository scanning in 748 ms. Found 5 JPA repository interfaces.
2025-03-03 19:56:27 [main] INFO  com.zaxxer.hikari.HikariDataSource - HikariPool-1 - Starting...
2025-03-03 19:56:28 [main] WARN  o.s.w.c.s.GenericWebApplicationContext - Exception encountered during context initialization - cancelling refresh attempt: org.springframework.beans.factory.BeanCreationException: Error creating bean with name 'entityManagerFactory' defined in class path resource [org/springframework/boot/autoconfigure/orm/jpa/HibernateJpaConfiguration.class]: Failed to initialize dependency 'liquibase' of LoadTimeWeaverAware bean 'entityManagerFactory': Error creating bean with name 'liquibase' defined in class path resource [org/springframework/boot/autoconfigure/liquibase/LiquibaseAutoConfiguration$LiquibaseConfiguration.class]: liquibase.exception.DatabaseException: org.postgresql.util.PSQLException: Connection to 172.17.0.1:48035 refused. Check that the hostname and port are correct and that the postmaster is accepting TCP/IP connections.
2025-03-03 19:56:29 [main] INFO  o.s.b.a.l.ConditionEvaluationReportLogger - 

Error starting ApplicationContext. To display the condition evaluation report re-run your application with 'debug' enabled.
2025-03-03 19:56:29 [main] ERROR o.s.boot.SpringApplication - Application run failed
org.springframework.beans.factory.BeanCreationException: Error creating bean with name 'entityManagerFactory' defined in class path resource [org/springframework/boot/autoconfigure/orm/jpa/HibernateJpaConfiguration.class]: Failed to initialize dependency 'liquibase' of LoadTimeWeaverAware bean 'entityManagerFactory': Error creating bean with name 'liquibase' defined in class path resource [org/springframework/boot/autoconfigure/liquibase/LiquibaseAutoConfiguration$LiquibaseConfiguration.class]: liquibase.exception.DatabaseException: org.postgresql.util.PSQLException: Connection to 172.17.0.1:48035 refused. Check that the hostname and port are correct and that the postmaster is accepting TCP/IP connections.
	at org.springframework.beans.factory.support.AbstractBeanFactory.doGetBean(AbstractBeanFactory.java:326)
	at org.springframework.beans.factory.support.AbstractBeanFactory.getBean(AbstractBeanFactory.java:205)
	at org.springframework.context.support.AbstractApplicationContext.finishBeanFactoryInitialization(AbstractApplicationContext.java:954)
	at org.springframework.context.support.AbstractApplicationContext.refresh(AbstractApplicationContext.java:625)
	at org.springframework.boot.SpringApplication.refresh(SpringApplication.java:754)
	at org.springframework.boot.SpringApplication.refreshContext(SpringApplication.java:456)
	at org.springframework.boot.SpringApplication.run(SpringApplication.java:335)
	at org.springframework.boot.test.context.SpringBootContextLoader.lambda$loadContext$3(SpringBootContextLoader.java:137)
	at org.springframework.util.function.ThrowingSupplier.get(ThrowingSupplier.java:58)
	at org.springframework.util.function.ThrowingSupplier.get(ThrowingSupplier.java:46)
	at org.springframework.boot.SpringApplication.withHook(SpringApplication.java:1463)
	at org.springframework.boot.test.context.SpringBootContextLoader$ContextLoaderHook.run(SpringBootContextLoader.java:553)
	at org.springframework.boot.test.context.SpringBootContextLoader.loadContext(SpringBootContextLoader.java:137)
	at org.springframework.boot.test.context.SpringBootContextLoader.loadContext(SpringBootContextLoader.java:108)
	at org.springframework.test.context.cache.DefaultCacheAwareContextLoaderDelegate.loadContextInternal(DefaultCacheAwareContextLoaderDelegate.java:225)
	at org.springframework.test.context.cache.DefaultCacheAwareContextLoaderDelegate.loadContext(DefaultCacheAwareContextLoaderDelegate.java:152)
	at org.springframework.test.context.support.DefaultTestContext.getApplicationContext(DefaultTestContext.java:130)
	at org.springframework.test.context.web.ServletTestExecutionListener.setUpRequestContextIfNecessary(ServletTestExecutionListener.java:191)
	at org.springframework.test.context.web.ServletTestExecutionListener.prepareTestInstance(ServletTestExecutionListener.java:130)
	at org.springframework.test.context.TestContextManager.prepareTestInstance(TestContextManager.java:260)
	at org.springframework.test.context.junit.jupiter.SpringExtension.postProcessTestInstance(SpringExtension.java:163)
	at org.junit.jupiter.engine.descriptor.ClassBasedTestDescriptor.lambda$invokeTestInstancePostProcessors$10(ClassBasedTestDescriptor.java:378)
	at org.junit.jupiter.engine.descriptor.ClassBasedTestDescriptor.executeAndMaskThrowable(ClassBasedTestDescriptor.java:383)
	at org.junit.jupiter.engine.descriptor.ClassBasedTestDescriptor.lambda$invokeTestInstancePostProcessors$11(ClassBasedTestDescriptor.java:378)
	at java.base/java.util.stream.ReferencePipeline$3$1.accept(ReferencePipeline.java:197)
	at java.base/java.util.stream.ReferencePipeline$2$1.accept(ReferencePipeline.java:179)
	at java.base/java.util.ArrayList$ArrayListSpliterator.forEachRemaining(ArrayList.java:1708)
	at java.base/java.util.stream.AbstractPipeline.copyInto(AbstractPipeline.java:509)
	at java.base/java.util.stream.AbstractPipeline.wrapAndCopyInto(AbstractPipeline.java:499)
	at java.base/java.util.stream.StreamSpliterators$WrappingSpliterator.forEachRemaining(StreamSpliterators.java:310)
	at java.base/java.util.stream.Streams$ConcatSpliterator.forEachRemaining(Streams.java:735)
	at java.base/java.util.stream.Streams$ConcatSpliterator.forEachRemaining(Streams.java:734)
	at java.base/java.util.stream.ReferencePipeline$Head.forEach(ReferencePipeline.java:762)
	at org.junit.jupiter.engine.descriptor.ClassBasedTestDescriptor.invokeTestInstancePostProcessors(ClassBasedTestDescriptor.java:377)
	at org.junit.jupiter.engine.descriptor.ClassBasedTestDescriptor.lambda$instantiateAndPostProcessTestInstance$6(ClassBasedTestDescriptor.java:290)
	at org.junit.platform.engine.support.hierarchical.ThrowableCollector.execute(ThrowableCollector.java:73)
	at org.junit.jupiter.engine.descriptor.ClassBasedTestDescriptor.instantiateAndPostProcessTestInstance(ClassBasedTestDescriptor.java:289)
	at org.junit.jupiter.engine.descriptor.ClassBasedTestDescriptor.lambda$testInstancesProvider$4(ClassBasedTestDescriptor.java:279)
	at java.base/java.util.Optional.orElseGet(Optional.java:364)
	at org.junit.jupiter.engine.descriptor.ClassBasedTestDescriptor.lambda$testInstancesProvider$5(ClassBasedTestDescriptor.java:278)
	at org.junit.jupiter.engine.execution.TestInstancesProvider.getTestInstances(TestInstancesProvider.java:31)
	at org.junit.jupiter.engine.descriptor.TestMethodTestDescriptor.lambda$prepare$0(TestMethodTestDescriptor.java:106)
	at org.junit.platform.engine.support.hierarchical.ThrowableCollector.execute(ThrowableCollector.java:73)
	at org.junit.jupiter.engine.descriptor.TestMethodTestDescriptor.prepare(TestMethodTestDescriptor.java:105)
	at org.junit.jupiter.engine.descriptor.TestMethodTestDescriptor.prepare(TestMethodTestDescriptor.java:69)
	at org.junit.platform.engine.support.hierarchical.NodeTestTask.lambda$prepare$2(NodeTestTask.java:128)
	at org.junit.platform.engine.support.hierarchical.ThrowableCollector.execute(ThrowableCollector.java:73)
	at org.junit.platform.engine.support.hierarchical.NodeTestTask.prepare(NodeTestTask.java:128)
	at org.junit.platform.engine.support.hierarchical.NodeTestTask.execute(NodeTestTask.java:95)
	at java.base/java.util.ArrayList.forEach(ArrayList.java:1596)
	at org.junit.platform.engine.support.hierarchical.SameThreadHierarchicalTestExecutorService.invokeAll(SameThreadHierarchicalTestExecutorService.java:41)
	at org.junit.platform.engine.support.hierarchical.NodeTestTask.lambda$executeRecursively$6(NodeTestTask.java:160)
	at org.junit.platform.engine.support.hierarchical.ThrowableCollector.execute(ThrowableCollector.java:73)
	at org.junit.platform.engine.support.hierarchical.NodeTestTask.lambda$executeRecursively$8(NodeTestTask.java:146)
	at org.junit.platform.engine.support.hierarchical.Node.around(Node.java:137)
	at org.junit.platform.engine.support.hierarchical.NodeTestTask.lambda$executeRecursively$9(NodeTestTask.java:144)
	at org.junit.platform.engine.support.hierarchical.ThrowableCollector.execute(ThrowableCollector.java:73)
	at org.junit.platform.engine.support.hierarchical.NodeTestTask.executeRecursively(NodeTestTask.java:143)
	at org.junit.platform.engine.support.hierarchical.NodeTestTask.execute(NodeTestTask.java:100)
	at java.base/java.util.ArrayList.forEach(ArrayList.java:1596)
	at org.junit.platform.engine.support.hierarchical.SameThreadHierarchicalTestExecutorService.invokeAll(SameThreadHierarchicalTestExecutorService.java:41)
	at org.junit.platform.engine.support.hierarchical.NodeTestTask.lambda$executeRecursively$6(NodeTestTask.java:160)
	at org.junit.platform.engine.support.hierarchical.ThrowableCollector.execute(ThrowableCollector.java:73)
	at org.junit.platform.engine.support.hierarchical.NodeTestTask.lambda$executeRecursively$8(NodeTestTask.java:146)
	at org.junit.platform.engine.support.hierarchical.Node.around(Node.java:137)
	at org.junit.platform.engine.support.hierarchical.NodeTestTask.lambda$executeRecursively$9(NodeTestTask.java:144)
	at org.junit.platform.engine.support.hierarchical.ThrowableCollector.execute(ThrowableCollector.java:73)
	at org.junit.platform.engine.support.hierarchical.NodeTestTask.executeRecursively(NodeTestTask.java:143)
	at org.junit.platform.engine.support.hierarchical.NodeTestTask.execute(NodeTestTask.java:100)
	at org.junit.platform.engine.support.hierarchical.SameThreadHierarchicalTestExecutorService.submit(SameThreadHierarchicalTestExecutorService.java:35)
	at org.junit.platform.engine.support.hierarchical.HierarchicalTestExecutor.execute(HierarchicalTestExecutor.java:57)
	at org.junit.platform.engine.support.hierarchical.HierarchicalTestEngine.execute(HierarchicalTestEngine.java:54)
	at org.junit.platform.launcher.core.EngineExecutionOrchestrator.execute(EngineExecutionOrchestrator.java:198)
	at org.junit.platform.launcher.core.EngineExecutionOrchestrator.execute(EngineExecutionOrchestrator.java:169)
	at org.junit.platform.launcher.core.EngineExecutionOrchestrator.execute(EngineExecutionOrchestrator.java:93)
	at org.junit.platform.launcher.core.EngineExecutionOrchestrator.lambda$execute$0(EngineExecutionOrchestrator.java:58)
	at org.junit.platform.launcher.core.EngineExecutionOrchestrator.withInterceptedStreams(EngineExecutionOrchestrator.java:141)
	at org.junit.platform.launcher.core.EngineExecutionOrchestrator.execute(EngineExecutionOrchestrator.java:57)
	at org.junit.platform.launcher.core.DefaultLauncher.execute(DefaultLauncher.java:103)
	at org.junit.platform.launcher.core.DefaultLauncher.execute(DefaultLauncher.java:85)
	at org.junit.platform.launcher.core.DelegatingLauncher.execute(DelegatingLauncher.java:47)
	at org.apache.maven.surefire.junitplatform.LazyLauncher.execute(LazyLauncher.java:56)
	at org.apache.maven.surefire.junitplatform.JUnitPlatformProvider.execute(JUnitPlatformProvider.java:184)
	at org.apache.maven.surefire.junitplatform.JUnitPlatformProvider.invokeAllTests(JUnitPlatformProvider.java:148)
	at org.apache.maven.surefire.junitplatform.JUnitPlatformProvider.invoke(JUnitPlatformProvider.java:122)
	at org.apache.maven.surefire.booter.ForkedBooter.runSuitesInProcess(ForkedBooter.java:385)
	at org.apache.maven.surefire.booter.ForkedBooter.execute(ForkedBooter.java:162)
	at org.apache.maven.surefire.booter.ForkedBooter.run(ForkedBooter.java:507)
	at org.apache.maven.surefire.booter.ForkedBooter.main(ForkedBooter.java:495)
Caused by: org.springframework.beans.factory.BeanCreationException: Error creating bean with name 'liquibase' defined in class path resource [org/springframework/boot/autoconfigure/liquibase/LiquibaseAutoConfiguration$LiquibaseConfiguration.class]: liquibase.exception.DatabaseException: org.postgresql.util.PSQLException: Connection to 172.17.0.1:48035 refused. Check that the hostname and port are correct and that the postmaster is accepting TCP/IP connections.
	at org.springframework.beans.factory.support.AbstractAutowireCapableBeanFactory.initializeBean(AbstractAutowireCapableBeanFactory.java:1806)
	at org.springframework.beans.factory.support.AbstractAutowireCapableBeanFactory.doCreateBean(AbstractAutowireCapableBeanFactory.java:600)
	at org.springframework.beans.factory.support.AbstractAutowireCapableBeanFactory.createBean(AbstractAutowireCapableBeanFactory.java:522)
	at org.springframework.beans.factory.support.AbstractBeanFactory.lambda$doGetBean$0(AbstractBeanFactory.java:337)
	at org.springframework.beans.factory.support.DefaultSingletonBeanRegistry.getSingleton(DefaultSingletonBeanRegistry.java:234)
	at org.springframework.beans.factory.support.AbstractBeanFactory.doGetBean(AbstractBeanFactory.java:335)
	at org.springframework.beans.factory.support.AbstractBeanFactory.getBean(AbstractBeanFactory.java:200)
	at org.springframework.beans.factory.support.AbstractBeanFactory.doGetBean(AbstractBeanFactory.java:313)
	... 88 common frames omitted
Caused by: liquibase.exception.UnexpectedLiquibaseException: liquibase.exception.DatabaseException: org.postgresql.util.PSQLException: Connection to 172.17.0.1:48035 refused. Check that the hostname and port are correct and that the postmaster is accepting TCP/IP connections.
	at liquibase.integration.spring.SpringLiquibase.afterPropertiesSet(SpringLiquibase.java:259)
	at org.springframework.beans.factory.support.AbstractAutowireCapableBeanFactory.invokeInitMethods(AbstractAutowireCapableBeanFactory.java:1853)
	at org.springframework.beans.factory.support.AbstractAutowireCapableBeanFactory.initializeBean(AbstractAutowireCapableBeanFactory.java:1802)
	... 95 common frames omitted
Caused by: liquibase.exception.DatabaseException: org.postgresql.util.PSQLException: Connection to 172.17.0.1:48035 refused. Check that the hostname and port are correct and that the postmaster is accepting TCP/IP connections.
	at liquibase.integration.spring.SpringLiquibase.lambda$afterPropertiesSet$0(SpringLiquibase.java:251)
	at liquibase.Scope.lambda$child$0(Scope.java:190)
	at liquibase.Scope.child(Scope.java:199)
	at liquibase.Scope.child(Scope.java:189)
	at liquibase.Scope.child(Scope.java:168)
	at liquibase.Scope.child(Scope.java:256)
	at liquibase.integration.spring.SpringLiquibase.afterPropertiesSet(SpringLiquibase.java:242)
	... 97 common frames omitted
Caused by: org.postgresql.util.PSQLException: Connection to 172.17.0.1:48035 refused. Check that the hostname and port are correct and that the postmaster is accepting TCP/IP connections.
	at org.postgresql.core.v3.ConnectionFactoryImpl.openConnectionImpl(ConnectionFactoryImpl.java:352)
	at org.postgresql.core.ConnectionFactory.openConnection(ConnectionFactory.java:54)
	at org.postgresql.jdbc.PgConnection.<init>(PgConnection.java:273)
	at org.postgresql.Driver.makeConnection(Driver.java:446)
	at org.postgresql.Driver.connect(Driver.java:298)
	at com.zaxxer.hikari.util.DriverDataSource.getConnection(DriverDataSource.java:137)
	at com.zaxxer.hikari.pool.PoolBase.newConnection(PoolBase.java:360)
	at com.zaxxer.hikari.pool.PoolBase.newPoolEntry(PoolBase.java:202)
	at com.zaxxer.hikari.pool.HikariPool.createPoolEntry(HikariPool.java:461)
	at com.zaxxer.hikari.pool.HikariPool.checkFailFast(HikariPool.java:550)
	at com.zaxxer.hikari.pool.HikariPool.<init>(HikariPool.java:98)
	at com.zaxxer.hikari.HikariDataSource.getConnection(HikariDataSource.java:111)
	at liquibase.integration.spring.SpringLiquibase.lambda$afterPropertiesSet$0(SpringLiquibase.java:246)
	... 103 common frames omitted
Caused by: java.net.ConnectException: Connection refused
	at java.base/sun.nio.ch.Net.pollConnect(Native Method)
	at java.base/sun.nio.ch.Net.pollConnectNow(Net.java:682)
	at java.base/sun.nio.ch.NioSocketImpl.timedFinishConnect(NioSocketImpl.java:542)
	at java.base/sun.nio.ch.NioSocketImpl.connect(NioSocketImpl.java:592)
	at java.base/java.net.SocksSocketImpl.connect(SocksSocketImpl.java:327)
	at java.base/java.net.Socket.connect(Socket.java:751)
	at org.postgresql.core.PGStream.createSocket(PGStream.java:260)
	at org.postgresql.core.PGStream.<init>(PGStream.java:121)
	at org.postgresql.core.v3.ConnectionFactoryImpl.tryConnect(ConnectionFactoryImpl.java:140)
	at org.postgresql.core.v3.ConnectionFactoryImpl.openConnectionImpl(ConnectionFactoryImpl.java:268)
	... 115 common frames omitted
2025-03-03 19:56:29 [main] WARN  o.s.test.context.TestContextManager - Caught exception while allowing TestExecutionListener [org.springframework.test.context.web.ServletTestExecutionListener] to prepare test instance [com.track.task.task.TaskServiceTest@18356951]
java.lang.IllegalStateException: Failed to load ApplicationContext for [WebMergedContextConfiguration@15a41088 testClass = com.track.task.task.TaskServiceTest, locations = [], classes = [com.track.task.TaskTrackerApplication], contextInitializerClasses = [], activeProfiles = [], propertySourceDescriptors = [], propertySourceProperties = ["org.springframework.boot.test.context.SpringBootTestContextBootstrapper=true"], contextCustomizers = [org.springframework.test.context.support.DynamicPropertiesContextCustomizer@559b5405, org.springframework.boot.test.context.filter.ExcludeFilterContextCustomizer@5d508d22, org.springframework.boot.test.json.DuplicateJsonObjectContextCustomizerFactory$DuplicateJsonObjectContextCustomizer@2ed9f6f8, org.springframework.boot.test.mock.mockito.MockitoContextCustomizer@ef8e2c18, org.springframework.boot.test.web.client.TestRestTemplateContextCustomizer@67fb5025, org.springframework.boot.test.web.reactor.netty.DisableReactorResourceFactoryGlobalResourcesContextCustomizerFactory$DisableReactorResourceFactoryGlobalResourcesContextCustomizerCustomizer@7d42404e, org.springframework.boot.test.autoconfigure.OnFailureConditionReportContextCustomizerFactory$OnFailureConditionReportContextCustomizer@2401856, org.springframework.boot.test.autoconfigure.actuate.observability.ObservabilityContextCustomizerFactory$DisableObservabilityContextCustomizer@1f, org.springframework.boot.test.autoconfigure.properties.PropertyMappingContextCustomizer@0, org.springframework.boot.test.autoconfigure.web.servlet.WebDriverContextCustomizer@7bee8621, org.springframework.boot.test.context.SpringBootTestAnnotation@c0461fcd], resourceBasePath = "src/main/webapp", contextLoader = org.springframework.boot.test.context.SpringBootContextLoader, parent = null]
	at org.springframework.test.context.cache.DefaultCacheAwareContextLoaderDelegate.loadContext(DefaultCacheAwareContextLoaderDelegate.java:180)
	at org.springframework.test.context.support.DefaultTestContext.getApplicationContext(DefaultTestContext.java:130)
	at org.springframework.test.context.web.ServletTestExecutionListener.setUpRequestContextIfNecessary(ServletTestExecutionListener.java:191)
	at org.springframework.test.context.web.ServletTestExecutionListener.prepareTestInstance(ServletTestExecutionListener.java:130)
	at org.springframework.test.context.TestContextManager.prepareTestInstance(TestContextManager.java:260)
	at org.springframework.test.context.junit.jupiter.SpringExtension.postProcessTestInstance(SpringExtension.java:163)
	at org.junit.jupiter.engine.descriptor.ClassBasedTestDescriptor.lambda$invokeTestInstancePostProcessors$10(ClassBasedTestDescriptor.java:378)
	at org.junit.jupiter.engine.descriptor.ClassBasedTestDescriptor.executeAndMaskThrowable(ClassBasedTestDescriptor.java:383)
	at org.junit.jupiter.engine.descriptor.ClassBasedTestDescriptor.lambda$invokeTestInstancePostProcessors$11(ClassBasedTestDescriptor.java:378)
	at java.base/java.util.stream.ReferencePipeline$3$1.accept(ReferencePipeline.java:197)
	at java.base/java.util.stream.ReferencePipeline$2$1.accept(ReferencePipeline.java:179)
	at java.base/java.util.ArrayList$ArrayListSpliterator.forEachRemaining(ArrayList.java:1708)
	at java.base/java.util.stream.AbstractPipeline.copyInto(AbstractPipeline.java:509)
	at java.base/java.util.stream.AbstractPipeline.wrapAndCopyInto(AbstractPipeline.java:499)
	at java.base/java.util.stream.StreamSpliterators$WrappingSpliterator.forEachRemaining(StreamSpliterators.java:310)
	at java.base/java.util.stream.Streams$ConcatSpliterator.forEachRemaining(Streams.java:735)
	at java.base/java.util.stream.Streams$ConcatSpliterator.forEachRemaining(Streams.java:734)
	at java.base/java.util.stream.ReferencePipeline$Head.forEach(ReferencePipeline.java:762)
	at org.junit.jupiter.engine.descriptor.ClassBasedTestDescriptor.invokeTestInstancePostProcessors(ClassBasedTestDescriptor.java:377)
	at org.junit.jupiter.engine.descriptor.ClassBasedTestDescriptor.lambda$instantiateAndPostProcessTestInstance$6(ClassBasedTestDescriptor.java:290)
	at org.junit.platform.engine.support.hierarchical.ThrowableCollector.execute(ThrowableCollector.java:73)
	at org.junit.jupiter.engine.descriptor.ClassBasedTestDescriptor.instantiateAndPostProcessTestInstance(ClassBasedTestDescriptor.java:289)
	at org.junit.jupiter.engine.descriptor.ClassBasedTestDescriptor.lambda$testInstancesProvider$4(ClassBasedTestDescriptor.java:279)
	at java.base/java.util.Optional.orElseGet(Optional.java:364)
	at org.junit.jupiter.engine.descriptor.ClassBasedTestDescriptor.lambda$testInstancesProvider$5(ClassBasedTestDescriptor.java:278)
	at org.junit.jupiter.engine.execution.TestInstancesProvider.getTestInstances(TestInstancesProvider.java:31)
	at org.junit.jupiter.engine.descriptor.TestMethodTestDescriptor.lambda$prepare$0(TestMethodTestDescriptor.java:106)
	at org.junit.platform.engine.support.hierarchical.ThrowableCollector.execute(ThrowableCollector.java:73)
	at org.junit.jupiter.engine.descriptor.TestMethodTestDescriptor.prepare(TestMethodTestDescriptor.java:105)
	at org.junit.jupiter.engine.descriptor.TestMethodTestDescriptor.prepare(TestMethodTestDescriptor.java:69)
	at org.junit.platform.engine.support.hierarchical.NodeTestTask.lambda$prepare$2(NodeTestTask.java:128)
	at org.junit.platform.engine.support.hierarchical.ThrowableCollector.execute(ThrowableCollector.java:73)
	at org.junit.platform.engine.support.hierarchical.NodeTestTask.prepare(NodeTestTask.java:128)
	at org.junit.platform.engine.support.hierarchical.NodeTestTask.execute(NodeTestTask.java:95)
	at java.base/java.util.ArrayList.forEach(ArrayList.java:1596)
	at org.junit.platform.engine.support.hierarchical.SameThreadHierarchicalTestExecutorService.invokeAll(SameThreadHierarchicalTestExecutorService.java:41)
	at org.junit.platform.engine.support.hierarchical.NodeTestTask.lambda$executeRecursively$6(NodeTestTask.java:160)
	at org.junit.platform.engine.support.hierarchical.ThrowableCollector.execute(ThrowableCollector.java:73)
	at org.junit.platform.engine.support.hierarchical.NodeTestTask.lambda$executeRecursively$8(NodeTestTask.java:146)
	at org.junit.platform.engine.support.hierarchical.Node.around(Node.java:137)
	at org.junit.platform.engine.support.hierarchical.NodeTestTask.lambda$executeRecursively$9(NodeTestTask.java:144)
	at org.junit.platform.engine.support.hierarchical.ThrowableCollector.execute(ThrowableCollector.java:73)
	at org.junit.platform.engine.support.hierarchical.NodeTestTask.executeRecursively(NodeTestTask.java:143)
	at org.junit.platform.engine.support.hierarchical.NodeTestTask.execute(NodeTestTask.java:100)
	at java.base/java.util.ArrayList.forEach(ArrayList.java:1596)
	at org.junit.platform.engine.support.hierarchical.SameThreadHierarchicalTestExecutorService.invokeAll(SameThreadHierarchicalTestExecutorService.java:41)
	at org.junit.platform.engine.support.hierarchical.NodeTestTask.lambda$executeRecursively$6(NodeTestTask.java:160)
	at org.junit.platform.engine.support.hierarchical.ThrowableCollector.execute(ThrowableCollector.java:73)
	at org.junit.platform.engine.support.hierarchical.NodeTestTask.lambda$executeRecursively$8(NodeTestTask.java:146)
	at org.junit.platform.engine.support.hierarchical.Node.around(Node.java:137)
	at org.junit.platform.engine.support.hierarchical.NodeTestTask.lambda$executeRecursively$9(NodeTestTask.java:144)
	at org.junit.platform.engine.support.hierarchical.ThrowableCollector.execute(ThrowableCollector.java:73)
	at org.junit.platform.engine.support.hierarchical.NodeTestTask.executeRecursively(NodeTestTask.java:143)
	at org.junit.platform.engine.support.hierarchical.NodeTestTask.execute(NodeTestTask.java:100)
	at org.junit.platform.engine.support.hierarchical.SameThreadHierarchicalTestExecutorService.submit(SameThreadHierarchicalTestExecutorService.java:35)
	at org.junit.platform.engine.support.hierarchical.HierarchicalTestExecutor.execute(HierarchicalTestExecutor.java:57)
	at org.junit.platform.engine.support.hierarchical.HierarchicalTestEngine.execute(HierarchicalTestEngine.java:54)
	at org.junit.platform.launcher.core.EngineExecutionOrchestrator.execute(EngineExecutionOrchestrator.java:198)
	at org.junit.platform.launcher.core.EngineExecutionOrchestrator.execute(EngineExecutionOrchestrator.java:169)
	at org.junit.platform.launcher.core.EngineExecutionOrchestrator.execute(EngineExecutionOrchestrator.java:93)
	at org.junit.platform.launcher.core.EngineExecutionOrchestrator.lambda$execute$0(EngineExecutionOrchestrator.java:58)
	at org.junit.platform.launcher.core.EngineExecutionOrchestrator.withInterceptedStreams(EngineExecutionOrchestrator.java:141)
	at org.junit.platform.launcher.core.EngineExecutionOrchestrator.execute(EngineExecutionOrchestrator.java:57)
	at org.junit.platform.launcher.core.DefaultLauncher.execute(DefaultLauncher.java:103)
	at org.junit.platform.launcher.core.DefaultLauncher.execute(DefaultLauncher.java:85)
	at org.junit.platform.launcher.core.DelegatingLauncher.execute(DelegatingLauncher.java:47)
	at org.apache.maven.surefire.junitplatform.LazyLauncher.execute(LazyLauncher.java:56)
	at org.apache.maven.surefire.junitplatform.JUnitPlatformProvider.execute(JUnitPlatformProvider.java:184)
	at org.apache.maven.surefire.junitplatform.JUnitPlatformProvider.invokeAllTests(JUnitPlatformProvider.java:148)
	at org.apache.maven.surefire.junitplatform.JUnitPlatformProvider.invoke(JUnitPlatformProvider.java:122)
	at org.apache.maven.surefire.booter.ForkedBooter.runSuitesInProcess(ForkedBooter.java:385)
	at org.apache.maven.surefire.booter.ForkedBooter.execute(ForkedBooter.java:162)
	at org.apache.maven.surefire.booter.ForkedBooter.run(ForkedBooter.java:507)
	at org.apache.maven.surefire.booter.ForkedBooter.main(ForkedBooter.java:495)
Caused by: org.springframework.beans.factory.BeanCreationException: Error creating bean with name 'entityManagerFactory' defined in class path resource [org/springframework/boot/autoconfigure/orm/jpa/HibernateJpaConfiguration.class]: Failed to initialize dependency 'liquibase' of LoadTimeWeaverAware bean 'entityManagerFactory': Error creating bean with name 'liquibase' defined in class path resource [org/springframework/boot/autoconfigure/liquibase/LiquibaseAutoConfiguration$LiquibaseConfiguration.class]: liquibase.exception.DatabaseException: org.postgresql.util.PSQLException: Connection to 172.17.0.1:48035 refused. Check that the hostname and port are correct and that the postmaster is accepting TCP/IP connections.
	at org.springframework.beans.factory.support.AbstractBeanFactory.doGetBean(AbstractBeanFactory.java:326)
	at org.springframework.beans.factory.support.AbstractBeanFactory.getBean(AbstractBeanFactory.java:205)
	at org.springframework.context.support.AbstractApplicationContext.finishBeanFactoryInitialization(AbstractApplicationContext.java:954)
	at org.springframework.context.support.AbstractApplicationContext.refresh(AbstractApplicationContext.java:625)
	at org.springframework.boot.SpringApplication.refresh(SpringApplication.java:754)
	at org.springframework.boot.SpringApplication.refreshContext(SpringApplication.java:456)
	at org.springframework.boot.SpringApplication.run(SpringApplication.java:335)
	at org.springframework.boot.test.context.SpringBootContextLoader.lambda$loadContext$3(SpringBootContextLoader.java:137)
	at org.springframework.util.function.ThrowingSupplier.get(ThrowingSupplier.java:58)
	at org.springframework.util.function.ThrowingSupplier.get(ThrowingSupplier.java:46)
	at org.springframework.boot.SpringApplication.withHook(SpringApplication.java:1463)
	at org.springframework.boot.test.context.SpringBootContextLoader$ContextLoaderHook.run(SpringBootContextLoader.java:553)
	at org.springframework.boot.test.context.SpringBootContextLoader.loadContext(SpringBootContextLoader.java:137)
	at org.springframework.boot.test.context.SpringBootContextLoader.loadContext(SpringBootContextLoader.java:108)
	at org.springframework.test.context.cache.DefaultCacheAwareContextLoaderDelegate.loadContextInternal(DefaultCacheAwareContextLoaderDelegate.java:225)
	at org.springframework.test.context.cache.DefaultCacheAwareContextLoaderDelegate.loadContext(DefaultCacheAwareContextLoaderDelegate.java:152)
	... 73 common frames omitted
Caused by: org.springframework.beans.factory.BeanCreationException: Error creating bean with name 'liquibase' defined in class path resource [org/springframework/boot/autoconfigure/liquibase/LiquibaseAutoConfiguration$LiquibaseConfiguration.class]: liquibase.exception.DatabaseException: org.postgresql.util.PSQLException: Connection to 172.17.0.1:48035 refused. Check that the hostname and port are correct and that the postmaster is accepting TCP/IP connections.
	at org.springframework.beans.factory.support.AbstractAutowireCapableBeanFactory.initializeBean(AbstractAutowireCapableBeanFactory.java:1806)
	at org.springframework.beans.factory.support.AbstractAutowireCapableBeanFactory.doCreateBean(AbstractAutowireCapableBeanFactory.java:600)
	at org.springframework.beans.factory.support.AbstractAutowireCapableBeanFactory.createBean(AbstractAutowireCapableBeanFactory.java:522)
	at org.springframework.beans.factory.support.AbstractBeanFactory.lambda$doGetBean$0(AbstractBeanFactory.java:337)
	at org.springframework.beans.factory.support.DefaultSingletonBeanRegistry.getSingleton(DefaultSingletonBeanRegistry.java:234)
	at org.springframework.beans.factory.support.AbstractBeanFactory.doGetBean(AbstractBeanFactory.java:335)
	at org.springframework.beans.factory.support.AbstractBeanFactory.getBean(AbstractBeanFactory.java:200)
	at org.springframework.beans.factory.support.AbstractBeanFactory.doGetBean(AbstractBeanFactory.java:313)
	... 88 common frames omitted
Caused by: liquibase.exception.UnexpectedLiquibaseException: liquibase.exception.DatabaseException: org.postgresql.util.PSQLException: Connection to 172.17.0.1:48035 refused. Check that the hostname and port are correct and that the postmaster is accepting TCP/IP connections.
	at liquibase.integration.spring.SpringLiquibase.afterPropertiesSet(SpringLiquibase.java:259)
	at org.springframework.beans.factory.support.AbstractAutowireCapableBeanFactory.invokeInitMethods(AbstractAutowireCapableBeanFactory.java:1853)
	at org.springframework.beans.factory.support.AbstractAutowireCapableBeanFactory.initializeBean(AbstractAutowireCapableBeanFactory.java:1802)
	... 95 common frames omitted
Caused by: liquibase.exception.DatabaseException: org.postgresql.util.PSQLException: Connection to 172.17.0.1:48035 refused. Check that the hostname and port are correct and that the postmaster is accepting TCP/IP connections.
	at liquibase.integration.spring.SpringLiquibase.lambda$afterPropertiesSet$0(SpringLiquibase.java:251)
	at liquibase.Scope.lambda$child$0(Scope.java:190)
	at liquibase.Scope.child(Scope.java:199)
	at liquibase.Scope.child(Scope.java:189)
	at liquibase.Scope.child(Scope.java:168)
	at liquibase.Scope.child(Scope.java:256)
	at liquibase.integration.spring.SpringLiquibase.afterPropertiesSet(SpringLiquibase.java:242)
	... 97 common frames omitted
Caused by: org.postgresql.util.PSQLException: Connection to 172.17.0.1:48035 refused. Check that the hostname and port are correct and that the postmaster is accepting TCP/IP connections.
	at org.postgresql.core.v3.ConnectionFactoryImpl.openConnectionImpl(ConnectionFactoryImpl.java:352)
	at org.postgresql.core.ConnectionFactory.openConnection(ConnectionFactory.java:54)
	at org.postgresql.jdbc.PgConnection.<init>(PgConnection.java:273)
	at org.postgresql.Driver.makeConnection(Driver.java:446)
	at org.postgresql.Driver.connect(Driver.java:298)
	at com.zaxxer.hikari.util.DriverDataSource.getConnection(DriverDataSource.java:137)
	at com.zaxxer.hikari.pool.PoolBase.newConnection(PoolBase.java:360)
	at com.zaxxer.hikari.pool.PoolBase.newPoolEntry(PoolBase.java:202)
	at com.zaxxer.hikari.pool.HikariPool.createPoolEntry(HikariPool.java:461)
	at com.zaxxer.hikari.pool.HikariPool.checkFailFast(HikariPool.java:550)
	at com.zaxxer.hikari.pool.HikariPool.<init>(HikariPool.java:98)
	at com.zaxxer.hikari.HikariDataSource.getConnection(HikariDataSource.java:111)
	at liquibase.integration.spring.SpringLiquibase.lambda$afterPropertiesSet$0(SpringLiquibase.java:246)
	... 103 common frames omitted
Caused by: java.net.ConnectException: Connection refused
	at java.base/sun.nio.ch.Net.pollConnect(Native Method)
	at java.base/sun.nio.ch.Net.pollConnectNow(Net.java:682)
	at java.base/sun.nio.ch.NioSocketImpl.timedFinishConnect(NioSocketImpl.java:542)
	at java.base/sun.nio.ch.NioSocketImpl.connect(NioSocketImpl.java:592)
	at java.base/java.net.SocksSocketImpl.connect(SocksSocketImpl.java:327)
	at java.base/java.net.Socket.connect(Socket.java:751)
	at org.postgresql.core.PGStream.createSocket(PGStream.java:260)
	at org.postgresql.core.PGStream.<init>(PGStream.java:121)
	at org.postgresql.core.v3.ConnectionFactoryImpl.tryConnect(ConnectionFactoryImpl.java:140)
	at org.postgresql.core.v3.ConnectionFactoryImpl.openConnectionImpl(ConnectionFactoryImpl.java:268)
	... 115 common frames omitted
2025-03-03 19:56:29 [main] WARN  o.s.test.context.TestContextManager - Caught exception while allowing TestExecutionListener [org.springframework.test.context.web.ServletTestExecutionListener] to prepare test instance [com.track.task.task.TaskServiceTest@71b32407]
java.lang.IllegalStateException: ApplicationContext failure threshold (1) exceeded: skipping repeated attempt to load context for [WebMergedContextConfiguration@15a41088 testClass = com.track.task.task.TaskServiceTest, locations = [], classes = [com.track.task.TaskTrackerApplication], contextInitializerClasses = [], activeProfiles = [], propertySourceDescriptors = [], propertySourceProperties = ["org.springframework.boot.test.context.SpringBootTestContextBootstrapper=true"], contextCustomizers = [org.springframework.test.context.support.DynamicPropertiesContextCustomizer@559b5405, org.springframework.boot.test.context.filter.ExcludeFilterContextCustomizer@5d508d22, org.springframework.boot.test.json.DuplicateJsonObjectContextCustomizerFactory$DuplicateJsonObjectContextCustomizer@2ed9f6f8, org.springframework.boot.test.mock.mockito.MockitoContextCustomizer@ef8e2c18, org.springframework.boot.test.web.client.TestRestTemplateContextCustomizer@67fb5025, org.springframework.boot.test.web.reactor.netty.DisableReactorResourceFactoryGlobalResourcesContextCustomizerFactory$DisableReactorResourceFactoryGlobalResourcesContextCustomizerCustomizer@7d42404e, org.springframework.boot.test.autoconfigure.OnFailureConditionReportContextCustomizerFactory$OnFailureConditionReportContextCustomizer@2401856, org.springframework.boot.test.autoconfigure.actuate.observability.ObservabilityContextCustomizerFactory$DisableObservabilityContextCustomizer@1f, org.springframework.boot.test.autoconfigure.properties.PropertyMappingContextCustomizer@0, org.springframework.boot.test.autoconfigure.web.servlet.WebDriverContextCustomizer@7bee8621, org.springframework.boot.test.context.SpringBootTestAnnotation@c0461fcd], resourceBasePath = "src/main/webapp", contextLoader = org.springframework.boot.test.context.SpringBootContextLoader, parent = null]
	at org.springframework.test.context.cache.DefaultCacheAwareContextLoaderDelegate.loadContext(DefaultCacheAwareContextLoaderDelegate.java:145)
	at org.springframework.test.context.support.DefaultTestContext.getApplicationContext(DefaultTestContext.java:130)
	at org.springframework.test.context.web.ServletTestExecutionListener.setUpRequestContextIfNecessary(ServletTestExecutionListener.java:191)
	at org.springframework.test.context.web.ServletTestExecutionListener.prepareTestInstance(ServletTestExecutionListener.java:130)
	at org.springframework.test.context.TestContextManager.prepareTestInstance(TestContextManager.java:260)
	at org.springframework.test.context.junit.jupiter.SpringExtension.postProcessTestInstance(SpringExtension.java:163)
	at org.junit.jupiter.engine.descriptor.ClassBasedTestDescriptor.lambda$invokeTestInstancePostProcessors$10(ClassBasedTestDescriptor.java:378)
	at org.junit.jupiter.engine.descriptor.ClassBasedTestDescriptor.executeAndMaskThrowable(ClassBasedTestDescriptor.java:383)
	at org.junit.jupiter.engine.descriptor.ClassBasedTestDescriptor.lambda$invokeTestInstancePostProcessors$11(ClassBasedTestDescriptor.java:378)
	at java.base/java.util.stream.ReferencePipeline$3$1.accept(ReferencePipeline.java:197)
	at java.base/java.util.stream.ReferencePipeline$2$1.accept(ReferencePipeline.java:179)
	at java.base/java.util.ArrayList$ArrayListSpliterator.forEachRemaining(ArrayList.java:1708)
	at java.base/java.util.stream.AbstractPipeline.copyInto(AbstractPipeline.java:509)
	at java.base/java.util.stream.AbstractPipeline.wrapAndCopyInto(AbstractPipeline.java:499)
	at java.base/java.util.stream.StreamSpliterators$WrappingSpliterator.forEachRemaining(StreamSpliterators.java:310)
	at java.base/java.util.stream.Streams$ConcatSpliterator.forEachRemaining(Streams.java:735)
	at java.base/java.util.stream.Streams$ConcatSpliterator.forEachRemaining(Streams.java:734)
	at java.base/java.util.stream.ReferencePipeline$Head.forEach(ReferencePipeline.java:762)
	at org.junit.jupiter.engine.descriptor.ClassBasedTestDescriptor.invokeTestInstancePostProcessors(ClassBasedTestDescriptor.java:377)
	at org.junit.jupiter.engine.descriptor.ClassBasedTestDescriptor.lambda$instantiateAndPostProcessTestInstance$6(ClassBasedTestDescriptor.java:290)
	at org.junit.platform.engine.support.hierarchical.ThrowableCollector.execute(ThrowableCollector.java:73)
	at org.junit.jupiter.engine.descriptor.ClassBasedTestDescriptor.instantiateAndPostProcessTestInstance(ClassBasedTestDescriptor.java:289)
	at org.junit.jupiter.engine.descriptor.ClassBasedTestDescriptor.lambda$testInstancesProvider$4(ClassBasedTestDescriptor.java:279)
	at java.base/java.util.Optional.orElseGet(Optional.java:364)
	at org.junit.jupiter.engine.descriptor.ClassBasedTestDescriptor.lambda$testInstancesProvider$5(ClassBasedTestDescriptor.java:278)
	at org.junit.jupiter.engine.execution.TestInstancesProvider.getTestInstances(TestInstancesProvider.java:31)
	at org.junit.jupiter.engine.descriptor.TestMethodTestDescriptor.lambda$prepare$0(TestMethodTestDescriptor.java:106)
	at org.junit.platform.engine.support.hierarchical.ThrowableCollector.execute(ThrowableCollector.java:73)
	at org.junit.jupiter.engine.descriptor.TestMethodTestDescriptor.prepare(TestMethodTestDescriptor.java:105)
	at org.junit.jupiter.engine.descriptor.TestMethodTestDescriptor.prepare(TestMethodTestDescriptor.java:69)
	at org.junit.platform.engine.support.hierarchical.NodeTestTask.lambda$prepare$2(NodeTestTask.java:128)
	at org.junit.platform.engine.support.hierarchical.ThrowableCollector.execute(ThrowableCollector.java:73)
	at org.junit.platform.engine.support.hierarchical.NodeTestTask.prepare(NodeTestTask.java:128)
	at org.junit.platform.engine.support.hierarchical.NodeTestTask.execute(NodeTestTask.java:95)
	at java.base/java.util.ArrayList.forEach(ArrayList.java:1596)
	at org.junit.platform.engine.support.hierarchical.SameThreadHierarchicalTestExecutorService.invokeAll(SameThreadHierarchicalTestExecutorService.java:41)
	at org.junit.platform.engine.support.hierarchical.NodeTestTask.lambda$executeRecursively$6(NodeTestTask.java:160)
	at org.junit.platform.engine.support.hierarchical.ThrowableCollector.execute(ThrowableCollector.java:73)
	at org.junit.platform.engine.support.hierarchical.NodeTestTask.lambda$executeRecursively$8(NodeTestTask.java:146)
	at org.junit.platform.engine.support.hierarchical.Node.around(Node.java:137)
	at org.junit.platform.engine.support.hierarchical.NodeTestTask.lambda$executeRecursively$9(NodeTestTask.java:144)
	at org.junit.platform.engine.support.hierarchical.ThrowableCollector.execute(ThrowableCollector.java:73)
	at org.junit.platform.engine.support.hierarchical.NodeTestTask.executeRecursively(NodeTestTask.java:143)
	at org.junit.platform.engine.support.hierarchical.NodeTestTask.execute(NodeTestTask.java:100)
	at java.base/java.util.ArrayList.forEach(ArrayList.java:1596)
	at org.junit.platform.engine.support.hierarchical.SameThreadHierarchicalTestExecutorService.invokeAll(SameThreadHierarchicalTestExecutorService.java:41)
	at org.junit.platform.engine.support.hierarchical.NodeTestTask.lambda$executeRecursively$6(NodeTestTask.java:160)
	at org.junit.platform.engine.support.hierarchical.ThrowableCollector.execute(ThrowableCollector.java:73)
	at org.junit.platform.engine.support.hierarchical.NodeTestTask.lambda$executeRecursively$8(NodeTestTask.java:146)
	at org.junit.platform.engine.support.hierarchical.Node.around(Node.java:137)
	at org.junit.platform.engine.support.hierarchical.NodeTestTask.lambda$executeRecursively$9(NodeTestTask.java:144)
	at org.junit.platform.engine.support.hierarchical.ThrowableCollector.execute(ThrowableCollector.java:73)
	at org.junit.platform.engine.support.hierarchical.NodeTestTask.executeRecursively(NodeTestTask.java:143)
	at org.junit.platform.engine.support.hierarchical.NodeTestTask.execute(NodeTestTask.java:100)
	at org.junit.platform.engine.support.hierarchical.SameThreadHierarchicalTestExecutorService.submit(SameThreadHierarchicalTestExecutorService.java:35)
	at org.junit.platform.engine.support.hierarchical.HierarchicalTestExecutor.execute(HierarchicalTestExecutor.java:57)
	at org.junit.platform.engine.support.hierarchical.HierarchicalTestEngine.execute(HierarchicalTestEngine.java:54)
	at org.junit.platform.launcher.core.EngineExecutionOrchestrator.execute(EngineExecutionOrchestrator.java:198)
	at org.junit.platform.launcher.core.EngineExecutionOrchestrator.execute(EngineExecutionOrchestrator.java:169)
	at org.junit.platform.launcher.core.EngineExecutionOrchestrator.execute(EngineExecutionOrchestrator.java:93)
	at org.junit.platform.launcher.core.EngineExecutionOrchestrator.lambda$execute$0(EngineExecutionOrchestrator.java:58)
	at org.junit.platform.launcher.core.EngineExecutionOrchestrator.withInterceptedStreams(EngineExecutionOrchestrator.java:141)
	at org.junit.platform.launcher.core.EngineExecutionOrchestrator.execute(EngineExecutionOrchestrator.java:57)
	at org.junit.platform.launcher.core.DefaultLauncher.execute(DefaultLauncher.java:103)
	at org.junit.platform.launcher.core.DefaultLauncher.execute(DefaultLauncher.java:85)
	at org.junit.platform.launcher.core.DelegatingLauncher.execute(DelegatingLauncher.java:47)
	at org.apache.maven.surefire.junitplatform.LazyLauncher.execute(LazyLauncher.java:56)
	at org.apache.maven.surefire.junitplatform.JUnitPlatformProvider.execute(JUnitPlatformProvider.java:184)
	at org.apache.maven.surefire.junitplatform.JUnitPlatformProvider.invokeAllTests(JUnitPlatformProvider.java:148)
	at org.apache.maven.surefire.junitplatform.JUnitPlatformProvider.invoke(JUnitPlatformProvider.java:122)
	at org.apache.maven.surefire.booter.ForkedBooter.runSuitesInProcess(ForkedBooter.java:385)
	at org.apache.maven.surefire.booter.ForkedBooter.execute(ForkedBooter.java:162)
	at org.apache.maven.surefire.booter.ForkedBooter.run(ForkedBooter.java:507)
	at org.apache.maven.surefire.booter.ForkedBooter.main(ForkedBooter.java:495)
2025-03-03 19:56:29 [main] WARN  o.s.test.context.TestContextManager - Caught exception while allowing TestExecutionListener [org.springframework.test.context.web.ServletTestExecutionListener] to prepare test instance [com.track.task.task.TaskServiceTest@400df2b3]
java.lang.IllegalStateException: ApplicationContext failure threshold (1) exceeded: skipping repeated attempt to load context for [WebMergedContextConfiguration@15a41088 testClass = com.track.task.task.TaskServiceTest, locations = [], classes = [com.track.task.TaskTrackerApplication], contextInitializerClasses = [], activeProfiles = [], propertySourceDescriptors = [], propertySourceProperties = ["org.springframework.boot.test.context.SpringBootTestContextBootstrapper=true"], contextCustomizers = [org.springframework.test.context.support.DynamicPropertiesContextCustomizer@559b5405, org.springframework.boot.test.context.filter.ExcludeFilterContextCustomizer@5d508d22, org.springframework.boot.test.json.DuplicateJsonObjectContextCustomizerFactory$DuplicateJsonObjectContextCustomizer@2ed9f6f8, org.springframework.boot.test.mock.mockito.MockitoContextCustomizer@ef8e2c18, org.springframework.boot.test.web.client.TestRestTemplateContextCustomizer@67fb5025, org.springframework.boot.test.web.reactor.netty.DisableReactorResourceFactoryGlobalResourcesContextCustomizerFactory$DisableReactorResourceFactoryGlobalResourcesContextCustomizerCustomizer@7d42404e, org.springframework.boot.test.autoconfigure.OnFailureConditionReportContextCustomizerFactory$OnFailureConditionReportContextCustomizer@2401856, org.springframework.boot.test.autoconfigure.actuate.observability.ObservabilityContextCustomizerFactory$DisableObservabilityContextCustomizer@1f, org.springframework.boot.test.autoconfigure.properties.PropertyMappingContextCustomizer@0, org.springframework.boot.test.autoconfigure.web.servlet.WebDriverContextCustomizer@7bee8621, org.springframework.boot.test.context.SpringBootTestAnnotation@c0461fcd], resourceBasePath = "src/main/webapp", contextLoader = org.springframework.boot.test.context.SpringBootContextLoader, parent = null]
	at org.springframework.test.context.cache.DefaultCacheAwareContextLoaderDelegate.loadContext(DefaultCacheAwareContextLoaderDelegate.java:145)
	at org.springframework.test.context.support.DefaultTestContext.getApplicationContext(DefaultTestContext.java:130)
	at org.springframework.test.context.web.ServletTestExecutionListener.setUpRequestContextIfNecessary(ServletTestExecutionListener.java:191)
	at org.springframework.test.context.web.ServletTestExecutionListener.prepareTestInstance(ServletTestExecutionListener.java:130)
	at org.springframework.test.context.TestContextManager.prepareTestInstance(TestContextManager.java:260)
	at org.springframework.test.context.junit.jupiter.SpringExtension.postProcessTestInstance(SpringExtension.java:163)
	at org.junit.jupiter.engine.descriptor.ClassBasedTestDescriptor.lambda$invokeTestInstancePostProcessors$10(ClassBasedTestDescriptor.java:378)
	at org.junit.jupiter.engine.descriptor.ClassBasedTestDescriptor.executeAndMaskThrowable(ClassBasedTestDescriptor.java:383)
	at org.junit.jupiter.engine.descriptor.ClassBasedTestDescriptor.lambda$invokeTestInstancePostProcessors$11(ClassBasedTestDescriptor.java:378)
	at java.base/java.util.stream.ReferencePipeline$3$1.accept(ReferencePipeline.java:197)
	at java.base/java.util.stream.ReferencePipeline$2$1.accept(ReferencePipeline.java:179)
	at java.base/java.util.ArrayList$ArrayListSpliterator.forEachRemaining(ArrayList.java:1708)
	at java.base/java.util.stream.AbstractPipeline.copyInto(AbstractPipeline.java:509)
	at java.base/java.util.stream.AbstractPipeline.wrapAndCopyInto(AbstractPipeline.java:499)
	at java.base/java.util.stream.StreamSpliterators$WrappingSpliterator.forEachRemaining(StreamSpliterators.java:310)
	at java.base/java.util.stream.Streams$ConcatSpliterator.forEachRemaining(Streams.java:735)
	at java.base/java.util.stream.Streams$ConcatSpliterator.forEachRemaining(Streams.java:734)
	at java.base/java.util.stream.ReferencePipeline$Head.forEach(ReferencePipeline.java:762)
	at org.junit.jupiter.engine.descriptor.ClassBasedTestDescriptor.invokeTestInstancePostProcessors(ClassBasedTestDescriptor.java:377)
	at org.junit.jupiter.engine.descriptor.ClassBasedTestDescriptor.lambda$instantiateAndPostProcessTestInstance$6(ClassBasedTestDescriptor.java:290)
	at org.junit.platform.engine.support.hierarchical.ThrowableCollector.execute(ThrowableCollector.java:73)
	at org.junit.jupiter.engine.descriptor.ClassBasedTestDescriptor.instantiateAndPostProcessTestInstance(ClassBasedTestDescriptor.java:289)
	at org.junit.jupiter.engine.descriptor.ClassBasedTestDescriptor.lambda$testInstancesProvider$4(ClassBasedTestDescriptor.java:279)
	at java.base/java.util.Optional.orElseGet(Optional.java:364)
	at org.junit.jupiter.engine.descriptor.ClassBasedTestDescriptor.lambda$testInstancesProvider$5(ClassBasedTestDescriptor.java:278)
	at org.junit.jupiter.engine.execution.TestInstancesProvider.getTestInstances(TestInstancesProvider.java:31)
	at org.junit.jupiter.engine.descriptor.TestMethodTestDescriptor.lambda$prepare$0(TestMethodTestDescriptor.java:106)
	at org.junit.platform.engine.support.hierarchical.ThrowableCollector.execute(ThrowableCollector.java:73)
	at org.junit.jupiter.engine.descriptor.TestMethodTestDescriptor.prepare(TestMethodTestDescriptor.java:105)
	at org.junit.jupiter.engine.descriptor.TestMethodTestDescriptor.prepare(TestMethodTestDescriptor.java:69)
	at org.junit.platform.engine.support.hierarchical.NodeTestTask.lambda$prepare$2(NodeTestTask.java:128)
	at org.junit.platform.engine.support.hierarchical.ThrowableCollector.execute(ThrowableCollector.java:73)
	at org.junit.platform.engine.support.hierarchical.NodeTestTask.prepare(NodeTestTask.java:128)
	at org.junit.platform.engine.support.hierarchical.NodeTestTask.execute(NodeTestTask.java:95)
	at java.base/java.util.ArrayList.forEach(ArrayList.java:1596)
	at org.junit.platform.engine.support.hierarchical.SameThreadHierarchicalTestExecutorService.invokeAll(SameThreadHierarchicalTestExecutorService.java:41)
	at org.junit.platform.engine.support.hierarchical.NodeTestTask.lambda$executeRecursively$6(NodeTestTask.java:160)
	at org.junit.platform.engine.support.hierarchical.ThrowableCollector.execute(ThrowableCollector.java:73)
	at org.junit.platform.engine.support.hierarchical.NodeTestTask.lambda$executeRecursively$8(NodeTestTask.java:146)
	at org.junit.platform.engine.support.hierarchical.Node.around(Node.java:137)
	at org.junit.platform.engine.support.hierarchical.NodeTestTask.lambda$executeRecursively$9(NodeTestTask.java:144)
	at org.junit.platform.engine.support.hierarchical.ThrowableCollector.execute(ThrowableCollector.java:73)
	at org.junit.platform.engine.support.hierarchical.NodeTestTask.executeRecursively(NodeTestTask.java:143)
	at org.junit.platform.engine.support.hierarchical.NodeTestTask.execute(NodeTestTask.java:100)
	at java.base/java.util.ArrayList.forEach(ArrayList.java:1596)
	at org.junit.platform.engine.support.hierarchical.SameThreadHierarchicalTestExecutorService.invokeAll(SameThreadHierarchicalTestExecutorService.java:41)
	at org.junit.platform.engine.support.hierarchical.NodeTestTask.lambda$executeRecursively$6(NodeTestTask.java:160)
	at org.junit.platform.engine.support.hierarchical.ThrowableCollector.execute(ThrowableCollector.java:73)
	at org.junit.platform.engine.support.hierarchical.NodeTestTask.lambda$executeRecursively$8(NodeTestTask.java:146)
	at org.junit.platform.engine.support.hierarchical.Node.around(Node.java:137)
	at org.junit.platform.engine.support.hierarchical.NodeTestTask.lambda$executeRecursively$9(NodeTestTask.java:144)
	at org.junit.platform.engine.support.hierarchical.ThrowableCollector.execute(ThrowableCollector.java:73)
	at org.junit.platform.engine.support.hierarchical.NodeTestTask.executeRecursively(NodeTestTask.java:143)
	at org.junit.platform.engine.support.hierarchical.NodeTestTask.execute(NodeTestTask.java:100)
	at org.junit.platform.engine.support.hierarchical.SameThreadHierarchicalTestExecutorService.submit(SameThreadHierarchicalTestExecutorService.java:35)
	at org.junit.platform.engine.support.hierarchical.HierarchicalTestExecutor.execute(HierarchicalTestExecutor.java:57)
	at org.junit.platform.engine.support.hierarchical.HierarchicalTestEngine.execute(HierarchicalTestEngine.java:54)
	at org.junit.platform.launcher.core.EngineExecutionOrchestrator.execute(EngineExecutionOrchestrator.java:198)
	at org.junit.platform.launcher.core.EngineExecutionOrchestrator.execute(EngineExecutionOrchestrator.java:169)
	at org.junit.platform.launcher.core.EngineExecutionOrchestrator.execute(EngineExecutionOrchestrator.java:93)
	at org.junit.platform.launcher.core.EngineExecutionOrchestrator.lambda$execute$0(EngineExecutionOrchestrator.java:58)
	at org.junit.platform.launcher.core.EngineExecutionOrchestrator.withInterceptedStreams(EngineExecutionOrchestrator.java:141)
	at org.junit.platform.launcher.core.EngineExecutionOrchestrator.execute(EngineExecutionOrchestrator.java:57)
	at org.junit.platform.launcher.core.DefaultLauncher.execute(DefaultLauncher.java:103)
	at org.junit.platform.launcher.core.DefaultLauncher.execute(DefaultLauncher.java:85)
	at org.junit.platform.launcher.core.DelegatingLauncher.execute(DelegatingLauncher.java:47)
	at org.apache.maven.surefire.junitplatform.LazyLauncher.execute(LazyLauncher.java:56)
	at org.apache.maven.surefire.junitplatform.JUnitPlatformProvider.execute(JUnitPlatformProvider.java:184)
	at org.apache.maven.surefire.junitplatform.JUnitPlatformProvider.invokeAllTests(JUnitPlatformProvider.java:148)
	at org.apache.maven.surefire.junitplatform.JUnitPlatformProvider.invoke(JUnitPlatformProvider.java:122)
	at org.apache.maven.surefire.booter.ForkedBooter.runSuitesInProcess(ForkedBooter.java:385)
	at org.apache.maven.surefire.booter.ForkedBooter.execute(ForkedBooter.java:162)
	at org.apache.maven.surefire.booter.ForkedBooter.run(ForkedBooter.java:507)
	at org.apache.maven.surefire.booter.ForkedBooter.main(ForkedBooter.java:495)
2025-03-03 19:56:29 [main] WARN  o.s.test.context.TestContextManager - Caught exception while allowing TestExecutionListener [org.springframework.test.context.web.ServletTestExecutionListener] to prepare test instance [com.track.task.task.TaskServiceTest@18ffc008]
java.lang.IllegalStateException: ApplicationContext failure threshold (1) exceeded: skipping repeated attempt to load context for [WebMergedContextConfiguration@15a41088 testClass = com.track.task.task.TaskServiceTest, locations = [], classes = [com.track.task.TaskTrackerApplication], contextInitializerClasses = [], activeProfiles = [], propertySourceDescriptors = [], propertySourceProperties = ["org.springframework.boot.test.context.SpringBootTestContextBootstrapper=true"], contextCustomizers = [org.springframework.test.context.support.DynamicPropertiesContextCustomizer@559b5405, org.springframework.boot.test.context.filter.ExcludeFilterContextCustomizer@5d508d22, org.springframework.boot.test.json.DuplicateJsonObjectContextCustomizerFactory$DuplicateJsonObjectContextCustomizer@2ed9f6f8, org.springframework.boot.test.mock.mockito.MockitoContextCustomizer@ef8e2c18, org.springframework.boot.test.web.client.TestRestTemplateContextCustomizer@67fb5025, org.springframework.boot.test.web.reactor.netty.DisableReactorResourceFactoryGlobalResourcesContextCustomizerFactory$DisableReactorResourceFactoryGlobalResourcesContextCustomizerCustomizer@7d42404e, org.springframework.boot.test.autoconfigure.OnFailureConditionReportContextCustomizerFactory$OnFailureConditionReportContextCustomizer@2401856, org.springframework.boot.test.autoconfigure.actuate.observability.ObservabilityContextCustomizerFactory$DisableObservabilityContextCustomizer@1f, org.springframework.boot.test.autoconfigure.properties.PropertyMappingContextCustomizer@0, org.springframework.boot.test.autoconfigure.web.servlet.WebDriverContextCustomizer@7bee8621, org.springframework.boot.test.context.SpringBootTestAnnotation@c0461fcd], resourceBasePath = "src/main/webapp", contextLoader = org.springframework.boot.test.context.SpringBootContextLoader, parent = null]
	at org.springframework.test.context.cache.DefaultCacheAwareContextLoaderDelegate.loadContext(DefaultCacheAwareContextLoaderDelegate.java:145)
	at org.springframework.test.context.support.DefaultTestContext.getApplicationContext(DefaultTestContext.java:130)
	at org.springframework.test.context.web.ServletTestExecutionListener.setUpRequestContextIfNecessary(ServletTestExecutionListener.java:191)
	at org.springframework.test.context.web.ServletTestExecutionListener.prepareTestInstance(ServletTestExecutionListener.java:130)
	at org.springframework.test.context.TestContextManager.prepareTestInstance(TestContextManager.java:260)
	at org.springframework.test.context.junit.jupiter.SpringExtension.postProcessTestInstance(SpringExtension.java:163)
	at org.junit.jupiter.engine.descriptor.ClassBasedTestDescriptor.lambda$invokeTestInstancePostProcessors$10(ClassBasedTestDescriptor.java:378)
	at org.junit.jupiter.engine.descriptor.ClassBasedTestDescriptor.executeAndMaskThrowable(ClassBasedTestDescriptor.java:383)
	at org.junit.jupiter.engine.descriptor.ClassBasedTestDescriptor.lambda$invokeTestInstancePostProcessors$11(ClassBasedTestDescriptor.java:378)
	at java.base/java.util.stream.ReferencePipeline$3$1.accept(ReferencePipeline.java:197)
	at java.base/java.util.stream.ReferencePipeline$2$1.accept(ReferencePipeline.java:179)
	at java.base/java.util.ArrayList$ArrayListSpliterator.forEachRemaining(ArrayList.java:1708)
	at java.base/java.util.stream.AbstractPipeline.copyInto(AbstractPipeline.java:509)
	at java.base/java.util.stream.AbstractPipeline.wrapAndCopyInto(AbstractPipeline.java:499)
	at java.base/java.util.stream.StreamSpliterators$WrappingSpliterator.forEachRemaining(StreamSpliterators.java:310)
	at java.base/java.util.stream.Streams$ConcatSpliterator.forEachRemaining(Streams.java:735)
	at java.base/java.util.stream.Streams$ConcatSpliterator.forEachRemaining(Streams.java:734)
	at java.base/java.util.stream.ReferencePipeline$Head.forEach(ReferencePipeline.java:762)
	at org.junit.jupiter.engine.descriptor.ClassBasedTestDescriptor.invokeTestInstancePostProcessors(ClassBasedTestDescriptor.java:377)
	at org.junit.jupiter.engine.descriptor.ClassBasedTestDescriptor.lambda$instantiateAndPostProcessTestInstance$6(ClassBasedTestDescriptor.java:290)
	at org.junit.platform.engine.support.hierarchical.ThrowableCollector.execute(ThrowableCollector.java:73)
	at org.junit.jupiter.engine.descriptor.ClassBasedTestDescriptor.instantiateAndPostProcessTestInstance(ClassBasedTestDescriptor.java:289)
	at org.junit.jupiter.engine.descriptor.ClassBasedTestDescriptor.lambda$testInstancesProvider$4(ClassBasedTestDescriptor.java:279)
	at java.base/java.util.Optional.orElseGet(Optional.java:364)
	at org.junit.jupiter.engine.descriptor.ClassBasedTestDescriptor.lambda$testInstancesProvider$5(ClassBasedTestDescriptor.java:278)
	at org.junit.jupiter.engine.execution.TestInstancesProvider.getTestInstances(TestInstancesProvider.java:31)
	at org.junit.jupiter.engine.descriptor.TestMethodTestDescriptor.lambda$prepare$0(TestMethodTestDescriptor.java:106)
	at org.junit.platform.engine.support.hierarchical.ThrowableCollector.execute(ThrowableCollector.java:73)
	at org.junit.jupiter.engine.descriptor.TestMethodTestDescriptor.prepare(TestMethodTestDescriptor.java:105)
	at org.junit.jupiter.engine.descriptor.TestMethodTestDescriptor.prepare(TestMethodTestDescriptor.java:69)
	at org.junit.platform.engine.support.hierarchical.NodeTestTask.lambda$prepare$2(NodeTestTask.java:128)
	at org.junit.platform.engine.support.hierarchical.ThrowableCollector.execute(ThrowableCollector.java:73)
	at org.junit.platform.engine.support.hierarchical.NodeTestTask.prepare(NodeTestTask.java:128)
	at org.junit.platform.engine.support.hierarchical.NodeTestTask.execute(NodeTestTask.java:95)
	at java.base/java.util.ArrayList.forEach(ArrayList.java:1596)
	at org.junit.platform.engine.support.hierarchical.SameThreadHierarchicalTestExecutorService.invokeAll(SameThreadHierarchicalTestExecutorService.java:41)
	at org.junit.platform.engine.support.hierarchical.NodeTestTask.lambda$executeRecursively$6(NodeTestTask.java:160)
	at org.junit.platform.engine.support.hierarchical.ThrowableCollector.execute(ThrowableCollector.java:73)
	at org.junit.platform.engine.support.hierarchical.NodeTestTask.lambda$executeRecursively$8(NodeTestTask.java:146)
	at org.junit.platform.engine.support.hierarchical.Node.around(Node.java:137)
	at org.junit.platform.engine.support.hierarchical.NodeTestTask.lambda$executeRecursively$9(NodeTestTask.java:144)
	at org.junit.platform.engine.support.hierarchical.ThrowableCollector.execute(ThrowableCollector.java:73)
	at org.junit.platform.engine.support.hierarchical.NodeTestTask.executeRecursively(NodeTestTask.java:143)
	at org.junit.platform.engine.support.hierarchical.NodeTestTask.execute(NodeTestTask.java:100)
	at java.base/java.util.ArrayList.forEach(ArrayList.java:1596)
	at org.junit.platform.engine.support.hierarchical.SameThreadHierarchicalTestExecutorService.invokeAll(SameThreadHierarchicalTestExecutorService.java:41)
	at org.junit.platform.engine.support.hierarchical.NodeTestTask.lambda$executeRecursively$6(NodeTestTask.java:160)
	at org.junit.platform.engine.support.hierarchical.ThrowableCollector.execute(ThrowableCollector.java:73)
	at org.junit.platform.engine.support.hierarchical.NodeTestTask.lambda$executeRecursively$8(NodeTestTask.java:146)
	at org.junit.platform.engine.support.hierarchical.Node.around(Node.java:137)
	at org.junit.platform.engine.support.hierarchical.NodeTestTask.lambda$executeRecursively$9(NodeTestTask.java:144)
	at org.junit.platform.engine.support.hierarchical.ThrowableCollector.execute(ThrowableCollector.java:73)
	at org.junit.platform.engine.support.hierarchical.NodeTestTask.executeRecursively(NodeTestTask.java:143)
	at org.junit.platform.engine.support.hierarchical.NodeTestTask.execute(NodeTestTask.java:100)
	at org.junit.platform.engine.support.hierarchical.SameThreadHierarchicalTestExecutorService.submit(SameThreadHierarchicalTestExecutorService.java:35)
	at org.junit.platform.engine.support.hierarchical.HierarchicalTestExecutor.execute(HierarchicalTestExecutor.java:57)
	at org.junit.platform.engine.support.hierarchical.HierarchicalTestEngine.execute(HierarchicalTestEngine.java:54)
	at org.junit.platform.launcher.core.EngineExecutionOrchestrator.execute(EngineExecutionOrchestrator.java:198)
	at org.junit.platform.launcher.core.EngineExecutionOrchestrator.execute(EngineExecutionOrchestrator.java:169)
	at org.junit.platform.launcher.core.EngineExecutionOrchestrator.execute(EngineExecutionOrchestrator.java:93)
	at org.junit.platform.launcher.core.EngineExecutionOrchestrator.lambda$execute$0(EngineExecutionOrchestrator.java:58)
	at org.junit.platform.launcher.core.EngineExecutionOrchestrator.withInterceptedStreams(EngineExecutionOrchestrator.java:141)
	at org.junit.platform.launcher.core.EngineExecutionOrchestrator.execute(EngineExecutionOrchestrator.java:57)
	at org.junit.platform.launcher.core.DefaultLauncher.execute(DefaultLauncher.java:103)
	at org.junit.platform.launcher.core.DefaultLauncher.execute(DefaultLauncher.java:85)
	at org.junit.platform.launcher.core.DelegatingLauncher.execute(DelegatingLauncher.java:47)
	at org.apache.maven.surefire.junitplatform.LazyLauncher.execute(LazyLauncher.java:56)
	at org.apache.maven.surefire.junitplatform.JUnitPlatformProvider.execute(JUnitPlatformProvider.java:184)
	at org.apache.maven.surefire.junitplatform.JUnitPlatformProvider.invokeAllTests(JUnitPlatformProvider.java:148)
	at org.apache.maven.surefire.junitplatform.JUnitPlatformProvider.invoke(JUnitPlatformProvider.java:122)
	at org.apache.maven.surefire.booter.ForkedBooter.runSuitesInProcess(ForkedBooter.java:385)
	at org.apache.maven.surefire.booter.ForkedBooter.execute(ForkedBooter.java:162)
	at org.apache.maven.surefire.booter.ForkedBooter.run(ForkedBooter.java:507)
	at org.apache.maven.surefire.booter.ForkedBooter.main(ForkedBooter.java:495)
2025-03-03 19:56:29 [main] WARN  o.s.test.context.TestContextManager - Caught exception while allowing TestExecutionListener [org.springframework.test.context.web.ServletTestExecutionListener] to prepare test instance [com.track.task.task.TaskServiceTest@694f0655]
java.lang.IllegalStateException: ApplicationContext failure threshold (1) exceeded: skipping repeated attempt to load context for [WebMergedContextConfiguration@15a41088 testClass = com.track.task.task.TaskServiceTest, locations = [], classes = [com.track.task.TaskTrackerApplication], contextInitializerClasses = [], activeProfiles = [], propertySourceDescriptors = [], propertySourceProperties = ["org.springframework.boot.test.context.SpringBootTestContextBootstrapper=true"], contextCustomizers = [org.springframework.test.context.support.DynamicPropertiesContextCustomizer@559b5405, org.springframework.boot.test.context.filter.ExcludeFilterContextCustomizer@5d508d22, org.springframework.boot.test.json.DuplicateJsonObjectContextCustomizerFactory$DuplicateJsonObjectContextCustomizer@2ed9f6f8, org.springframework.boot.test.mock.mockito.MockitoContextCustomizer@ef8e2c18, org.springframework.boot.test.web.client.TestRestTemplateContextCustomizer@67fb5025, org.springframework.boot.test.web.reactor.netty.DisableReactorResourceFactoryGlobalResourcesContextCustomizerFactory$DisableReactorResourceFactoryGlobalResourcesContextCustomizerCustomizer@7d42404e, org.springframework.boot.test.autoconfigure.OnFailureConditionReportContextCustomizerFactory$OnFailureConditionReportContextCustomizer@2401856, org.springframework.boot.test.autoconfigure.actuate.observability.ObservabilityContextCustomizerFactory$DisableObservabilityContextCustomizer@1f, org.springframework.boot.test.autoconfigure.properties.PropertyMappingContextCustomizer@0, org.springframework.boot.test.autoconfigure.web.servlet.WebDriverContextCustomizer@7bee8621, org.springframework.boot.test.context.SpringBootTestAnnotation@c0461fcd], resourceBasePath = "src/main/webapp", contextLoader = org.springframework.boot.test.context.SpringBootContextLoader, parent = null]
	at org.springframework.test.context.cache.DefaultCacheAwareContextLoaderDelegate.loadContext(DefaultCacheAwareContextLoaderDelegate.java:145)
	at org.springframework.test.context.support.DefaultTestContext.getApplicationContext(DefaultTestContext.java:130)
	at org.springframework.test.context.web.ServletTestExecutionListener.setUpRequestContextIfNecessary(ServletTestExecutionListener.java:191)
	at org.springframework.test.context.web.ServletTestExecutionListener.prepareTestInstance(ServletTestExecutionListener.java:130)
	at org.springframework.test.context.TestContextManager.prepareTestInstance(TestContextManager.java:260)
	at org.springframework.test.context.junit.jupiter.SpringExtension.postProcessTestInstance(SpringExtension.java:163)
	at org.junit.jupiter.engine.descriptor.ClassBasedTestDescriptor.lambda$invokeTestInstancePostProcessors$10(ClassBasedTestDescriptor.java:378)
	at org.junit.jupiter.engine.descriptor.ClassBasedTestDescriptor.executeAndMaskThrowable(ClassBasedTestDescriptor.java:383)
	at org.junit.jupiter.engine.descriptor.ClassBasedTestDescriptor.lambda$invokeTestInstancePostProcessors$11(ClassBasedTestDescriptor.java:378)
	at java.base/java.util.stream.ReferencePipeline$3$1.accept(ReferencePipeline.java:197)
	at java.base/java.util.stream.ReferencePipeline$2$1.accept(ReferencePipeline.java:179)
	at java.base/java.util.ArrayList$ArrayListSpliterator.forEachRemaining(ArrayList.java:1708)
	at java.base/java.util.stream.AbstractPipeline.copyInto(AbstractPipeline.java:509)
	at java.base/java.util.stream.AbstractPipeline.wrapAndCopyInto(AbstractPipeline.java:499)
	at java.base/java.util.stream.StreamSpliterators$WrappingSpliterator.forEachRemaining(StreamSpliterators.java:310)
	at java.base/java.util.stream.Streams$ConcatSpliterator.forEachRemaining(Streams.java:735)
	at java.base/java.util.stream.Streams$ConcatSpliterator.forEachRemaining(Streams.java:734)
	at java.base/java.util.stream.ReferencePipeline$Head.forEach(ReferencePipeline.java:762)
	at org.junit.jupiter.engine.descriptor.ClassBasedTestDescriptor.invokeTestInstancePostProcessors(ClassBasedTestDescriptor.java:377)
	at org.junit.jupiter.engine.descriptor.ClassBasedTestDescriptor.lambda$instantiateAndPostProcessTestInstance$6(ClassBasedTestDescriptor.java:290)
	at org.junit.platform.engine.support.hierarchical.ThrowableCollector.execute(ThrowableCollector.java:73)
	at org.junit.jupiter.engine.descriptor.ClassBasedTestDescriptor.instantiateAndPostProcessTestInstance(ClassBasedTestDescriptor.java:289)
	at org.junit.jupiter.engine.descriptor.ClassBasedTestDescriptor.lambda$testInstancesProvider$4(ClassBasedTestDescriptor.java:279)
	at java.base/java.util.Optional.orElseGet(Optional.java:364)
	at org.junit.jupiter.engine.descriptor.ClassBasedTestDescriptor.lambda$testInstancesProvider$5(ClassBasedTestDescriptor.java:278)
	at org.junit.jupiter.engine.execution.TestInstancesProvider.getTestInstances(TestInstancesProvider.java:31)
	at org.junit.jupiter.engine.descriptor.TestMethodTestDescriptor.lambda$prepare$0(TestMethodTestDescriptor.java:106)
	at org.junit.platform.engine.support.hierarchical.ThrowableCollector.execute(ThrowableCollector.java:73)
	at org.junit.jupiter.engine.descriptor.TestMethodTestDescriptor.prepare(TestMethodTestDescriptor.java:105)
	at org.junit.jupiter.engine.descriptor.TestMethodTestDescriptor.prepare(TestMethodTestDescriptor.java:69)
	at org.junit.platform.engine.support.hierarchical.NodeTestTask.lambda$prepare$2(NodeTestTask.java:128)
	at org.junit.platform.engine.support.hierarchical.ThrowableCollector.execute(ThrowableCollector.java:73)
	at org.junit.platform.engine.support.hierarchical.NodeTestTask.prepare(NodeTestTask.java:128)
	at org.junit.platform.engine.support.hierarchical.NodeTestTask.execute(NodeTestTask.java:95)
	at java.base/java.util.ArrayList.forEach(ArrayList.java:1596)
	at org.junit.platform.engine.support.hierarchical.SameThreadHierarchicalTestExecutorService.invokeAll(SameThreadHierarchicalTestExecutorService.java:41)
	at org.junit.platform.engine.support.hierarchical.NodeTestTask.lambda$executeRecursively$6(NodeTestTask.java:160)
	at org.junit.platform.engine.support.hierarchical.ThrowableCollector.execute(ThrowableCollector.java:73)
	at org.junit.platform.engine.support.hierarchical.NodeTestTask.lambda$executeRecursively$8(NodeTestTask.java:146)
	at org.junit.platform.engine.support.hierarchical.Node.around(Node.java:137)
	at org.junit.platform.engine.support.hierarchical.NodeTestTask.lambda$executeRecursively$9(NodeTestTask.java:144)
	at org.junit.platform.engine.support.hierarchical.ThrowableCollector.execute(ThrowableCollector.java:73)
	at org.junit.platform.engine.support.hierarchical.NodeTestTask.executeRecursively(NodeTestTask.java:143)
	at org.junit.platform.engine.support.hierarchical.NodeTestTask.execute(NodeTestTask.java:100)
	at java.base/java.util.ArrayList.forEach(ArrayList.java:1596)
	at org.junit.platform.engine.support.hierarchical.SameThreadHierarchicalTestExecutorService.invokeAll(SameThreadHierarchicalTestExecutorService.java:41)
	at org.junit.platform.engine.support.hierarchical.NodeTestTask.lambda$executeRecursively$6(NodeTestTask.java:160)
	at org.junit.platform.engine.support.hierarchical.ThrowableCollector.execute(ThrowableCollector.java:73)
	at org.junit.platform.engine.support.hierarchical.NodeTestTask.lambda$executeRecursively$8(NodeTestTask.java:146)
	at org.junit.platform.engine.support.hierarchical.Node.around(Node.java:137)
	at org.junit.platform.engine.support.hierarchical.NodeTestTask.lambda$executeRecursively$9(NodeTestTask.java:144)
	at org.junit.platform.engine.support.hierarchical.ThrowableCollector.execute(ThrowableCollector.java:73)
	at org.junit.platform.engine.support.hierarchical.NodeTestTask.executeRecursively(NodeTestTask.java:143)
	at org.junit.platform.engine.support.hierarchical.NodeTestTask.execute(NodeTestTask.java:100)
	at org.junit.platform.engine.support.hierarchical.SameThreadHierarchicalTestExecutorService.submit(SameThreadHierarchicalTestExecutorService.java:35)
	at org.junit.platform.engine.support.hierarchical.HierarchicalTestExecutor.execute(HierarchicalTestExecutor.java:57)
	at org.junit.platform.engine.support.hierarchical.HierarchicalTestEngine.execute(HierarchicalTestEngine.java:54)
	at org.junit.platform.launcher.core.EngineExecutionOrchestrator.execute(EngineExecutionOrchestrator.java:198)
	at org.junit.platform.launcher.core.EngineExecutionOrchestrator.execute(EngineExecutionOrchestrator.java:169)
	at org.junit.platform.launcher.core.EngineExecutionOrchestrator.execute(EngineExecutionOrchestrator.java:93)
	at org.junit.platform.launcher.core.EngineExecutionOrchestrator.lambda$execute$0(EngineExecutionOrchestrator.java:58)
	at org.junit.platform.launcher.core.EngineExecutionOrchestrator.withInterceptedStreams(EngineExecutionOrchestrator.java:141)
	at org.junit.platform.launcher.core.EngineExecutionOrchestrator.execute(EngineExecutionOrchestrator.java:57)
	at org.junit.platform.launcher.core.DefaultLauncher.execute(DefaultLauncher.java:103)
	at org.junit.platform.launcher.core.DefaultLauncher.execute(DefaultLauncher.java:85)
	at org.junit.platform.launcher.core.DelegatingLauncher.execute(DelegatingLauncher.java:47)
	at org.apache.maven.surefire.junitplatform.LazyLauncher.execute(LazyLauncher.java:56)
	at org.apache.maven.surefire.junitplatform.JUnitPlatformProvider.execute(JUnitPlatformProvider.java:184)
	at org.apache.maven.surefire.junitplatform.JUnitPlatformProvider.invokeAllTests(JUnitPlatformProvider.java:148)
	at org.apache.maven.surefire.junitplatform.JUnitPlatformProvider.invoke(JUnitPlatformProvider.java:122)
	at org.apache.maven.surefire.booter.ForkedBooter.runSuitesInProcess(ForkedBooter.java:385)
	at org.apache.maven.surefire.booter.ForkedBooter.execute(ForkedBooter.java:162)
	at org.apache.maven.surefire.booter.ForkedBooter.run(ForkedBooter.java:507)
	at org.apache.maven.surefire.booter.ForkedBooter.main(ForkedBooter.java:495)
2025-03-03 19:56:29 [main] WARN  o.s.test.context.TestContextManager - Caught exception while allowing TestExecutionListener [org.springframework.test.context.web.ServletTestExecutionListener] to prepare test instance [com.track.task.task.TaskServiceTest@5d08a65c]
java.lang.IllegalStateException: ApplicationContext failure threshold (1) exceeded: skipping repeated attempt to load context for [WebMergedContextConfiguration@15a41088 testClass = com.track.task.task.TaskServiceTest, locations = [], classes = [com.track.task.TaskTrackerApplication], contextInitializerClasses = [], activeProfiles = [], propertySourceDescriptors = [], propertySourceProperties = ["org.springframework.boot.test.context.SpringBootTestContextBootstrapper=true"], contextCustomizers = [org.springframework.test.context.support.DynamicPropertiesContextCustomizer@559b5405, org.springframework.boot.test.context.filter.ExcludeFilterContextCustomizer@5d508d22, org.springframework.boot.test.json.DuplicateJsonObjectContextCustomizerFactory$DuplicateJsonObjectContextCustomizer@2ed9f6f8, org.springframework.boot.test.mock.mockito.MockitoContextCustomizer@ef8e2c18, org.springframework.boot.test.web.client.TestRestTemplateContextCustomizer@67fb5025, org.springframework.boot.test.web.reactor.netty.DisableReactorResourceFactoryGlobalResourcesContextCustomizerFactory$DisableReactorResourceFactoryGlobalResourcesContextCustomizerCustomizer@7d42404e, org.springframework.boot.test.autoconfigure.OnFailureConditionReportContextCustomizerFactory$OnFailureConditionReportContextCustomizer@2401856, org.springframework.boot.test.autoconfigure.actuate.observability.ObservabilityContextCustomizerFactory$DisableObservabilityContextCustomizer@1f, org.springframework.boot.test.autoconfigure.properties.PropertyMappingContextCustomizer@0, org.springframework.boot.test.autoconfigure.web.servlet.WebDriverContextCustomizer@7bee8621, org.springframework.boot.test.context.SpringBootTestAnnotation@c0461fcd], resourceBasePath = "src/main/webapp", contextLoader = org.springframework.boot.test.context.SpringBootContextLoader, parent = null]
	at org.springframework.test.context.cache.DefaultCacheAwareContextLoaderDelegate.loadContext(DefaultCacheAwareContextLoaderDelegate.java:145)
	at org.springframework.test.context.support.DefaultTestContext.getApplicationContext(DefaultTestContext.java:130)
	at org.springframework.test.context.web.ServletTestExecutionListener.setUpRequestContextIfNecessary(ServletTestExecutionListener.java:191)
	at org.springframework.test.context.web.ServletTestExecutionListener.prepareTestInstance(ServletTestExecutionListener.java:130)
	at org.springframework.test.context.TestContextManager.prepareTestInstance(TestContextManager.java:260)
	at org.springframework.test.context.junit.jupiter.SpringExtension.postProcessTestInstance(SpringExtension.java:163)
	at org.junit.jupiter.engine.descriptor.ClassBasedTestDescriptor.lambda$invokeTestInstancePostProcessors$10(ClassBasedTestDescriptor.java:378)
	at org.junit.jupiter.engine.descriptor.ClassBasedTestDescriptor.executeAndMaskThrowable(ClassBasedTestDescriptor.java:383)
	at org.junit.jupiter.engine.descriptor.ClassBasedTestDescriptor.lambda$invokeTestInstancePostProcessors$11(ClassBasedTestDescriptor.java:378)
	at java.base/java.util.stream.ReferencePipeline$3$1.accept(ReferencePipeline.java:197)
	at java.base/java.util.stream.ReferencePipeline$2$1.accept(ReferencePipeline.java:179)
	at java.base/java.util.ArrayList$ArrayListSpliterator.forEachRemaining(ArrayList.java:1708)
	at java.base/java.util.stream.AbstractPipeline.copyInto(AbstractPipeline.java:509)
	at java.base/java.util.stream.AbstractPipeline.wrapAndCopyInto(AbstractPipeline.java:499)
	at java.base/java.util.stream.StreamSpliterators$WrappingSpliterator.forEachRemaining(StreamSpliterators.java:310)
	at java.base/java.util.stream.Streams$ConcatSpliterator.forEachRemaining(Streams.java:735)
	at java.base/java.util.stream.Streams$ConcatSpliterator.forEachRemaining(Streams.java:734)
	at java.base/java.util.stream.ReferencePipeline$Head.forEach(ReferencePipeline.java:762)
	at org.junit.jupiter.engine.descriptor.ClassBasedTestDescriptor.invokeTestInstancePostProcessors(ClassBasedTestDescriptor.java:377)
	at org.junit.jupiter.engine.descriptor.ClassBasedTestDescriptor.lambda$instantiateAndPostProcessTestInstance$6(ClassBasedTestDescriptor.java:290)
	at org.junit.platform.engine.support.hierarchical.ThrowableCollector.execute(ThrowableCollector.java:73)
	at org.junit.jupiter.engine.descriptor.ClassBasedTestDescriptor.instantiateAndPostProcessTestInstance(ClassBasedTestDescriptor.java:289)
	at org.junit.jupiter.engine.descriptor.ClassBasedTestDescriptor.lambda$testInstancesProvider$4(ClassBasedTestDescriptor.java:279)
	at java.base/java.util.Optional.orElseGet(Optional.java:364)
	at org.junit.jupiter.engine.descriptor.ClassBasedTestDescriptor.lambda$testInstancesProvider$5(ClassBasedTestDescriptor.java:278)
	at org.junit.jupiter.engine.execution.TestInstancesProvider.getTestInstances(TestInstancesProvider.java:31)
	at org.junit.jupiter.engine.descriptor.TestMethodTestDescriptor.lambda$prepare$0(TestMethodTestDescriptor.java:106)
	at org.junit.platform.engine.support.hierarchical.ThrowableCollector.execute(ThrowableCollector.java:73)
	at org.junit.jupiter.engine.descriptor.TestMethodTestDescriptor.prepare(TestMethodTestDescriptor.java:105)
	at org.junit.jupiter.engine.descriptor.TestMethodTestDescriptor.prepare(TestMethodTestDescriptor.java:69)
	at org.junit.platform.engine.support.hierarchical.NodeTestTask.lambda$prepare$2(NodeTestTask.java:128)
	at org.junit.platform.engine.support.hierarchical.ThrowableCollector.execute(ThrowableCollector.java:73)
	at org.junit.platform.engine.support.hierarchical.NodeTestTask.prepare(NodeTestTask.java:128)
	at org.junit.platform.engine.support.hierarchical.NodeTestTask.execute(NodeTestTask.java:95)
	at java.base/java.util.ArrayList.forEach(ArrayList.java:1596)
	at org.junit.platform.engine.support.hierarchical.SameThreadHierarchicalTestExecutorService.invokeAll(SameThreadHierarchicalTestExecutorService.java:41)
	at org.junit.platform.engine.support.hierarchical.NodeTestTask.lambda$executeRecursively$6(NodeTestTask.java:160)
	at org.junit.platform.engine.support.hierarchical.ThrowableCollector.execute(ThrowableCollector.java:73)
	at org.junit.platform.engine.support.hierarchical.NodeTestTask.lambda$executeRecursively$8(NodeTestTask.java:146)
	at org.junit.platform.engine.support.hierarchical.Node.around(Node.java:137)
	at org.junit.platform.engine.support.hierarchical.NodeTestTask.lambda$executeRecursively$9(NodeTestTask.java:144)
	at org.junit.platform.engine.support.hierarchical.ThrowableCollector.execute(ThrowableCollector.java:73)
	at org.junit.platform.engine.support.hierarchical.NodeTestTask.executeRecursively(NodeTestTask.java:143)
	at org.junit.platform.engine.support.hierarchical.NodeTestTask.execute(NodeTestTask.java:100)
	at java.base/java.util.ArrayList.forEach(ArrayList.java:1596)
	at org.junit.platform.engine.support.hierarchical.SameThreadHierarchicalTestExecutorService.invokeAll(SameThreadHierarchicalTestExecutorService.java:41)
	at org.junit.platform.engine.support.hierarchical.NodeTestTask.lambda$executeRecursively$6(NodeTestTask.java:160)
	at org.junit.platform.engine.support.hierarchical.ThrowableCollector.execute(ThrowableCollector.java:73)
	at org.junit.platform.engine.support.hierarchical.NodeTestTask.lambda$executeRecursively$8(NodeTestTask.java:146)
	at org.junit.platform.engine.support.hierarchical.Node.around(Node.java:137)
	at org.junit.platform.engine.support.hierarchical.NodeTestTask.lambda$executeRecursively$9(NodeTestTask.java:144)
	at org.junit.platform.engine.support.hierarchical.ThrowableCollector.execute(ThrowableCollector.java:73)
	at org.junit.platform.engine.support.hierarchical.NodeTestTask.executeRecursively(NodeTestTask.java:143)
	at org.junit.platform.engine.support.hierarchical.NodeTestTask.execute(NodeTestTask.java:100)
	at org.junit.platform.engine.support.hierarchical.SameThreadHierarchicalTestExecutorService.submit(SameThreadHierarchicalTestExecutorService.java:35)
	at org.junit.platform.engine.support.hierarchical.HierarchicalTestExecutor.execute(HierarchicalTestExecutor.java:57)
	at org.junit.platform.engine.support.hierarchical.HierarchicalTestEngine.execute(HierarchicalTestEngine.java:54)
	at org.junit.platform.launcher.core.EngineExecutionOrchestrator.execute(EngineExecutionOrchestrator.java:198)
	at org.junit.platform.launcher.core.EngineExecutionOrchestrator.execute(EngineExecutionOrchestrator.java:169)
	at org.junit.platform.launcher.core.EngineExecutionOrchestrator.execute(EngineExecutionOrchestrator.java:93)
	at org.junit.platform.launcher.core.EngineExecutionOrchestrator.lambda$execute$0(EngineExecutionOrchestrator.java:58)
	at org.junit.platform.launcher.core.EngineExecutionOrchestrator.withInterceptedStreams(EngineExecutionOrchestrator.java:141)
	at org.junit.platform.launcher.core.EngineExecutionOrchestrator.execute(EngineExecutionOrchestrator.java:57)
	at org.junit.platform.launcher.core.DefaultLauncher.execute(DefaultLauncher.java:103)
	at org.junit.platform.launcher.core.DefaultLauncher.execute(DefaultLauncher.java:85)
	at org.junit.platform.launcher.core.DelegatingLauncher.execute(DelegatingLauncher.java:47)
	at org.apache.maven.surefire.junitplatform.LazyLauncher.execute(LazyLauncher.java:56)
	at org.apache.maven.surefire.junitplatform.JUnitPlatformProvider.execute(JUnitPlatformProvider.java:184)
	at org.apache.maven.surefire.junitplatform.JUnitPlatformProvider.invokeAllTests(JUnitPlatformProvider.java:148)
	at org.apache.maven.surefire.junitplatform.JUnitPlatformProvider.invoke(JUnitPlatformProvider.java:122)
	at org.apache.maven.surefire.booter.ForkedBooter.runSuitesInProcess(ForkedBooter.java:385)
	at org.apache.maven.surefire.booter.ForkedBooter.execute(ForkedBooter.java:162)
	at org.apache.maven.surefire.booter.ForkedBooter.run(ForkedBooter.java:507)
	at org.apache.maven.surefire.booter.ForkedBooter.main(ForkedBooter.java:495)
2025-03-03 19:56:30 [main] INFO  o.s.t.c.s.AnnotationConfigContextLoaderUtils - Could not detect default configuration classes for test class [com.track.task.TaskTrackerApplicationTests]: TaskTrackerApplicationTests does not declare any static, non-private, non-final, nested classes annotated with @Configuration.
2025-03-03 19:56:30 [main] INFO  o.s.b.t.c.SpringBootTestContextBootstrapper - Found @SpringBootConfiguration com.track.task.TaskTrackerApplication for test class com.track.task.TaskTrackerApplicationTests
2025-03-03 19:56:30 [main] INFO  c.t.task.TaskTrackerApplicationTests - Starting TaskTrackerApplicationTests using Java 21.0.6 with PID 77 (started by root in /app)
2025-03-03 19:56:30 [main] INFO  c.t.task.TaskTrackerApplicationTests - No active profile set, falling back to 1 default profile: "default"
