2025-03-04 00:22:13 [background-preinit] INFO  o.h.validator.internal.util.Version - HV000001: Hibernate Validator 8.0.1.Final
2025-03-04 00:22:14 [main] INFO  c.t.t.c.CommentServiceIntegrationTest - Starting CommentServiceIntegrationTest using Java 22.0.2 with PID 5732 (started by Admin in C:\Users\Admin\Desktop\task)
2025-03-04 00:22:14 [main] INFO  c.t.t.c.CommentServiceIntegrationTest - The following 1 profile is active: "test"
2025-03-04 00:22:15 [main] INFO  o.s.d.r.c.RepositoryConfigurationDelegate - Bootstrapping Spring Data JPA repositories in DEFAULT mode.
2025-03-04 00:22:15 [main] INFO  o.s.d.r.c.RepositoryConfigurationDelegate - Finished Spring Data repository scanning in 80 ms. Found 5 JPA repository interfaces.
2025-03-04 00:22:16 [main] INFO  com.zaxxer.hikari.HikariDataSource - HikariPool-1 - Starting...
2025-03-04 00:22:16 [main] INFO  com.zaxxer.hikari.pool.HikariPool - HikariPool-1 - Added connection org.postgresql.jdbc.PgConnection@41f23499
2025-03-04 00:22:16 [main] INFO  com.zaxxer.hikari.HikariDataSource - HikariPool-1 - Start completed.
2025-03-04 00:22:17 [main] INFO  liquibase.database - Set default schema name to public
2025-03-04 00:22:18 [main] INFO  liquibase.changelog - Creating database history table with name: public.databasechangelog
2025-03-04 00:22:18 [main] INFO  liquibase.changelog - Reading from public.databasechangelog
2025-03-04 00:22:18 [main] INFO  liquibase.lockservice - Successfully acquired change log lock
2025-03-04 00:22:18 [main] INFO  liquibase.command - Using deploymentId: 1036938291
2025-03-04 00:22:18 [main] INFO  liquibase.changelog - Reading from public.databasechangelog
2025-03-04 00:22:18 [main] INFO  liquibase.ui - Running Changeset: db/changelog/01-create-schema.xml::1::xfnet
2025-03-04 00:22:18 [main] WARN  liquibase.executor - schema "private" does not exist, skipping
2025-03-04 00:22:18 [main] INFO  liquibase.changelog - Custom SQL executed
2025-03-04 00:22:18 [main] INFO  liquibase.changelog - Custom SQL executed
2025-03-04 00:22:18 [main] INFO  liquibase.changelog - ChangeSet db/changelog/01-create-schema.xml::1::xfnet ran successfully in 25ms
2025-03-04 00:22:18 [main] INFO  liquibase.ui - Running Changeset: db/changelog/02-create-user-table.xml::2::xfnet
2025-03-04 00:22:18 [main] INFO  liquibase.changelog - Table user created
2025-03-04 00:22:18 [main] INFO  liquibase.changelog - ChangeSet db/changelog/02-create-user-table.xml::2::xfnet ran successfully in 14ms
2025-03-04 00:22:18 [main] INFO  liquibase.ui - Running Changeset: db/changelog/03-create-priority-table.xml::3::xfnet
2025-03-04 00:22:18 [main] INFO  liquibase.changelog - Table priority created
2025-03-04 00:22:18 [main] INFO  liquibase.changelog - ChangeSet db/changelog/03-create-priority-table.xml::3::xfnet ran successfully in 10ms
2025-03-04 00:22:18 [main] INFO  liquibase.ui - Running Changeset: db/changelog/04-create-status-table.xml::4::xfnet
2025-03-04 00:22:18 [main] INFO  liquibase.changelog - Table status created
2025-03-04 00:22:18 [main] INFO  liquibase.changelog - Foreign key constraint added to status (user_id)
2025-03-04 00:22:18 [main] INFO  liquibase.changelog - Unique constraint added to status(title, user_id)
2025-03-04 00:22:18 [main] INFO  liquibase.changelog - ChangeSet db/changelog/04-create-status-table.xml::4::xfnet ran successfully in 63ms
2025-03-04 00:22:18 [main] INFO  liquibase.ui - Running Changeset: db/changelog/05-create-role-table.xml::5::xfnet
2025-03-04 00:22:18 [main] INFO  liquibase.changelog - Table role created
2025-03-04 00:22:18 [main] INFO  liquibase.changelog - ChangeSet db/changelog/05-create-role-table.xml::5::xfnet ran successfully in 127ms
2025-03-04 00:22:18 [main] INFO  liquibase.ui - Running Changeset: db/changelog/06-create-user-roles-table.xml::6::xfnet
2025-03-04 00:22:18 [main] INFO  liquibase.changelog - Table user_roles created
2025-03-04 00:22:18 [main] INFO  liquibase.changelog - Primary key added to user_roles (user_id, role_id)
2025-03-04 00:22:18 [main] INFO  liquibase.changelog - Foreign key constraint added to user_roles (user_id)
2025-03-04 00:22:18 [main] INFO  liquibase.changelog - Foreign key constraint added to user_roles (role_id)
2025-03-04 00:22:18 [main] INFO  liquibase.changelog - ChangeSet db/changelog/06-create-user-roles-table.xml::6::xfnet ran successfully in 25ms
2025-03-04 00:22:18 [main] INFO  liquibase.ui - Running Changeset: db/changelog/07-create-task-table.xml::7::xfnet
2025-03-04 00:22:18 [main] INFO  liquibase.changelog - Table task created
2025-03-04 00:22:18 [main] INFO  liquibase.changelog - Foreign key constraint added to task (priority_id)
2025-03-04 00:22:18 [main] INFO  liquibase.changelog - Foreign key constraint added to task (status_id)
2025-03-04 00:22:18 [main] INFO  liquibase.changelog - Foreign key constraint added to task (user_id)
2025-03-04 00:22:18 [main] INFO  liquibase.changelog - ChangeSet db/changelog/07-create-task-table.xml::7::xfnet ran successfully in 73ms
2025-03-04 00:22:18 [main] INFO  liquibase.ui - Running Changeset: db/changelog/08-create-task-executors-table.xml::8::xfnet
2025-03-04 00:22:18 [main] INFO  liquibase.changelog - Table task_executors created
2025-03-04 00:22:18 [main] INFO  liquibase.changelog - Primary key added to task_executors (task_id, user_id)
2025-03-04 00:22:18 [main] INFO  liquibase.changelog - Foreign key constraint added to task_executors (task_id)
2025-03-04 00:22:18 [main] INFO  liquibase.changelog - Foreign key constraint added to task_executors (user_id)
2025-03-04 00:22:18 [main] INFO  liquibase.changelog - ChangeSet db/changelog/08-create-task-executors-table.xml::8::xfnet ran successfully in 16ms
2025-03-04 00:22:18 [main] INFO  liquibase.ui - Running Changeset: db/changelog/09-create-comment-table.xml::9::xfnet
2025-03-04 00:22:18 [main] INFO  liquibase.changelog - Table comment created
2025-03-04 00:22:18 [main] INFO  liquibase.changelog - Foreign key constraint added to comment (task_id)
2025-03-04 00:22:18 [main] INFO  liquibase.changelog - Foreign key constraint added to comment (user_id)
2025-03-04 00:22:18 [main] INFO  liquibase.changelog - Foreign key constraint added to comment (parent_id)
2025-03-04 00:22:18 [main] INFO  liquibase.changelog - ChangeSet db/changelog/09-create-comment-table.xml::9::xfnet ran successfully in 20ms
2025-03-04 00:22:18 [main] INFO  liquibase.ui - Running Changeset: db/changelog/10-insert-default-data.xml::10::xfnet
2025-03-04 00:22:18 [main] INFO  liquibase.changelog - New row inserted into role
2025-03-04 00:22:18 [main] INFO  liquibase.changelog - New row inserted into role
2025-03-04 00:22:18 [main] INFO  liquibase.changelog - New row inserted into user
2025-03-04 00:22:18 [main] INFO  liquibase.changelog - New row inserted into user
2025-03-04 00:22:18 [main] INFO  liquibase.changelog - New row inserted into user
2025-03-04 00:22:18 [main] INFO  liquibase.changelog - New row inserted into user
2025-03-04 00:22:18 [main] INFO  liquibase.changelog - New row inserted into user
2025-03-04 00:22:18 [main] INFO  liquibase.changelog - New row inserted into user_roles
2025-03-04 00:22:18 [main] INFO  liquibase.changelog - New row inserted into user_roles
2025-03-04 00:22:18 [main] INFO  liquibase.changelog - New row inserted into user_roles
2025-03-04 00:22:18 [main] INFO  liquibase.changelog - New row inserted into user_roles
2025-03-04 00:22:18 [main] INFO  liquibase.changelog - New row inserted into user_roles
2025-03-04 00:22:18 [main] INFO  liquibase.changelog - New row inserted into priority
2025-03-04 00:22:18 [main] INFO  liquibase.changelog - New row inserted into priority
2025-03-04 00:22:18 [main] INFO  liquibase.changelog - New row inserted into priority
2025-03-04 00:22:18 [main] INFO  liquibase.changelog - New row inserted into status
2025-03-04 00:22:18 [main] INFO  liquibase.changelog - New row inserted into status
2025-03-04 00:22:18 [main] INFO  liquibase.changelog - New row inserted into status
2025-03-04 00:22:18 [main] INFO  liquibase.changelog - New row inserted into status
2025-03-04 00:22:18 [main] INFO  liquibase.changelog - New row inserted into status
2025-03-04 00:22:18 [main] INFO  liquibase.changelog - New row inserted into task
2025-03-04 00:22:18 [main] INFO  liquibase.changelog - New row inserted into task
2025-03-04 00:22:18 [main] INFO  liquibase.changelog - New row inserted into task
2025-03-04 00:22:19 [main] INFO  liquibase.changelog - New row inserted into task_executors
2025-03-04 00:22:19 [main] INFO  liquibase.changelog - New row inserted into task_executors
2025-03-04 00:22:19 [main] INFO  liquibase.changelog - New row inserted into task_executors
2025-03-04 00:22:19 [main] INFO  liquibase.changelog - New row inserted into task_executors
2025-03-04 00:22:19 [main] INFO  liquibase.changelog - New row inserted into comment
2025-03-04 00:22:19 [main] INFO  liquibase.changelog - New row inserted into comment
2025-03-04 00:22:19 [main] INFO  liquibase.changelog - New row inserted into comment
2025-03-04 00:22:19 [main] INFO  liquibase.changelog - ChangeSet db/changelog/10-insert-default-data.xml::10::xfnet ran successfully in 163ms
2025-03-04 00:22:19 [main] INFO  liquibase.util - UPDATE SUMMARY
2025-03-04 00:22:19 [main] INFO  liquibase.util - Run:                         10
2025-03-04 00:22:19 [main] INFO  liquibase.util - Previously run:               0
2025-03-04 00:22:19 [main] INFO  liquibase.util - Filtered out:                 0
2025-03-04 00:22:19 [main] INFO  liquibase.util - -------------------------------
2025-03-04 00:22:19 [main] INFO  liquibase.util - Total change sets:           10
2025-03-04 00:22:19 [main] INFO  liquibase.util - Update summary generated
2025-03-04 00:22:19 [main] INFO  liquibase.command - Update command completed successfully.
2025-03-04 00:22:19 [main] INFO  liquibase.ui - Liquibase: Update has been successful. Rows affected: 40
2025-03-04 00:22:19 [main] INFO  liquibase.lockservice - Successfully released change log lock
2025-03-04 00:22:19 [main] INFO  liquibase.command - Command execution complete
2025-03-04 00:22:19 [main] INFO  o.h.jpa.internal.util.LogHelper - HHH000204: Processing PersistenceUnitInfo [name: default]
2025-03-04 00:22:19 [main] INFO  org.hibernate.Version - HHH000412: Hibernate ORM core version 6.5.3.Final
2025-03-04 00:22:19 [main] INFO  o.h.c.i.RegionFactoryInitiator - HHH000026: Second-level cache disabled
2025-03-04 00:22:19 [main] INFO  o.s.o.j.p.SpringPersistenceUnitInfo - No LoadTimeWeaver setup: ignoring JPA class transformer
2025-03-04 00:22:21 [main] INFO  o.h.e.t.j.p.i.JtaPlatformInitiator - HHH000489: No JTA platform available (set 'hibernate.transaction.jta.platform' to enable JTA platform integration)
2025-03-04 00:22:21 [main] INFO  o.s.o.j.LocalContainerEntityManagerFactoryBean - Initialized JPA EntityManagerFactory for persistence unit 'default'
2025-03-04 00:22:21 [main] INFO  o.s.s.c.a.a.c.InitializeAuthenticationProviderBeanManagerConfigurer$InitializeAuthenticationProviderManagerConfigurer - Global AuthenticationManager configured with AuthenticationProvider bean with name authenticationProvider
2025-03-04 00:22:21 [main] WARN  o.s.s.c.a.a.c.InitializeUserDetailsBeanManagerConfigurer$InitializeUserDetailsManagerConfigurer - Global AuthenticationManager configured with an AuthenticationProvider bean. UserDetailsService beans will not be used for username/password login. Consider removing the AuthenticationProvider bean. Alternatively, consider using the UserDetailsService in a manually instantiated DaoAuthenticationProvider.
2025-03-04 00:22:22 [main] INFO  o.s.d.j.r.query.QueryEnhancerFactory - Hibernate is in classpath; If applicable, HQL parser will be used.
2025-03-04 00:22:23 [main] WARN  o.s.b.a.o.j.JpaBaseConfiguration$JpaWebConfiguration - spring.jpa.open-in-view is enabled by default. Therefore, database queries may be performed during view rendering. Explicitly configure spring.jpa.open-in-view to disable this warning
2025-03-04 00:22:24 [main] INFO  c.t.t.c.CommentServiceIntegrationTest - Started CommentServiceIntegrationTest in 10.974 seconds (process running for 37.595)
2025-03-04 00:22:25 [main] WARN  o.h.e.jdbc.spi.SqlExceptionHelper - SQL Error: 0, SQLState: 23505
2025-03-04 00:22:25 [main] ERROR o.h.e.jdbc.spi.SqlExceptionHelper - ERROR: duplicate key value violates unique constraint "user_email_key"
  Подробности: Key (email)=(admin@example.com) already exists.
2025-03-04 00:22:25 [main] WARN  o.h.e.jdbc.spi.SqlExceptionHelper - SQL Error: 0, SQLState: 23502
2025-03-04 00:22:25 [main] ERROR o.h.e.jdbc.spi.SqlExceptionHelper - ERROR: null value in column "status_id" of relation "task" violates not-null constraint
  Подробности: Failing row contains (4, Task for email comments, Task description, null, null, 7, t, 2025-03-04 00:22:25.15).
2025-03-04 00:22:25 [main] WARN  o.h.e.jdbc.spi.SqlExceptionHelper - SQL Error: 0, SQLState: 23502
2025-03-04 00:22:25 [main] ERROR o.h.e.jdbc.spi.SqlExceptionHelper - ERROR: null value in column "status_id" of relation "task" violates not-null constraint
  Подробности: Failing row contains (5, Task for non-admin test, Task description, null, null, 8, t, 2025-03-04 00:22:25.238).
2025-03-04 00:22:25 [main] WARN  o.h.e.jdbc.spi.SqlExceptionHelper - SQL Error: 0, SQLState: 23502
2025-03-04 00:22:25 [main] ERROR o.h.e.jdbc.spi.SqlExceptionHelper - ERROR: null value in column "status_id" of relation "task" violates not-null constraint
  Подробности: Failing row contains (6, Hidden Task, This task is hidden, null, null, 10, f, 2025-03-04 00:22:25.286).
2025-03-04 00:22:25 [main] WARN  o.h.e.jdbc.spi.SqlExceptionHelper - SQL Error: 0, SQLState: 23502
2025-03-04 00:22:25 [main] ERROR o.h.e.jdbc.spi.SqlExceptionHelper - ERROR: null value in column "status_id" of relation "task" violates not-null constraint
  Подробности: Failing row contains (7, Task for reply, Task description, null, null, 11, t, 2025-03-04 00:22:25.326).
2025-03-04 00:22:25 [main] WARN  o.h.e.jdbc.spi.SqlExceptionHelper - SQL Error: 0, SQLState: 23502
2025-03-04 00:22:25 [main] ERROR o.h.e.jdbc.spi.SqlExceptionHelper - ERROR: null value in column "status_id" of relation "task" violates not-null constraint
  Подробности: Failing row contains (8, Task for getById, Task description, null, null, 12, t, 2025-03-04 00:22:25.348).
2025-03-04 00:22:25 [main] WARN  o.h.e.jdbc.spi.SqlExceptionHelper - SQL Error: 0, SQLState: 23505
2025-03-04 00:22:25 [main] ERROR o.h.e.jdbc.spi.SqlExceptionHelper - ERROR: duplicate key value violates unique constraint "user_email_key"
  Подробности: Key (email)=(test@example.com) already exists.
2025-03-04 00:22:25 [main] WARN  o.h.e.jdbc.spi.SqlExceptionHelper - SQL Error: 0, SQLState: 23502
2025-03-04 00:22:25 [main] ERROR o.h.e.jdbc.spi.SqlExceptionHelper - ERROR: null value in column "status_id" of relation "task" violates not-null constraint
  Подробности: Failing row contains (9, Task for all comments, Task description, null, null, 14, t, 2025-03-04 00:22:25.429).
2025-03-04 00:22:26 [SpringApplicationShutdownHook] INFO  o.s.o.j.LocalContainerEntityManagerFactoryBean - Closing JPA EntityManagerFactory for persistence unit 'default'
2025-03-04 00:22:26 [SpringApplicationShutdownHook] INFO  com.zaxxer.hikari.HikariDataSource - HikariPool-1 - Shutdown initiated...
2025-03-04 00:22:26 [SpringApplicationShutdownHook] INFO  com.zaxxer.hikari.HikariDataSource - HikariPool-1 - Shutdown completed.
2025-03-04 00:25:30 [background-preinit] INFO  o.h.validator.internal.util.Version - HV000001: Hibernate Validator 8.0.1.Final
2025-03-04 00:25:30 [main] INFO  c.t.t.c.CommentServiceIntegrationTest - Starting CommentServiceIntegrationTest using Java 22.0.2 with PID 15236 (started by Admin in C:\Users\Admin\Desktop\task)
2025-03-04 00:25:30 [main] INFO  c.t.t.c.CommentServiceIntegrationTest - The following 1 profile is active: "test"
2025-03-04 00:25:31 [main] INFO  o.s.d.r.c.RepositoryConfigurationDelegate - Bootstrapping Spring Data JPA repositories in DEFAULT mode.
2025-03-04 00:25:31 [main] INFO  o.s.d.r.c.RepositoryConfigurationDelegate - Finished Spring Data repository scanning in 112 ms. Found 5 JPA repository interfaces.
2025-03-04 00:25:32 [main] INFO  com.zaxxer.hikari.HikariDataSource - HikariPool-1 - Starting...
2025-03-04 00:25:32 [main] INFO  com.zaxxer.hikari.pool.HikariPool - HikariPool-1 - Added connection org.postgresql.jdbc.PgConnection@6ab1f85b
2025-03-04 00:25:32 [main] INFO  com.zaxxer.hikari.HikariDataSource - HikariPool-1 - Start completed.
2025-03-04 00:25:32 [main] INFO  liquibase.database - Set default schema name to public
2025-03-04 00:25:33 [main] INFO  liquibase.changelog - Creating database history table with name: public.databasechangelog
2025-03-04 00:25:33 [main] INFO  liquibase.changelog - Reading from public.databasechangelog
2025-03-04 00:25:33 [main] INFO  liquibase.lockservice - Successfully acquired change log lock
2025-03-04 00:25:33 [main] INFO  liquibase.command - Using deploymentId: 1037133833
2025-03-04 00:25:33 [main] INFO  liquibase.changelog - Reading from public.databasechangelog
2025-03-04 00:25:33 [main] INFO  liquibase.ui - Running Changeset: db/changelog/01-create-schema.xml::1::xfnet
2025-03-04 00:25:33 [main] WARN  liquibase.executor - schema "private" does not exist, skipping
2025-03-04 00:25:33 [main] INFO  liquibase.changelog - Custom SQL executed
2025-03-04 00:25:33 [main] INFO  liquibase.changelog - Custom SQL executed
2025-03-04 00:25:33 [main] INFO  liquibase.changelog - ChangeSet db/changelog/01-create-schema.xml::1::xfnet ran successfully in 25ms
2025-03-04 00:25:33 [main] INFO  liquibase.ui - Running Changeset: db/changelog/02-create-user-table.xml::2::xfnet
2025-03-04 00:25:33 [main] INFO  liquibase.changelog - Table user created
2025-03-04 00:25:33 [main] INFO  liquibase.changelog - ChangeSet db/changelog/02-create-user-table.xml::2::xfnet ran successfully in 18ms
2025-03-04 00:25:33 [main] INFO  liquibase.ui - Running Changeset: db/changelog/03-create-priority-table.xml::3::xfnet
2025-03-04 00:25:34 [main] INFO  liquibase.changelog - Table priority created
2025-03-04 00:25:34 [main] INFO  liquibase.changelog - ChangeSet db/changelog/03-create-priority-table.xml::3::xfnet ran successfully in 13ms
2025-03-04 00:25:34 [main] INFO  liquibase.ui - Running Changeset: db/changelog/04-create-status-table.xml::4::xfnet
2025-03-04 00:25:34 [main] INFO  liquibase.changelog - Table status created
2025-03-04 00:25:34 [main] INFO  liquibase.changelog - Foreign key constraint added to status (user_id)
2025-03-04 00:25:34 [main] INFO  liquibase.changelog - Unique constraint added to status(title, user_id)
2025-03-04 00:25:34 [main] INFO  liquibase.changelog - ChangeSet db/changelog/04-create-status-table.xml::4::xfnet ran successfully in 20ms
2025-03-04 00:25:34 [main] INFO  liquibase.ui - Running Changeset: db/changelog/05-create-role-table.xml::5::xfnet
2025-03-04 00:25:34 [main] INFO  liquibase.changelog - Table role created
2025-03-04 00:25:34 [main] INFO  liquibase.changelog - ChangeSet db/changelog/05-create-role-table.xml::5::xfnet ran successfully in 10ms
2025-03-04 00:25:34 [main] INFO  liquibase.ui - Running Changeset: db/changelog/06-create-user-roles-table.xml::6::xfnet
2025-03-04 00:25:34 [main] INFO  liquibase.changelog - Table user_roles created
2025-03-04 00:25:34 [main] INFO  liquibase.changelog - Primary key added to user_roles (user_id, role_id)
2025-03-04 00:25:34 [main] INFO  liquibase.changelog - Foreign key constraint added to user_roles (user_id)
2025-03-04 00:25:34 [main] INFO  liquibase.changelog - Foreign key constraint added to user_roles (role_id)
2025-03-04 00:25:34 [main] INFO  liquibase.changelog - ChangeSet db/changelog/06-create-user-roles-table.xml::6::xfnet ran successfully in 18ms
2025-03-04 00:25:34 [main] INFO  liquibase.ui - Running Changeset: db/changelog/07-create-task-table.xml::7::xfnet
2025-03-04 00:25:34 [main] INFO  liquibase.changelog - Table task created
2025-03-04 00:25:34 [main] INFO  liquibase.changelog - Foreign key constraint added to task (priority_id)
2025-03-04 00:25:34 [main] INFO  liquibase.changelog - Foreign key constraint added to task (status_id)
2025-03-04 00:25:34 [main] INFO  liquibase.changelog - Foreign key constraint added to task (user_id)
2025-03-04 00:25:34 [main] INFO  liquibase.changelog - ChangeSet db/changelog/07-create-task-table.xml::7::xfnet ran successfully in 20ms
2025-03-04 00:25:34 [main] INFO  liquibase.ui - Running Changeset: db/changelog/08-create-task-executors-table.xml::8::xfnet
2025-03-04 00:25:34 [main] INFO  liquibase.changelog - Table task_executors created
2025-03-04 00:25:34 [main] INFO  liquibase.changelog - Primary key added to task_executors (task_id, user_id)
2025-03-04 00:25:34 [main] INFO  liquibase.changelog - Foreign key constraint added to task_executors (task_id)
2025-03-04 00:25:34 [main] INFO  liquibase.changelog - Foreign key constraint added to task_executors (user_id)
2025-03-04 00:25:34 [main] INFO  liquibase.changelog - ChangeSet db/changelog/08-create-task-executors-table.xml::8::xfnet ran successfully in 15ms
2025-03-04 00:25:34 [main] INFO  liquibase.ui - Running Changeset: db/changelog/09-create-comment-table.xml::9::xfnet
2025-03-04 00:25:34 [main] INFO  liquibase.changelog - Table comment created
2025-03-04 00:25:34 [main] INFO  liquibase.changelog - Foreign key constraint added to comment (task_id)
2025-03-04 00:25:34 [main] INFO  liquibase.changelog - Foreign key constraint added to comment (user_id)
2025-03-04 00:25:34 [main] INFO  liquibase.changelog - Foreign key constraint added to comment (parent_id)
2025-03-04 00:25:34 [main] INFO  liquibase.changelog - ChangeSet db/changelog/09-create-comment-table.xml::9::xfnet ran successfully in 43ms
2025-03-04 00:25:34 [main] INFO  liquibase.ui - Running Changeset: db/changelog/10-insert-default-data.xml::10::xfnet
2025-03-04 00:25:34 [main] INFO  liquibase.changelog - New row inserted into role
2025-03-04 00:25:34 [main] INFO  liquibase.changelog - New row inserted into role
2025-03-04 00:25:34 [main] INFO  liquibase.changelog - New row inserted into user
2025-03-04 00:25:34 [main] INFO  liquibase.changelog - New row inserted into user
2025-03-04 00:25:34 [main] INFO  liquibase.changelog - New row inserted into user
2025-03-04 00:25:34 [main] INFO  liquibase.changelog - New row inserted into user
2025-03-04 00:25:34 [main] INFO  liquibase.changelog - New row inserted into user
2025-03-04 00:25:34 [main] INFO  liquibase.changelog - New row inserted into user_roles
2025-03-04 00:25:34 [main] INFO  liquibase.changelog - New row inserted into user_roles
2025-03-04 00:25:34 [main] INFO  liquibase.changelog - New row inserted into user_roles
2025-03-04 00:25:34 [main] INFO  liquibase.changelog - New row inserted into user_roles
2025-03-04 00:25:34 [main] INFO  liquibase.changelog - New row inserted into user_roles
2025-03-04 00:25:34 [main] INFO  liquibase.changelog - New row inserted into priority
2025-03-04 00:25:34 [main] INFO  liquibase.changelog - New row inserted into priority
2025-03-04 00:25:34 [main] INFO  liquibase.changelog - New row inserted into priority
2025-03-04 00:25:34 [main] INFO  liquibase.changelog - New row inserted into status
2025-03-04 00:25:34 [main] INFO  liquibase.changelog - New row inserted into status
2025-03-04 00:25:34 [main] INFO  liquibase.changelog - New row inserted into status
2025-03-04 00:25:34 [main] INFO  liquibase.changelog - New row inserted into status
2025-03-04 00:25:34 [main] INFO  liquibase.changelog - New row inserted into status
2025-03-04 00:25:34 [main] INFO  liquibase.changelog - New row inserted into task
2025-03-04 00:25:34 [main] INFO  liquibase.changelog - New row inserted into task
2025-03-04 00:25:34 [main] INFO  liquibase.changelog - New row inserted into task
2025-03-04 00:25:34 [main] INFO  liquibase.changelog - New row inserted into task_executors
2025-03-04 00:25:34 [main] INFO  liquibase.changelog - New row inserted into task_executors
2025-03-04 00:25:34 [main] INFO  liquibase.changelog - New row inserted into task_executors
2025-03-04 00:25:34 [main] INFO  liquibase.changelog - New row inserted into task_executors
2025-03-04 00:25:34 [main] INFO  liquibase.changelog - New row inserted into comment
2025-03-04 00:25:34 [main] INFO  liquibase.changelog - New row inserted into comment
2025-03-04 00:25:34 [main] INFO  liquibase.changelog - New row inserted into comment
2025-03-04 00:25:34 [main] INFO  liquibase.changelog - ChangeSet db/changelog/10-insert-default-data.xml::10::xfnet ran successfully in 101ms
2025-03-04 00:25:34 [main] INFO  liquibase.util - UPDATE SUMMARY
2025-03-04 00:25:34 [main] INFO  liquibase.util - Run:                         10
2025-03-04 00:25:34 [main] INFO  liquibase.util - Previously run:               0
2025-03-04 00:25:34 [main] INFO  liquibase.util - Filtered out:                 0
2025-03-04 00:25:34 [main] INFO  liquibase.util - -------------------------------
2025-03-04 00:25:34 [main] INFO  liquibase.util - Total change sets:           10
2025-03-04 00:25:34 [main] INFO  liquibase.util - Update summary generated
2025-03-04 00:25:34 [main] INFO  liquibase.command - Update command completed successfully.
2025-03-04 00:25:34 [main] INFO  liquibase.ui - Liquibase: Update has been successful. Rows affected: 40
2025-03-04 00:25:34 [main] INFO  liquibase.lockservice - Successfully released change log lock
2025-03-04 00:25:34 [main] INFO  liquibase.command - Command execution complete
2025-03-04 00:25:34 [main] INFO  o.h.jpa.internal.util.LogHelper - HHH000204: Processing PersistenceUnitInfo [name: default]
2025-03-04 00:25:34 [main] INFO  org.hibernate.Version - HHH000412: Hibernate ORM core version 6.5.3.Final
2025-03-04 00:25:34 [main] INFO  o.h.c.i.RegionFactoryInitiator - HHH000026: Second-level cache disabled
2025-03-04 00:25:35 [main] INFO  o.s.o.j.p.SpringPersistenceUnitInfo - No LoadTimeWeaver setup: ignoring JPA class transformer
2025-03-04 00:25:36 [main] INFO  o.h.e.t.j.p.i.JtaPlatformInitiator - HHH000489: No JTA platform available (set 'hibernate.transaction.jta.platform' to enable JTA platform integration)
2025-03-04 00:25:36 [main] INFO  o.s.o.j.LocalContainerEntityManagerFactoryBean - Initialized JPA EntityManagerFactory for persistence unit 'default'
2025-03-04 00:25:36 [main] INFO  o.s.s.c.a.a.c.InitializeAuthenticationProviderBeanManagerConfigurer$InitializeAuthenticationProviderManagerConfigurer - Global AuthenticationManager configured with AuthenticationProvider bean with name authenticationProvider
2025-03-04 00:25:36 [main] WARN  o.s.s.c.a.a.c.InitializeUserDetailsBeanManagerConfigurer$InitializeUserDetailsManagerConfigurer - Global AuthenticationManager configured with an AuthenticationProvider bean. UserDetailsService beans will not be used for username/password login. Consider removing the AuthenticationProvider bean. Alternatively, consider using the UserDetailsService in a manually instantiated DaoAuthenticationProvider.
2025-03-04 00:25:36 [main] INFO  o.s.d.j.r.query.QueryEnhancerFactory - Hibernate is in classpath; If applicable, HQL parser will be used.
2025-03-04 00:25:37 [main] WARN  o.s.b.a.o.j.JpaBaseConfiguration$JpaWebConfiguration - spring.jpa.open-in-view is enabled by default. Therefore, database queries may be performed during view rendering. Explicitly configure spring.jpa.open-in-view to disable this warning
2025-03-04 00:25:38 [main] INFO  c.t.t.c.CommentServiceIntegrationTest - Started CommentServiceIntegrationTest in 8.691 seconds (process running for 14.615)
2025-03-04 00:25:39 [main] WARN  o.h.e.jdbc.spi.SqlExceptionHelper - SQL Error: 0, SQLState: 23505
2025-03-04 00:25:39 [main] ERROR o.h.e.jdbc.spi.SqlExceptionHelper - ERROR: duplicate key value violates unique constraint "user_username_key"
  Подробности: Key (username)=(admin) already exists.
2025-03-04 00:25:39 [main] WARN  o.h.e.jdbc.spi.SqlExceptionHelper - SQL Error: 0, SQLState: 23502
2025-03-04 00:25:39 [main] ERROR o.h.e.jdbc.spi.SqlExceptionHelper - ERROR: null value in column "status_id" of relation "task" violates not-null constraint
  Подробности: Failing row contains (4, Task for email comments, Task description, null, null, 7, t, 2025-03-04 00:25:39.141).
2025-03-04 00:25:39 [main] WARN  o.h.e.jdbc.spi.SqlExceptionHelper - SQL Error: 0, SQLState: 23502
2025-03-04 00:25:39 [main] ERROR o.h.e.jdbc.spi.SqlExceptionHelper - ERROR: null value in column "status_id" of relation "task" violates not-null constraint
  Подробности: Failing row contains (5, Task for non-admin test, Task description, null, null, 8, t, 2025-03-04 00:25:39.183).
2025-03-04 00:25:39 [main] WARN  o.h.e.jdbc.spi.SqlExceptionHelper - SQL Error: 0, SQLState: 23502
2025-03-04 00:25:39 [main] ERROR o.h.e.jdbc.spi.SqlExceptionHelper - ERROR: null value in column "status_id" of relation "task" violates not-null constraint
  Подробности: Failing row contains (6, Hidden Task, This task is hidden, null, null, 10, f, 2025-03-04 00:25:39.203).
2025-03-04 00:25:39 [main] WARN  o.h.e.jdbc.spi.SqlExceptionHelper - SQL Error: 0, SQLState: 23502
2025-03-04 00:25:39 [main] ERROR o.h.e.jdbc.spi.SqlExceptionHelper - ERROR: null value in column "status_id" of relation "task" violates not-null constraint
  Подробности: Failing row contains (7, Task for reply, Task description, null, null, 11, t, 2025-03-04 00:25:39.226).
2025-03-04 00:25:39 [main] WARN  o.h.e.jdbc.spi.SqlExceptionHelper - SQL Error: 0, SQLState: 23502
2025-03-04 00:25:39 [main] ERROR o.h.e.jdbc.spi.SqlExceptionHelper - ERROR: null value in column "status_id" of relation "task" violates not-null constraint
  Подробности: Failing row contains (8, Task for getById, Task description, null, null, 12, t, 2025-03-04 00:25:39.267).
2025-03-04 00:25:39 [main] WARN  o.h.e.jdbc.spi.SqlExceptionHelper - SQL Error: 0, SQLState: 23502
2025-03-04 00:25:39 [main] ERROR o.h.e.jdbc.spi.SqlExceptionHelper - ERROR: null value in column "status_id" of relation "task" violates not-null constraint
  Подробности: Failing row contains (9, Test Task, Test Task Description, null, null, 13, t, 2025-03-04 00:25:39.298).
2025-03-04 00:25:39 [main] WARN  o.h.e.jdbc.spi.SqlExceptionHelper - SQL Error: 0, SQLState: 23502
2025-03-04 00:25:39 [main] ERROR o.h.e.jdbc.spi.SqlExceptionHelper - ERROR: null value in column "status_id" of relation "task" violates not-null constraint
  Подробности: Failing row contains (10, Task for all comments, Task description, null, null, 14, t, 2025-03-04 00:25:39.325).
2025-03-04 00:25:40 [SpringApplicationShutdownHook] INFO  o.s.o.j.LocalContainerEntityManagerFactoryBean - Closing JPA EntityManagerFactory for persistence unit 'default'
2025-03-04 00:25:40 [SpringApplicationShutdownHook] INFO  com.zaxxer.hikari.HikariDataSource - HikariPool-1 - Shutdown initiated...
2025-03-04 00:25:40 [SpringApplicationShutdownHook] INFO  com.zaxxer.hikari.HikariDataSource - HikariPool-1 - Shutdown completed.
2025-03-04 00:29:37 [background-preinit] INFO  o.h.validator.internal.util.Version - HV000001: Hibernate Validator 8.0.1.Final
2025-03-04 00:29:37 [main] INFO  c.t.t.c.CommentServiceIntegrationTest - Starting CommentServiceIntegrationTest using Java 22.0.2 with PID 19824 (started by Admin in C:\Users\Admin\Desktop\task)
2025-03-04 00:29:37 [main] INFO  c.t.t.c.CommentServiceIntegrationTest - The following 1 profile is active: "test"
2025-03-04 00:29:38 [main] INFO  o.s.d.r.c.RepositoryConfigurationDelegate - Bootstrapping Spring Data JPA repositories in DEFAULT mode.
2025-03-04 00:29:39 [main] INFO  o.s.d.r.c.RepositoryConfigurationDelegate - Finished Spring Data repository scanning in 95 ms. Found 5 JPA repository interfaces.
2025-03-04 00:29:39 [main] INFO  com.zaxxer.hikari.HikariDataSource - HikariPool-1 - Starting...
2025-03-04 00:29:40 [main] INFO  com.zaxxer.hikari.pool.HikariPool - HikariPool-1 - Added connection org.postgresql.jdbc.PgConnection@2d2af12e
2025-03-04 00:29:40 [main] INFO  com.zaxxer.hikari.HikariDataSource - HikariPool-1 - Start completed.
2025-03-04 00:29:40 [main] INFO  liquibase.database - Set default schema name to public
2025-03-04 00:29:40 [main] INFO  liquibase.changelog - Creating database history table with name: public.databasechangelog
2025-03-04 00:29:41 [main] INFO  liquibase.changelog - Reading from public.databasechangelog
2025-03-04 00:29:41 [main] INFO  liquibase.lockservice - Successfully acquired change log lock
2025-03-04 00:29:41 [main] INFO  liquibase.command - Using deploymentId: 1037381182
2025-03-04 00:29:41 [main] INFO  liquibase.changelog - Reading from public.databasechangelog
2025-03-04 00:29:41 [main] INFO  liquibase.ui - Running Changeset: db/changelog/01-create-schema.xml::1::xfnet
2025-03-04 00:29:41 [main] WARN  liquibase.executor - schema "private" does not exist, skipping
2025-03-04 00:29:41 [main] INFO  liquibase.changelog - Custom SQL executed
2025-03-04 00:29:41 [main] INFO  liquibase.changelog - Custom SQL executed
2025-03-04 00:29:41 [main] INFO  liquibase.changelog - ChangeSet db/changelog/01-create-schema.xml::1::xfnet ran successfully in 20ms
2025-03-04 00:29:41 [main] INFO  liquibase.ui - Running Changeset: db/changelog/02-create-user-table.xml::2::xfnet
2025-03-04 00:29:41 [main] INFO  liquibase.changelog - Table user created
2025-03-04 00:29:41 [main] INFO  liquibase.changelog - ChangeSet db/changelog/02-create-user-table.xml::2::xfnet ran successfully in 12ms
2025-03-04 00:29:41 [main] INFO  liquibase.ui - Running Changeset: db/changelog/03-create-priority-table.xml::3::xfnet
2025-03-04 00:29:41 [main] INFO  liquibase.changelog - Table priority created
2025-03-04 00:29:41 [main] INFO  liquibase.changelog - ChangeSet db/changelog/03-create-priority-table.xml::3::xfnet ran successfully in 9ms
2025-03-04 00:29:41 [main] INFO  liquibase.ui - Running Changeset: db/changelog/04-create-status-table.xml::4::xfnet
2025-03-04 00:29:41 [main] INFO  liquibase.changelog - Table status created
2025-03-04 00:29:41 [main] INFO  liquibase.changelog - Foreign key constraint added to status (user_id)
2025-03-04 00:29:41 [main] INFO  liquibase.changelog - Unique constraint added to status(title, user_id)
2025-03-04 00:29:41 [main] INFO  liquibase.changelog - ChangeSet db/changelog/04-create-status-table.xml::4::xfnet ran successfully in 26ms
2025-03-04 00:29:41 [main] INFO  liquibase.ui - Running Changeset: db/changelog/05-create-role-table.xml::5::xfnet
2025-03-04 00:29:41 [main] INFO  liquibase.changelog - Table role created
2025-03-04 00:29:41 [main] INFO  liquibase.changelog - ChangeSet db/changelog/05-create-role-table.xml::5::xfnet ran successfully in 14ms
2025-03-04 00:29:41 [main] INFO  liquibase.ui - Running Changeset: db/changelog/06-create-user-roles-table.xml::6::xfnet
2025-03-04 00:29:41 [main] INFO  liquibase.changelog - Table user_roles created
2025-03-04 00:29:41 [main] INFO  liquibase.changelog - Primary key added to user_roles (user_id, role_id)
2025-03-04 00:29:41 [main] INFO  liquibase.changelog - Foreign key constraint added to user_roles (user_id)
2025-03-04 00:29:41 [main] INFO  liquibase.changelog - Foreign key constraint added to user_roles (role_id)
2025-03-04 00:29:41 [main] INFO  liquibase.changelog - ChangeSet db/changelog/06-create-user-roles-table.xml::6::xfnet ran successfully in 23ms
2025-03-04 00:29:41 [main] INFO  liquibase.ui - Running Changeset: db/changelog/07-create-task-table.xml::7::xfnet
2025-03-04 00:29:41 [main] INFO  liquibase.changelog - Table task created
2025-03-04 00:29:41 [main] INFO  liquibase.changelog - Foreign key constraint added to task (priority_id)
2025-03-04 00:29:41 [main] INFO  liquibase.changelog - Foreign key constraint added to task (status_id)
2025-03-04 00:29:41 [main] INFO  liquibase.changelog - Foreign key constraint added to task (user_id)
2025-03-04 00:29:41 [main] INFO  liquibase.changelog - ChangeSet db/changelog/07-create-task-table.xml::7::xfnet ran successfully in 27ms
2025-03-04 00:29:41 [main] INFO  liquibase.ui - Running Changeset: db/changelog/08-create-task-executors-table.xml::8::xfnet
2025-03-04 00:29:41 [main] INFO  liquibase.changelog - Table task_executors created
2025-03-04 00:29:41 [main] INFO  liquibase.changelog - Primary key added to task_executors (task_id, user_id)
2025-03-04 00:29:41 [main] INFO  liquibase.changelog - Foreign key constraint added to task_executors (task_id)
2025-03-04 00:29:41 [main] INFO  liquibase.changelog - Foreign key constraint added to task_executors (user_id)
2025-03-04 00:29:41 [main] INFO  liquibase.changelog - ChangeSet db/changelog/08-create-task-executors-table.xml::8::xfnet ran successfully in 17ms
2025-03-04 00:29:41 [main] INFO  liquibase.ui - Running Changeset: db/changelog/09-create-comment-table.xml::9::xfnet
2025-03-04 00:29:41 [main] INFO  liquibase.changelog - Table comment created
2025-03-04 00:29:41 [main] INFO  liquibase.changelog - Foreign key constraint added to comment (task_id)
2025-03-04 00:29:41 [main] INFO  liquibase.changelog - Foreign key constraint added to comment (user_id)
2025-03-04 00:29:41 [main] INFO  liquibase.changelog - Foreign key constraint added to comment (parent_id)
2025-03-04 00:29:41 [main] INFO  liquibase.changelog - ChangeSet db/changelog/09-create-comment-table.xml::9::xfnet ran successfully in 114ms
2025-03-04 00:29:41 [main] INFO  liquibase.ui - Running Changeset: db/changelog/10-insert-default-data.xml::10::xfnet
2025-03-04 00:29:41 [main] INFO  liquibase.changelog - New row inserted into role
2025-03-04 00:29:41 [main] INFO  liquibase.changelog - New row inserted into role
2025-03-04 00:29:41 [main] INFO  liquibase.changelog - New row inserted into user
2025-03-04 00:29:41 [main] INFO  liquibase.changelog - New row inserted into user
2025-03-04 00:29:41 [main] INFO  liquibase.changelog - New row inserted into user
2025-03-04 00:29:41 [main] INFO  liquibase.changelog - New row inserted into user
2025-03-04 00:29:41 [main] INFO  liquibase.changelog - New row inserted into user
2025-03-04 00:29:41 [main] INFO  liquibase.changelog - New row inserted into user_roles
2025-03-04 00:29:41 [main] INFO  liquibase.changelog - New row inserted into user_roles
2025-03-04 00:29:41 [main] INFO  liquibase.changelog - New row inserted into user_roles
2025-03-04 00:29:41 [main] INFO  liquibase.changelog - New row inserted into user_roles
2025-03-04 00:29:41 [main] INFO  liquibase.changelog - New row inserted into user_roles
2025-03-04 00:29:41 [main] INFO  liquibase.changelog - New row inserted into priority
2025-03-04 00:29:41 [main] INFO  liquibase.changelog - New row inserted into priority
2025-03-04 00:29:41 [main] INFO  liquibase.changelog - New row inserted into priority
2025-03-04 00:29:41 [main] INFO  liquibase.changelog - New row inserted into status
2025-03-04 00:29:41 [main] INFO  liquibase.changelog - New row inserted into status
2025-03-04 00:29:41 [main] INFO  liquibase.changelog - New row inserted into status
2025-03-04 00:29:41 [main] INFO  liquibase.changelog - New row inserted into status
2025-03-04 00:29:41 [main] INFO  liquibase.changelog - New row inserted into status
2025-03-04 00:29:41 [main] INFO  liquibase.changelog - New row inserted into task
2025-03-04 00:29:41 [main] INFO  liquibase.changelog - New row inserted into task
2025-03-04 00:29:41 [main] INFO  liquibase.changelog - New row inserted into task
2025-03-04 00:29:41 [main] INFO  liquibase.changelog - New row inserted into task_executors
2025-03-04 00:29:41 [main] INFO  liquibase.changelog - New row inserted into task_executors
2025-03-04 00:29:41 [main] INFO  liquibase.changelog - New row inserted into task_executors
2025-03-04 00:29:41 [main] INFO  liquibase.changelog - New row inserted into task_executors
2025-03-04 00:29:41 [main] INFO  liquibase.changelog - New row inserted into comment
2025-03-04 00:29:41 [main] INFO  liquibase.changelog - New row inserted into comment
2025-03-04 00:29:41 [main] INFO  liquibase.changelog - New row inserted into comment
2025-03-04 00:29:41 [main] INFO  liquibase.changelog - ChangeSet db/changelog/10-insert-default-data.xml::10::xfnet ran successfully in 92ms
2025-03-04 00:29:41 [main] INFO  liquibase.util - UPDATE SUMMARY
2025-03-04 00:29:41 [main] INFO  liquibase.util - Run:                         10
2025-03-04 00:29:41 [main] INFO  liquibase.util - Previously run:               0
2025-03-04 00:29:41 [main] INFO  liquibase.util - Filtered out:                 0
2025-03-04 00:29:41 [main] INFO  liquibase.util - -------------------------------
2025-03-04 00:29:41 [main] INFO  liquibase.util - Total change sets:           10
2025-03-04 00:29:41 [main] INFO  liquibase.util - Update summary generated
2025-03-04 00:29:41 [main] INFO  liquibase.command - Update command completed successfully.
2025-03-04 00:29:41 [main] INFO  liquibase.ui - Liquibase: Update has been successful. Rows affected: 40
2025-03-04 00:29:41 [main] INFO  liquibase.lockservice - Successfully released change log lock
2025-03-04 00:29:41 [main] INFO  liquibase.command - Command execution complete
2025-03-04 00:29:41 [main] INFO  o.h.jpa.internal.util.LogHelper - HHH000204: Processing PersistenceUnitInfo [name: default]
2025-03-04 00:29:41 [main] INFO  org.hibernate.Version - HHH000412: Hibernate ORM core version 6.5.3.Final
2025-03-04 00:29:42 [main] INFO  o.h.c.i.RegionFactoryInitiator - HHH000026: Second-level cache disabled
2025-03-04 00:29:42 [main] INFO  o.s.o.j.p.SpringPersistenceUnitInfo - No LoadTimeWeaver setup: ignoring JPA class transformer
2025-03-04 00:29:43 [main] INFO  o.h.e.t.j.p.i.JtaPlatformInitiator - HHH000489: No JTA platform available (set 'hibernate.transaction.jta.platform' to enable JTA platform integration)
2025-03-04 00:29:43 [main] INFO  o.s.o.j.LocalContainerEntityManagerFactoryBean - Initialized JPA EntityManagerFactory for persistence unit 'default'
2025-03-04 00:29:43 [main] INFO  o.s.s.c.a.a.c.InitializeAuthenticationProviderBeanManagerConfigurer$InitializeAuthenticationProviderManagerConfigurer - Global AuthenticationManager configured with AuthenticationProvider bean with name authenticationProvider
2025-03-04 00:29:43 [main] WARN  o.s.s.c.a.a.c.InitializeUserDetailsBeanManagerConfigurer$InitializeUserDetailsManagerConfigurer - Global AuthenticationManager configured with an AuthenticationProvider bean. UserDetailsService beans will not be used for username/password login. Consider removing the AuthenticationProvider bean. Alternatively, consider using the UserDetailsService in a manually instantiated DaoAuthenticationProvider.
2025-03-04 00:29:43 [main] INFO  o.s.d.j.r.query.QueryEnhancerFactory - Hibernate is in classpath; If applicable, HQL parser will be used.
2025-03-04 00:29:44 [main] WARN  o.s.b.a.o.j.JpaBaseConfiguration$JpaWebConfiguration - spring.jpa.open-in-view is enabled by default. Therefore, database queries may be performed during view rendering. Explicitly configure spring.jpa.open-in-view to disable this warning
2025-03-04 00:29:45 [main] INFO  c.t.t.c.CommentServiceIntegrationTest - Started CommentServiceIntegrationTest in 8.682 seconds (process running for 16.108)
2025-03-04 00:29:46 [main] WARN  o.h.e.jdbc.spi.SqlExceptionHelper - SQL Error: 0, SQLState: 23505
2025-03-04 00:29:46 [main] ERROR o.h.e.jdbc.spi.SqlExceptionHelper - ERROR: duplicate key value violates unique constraint "user_email_key"
  Подробности: Key (email)=(admin@example.com) already exists.
2025-03-04 00:29:46 [main] INFO  com.track.task.aspect.LoggingAspect - Entering method: CommentServiceImpl.addComment(..)
2025-03-04 00:29:46 [main] INFO  c.t.t.s.c.impl.CommentServiceImpl - Adding new comment to task: 4 by user: byemail@example.com
2025-03-04 00:29:46 [main] INFO  com.track.task.aspect.LoggingAspect - Entering method: UserServiceImpl.getUserByEmail(..)
2025-03-04 00:29:46 [main] INFO  c.t.t.s.user.impl.UserServiceImpl - Get user by email
2025-03-04 00:29:46 [main] INFO  com.track.task.aspect.LoggingAspect - Exiting method: UserServiceImpl.getUserByEmail(..) with result: [FAILED toString()]
2025-03-04 00:29:46 [main] INFO  c.t.t.s.c.impl.CommentServiceImpl - Adding comment with id: null
2025-03-04 00:29:46 [main] INFO  c.t.t.s.c.impl.CommentServiceImpl - Successfully added comment with id: 4
2025-03-04 00:29:46 [main] INFO  com.track.task.aspect.LoggingAspect - Exiting method: CommentServiceImpl.addComment(..) with result: [FAILED toString()]
2025-03-04 00:29:46 [main] INFO  com.track.task.aspect.LoggingAspect - Entering method: CommentServiceImpl.addComment(..)
2025-03-04 00:29:46 [main] INFO  c.t.t.s.c.impl.CommentServiceImpl - Adding new comment to task: 4 by user: byemail@example.com
2025-03-04 00:29:46 [main] INFO  com.track.task.aspect.LoggingAspect - Entering method: UserServiceImpl.getUserByEmail(..)
2025-03-04 00:29:46 [main] INFO  c.t.t.s.user.impl.UserServiceImpl - Get user by email
2025-03-04 00:29:46 [main] INFO  com.track.task.aspect.LoggingAspect - Exiting method: UserServiceImpl.getUserByEmail(..) with result: [FAILED toString()]
2025-03-04 00:29:46 [main] INFO  c.t.t.s.c.impl.CommentServiceImpl - Adding comment with id: null
2025-03-04 00:29:46 [main] INFO  c.t.t.s.c.impl.CommentServiceImpl - Successfully added comment with id: 5
2025-03-04 00:29:46 [main] INFO  com.track.task.aspect.LoggingAspect - Exiting method: CommentServiceImpl.addComment(..) with result: [FAILED toString()]
2025-03-04 00:29:46 [main] INFO  com.track.task.aspect.LoggingAspect - Entering method: CommentServiceImpl.getAllByEmail(..)
2025-03-04 00:29:46 [main] INFO  c.t.t.s.c.impl.CommentServiceImpl - Fetching comments for email: byemail@example.com
2025-03-04 00:29:46 [main] INFO  com.track.task.aspect.LoggingAspect - Exiting method: CommentServiceImpl.getAllByEmail(..) with result: [FAILED toString()]
2025-03-04 00:29:46 [main] INFO  com.track.task.aspect.LoggingAspect - Entering method: CommentServiceImpl.addComment(..)
2025-03-04 00:29:46 [main] INFO  c.t.t.s.c.impl.CommentServiceImpl - Adding new comment to task: 5 by user: author@example.com
2025-03-04 00:29:46 [main] INFO  com.track.task.aspect.LoggingAspect - Entering method: UserServiceImpl.getUserByEmail(..)
2025-03-04 00:29:46 [main] INFO  c.t.t.s.user.impl.UserServiceImpl - Get user by email
2025-03-04 00:29:46 [main] INFO  com.track.task.aspect.LoggingAspect - Exiting method: UserServiceImpl.getUserByEmail(..) with result: [FAILED toString()]
2025-03-04 00:29:46 [main] INFO  c.t.t.s.c.impl.CommentServiceImpl - Adding comment with id: null
2025-03-04 00:29:46 [main] INFO  c.t.t.s.c.impl.CommentServiceImpl - Successfully added comment with id: 6
2025-03-04 00:29:46 [main] INFO  com.track.task.aspect.LoggingAspect - Exiting method: CommentServiceImpl.addComment(..) with result: [FAILED toString()]
2025-03-04 00:29:46 [main] INFO  com.track.task.aspect.LoggingAspect - Entering method: CommentServiceImpl.addComment(..)
2025-03-04 00:29:46 [main] INFO  c.t.t.s.c.impl.CommentServiceImpl - Adding new comment to task: 5 by user: other@example.com
2025-03-04 00:29:46 [main] INFO  com.track.task.aspect.LoggingAspect - Entering method: UserServiceImpl.getUserByEmail(..)
2025-03-04 00:29:46 [main] INFO  c.t.t.s.user.impl.UserServiceImpl - Get user by email
2025-03-04 00:29:46 [main] INFO  com.track.task.aspect.LoggingAspect - Exiting method: UserServiceImpl.getUserByEmail(..) with result: [FAILED toString()]
2025-03-04 00:29:46 [main] INFO  c.t.t.s.c.impl.CommentServiceImpl - Adding comment with id: null
2025-03-04 00:29:46 [main] INFO  c.t.t.s.c.impl.CommentServiceImpl - Successfully added comment with id: 7
2025-03-04 00:29:46 [main] INFO  com.track.task.aspect.LoggingAspect - Exiting method: CommentServiceImpl.addComment(..) with result: [FAILED toString()]
2025-03-04 00:29:46 [main] INFO  com.track.task.aspect.LoggingAspect - Entering method: CommentServiceImpl.getAllByTaskId(..)
2025-03-04 00:29:46 [main] INFO  c.t.t.s.c.impl.CommentServiceImpl - Fetching comments for taskId: 5 and email: other@example.com
2025-03-04 00:29:46 [main] INFO  com.track.task.aspect.LoggingAspect - Entering method: AdminUserServiceImpl.isAdminByEmail(..)
2025-03-04 00:29:46 [main] INFO  com.track.task.aspect.LoggingAspect - Entering method: UserServiceImpl.getUserByEmail(..)
2025-03-04 00:29:46 [main] INFO  c.t.t.s.user.impl.UserServiceImpl - Get user by email
2025-03-04 00:29:46 [main] INFO  com.track.task.aspect.LoggingAspect - Exiting method: UserServiceImpl.getUserByEmail(..) with result: [FAILED toString()]
2025-03-04 00:29:46 [main] INFO  com.track.task.aspect.LoggingAspect - Exiting method: AdminUserServiceImpl.isAdminByEmail(..) with result: false
2025-03-04 00:29:46 [main] ERROR com.track.task.aspect.LoggingAspect - Exception in method: CommentServiceImpl.getAllByTaskId(..): could not initialize proxy [com.track.task.model.User#8] - no Session
org.hibernate.LazyInitializationException: could not initialize proxy [com.track.task.model.User#8] - no Session
	at org.hibernate.proxy.AbstractLazyInitializer.initialize(AbstractLazyInitializer.java:165)
	at org.hibernate.proxy.AbstractLazyInitializer.getImplementation(AbstractLazyInitializer.java:314)
	at org.hibernate.proxy.pojo.bytebuddy.ByteBuddyInterceptor.intercept(ByteBuddyInterceptor.java:44)
	at org.hibernate.proxy.ProxyConfiguration$InterceptorDispatcher.intercept(ProxyConfiguration.java:102)
	at com.track.task.model.User$HibernateProxy$wHx5o9yR.getEmail(Unknown Source)
	at com.track.task.service.comment.impl.CommentServiceImpl.lambda$getAllByTaskId$0(CommentServiceImpl.java:79)
	at java.base/java.util.stream.ReferencePipeline$2$1.accept(ReferencePipeline.java:193)
	at java.base/java.util.ArrayList$ArrayListSpliterator.forEachRemaining(ArrayList.java:1709)
	at java.base/java.util.stream.AbstractPipeline.copyInto(AbstractPipeline.java:556)
	at java.base/java.util.stream.AbstractPipeline.wrapAndCopyInto(AbstractPipeline.java:546)
	at java.base/java.util.stream.ReduceOps$ReduceOp.evaluateSequential(ReduceOps.java:921)
	at java.base/java.util.stream.AbstractPipeline.evaluate(AbstractPipeline.java:265)
	at java.base/java.util.stream.ReferencePipeline.collect(ReferencePipeline.java:702)
	at com.track.task.service.comment.impl.CommentServiceImpl.getAllByTaskId(CommentServiceImpl.java:80)
	at java.base/jdk.internal.reflect.DirectMethodHandleAccessor.invoke(DirectMethodHandleAccessor.java:103)
	at java.base/java.lang.reflect.Method.invoke(Method.java:580)
	at org.springframework.aop.support.AopUtils.invokeJoinpointUsingReflection(AopUtils.java:355)
	at org.springframework.aop.framework.ReflectiveMethodInvocation.invokeJoinpoint(ReflectiveMethodInvocation.java:196)
	at org.springframework.aop.framework.ReflectiveMethodInvocation.proceed(ReflectiveMethodInvocation.java:163)
	at org.springframework.aop.framework.CglibAopProxy$CglibMethodInvocation.proceed(CglibAopProxy.java:768)
	at org.springframework.aop.aspectj.MethodInvocationProceedingJoinPoint.proceed(MethodInvocationProceedingJoinPoint.java:89)
	at com.track.task.aspect.LoggingAspect.logMethodExecution(LoggingAspect.java:19)
	at java.base/jdk.internal.reflect.DirectMethodHandleAccessor.invoke(DirectMethodHandleAccessor.java:103)
	at java.base/java.lang.reflect.Method.invoke(Method.java:580)
	at org.springframework.aop.aspectj.AbstractAspectJAdvice.invokeAdviceMethodWithGivenArgs(AbstractAspectJAdvice.java:637)
	at org.springframework.aop.aspectj.AbstractAspectJAdvice.invokeAdviceMethod(AbstractAspectJAdvice.java:627)
	at org.springframework.aop.aspectj.AspectJAroundAdvice.invoke(AspectJAroundAdvice.java:71)
	at org.springframework.aop.framework.ReflectiveMethodInvocation.proceed(ReflectiveMethodInvocation.java:184)
	at org.springframework.aop.framework.CglibAopProxy$CglibMethodInvocation.proceed(CglibAopProxy.java:768)
	at org.springframework.aop.interceptor.ExposeInvocationInterceptor.invoke(ExposeInvocationInterceptor.java:97)
	at org.springframework.aop.framework.ReflectiveMethodInvocation.proceed(ReflectiveMethodInvocation.java:184)
	at org.springframework.aop.framework.CglibAopProxy$CglibMethodInvocation.proceed(CglibAopProxy.java:768)
	at org.springframework.aop.framework.CglibAopProxy$DynamicAdvisedInterceptor.intercept(CglibAopProxy.java:720)
	at com.track.task.service.comment.impl.CommentServiceImpl$$SpringCGLIB$$0.getAllByTaskId(<generated>)
	at com.track.task.comment.CommentServiceIntegrationTest.testGetAllByTaskIdForNonAdmin(CommentServiceIntegrationTest.java:189)
	at java.base/jdk.internal.reflect.DirectMethodHandleAccessor.invoke(DirectMethodHandleAccessor.java:103)
	at java.base/java.lang.reflect.Method.invoke(Method.java:580)
	at org.junit.platform.commons.util.ReflectionUtils.invokeMethod(ReflectionUtils.java:728)
	at org.junit.jupiter.engine.execution.MethodInvocation.proceed(MethodInvocation.java:60)
	at org.junit.jupiter.engine.execution.InvocationInterceptorChain$ValidatingInvocation.proceed(InvocationInterceptorChain.java:131)
	at org.junit.jupiter.engine.extension.TimeoutExtension.intercept(TimeoutExtension.java:156)
	at org.junit.jupiter.engine.extension.TimeoutExtension.interceptTestableMethod(TimeoutExtension.java:147)
	at org.junit.jupiter.engine.extension.TimeoutExtension.interceptTestMethod(TimeoutExtension.java:86)
	at org.junit.jupiter.engine.execution.InterceptingExecutableInvoker$ReflectiveInterceptorCall.lambda$ofVoidMethod$0(InterceptingExecutableInvoker.java:103)
	at org.junit.jupiter.engine.execution.InterceptingExecutableInvoker.lambda$invoke$0(InterceptingExecutableInvoker.java:93)
	at org.junit.jupiter.engine.execution.InvocationInterceptorChain$InterceptedInvocation.proceed(InvocationInterceptorChain.java:106)
	at org.junit.jupiter.engine.execution.InvocationInterceptorChain.proceed(InvocationInterceptorChain.java:64)
	at org.junit.jupiter.engine.execution.InvocationInterceptorChain.chainAndInvoke(InvocationInterceptorChain.java:45)
	at org.junit.jupiter.engine.execution.InvocationInterceptorChain.invoke(InvocationInterceptorChain.java:37)
	at org.junit.jupiter.engine.execution.InterceptingExecutableInvoker.invoke(InterceptingExecutableInvoker.java:92)
	at org.junit.jupiter.engine.execution.InterceptingExecutableInvoker.invoke(InterceptingExecutableInvoker.java:86)
	at org.junit.jupiter.engine.descriptor.TestMethodTestDescriptor.lambda$invokeTestMethod$7(TestMethodTestDescriptor.java:218)
	at org.junit.platform.engine.support.hierarchical.ThrowableCollector.execute(ThrowableCollector.java:73)
	at org.junit.jupiter.engine.descriptor.TestMethodTestDescriptor.invokeTestMethod(TestMethodTestDescriptor.java:214)
	at org.junit.jupiter.engine.descriptor.TestMethodTestDescriptor.execute(TestMethodTestDescriptor.java:139)
	at org.junit.jupiter.engine.descriptor.TestMethodTestDescriptor.execute(TestMethodTestDescriptor.java:69)
	at org.junit.platform.engine.support.hierarchical.NodeTestTask.lambda$executeRecursively$6(NodeTestTask.java:156)
	at org.junit.platform.engine.support.hierarchical.ThrowableCollector.execute(ThrowableCollector.java:73)
	at org.junit.platform.engine.support.hierarchical.NodeTestTask.lambda$executeRecursively$8(NodeTestTask.java:146)
	at org.junit.platform.engine.support.hierarchical.Node.around(Node.java:137)
	at org.junit.platform.engine.support.hierarchical.NodeTestTask.lambda$executeRecursively$9(NodeTestTask.java:144)
	at org.junit.platform.engine.support.hierarchical.ThrowableCollector.execute(ThrowableCollector.java:73)
	at org.junit.platform.engine.support.hierarchical.NodeTestTask.executeRecursively(NodeTestTask.java:143)
	at org.junit.platform.engine.support.hierarchical.NodeTestTask.execute(NodeTestTask.java:100)
	at java.base/java.util.ArrayList.forEach(ArrayList.java:1597)
	at org.junit.platform.engine.support.hierarchical.SameThreadHierarchicalTestExecutorService.invokeAll(SameThreadHierarchicalTestExecutorService.java:41)
	at org.junit.platform.engine.support.hierarchical.NodeTestTask.lambda$executeRecursively$6(NodeTestTask.java:160)
	at org.junit.platform.engine.support.hierarchical.ThrowableCollector.execute(ThrowableCollector.java:73)
	at org.junit.platform.engine.support.hierarchical.NodeTestTask.lambda$executeRecursively$8(NodeTestTask.java:146)
	at org.junit.platform.engine.support.hierarchical.Node.around(Node.java:137)
	at org.junit.platform.engine.support.hierarchical.NodeTestTask.lambda$executeRecursively$9(NodeTestTask.java:144)
	at org.junit.platform.engine.support.hierarchical.ThrowableCollector.execute(ThrowableCollector.java:73)
	at org.junit.platform.engine.support.hierarchical.NodeTestTask.executeRecursively(NodeTestTask.java:143)
	at org.junit.platform.engine.support.hierarchical.NodeTestTask.execute(NodeTestTask.java:100)
	at java.base/java.util.ArrayList.forEach(ArrayList.java:1597)
	at org.junit.platform.engine.support.hierarchical.SameThreadHierarchicalTestExecutorService.invokeAll(SameThreadHierarchicalTestExecutorService.java:41)
	at org.junit.platform.engine.support.hierarchical.NodeTestTask.lambda$executeRecursively$6(NodeTestTask.java:160)
	at org.junit.platform.engine.support.hierarchical.ThrowableCollector.execute(ThrowableCollector.java:73)
	at org.junit.platform.engine.support.hierarchical.NodeTestTask.lambda$executeRecursively$8(NodeTestTask.java:146)
	at org.junit.platform.engine.support.hierarchical.Node.around(Node.java:137)
	at org.junit.platform.engine.support.hierarchical.NodeTestTask.lambda$executeRecursively$9(NodeTestTask.java:144)
	at org.junit.platform.engine.support.hierarchical.ThrowableCollector.execute(ThrowableCollector.java:73)
	at org.junit.platform.engine.support.hierarchical.NodeTestTask.executeRecursively(NodeTestTask.java:143)
	at org.junit.platform.engine.support.hierarchical.NodeTestTask.execute(NodeTestTask.java:100)
	at org.junit.platform.engine.support.hierarchical.SameThreadHierarchicalTestExecutorService.submit(SameThreadHierarchicalTestExecutorService.java:35)
	at org.junit.platform.engine.support.hierarchical.HierarchicalTestExecutor.execute(HierarchicalTestExecutor.java:57)
	at org.junit.platform.engine.support.hierarchical.HierarchicalTestEngine.execute(HierarchicalTestEngine.java:54)
	at org.junit.platform.launcher.core.EngineExecutionOrchestrator.execute(EngineExecutionOrchestrator.java:198)
	at org.junit.platform.launcher.core.EngineExecutionOrchestrator.execute(EngineExecutionOrchestrator.java:169)
	at org.junit.platform.launcher.core.EngineExecutionOrchestrator.execute(EngineExecutionOrchestrator.java:93)
	at org.junit.platform.launcher.core.EngineExecutionOrchestrator.lambda$execute$0(EngineExecutionOrchestrator.java:58)
	at org.junit.platform.launcher.core.EngineExecutionOrchestrator.withInterceptedStreams(EngineExecutionOrchestrator.java:141)
	at org.junit.platform.launcher.core.EngineExecutionOrchestrator.execute(EngineExecutionOrchestrator.java:57)
	at org.junit.platform.launcher.core.DefaultLauncher.execute(DefaultLauncher.java:103)
	at org.junit.platform.launcher.core.DefaultLauncher.execute(DefaultLauncher.java:85)
	at org.junit.platform.launcher.core.DelegatingLauncher.execute(DelegatingLauncher.java:47)
	at org.junit.platform.launcher.core.SessionPerRequestLauncher.execute(SessionPerRequestLauncher.java:63)
	at com.intellij.junit5.JUnit5IdeaTestRunner.startRunnerWithArgs(JUnit5IdeaTestRunner.java:57)
	at com.intellij.rt.junit.IdeaTestRunner$Repeater$1.execute(IdeaTestRunner.java:38)
	at com.intellij.rt.execution.junit.TestsRepeater.repeat(TestsRepeater.java:11)
	at com.intellij.rt.junit.IdeaTestRunner$Repeater.startRunnerWithArgs(IdeaTestRunner.java:35)
	at com.intellij.rt.junit.JUnitStarter.prepareStreamsAndStart(JUnitStarter.java:232)
	at com.intellij.rt.junit.JUnitStarter.main(JUnitStarter.java:55)
2025-03-04 00:29:46 [main] INFO  com.track.task.aspect.LoggingAspect - Entering method: CommentServiceImpl.addComment(..)
2025-03-04 00:29:46 [main] INFO  c.t.t.s.c.impl.CommentServiceImpl - Adding new comment to task: 6 by user: test@example.com
2025-03-04 00:29:46 [main] ERROR c.t.t.s.c.impl.CommentServiceImpl - Attempt to comment on hidden task: 6
2025-03-04 00:29:46 [main] ERROR com.track.task.aspect.LoggingAspect - Exception in method: CommentServiceImpl.addComment(..): Forbidden exception
com.track.task.exception.ForbiddenException: Forbidden exception
	at com.track.task.service.comment.impl.CommentServiceImpl.addComment(CommentServiceImpl.java:109)
	at java.base/jdk.internal.reflect.DirectMethodHandleAccessor.invoke(DirectMethodHandleAccessor.java:103)
	at java.base/java.lang.reflect.Method.invoke(Method.java:580)
	at org.springframework.aop.support.AopUtils.invokeJoinpointUsingReflection(AopUtils.java:355)
	at org.springframework.aop.framework.ReflectiveMethodInvocation.invokeJoinpoint(ReflectiveMethodInvocation.java:196)
	at org.springframework.aop.framework.ReflectiveMethodInvocation.proceed(ReflectiveMethodInvocation.java:163)
	at org.springframework.aop.framework.CglibAopProxy$CglibMethodInvocation.proceed(CglibAopProxy.java:768)
	at org.springframework.aop.aspectj.MethodInvocationProceedingJoinPoint.proceed(MethodInvocationProceedingJoinPoint.java:89)
	at com.track.task.aspect.LoggingAspect.logMethodExecution(LoggingAspect.java:19)
	at java.base/jdk.internal.reflect.DirectMethodHandleAccessor.invoke(DirectMethodHandleAccessor.java:103)
	at java.base/java.lang.reflect.Method.invoke(Method.java:580)
	at org.springframework.aop.aspectj.AbstractAspectJAdvice.invokeAdviceMethodWithGivenArgs(AbstractAspectJAdvice.java:637)
	at org.springframework.aop.aspectj.AbstractAspectJAdvice.invokeAdviceMethod(AbstractAspectJAdvice.java:627)
	at org.springframework.aop.aspectj.AspectJAroundAdvice.invoke(AspectJAroundAdvice.java:71)
	at org.springframework.aop.framework.ReflectiveMethodInvocation.proceed(ReflectiveMethodInvocation.java:184)
	at org.springframework.aop.framework.CglibAopProxy$CglibMethodInvocation.proceed(CglibAopProxy.java:768)
	at org.springframework.aop.interceptor.ExposeInvocationInterceptor.invoke(ExposeInvocationInterceptor.java:97)
	at org.springframework.aop.framework.ReflectiveMethodInvocation.proceed(ReflectiveMethodInvocation.java:184)
	at org.springframework.aop.framework.CglibAopProxy$CglibMethodInvocation.proceed(CglibAopProxy.java:768)
	at org.springframework.aop.framework.CglibAopProxy$DynamicAdvisedInterceptor.intercept(CglibAopProxy.java:720)
	at com.track.task.service.comment.impl.CommentServiceImpl$$SpringCGLIB$$0.addComment(<generated>)
	at com.track.task.comment.CommentServiceIntegrationTest.lambda$testAddCommentToHiddenTaskThrowsForbidden$0(CommentServiceIntegrationTest.java:101)
	at org.assertj.core.api.ThrowableAssert.catchThrowable(ThrowableAssert.java:63)
	at org.assertj.core.api.AssertionsForClassTypes.catchThrowable(AssertionsForClassTypes.java:892)
	at org.assertj.core.api.Assertions.catchThrowable(Assertions.java:1365)
	at org.assertj.core.api.Assertions.assertThatThrownBy(Assertions.java:1209)
	at com.track.task.comment.CommentServiceIntegrationTest.testAddCommentToHiddenTaskThrowsForbidden(CommentServiceIntegrationTest.java:101)
	at java.base/jdk.internal.reflect.DirectMethodHandleAccessor.invoke(DirectMethodHandleAccessor.java:103)
	at java.base/java.lang.reflect.Method.invoke(Method.java:580)
	at org.junit.platform.commons.util.ReflectionUtils.invokeMethod(ReflectionUtils.java:728)
	at org.junit.jupiter.engine.execution.MethodInvocation.proceed(MethodInvocation.java:60)
	at org.junit.jupiter.engine.execution.InvocationInterceptorChain$ValidatingInvocation.proceed(InvocationInterceptorChain.java:131)
	at org.junit.jupiter.engine.extension.TimeoutExtension.intercept(TimeoutExtension.java:156)
	at org.junit.jupiter.engine.extension.TimeoutExtension.interceptTestableMethod(TimeoutExtension.java:147)
	at org.junit.jupiter.engine.extension.TimeoutExtension.interceptTestMethod(TimeoutExtension.java:86)
	at org.junit.jupiter.engine.execution.InterceptingExecutableInvoker$ReflectiveInterceptorCall.lambda$ofVoidMethod$0(InterceptingExecutableInvoker.java:103)
	at org.junit.jupiter.engine.execution.InterceptingExecutableInvoker.lambda$invoke$0(InterceptingExecutableInvoker.java:93)
	at org.junit.jupiter.engine.execution.InvocationInterceptorChain$InterceptedInvocation.proceed(InvocationInterceptorChain.java:106)
	at org.junit.jupiter.engine.execution.InvocationInterceptorChain.proceed(InvocationInterceptorChain.java:64)
	at org.junit.jupiter.engine.execution.InvocationInterceptorChain.chainAndInvoke(InvocationInterceptorChain.java:45)
	at org.junit.jupiter.engine.execution.InvocationInterceptorChain.invoke(InvocationInterceptorChain.java:37)
	at org.junit.jupiter.engine.execution.InterceptingExecutableInvoker.invoke(InterceptingExecutableInvoker.java:92)
	at org.junit.jupiter.engine.execution.InterceptingExecutableInvoker.invoke(InterceptingExecutableInvoker.java:86)
	at org.junit.jupiter.engine.descriptor.TestMethodTestDescriptor.lambda$invokeTestMethod$7(TestMethodTestDescriptor.java:218)
	at org.junit.platform.engine.support.hierarchical.ThrowableCollector.execute(ThrowableCollector.java:73)
	at org.junit.jupiter.engine.descriptor.TestMethodTestDescriptor.invokeTestMethod(TestMethodTestDescriptor.java:214)
	at org.junit.jupiter.engine.descriptor.TestMethodTestDescriptor.execute(TestMethodTestDescriptor.java:139)
	at org.junit.jupiter.engine.descriptor.TestMethodTestDescriptor.execute(TestMethodTestDescriptor.java:69)
	at org.junit.platform.engine.support.hierarchical.NodeTestTask.lambda$executeRecursively$6(NodeTestTask.java:156)
	at org.junit.platform.engine.support.hierarchical.ThrowableCollector.execute(ThrowableCollector.java:73)
	at org.junit.platform.engine.support.hierarchical.NodeTestTask.lambda$executeRecursively$8(NodeTestTask.java:146)
	at org.junit.platform.engine.support.hierarchical.Node.around(Node.java:137)
	at org.junit.platform.engine.support.hierarchical.NodeTestTask.lambda$executeRecursively$9(NodeTestTask.java:144)
	at org.junit.platform.engine.support.hierarchical.ThrowableCollector.execute(ThrowableCollector.java:73)
	at org.junit.platform.engine.support.hierarchical.NodeTestTask.executeRecursively(NodeTestTask.java:143)
	at org.junit.platform.engine.support.hierarchical.NodeTestTask.execute(NodeTestTask.java:100)
	at java.base/java.util.ArrayList.forEach(ArrayList.java:1597)
	at org.junit.platform.engine.support.hierarchical.SameThreadHierarchicalTestExecutorService.invokeAll(SameThreadHierarchicalTestExecutorService.java:41)
	at org.junit.platform.engine.support.hierarchical.NodeTestTask.lambda$executeRecursively$6(NodeTestTask.java:160)
	at org.junit.platform.engine.support.hierarchical.ThrowableCollector.execute(ThrowableCollector.java:73)
	at org.junit.platform.engine.support.hierarchical.NodeTestTask.lambda$executeRecursively$8(NodeTestTask.java:146)
	at org.junit.platform.engine.support.hierarchical.Node.around(Node.java:137)
	at org.junit.platform.engine.support.hierarchical.NodeTestTask.lambda$executeRecursively$9(NodeTestTask.java:144)
	at org.junit.platform.engine.support.hierarchical.ThrowableCollector.execute(ThrowableCollector.java:73)
	at org.junit.platform.engine.support.hierarchical.NodeTestTask.executeRecursively(NodeTestTask.java:143)
	at org.junit.platform.engine.support.hierarchical.NodeTestTask.execute(NodeTestTask.java:100)
	at java.base/java.util.ArrayList.forEach(ArrayList.java:1597)
	at org.junit.platform.engine.support.hierarchical.SameThreadHierarchicalTestExecutorService.invokeAll(SameThreadHierarchicalTestExecutorService.java:41)
	at org.junit.platform.engine.support.hierarchical.NodeTestTask.lambda$executeRecursively$6(NodeTestTask.java:160)
	at org.junit.platform.engine.support.hierarchical.ThrowableCollector.execute(ThrowableCollector.java:73)
	at org.junit.platform.engine.support.hierarchical.NodeTestTask.lambda$executeRecursively$8(NodeTestTask.java:146)
	at org.junit.platform.engine.support.hierarchical.Node.around(Node.java:137)
	at org.junit.platform.engine.support.hierarchical.NodeTestTask.lambda$executeRecursively$9(NodeTestTask.java:144)
	at org.junit.platform.engine.support.hierarchical.ThrowableCollector.execute(ThrowableCollector.java:73)
	at org.junit.platform.engine.support.hierarchical.NodeTestTask.executeRecursively(NodeTestTask.java:143)
	at org.junit.platform.engine.support.hierarchical.NodeTestTask.execute(NodeTestTask.java:100)
	at org.junit.platform.engine.support.hierarchical.SameThreadHierarchicalTestExecutorService.submit(SameThreadHierarchicalTestExecutorService.java:35)
	at org.junit.platform.engine.support.hierarchical.HierarchicalTestExecutor.execute(HierarchicalTestExecutor.java:57)
	at org.junit.platform.engine.support.hierarchical.HierarchicalTestEngine.execute(HierarchicalTestEngine.java:54)
	at org.junit.platform.launcher.core.EngineExecutionOrchestrator.execute(EngineExecutionOrchestrator.java:198)
	at org.junit.platform.launcher.core.EngineExecutionOrchestrator.execute(EngineExecutionOrchestrator.java:169)
	at org.junit.platform.launcher.core.EngineExecutionOrchestrator.execute(EngineExecutionOrchestrator.java:93)
	at org.junit.platform.launcher.core.EngineExecutionOrchestrator.lambda$execute$0(EngineExecutionOrchestrator.java:58)
	at org.junit.platform.launcher.core.EngineExecutionOrchestrator.withInterceptedStreams(EngineExecutionOrchestrator.java:141)
	at org.junit.platform.launcher.core.EngineExecutionOrchestrator.execute(EngineExecutionOrchestrator.java:57)
	at org.junit.platform.launcher.core.DefaultLauncher.execute(DefaultLauncher.java:103)
	at org.junit.platform.launcher.core.DefaultLauncher.execute(DefaultLauncher.java:85)
	at org.junit.platform.launcher.core.DelegatingLauncher.execute(DelegatingLauncher.java:47)
	at org.junit.platform.launcher.core.SessionPerRequestLauncher.execute(SessionPerRequestLauncher.java:63)
	at com.intellij.junit5.JUnit5IdeaTestRunner.startRunnerWithArgs(JUnit5IdeaTestRunner.java:57)
	at com.intellij.rt.junit.IdeaTestRunner$Repeater$1.execute(IdeaTestRunner.java:38)
	at com.intellij.rt.execution.junit.TestsRepeater.repeat(TestsRepeater.java:11)
	at com.intellij.rt.junit.IdeaTestRunner$Repeater.startRunnerWithArgs(IdeaTestRunner.java:35)
	at com.intellij.rt.junit.JUnitStarter.prepareStreamsAndStart(JUnitStarter.java:232)
	at com.intellij.rt.junit.JUnitStarter.main(JUnitStarter.java:55)
2025-03-04 00:29:46 [main] INFO  com.track.task.aspect.LoggingAspect - Entering method: CommentServiceImpl.addComment(..)
2025-03-04 00:29:46 [main] INFO  c.t.t.s.c.impl.CommentServiceImpl - Adding new comment to task: 7 by user: replyuser@example.com
2025-03-04 00:29:46 [main] INFO  com.track.task.aspect.LoggingAspect - Entering method: UserServiceImpl.getUserByEmail(..)
2025-03-04 00:29:46 [main] INFO  c.t.t.s.user.impl.UserServiceImpl - Get user by email
2025-03-04 00:29:46 [main] INFO  com.track.task.aspect.LoggingAspect - Exiting method: UserServiceImpl.getUserByEmail(..) with result: [FAILED toString()]
2025-03-04 00:29:46 [main] INFO  c.t.t.s.c.impl.CommentServiceImpl - Adding comment with id: null
2025-03-04 00:29:46 [main] INFO  c.t.t.s.c.impl.CommentServiceImpl - Successfully added comment with id: 8
2025-03-04 00:29:46 [main] INFO  com.track.task.aspect.LoggingAspect - Exiting method: CommentServiceImpl.addComment(..) with result: [FAILED toString()]
2025-03-04 00:29:46 [main] INFO  com.track.task.aspect.LoggingAspect - Entering method: CommentServiceImpl.replyOnComment(..)
2025-03-04 00:29:46 [main] INFO  c.t.t.s.c.impl.CommentServiceImpl - Replying to comment: 8 on task: 7 by user: replyuser@example.com
2025-03-04 00:29:46 [main] INFO  com.track.task.aspect.LoggingAspect - Entering method: UserServiceImpl.getUserByEmail(..)
2025-03-04 00:29:46 [main] INFO  c.t.t.s.user.impl.UserServiceImpl - Get user by email
2025-03-04 00:29:46 [main] INFO  com.track.task.aspect.LoggingAspect - Exiting method: UserServiceImpl.getUserByEmail(..) with result: [FAILED toString()]
2025-03-04 00:29:46 [main] INFO  c.t.t.s.c.impl.CommentServiceImpl - Fetching comment by id: 8
2025-03-04 00:29:46 [main] INFO  c.t.t.s.c.impl.CommentServiceImpl - Adding comment with id: null
2025-03-04 00:29:46 [main] INFO  c.t.t.s.c.impl.CommentServiceImpl - Successfully added reply comment with id: 9
2025-03-04 00:29:46 [main] INFO  com.track.task.aspect.LoggingAspect - Exiting method: CommentServiceImpl.replyOnComment(..) with result: [FAILED toString()]
2025-03-04 00:29:46 [main] INFO  com.track.task.aspect.LoggingAspect - Entering method: CommentServiceImpl.addComment(..)
2025-03-04 00:29:46 [main] INFO  c.t.t.s.c.impl.CommentServiceImpl - Adding new comment to task: 8 by user: getbyid@example.com
2025-03-04 00:29:46 [main] INFO  com.track.task.aspect.LoggingAspect - Entering method: UserServiceImpl.getUserByEmail(..)
2025-03-04 00:29:46 [main] INFO  c.t.t.s.user.impl.UserServiceImpl - Get user by email
2025-03-04 00:29:46 [main] INFO  com.track.task.aspect.LoggingAspect - Exiting method: UserServiceImpl.getUserByEmail(..) with result: [FAILED toString()]
2025-03-04 00:29:46 [main] INFO  c.t.t.s.c.impl.CommentServiceImpl - Adding comment with id: null
2025-03-04 00:29:46 [main] INFO  c.t.t.s.c.impl.CommentServiceImpl - Successfully added comment with id: 10
2025-03-04 00:29:46 [main] INFO  com.track.task.aspect.LoggingAspect - Exiting method: CommentServiceImpl.addComment(..) with result: [FAILED toString()]
2025-03-04 00:29:46 [main] INFO  com.track.task.aspect.LoggingAspect - Entering method: CommentServiceImpl.getById(..)
2025-03-04 00:29:46 [main] INFO  c.t.t.s.c.impl.CommentServiceImpl - Fetching comment by id: 10
2025-03-04 00:29:46 [main] INFO  com.track.task.aspect.LoggingAspect - Exiting method: CommentServiceImpl.getById(..) with result: [FAILED toString()]
2025-03-04 00:29:46 [main] WARN  o.h.e.jdbc.spi.SqlExceptionHelper - SQL Error: 0, SQLState: 23505
2025-03-04 00:29:46 [main] ERROR o.h.e.jdbc.spi.SqlExceptionHelper - ERROR: duplicate key value violates unique constraint "user_email_key"
  Подробности: Key (email)=(test@example.com) already exists.
2025-03-04 00:29:47 [main] INFO  com.track.task.aspect.LoggingAspect - Entering method: CommentServiceImpl.addComment(..)
2025-03-04 00:29:47 [main] INFO  c.t.t.s.c.impl.CommentServiceImpl - Adding new comment to task: 9 by user: allcomments@example.com
2025-03-04 00:29:47 [main] INFO  com.track.task.aspect.LoggingAspect - Entering method: UserServiceImpl.getUserByEmail(..)
2025-03-04 00:29:47 [main] INFO  c.t.t.s.user.impl.UserServiceImpl - Get user by email
2025-03-04 00:29:47 [main] INFO  com.track.task.aspect.LoggingAspect - Exiting method: UserServiceImpl.getUserByEmail(..) with result: [FAILED toString()]
2025-03-04 00:29:47 [main] INFO  c.t.t.s.c.impl.CommentServiceImpl - Adding comment with id: null
2025-03-04 00:29:47 [main] INFO  c.t.t.s.c.impl.CommentServiceImpl - Successfully added comment with id: 11
2025-03-04 00:29:47 [main] INFO  com.track.task.aspect.LoggingAspect - Exiting method: CommentServiceImpl.addComment(..) with result: [FAILED toString()]
2025-03-04 00:29:47 [main] INFO  com.track.task.aspect.LoggingAspect - Entering method: CommentServiceImpl.addComment(..)
2025-03-04 00:29:47 [main] INFO  c.t.t.s.c.impl.CommentServiceImpl - Adding new comment to task: 9 by user: allcomments@example.com
2025-03-04 00:29:47 [main] INFO  com.track.task.aspect.LoggingAspect - Entering method: UserServiceImpl.getUserByEmail(..)
2025-03-04 00:29:47 [main] INFO  c.t.t.s.user.impl.UserServiceImpl - Get user by email
2025-03-04 00:29:47 [main] INFO  com.track.task.aspect.LoggingAspect - Exiting method: UserServiceImpl.getUserByEmail(..) with result: [FAILED toString()]
2025-03-04 00:29:47 [main] INFO  c.t.t.s.c.impl.CommentServiceImpl - Adding comment with id: null
2025-03-04 00:29:47 [main] INFO  c.t.t.s.c.impl.CommentServiceImpl - Successfully added comment with id: 12
2025-03-04 00:29:47 [main] INFO  com.track.task.aspect.LoggingAspect - Exiting method: CommentServiceImpl.addComment(..) with result: [FAILED toString()]
2025-03-04 00:29:47 [main] INFO  com.track.task.aspect.LoggingAspect - Entering method: CommentServiceImpl.getAll()
2025-03-04 00:29:47 [main] INFO  c.t.t.s.c.impl.CommentServiceImpl - Fetching all comments
2025-03-04 00:29:47 [main] INFO  com.track.task.aspect.LoggingAspect - Exiting method: CommentServiceImpl.getAll() with result: [FAILED toString()]
2025-03-04 00:29:47 [SpringApplicationShutdownHook] INFO  o.s.o.j.LocalContainerEntityManagerFactoryBean - Closing JPA EntityManagerFactory for persistence unit 'default'
2025-03-04 00:29:47 [SpringApplicationShutdownHook] INFO  com.zaxxer.hikari.HikariDataSource - HikariPool-1 - Shutdown initiated...
2025-03-04 00:29:47 [SpringApplicationShutdownHook] INFO  com.zaxxer.hikari.HikariDataSource - HikariPool-1 - Shutdown completed.
2025-03-04 00:33:07 [background-preinit] INFO  o.h.validator.internal.util.Version - HV000001: Hibernate Validator 8.0.1.Final
2025-03-04 00:33:07 [main] INFO  c.t.t.c.CommentServiceIntegrationTest - Starting CommentServiceIntegrationTest using Java 22.0.2 with PID 6648 (started by Admin in C:\Users\Admin\Desktop\task)
2025-03-04 00:33:07 [main] INFO  c.t.t.c.CommentServiceIntegrationTest - The following 1 profile is active: "test"
2025-03-04 00:33:10 [main] INFO  o.s.d.r.c.RepositoryConfigurationDelegate - Bootstrapping Spring Data JPA repositories in DEFAULT mode.
2025-03-04 00:33:10 [main] INFO  o.s.d.r.c.RepositoryConfigurationDelegate - Finished Spring Data repository scanning in 278 ms. Found 5 JPA repository interfaces.
2025-03-04 00:33:11 [main] INFO  com.zaxxer.hikari.HikariDataSource - HikariPool-1 - Starting...
2025-03-04 00:33:11 [main] INFO  com.zaxxer.hikari.pool.HikariPool - HikariPool-1 - Added connection org.postgresql.jdbc.PgConnection@611587f7
2025-03-04 00:33:11 [main] INFO  com.zaxxer.hikari.HikariDataSource - HikariPool-1 - Start completed.
2025-03-04 00:33:12 [main] INFO  liquibase.database - Set default schema name to public
2025-03-04 00:33:12 [main] INFO  liquibase.changelog - Creating database history table with name: public.databasechangelog
2025-03-04 00:33:12 [main] INFO  liquibase.changelog - Reading from public.databasechangelog
2025-03-04 00:33:13 [main] INFO  liquibase.lockservice - Successfully acquired change log lock
2025-03-04 00:33:13 [main] INFO  liquibase.command - Using deploymentId: 1037593184
2025-03-04 00:33:13 [main] INFO  liquibase.changelog - Reading from public.databasechangelog
2025-03-04 00:33:13 [main] INFO  liquibase.ui - Running Changeset: db/changelog/01-create-schema.xml::1::xfnet
2025-03-04 00:33:13 [main] WARN  liquibase.executor - schema "private" does not exist, skipping
2025-03-04 00:33:13 [main] INFO  liquibase.changelog - Custom SQL executed
2025-03-04 00:33:13 [main] INFO  liquibase.changelog - Custom SQL executed
2025-03-04 00:33:13 [main] INFO  liquibase.changelog - ChangeSet db/changelog/01-create-schema.xml::1::xfnet ran successfully in 27ms
2025-03-04 00:33:13 [main] INFO  liquibase.ui - Running Changeset: db/changelog/02-create-user-table.xml::2::xfnet
2025-03-04 00:33:13 [main] INFO  liquibase.changelog - Table user created
2025-03-04 00:33:13 [main] INFO  liquibase.changelog - ChangeSet db/changelog/02-create-user-table.xml::2::xfnet ran successfully in 16ms
2025-03-04 00:33:13 [main] INFO  liquibase.ui - Running Changeset: db/changelog/03-create-priority-table.xml::3::xfnet
2025-03-04 00:33:13 [main] INFO  liquibase.changelog - Table priority created
2025-03-04 00:33:13 [main] INFO  liquibase.changelog - ChangeSet db/changelog/03-create-priority-table.xml::3::xfnet ran successfully in 12ms
2025-03-04 00:33:13 [main] INFO  liquibase.ui - Running Changeset: db/changelog/04-create-status-table.xml::4::xfnet
2025-03-04 00:33:13 [main] INFO  liquibase.changelog - Table status created
2025-03-04 00:33:13 [main] INFO  liquibase.changelog - Foreign key constraint added to status (user_id)
2025-03-04 00:33:13 [main] INFO  liquibase.changelog - Unique constraint added to status(title, user_id)
2025-03-04 00:33:13 [main] INFO  liquibase.changelog - ChangeSet db/changelog/04-create-status-table.xml::4::xfnet ran successfully in 25ms
2025-03-04 00:33:13 [main] INFO  liquibase.ui - Running Changeset: db/changelog/05-create-role-table.xml::5::xfnet
2025-03-04 00:33:13 [main] INFO  liquibase.changelog - Table role created
2025-03-04 00:33:13 [main] INFO  liquibase.changelog - ChangeSet db/changelog/05-create-role-table.xml::5::xfnet ran successfully in 5ms
2025-03-04 00:33:13 [main] INFO  liquibase.ui - Running Changeset: db/changelog/06-create-user-roles-table.xml::6::xfnet
2025-03-04 00:33:13 [main] INFO  liquibase.changelog - Table user_roles created
2025-03-04 00:33:13 [main] INFO  liquibase.changelog - Primary key added to user_roles (user_id, role_id)
2025-03-04 00:33:13 [main] INFO  liquibase.changelog - Foreign key constraint added to user_roles (user_id)
2025-03-04 00:33:13 [main] INFO  liquibase.changelog - Foreign key constraint added to user_roles (role_id)
2025-03-04 00:33:13 [main] INFO  liquibase.changelog - ChangeSet db/changelog/06-create-user-roles-table.xml::6::xfnet ran successfully in 30ms
2025-03-04 00:33:13 [main] INFO  liquibase.ui - Running Changeset: db/changelog/07-create-task-table.xml::7::xfnet
2025-03-04 00:33:13 [main] INFO  liquibase.changelog - Table task created
2025-03-04 00:33:13 [main] INFO  liquibase.changelog - Foreign key constraint added to task (priority_id)
2025-03-04 00:33:13 [main] INFO  liquibase.changelog - Foreign key constraint added to task (status_id)
2025-03-04 00:33:13 [main] INFO  liquibase.changelog - Foreign key constraint added to task (user_id)
2025-03-04 00:33:13 [main] INFO  liquibase.changelog - ChangeSet db/changelog/07-create-task-table.xml::7::xfnet ran successfully in 22ms
2025-03-04 00:33:13 [main] INFO  liquibase.ui - Running Changeset: db/changelog/08-create-task-executors-table.xml::8::xfnet
2025-03-04 00:33:13 [main] INFO  liquibase.changelog - Table task_executors created
2025-03-04 00:33:13 [main] INFO  liquibase.changelog - Primary key added to task_executors (task_id, user_id)
2025-03-04 00:33:13 [main] INFO  liquibase.changelog - Foreign key constraint added to task_executors (task_id)
2025-03-04 00:33:13 [main] INFO  liquibase.changelog - Foreign key constraint added to task_executors (user_id)
2025-03-04 00:33:13 [main] INFO  liquibase.changelog - ChangeSet db/changelog/08-create-task-executors-table.xml::8::xfnet ran successfully in 17ms
2025-03-04 00:33:13 [main] INFO  liquibase.ui - Running Changeset: db/changelog/09-create-comment-table.xml::9::xfnet
2025-03-04 00:33:13 [main] INFO  liquibase.changelog - Table comment created
2025-03-04 00:33:13 [main] INFO  liquibase.changelog - Foreign key constraint added to comment (task_id)
2025-03-04 00:33:13 [main] INFO  liquibase.changelog - Foreign key constraint added to comment (user_id)
2025-03-04 00:33:13 [main] INFO  liquibase.changelog - Foreign key constraint added to comment (parent_id)
2025-03-04 00:33:13 [main] INFO  liquibase.changelog - ChangeSet db/changelog/09-create-comment-table.xml::9::xfnet ran successfully in 18ms
2025-03-04 00:33:13 [main] INFO  liquibase.ui - Running Changeset: db/changelog/10-insert-default-data.xml::10::xfnet
2025-03-04 00:33:13 [main] INFO  liquibase.changelog - New row inserted into role
2025-03-04 00:33:13 [main] INFO  liquibase.changelog - New row inserted into role
2025-03-04 00:33:13 [main] INFO  liquibase.changelog - New row inserted into user
2025-03-04 00:33:13 [main] INFO  liquibase.changelog - New row inserted into user
2025-03-04 00:33:13 [main] INFO  liquibase.changelog - New row inserted into user
2025-03-04 00:33:13 [main] INFO  liquibase.changelog - New row inserted into user
2025-03-04 00:33:13 [main] INFO  liquibase.changelog - New row inserted into user
2025-03-04 00:33:13 [main] INFO  liquibase.changelog - New row inserted into user_roles
2025-03-04 00:33:13 [main] INFO  liquibase.changelog - New row inserted into user_roles
2025-03-04 00:33:13 [main] INFO  liquibase.changelog - New row inserted into user_roles
2025-03-04 00:33:13 [main] INFO  liquibase.changelog - New row inserted into user_roles
2025-03-04 00:33:13 [main] INFO  liquibase.changelog - New row inserted into user_roles
2025-03-04 00:33:13 [main] INFO  liquibase.changelog - New row inserted into priority
2025-03-04 00:33:13 [main] INFO  liquibase.changelog - New row inserted into priority
2025-03-04 00:33:13 [main] INFO  liquibase.changelog - New row inserted into priority
2025-03-04 00:33:13 [main] INFO  liquibase.changelog - New row inserted into status
2025-03-04 00:33:13 [main] INFO  liquibase.changelog - New row inserted into status
2025-03-04 00:33:13 [main] INFO  liquibase.changelog - New row inserted into status
2025-03-04 00:33:13 [main] INFO  liquibase.changelog - New row inserted into status
2025-03-04 00:33:13 [main] INFO  liquibase.changelog - New row inserted into status
2025-03-04 00:33:13 [main] INFO  liquibase.changelog - New row inserted into task
2025-03-04 00:33:13 [main] INFO  liquibase.changelog - New row inserted into task
2025-03-04 00:33:13 [main] INFO  liquibase.changelog - New row inserted into task
2025-03-04 00:33:13 [main] INFO  liquibase.changelog - New row inserted into task_executors
2025-03-04 00:33:13 [main] INFO  liquibase.changelog - New row inserted into task_executors
2025-03-04 00:33:13 [main] INFO  liquibase.changelog - New row inserted into task_executors
2025-03-04 00:33:13 [main] INFO  liquibase.changelog - New row inserted into task_executors
2025-03-04 00:33:13 [main] INFO  liquibase.changelog - New row inserted into comment
2025-03-04 00:33:13 [main] INFO  liquibase.changelog - New row inserted into comment
2025-03-04 00:33:13 [main] INFO  liquibase.changelog - New row inserted into comment
2025-03-04 00:33:13 [main] INFO  liquibase.changelog - ChangeSet db/changelog/10-insert-default-data.xml::10::xfnet ran successfully in 73ms
2025-03-04 00:33:13 [main] INFO  liquibase.util - UPDATE SUMMARY
2025-03-04 00:33:13 [main] INFO  liquibase.util - Run:                         10
2025-03-04 00:33:13 [main] INFO  liquibase.util - Previously run:               0
2025-03-04 00:33:13 [main] INFO  liquibase.util - Filtered out:                 0
2025-03-04 00:33:13 [main] INFO  liquibase.util - -------------------------------
2025-03-04 00:33:13 [main] INFO  liquibase.util - Total change sets:           10
2025-03-04 00:33:13 [main] INFO  liquibase.util - Update summary generated
2025-03-04 00:33:13 [main] INFO  liquibase.command - Update command completed successfully.
2025-03-04 00:33:13 [main] INFO  liquibase.ui - Liquibase: Update has been successful. Rows affected: 40
2025-03-04 00:33:13 [main] INFO  liquibase.lockservice - Successfully released change log lock
2025-03-04 00:33:13 [main] INFO  liquibase.command - Command execution complete
2025-03-04 00:33:13 [main] INFO  o.h.jpa.internal.util.LogHelper - HHH000204: Processing PersistenceUnitInfo [name: default]
2025-03-04 00:33:13 [main] INFO  org.hibernate.Version - HHH000412: Hibernate ORM core version 6.5.3.Final
2025-03-04 00:33:13 [main] INFO  o.h.c.i.RegionFactoryInitiator - HHH000026: Second-level cache disabled
2025-03-04 00:33:14 [main] INFO  o.s.o.j.p.SpringPersistenceUnitInfo - No LoadTimeWeaver setup: ignoring JPA class transformer
2025-03-04 00:33:15 [main] INFO  o.h.e.t.j.p.i.JtaPlatformInitiator - HHH000489: No JTA platform available (set 'hibernate.transaction.jta.platform' to enable JTA platform integration)
2025-03-04 00:33:15 [main] INFO  o.s.o.j.LocalContainerEntityManagerFactoryBean - Initialized JPA EntityManagerFactory for persistence unit 'default'
2025-03-04 00:33:16 [main] INFO  o.s.s.c.a.a.c.InitializeAuthenticationProviderBeanManagerConfigurer$InitializeAuthenticationProviderManagerConfigurer - Global AuthenticationManager configured with AuthenticationProvider bean with name authenticationProvider
2025-03-04 00:33:16 [main] WARN  o.s.s.c.a.a.c.InitializeUserDetailsBeanManagerConfigurer$InitializeUserDetailsManagerConfigurer - Global AuthenticationManager configured with an AuthenticationProvider bean. UserDetailsService beans will not be used for username/password login. Consider removing the AuthenticationProvider bean. Alternatively, consider using the UserDetailsService in a manually instantiated DaoAuthenticationProvider.
2025-03-04 00:33:16 [main] INFO  o.s.d.j.r.query.QueryEnhancerFactory - Hibernate is in classpath; If applicable, HQL parser will be used.
2025-03-04 00:33:17 [main] WARN  o.s.b.a.o.j.JpaBaseConfiguration$JpaWebConfiguration - spring.jpa.open-in-view is enabled by default. Therefore, database queries may be performed during view rendering. Explicitly configure spring.jpa.open-in-view to disable this warning
2025-03-04 00:33:18 [main] INFO  c.t.t.c.CommentServiceIntegrationTest - Started CommentServiceIntegrationTest in 11.733 seconds (process running for 19.516)
2025-03-04 00:33:19 [main] WARN  o.h.e.jdbc.spi.SqlExceptionHelper - SQL Error: 0, SQLState: 23505
2025-03-04 00:33:19 [main] ERROR o.h.e.jdbc.spi.SqlExceptionHelper - ERROR: duplicate key value violates unique constraint "user_email_key"
  Подробности: Key (email)=(admin@example.com) already exists.
2025-03-04 00:33:19 [main] INFO  com.track.task.aspect.LoggingAspect - Entering method: CommentServiceImpl.addComment(..)
2025-03-04 00:33:19 [main] INFO  c.t.t.s.c.impl.CommentServiceImpl - Adding new comment to task: 4 by user: byemail@example.com
2025-03-04 00:33:19 [main] INFO  com.track.task.aspect.LoggingAspect - Entering method: UserServiceImpl.getUserByEmail(..)
2025-03-04 00:33:19 [main] INFO  c.t.t.s.user.impl.UserServiceImpl - Get user by email
2025-03-04 00:33:19 [main] INFO  com.track.task.aspect.LoggingAspect - Exiting method: UserServiceImpl.getUserByEmail(..) with result: [FAILED toString()]
2025-03-04 00:33:19 [main] INFO  c.t.t.s.c.impl.CommentServiceImpl - Adding comment with id: null
2025-03-04 00:33:19 [main] INFO  c.t.t.s.c.impl.CommentServiceImpl - Successfully added comment with id: 4
2025-03-04 00:33:19 [main] INFO  com.track.task.aspect.LoggingAspect - Exiting method: CommentServiceImpl.addComment(..) with result: [FAILED toString()]
2025-03-04 00:33:19 [main] INFO  com.track.task.aspect.LoggingAspect - Entering method: CommentServiceImpl.addComment(..)
2025-03-04 00:33:19 [main] INFO  c.t.t.s.c.impl.CommentServiceImpl - Adding new comment to task: 4 by user: byemail@example.com
2025-03-04 00:33:19 [main] INFO  com.track.task.aspect.LoggingAspect - Entering method: UserServiceImpl.getUserByEmail(..)
2025-03-04 00:33:19 [main] INFO  c.t.t.s.user.impl.UserServiceImpl - Get user by email
2025-03-04 00:33:19 [main] INFO  com.track.task.aspect.LoggingAspect - Exiting method: UserServiceImpl.getUserByEmail(..) with result: [FAILED toString()]
2025-03-04 00:33:19 [main] INFO  c.t.t.s.c.impl.CommentServiceImpl - Adding comment with id: null
2025-03-04 00:33:19 [main] INFO  c.t.t.s.c.impl.CommentServiceImpl - Successfully added comment with id: 5
2025-03-04 00:33:19 [main] INFO  com.track.task.aspect.LoggingAspect - Exiting method: CommentServiceImpl.addComment(..) with result: [FAILED toString()]
2025-03-04 00:33:19 [main] INFO  com.track.task.aspect.LoggingAspect - Entering method: CommentServiceImpl.getAllByEmail(..)
2025-03-04 00:33:19 [main] INFO  c.t.t.s.c.impl.CommentServiceImpl - Fetching comments for email: byemail@example.com
2025-03-04 00:33:19 [main] INFO  com.track.task.aspect.LoggingAspect - Exiting method: CommentServiceImpl.getAllByEmail(..) with result: [FAILED toString()]
2025-03-04 00:33:19 [main] INFO  com.track.task.aspect.LoggingAspect - Entering method: CommentServiceImpl.addComment(..)
2025-03-04 00:33:19 [main] INFO  c.t.t.s.c.impl.CommentServiceImpl - Adding new comment to task: 5 by user: author@example.com
2025-03-04 00:33:19 [main] INFO  com.track.task.aspect.LoggingAspect - Entering method: UserServiceImpl.getUserByEmail(..)
2025-03-04 00:33:19 [main] INFO  c.t.t.s.user.impl.UserServiceImpl - Get user by email
2025-03-04 00:33:19 [main] INFO  com.track.task.aspect.LoggingAspect - Exiting method: UserServiceImpl.getUserByEmail(..) with result: [FAILED toString()]
2025-03-04 00:33:19 [main] INFO  c.t.t.s.c.impl.CommentServiceImpl - Adding comment with id: null
2025-03-04 00:33:19 [main] INFO  c.t.t.s.c.impl.CommentServiceImpl - Successfully added comment with id: 6
2025-03-04 00:33:19 [main] INFO  com.track.task.aspect.LoggingAspect - Exiting method: CommentServiceImpl.addComment(..) with result: [FAILED toString()]
2025-03-04 00:33:19 [main] INFO  com.track.task.aspect.LoggingAspect - Entering method: CommentServiceImpl.addComment(..)
2025-03-04 00:33:19 [main] INFO  c.t.t.s.c.impl.CommentServiceImpl - Adding new comment to task: 5 by user: other@example.com
2025-03-04 00:33:19 [main] INFO  com.track.task.aspect.LoggingAspect - Entering method: UserServiceImpl.getUserByEmail(..)
2025-03-04 00:33:19 [main] INFO  c.t.t.s.user.impl.UserServiceImpl - Get user by email
2025-03-04 00:33:19 [main] INFO  com.track.task.aspect.LoggingAspect - Exiting method: UserServiceImpl.getUserByEmail(..) with result: [FAILED toString()]
2025-03-04 00:33:19 [main] INFO  c.t.t.s.c.impl.CommentServiceImpl - Adding comment with id: null
2025-03-04 00:33:19 [main] INFO  c.t.t.s.c.impl.CommentServiceImpl - Successfully added comment with id: 7
2025-03-04 00:33:19 [main] INFO  com.track.task.aspect.LoggingAspect - Exiting method: CommentServiceImpl.addComment(..) with result: [FAILED toString()]
2025-03-04 00:33:19 [main] INFO  com.track.task.aspect.LoggingAspect - Entering method: CommentServiceImpl.getAllByTaskId(..)
2025-03-04 00:33:19 [main] INFO  c.t.t.s.c.impl.CommentServiceImpl - Fetching comments for taskId: 5 and email: other@example.com
2025-03-04 00:33:19 [main] INFO  com.track.task.aspect.LoggingAspect - Entering method: AdminUserServiceImpl.isAdminByEmail(..)
2025-03-04 00:33:19 [main] INFO  com.track.task.aspect.LoggingAspect - Entering method: UserServiceImpl.getUserByEmail(..)
2025-03-04 00:33:19 [main] INFO  c.t.t.s.user.impl.UserServiceImpl - Get user by email
2025-03-04 00:33:19 [main] INFO  com.track.task.aspect.LoggingAspect - Exiting method: UserServiceImpl.getUserByEmail(..) with result: [FAILED toString()]
2025-03-04 00:33:19 [main] INFO  com.track.task.aspect.LoggingAspect - Exiting method: AdminUserServiceImpl.isAdminByEmail(..) with result: false
2025-03-04 00:33:19 [main] ERROR com.track.task.aspect.LoggingAspect - Exception in method: CommentServiceImpl.getAllByTaskId(..): could not initialize proxy [com.track.task.model.User#8] - no Session
org.hibernate.LazyInitializationException: could not initialize proxy [com.track.task.model.User#8] - no Session
	at org.hibernate.proxy.AbstractLazyInitializer.initialize(AbstractLazyInitializer.java:165)
	at org.hibernate.proxy.AbstractLazyInitializer.getImplementation(AbstractLazyInitializer.java:314)
	at org.hibernate.proxy.pojo.bytebuddy.ByteBuddyInterceptor.intercept(ByteBuddyInterceptor.java:44)
	at org.hibernate.proxy.ProxyConfiguration$InterceptorDispatcher.intercept(ProxyConfiguration.java:102)
	at com.track.task.model.User$HibernateProxy$3vwX8BRG.getEmail(Unknown Source)
	at com.track.task.service.comment.impl.CommentServiceImpl.lambda$getAllByTaskId$0(CommentServiceImpl.java:79)
	at java.base/java.util.stream.ReferencePipeline$2$1.accept(ReferencePipeline.java:193)
	at java.base/java.util.ArrayList$ArrayListSpliterator.forEachRemaining(ArrayList.java:1709)
	at java.base/java.util.stream.AbstractPipeline.copyInto(AbstractPipeline.java:556)
	at java.base/java.util.stream.AbstractPipeline.wrapAndCopyInto(AbstractPipeline.java:546)
	at java.base/java.util.stream.ReduceOps$ReduceOp.evaluateSequential(ReduceOps.java:921)
	at java.base/java.util.stream.AbstractPipeline.evaluate(AbstractPipeline.java:265)
	at java.base/java.util.stream.ReferencePipeline.collect(ReferencePipeline.java:702)
	at com.track.task.service.comment.impl.CommentServiceImpl.getAllByTaskId(CommentServiceImpl.java:80)
	at java.base/jdk.internal.reflect.DirectMethodHandleAccessor.invoke(DirectMethodHandleAccessor.java:103)
	at java.base/java.lang.reflect.Method.invoke(Method.java:580)
	at org.springframework.aop.support.AopUtils.invokeJoinpointUsingReflection(AopUtils.java:355)
	at org.springframework.aop.framework.ReflectiveMethodInvocation.invokeJoinpoint(ReflectiveMethodInvocation.java:196)
	at org.springframework.aop.framework.ReflectiveMethodInvocation.proceed(ReflectiveMethodInvocation.java:163)
	at org.springframework.aop.framework.CglibAopProxy$CglibMethodInvocation.proceed(CglibAopProxy.java:768)
	at org.springframework.aop.aspectj.MethodInvocationProceedingJoinPoint.proceed(MethodInvocationProceedingJoinPoint.java:89)
	at com.track.task.aspect.LoggingAspect.logMethodExecution(LoggingAspect.java:19)
	at java.base/jdk.internal.reflect.DirectMethodHandleAccessor.invoke(DirectMethodHandleAccessor.java:103)
	at java.base/java.lang.reflect.Method.invoke(Method.java:580)
	at org.springframework.aop.aspectj.AbstractAspectJAdvice.invokeAdviceMethodWithGivenArgs(AbstractAspectJAdvice.java:637)
	at org.springframework.aop.aspectj.AbstractAspectJAdvice.invokeAdviceMethod(AbstractAspectJAdvice.java:627)
	at org.springframework.aop.aspectj.AspectJAroundAdvice.invoke(AspectJAroundAdvice.java:71)
	at org.springframework.aop.framework.ReflectiveMethodInvocation.proceed(ReflectiveMethodInvocation.java:184)
	at org.springframework.aop.framework.CglibAopProxy$CglibMethodInvocation.proceed(CglibAopProxy.java:768)
	at org.springframework.aop.interceptor.ExposeInvocationInterceptor.invoke(ExposeInvocationInterceptor.java:97)
	at org.springframework.aop.framework.ReflectiveMethodInvocation.proceed(ReflectiveMethodInvocation.java:184)
	at org.springframework.aop.framework.CglibAopProxy$CglibMethodInvocation.proceed(CglibAopProxy.java:768)
	at org.springframework.aop.framework.CglibAopProxy$DynamicAdvisedInterceptor.intercept(CglibAopProxy.java:720)
	at com.track.task.service.comment.impl.CommentServiceImpl$$SpringCGLIB$$0.getAllByTaskId(<generated>)
	at com.track.task.comment.CommentServiceIntegrationTest.testGetAllByTaskIdForNonAdmin(CommentServiceIntegrationTest.java:189)
	at java.base/jdk.internal.reflect.DirectMethodHandleAccessor.invoke(DirectMethodHandleAccessor.java:103)
	at java.base/java.lang.reflect.Method.invoke(Method.java:580)
	at org.junit.platform.commons.util.ReflectionUtils.invokeMethod(ReflectionUtils.java:728)
	at org.junit.jupiter.engine.execution.MethodInvocation.proceed(MethodInvocation.java:60)
	at org.junit.jupiter.engine.execution.InvocationInterceptorChain$ValidatingInvocation.proceed(InvocationInterceptorChain.java:131)
	at org.junit.jupiter.engine.extension.TimeoutExtension.intercept(TimeoutExtension.java:156)
	at org.junit.jupiter.engine.extension.TimeoutExtension.interceptTestableMethod(TimeoutExtension.java:147)
	at org.junit.jupiter.engine.extension.TimeoutExtension.interceptTestMethod(TimeoutExtension.java:86)
	at org.junit.jupiter.engine.execution.InterceptingExecutableInvoker$ReflectiveInterceptorCall.lambda$ofVoidMethod$0(InterceptingExecutableInvoker.java:103)
	at org.junit.jupiter.engine.execution.InterceptingExecutableInvoker.lambda$invoke$0(InterceptingExecutableInvoker.java:93)
	at org.junit.jupiter.engine.execution.InvocationInterceptorChain$InterceptedInvocation.proceed(InvocationInterceptorChain.java:106)
	at org.junit.jupiter.engine.execution.InvocationInterceptorChain.proceed(InvocationInterceptorChain.java:64)
	at org.junit.jupiter.engine.execution.InvocationInterceptorChain.chainAndInvoke(InvocationInterceptorChain.java:45)
	at org.junit.jupiter.engine.execution.InvocationInterceptorChain.invoke(InvocationInterceptorChain.java:37)
	at org.junit.jupiter.engine.execution.InterceptingExecutableInvoker.invoke(InterceptingExecutableInvoker.java:92)
	at org.junit.jupiter.engine.execution.InterceptingExecutableInvoker.invoke(InterceptingExecutableInvoker.java:86)
	at org.junit.jupiter.engine.descriptor.TestMethodTestDescriptor.lambda$invokeTestMethod$7(TestMethodTestDescriptor.java:218)
	at org.junit.platform.engine.support.hierarchical.ThrowableCollector.execute(ThrowableCollector.java:73)
	at org.junit.jupiter.engine.descriptor.TestMethodTestDescriptor.invokeTestMethod(TestMethodTestDescriptor.java:214)
	at org.junit.jupiter.engine.descriptor.TestMethodTestDescriptor.execute(TestMethodTestDescriptor.java:139)
	at org.junit.jupiter.engine.descriptor.TestMethodTestDescriptor.execute(TestMethodTestDescriptor.java:69)
	at org.junit.platform.engine.support.hierarchical.NodeTestTask.lambda$executeRecursively$6(NodeTestTask.java:156)
	at org.junit.platform.engine.support.hierarchical.ThrowableCollector.execute(ThrowableCollector.java:73)
	at org.junit.platform.engine.support.hierarchical.NodeTestTask.lambda$executeRecursively$8(NodeTestTask.java:146)
	at org.junit.platform.engine.support.hierarchical.Node.around(Node.java:137)
	at org.junit.platform.engine.support.hierarchical.NodeTestTask.lambda$executeRecursively$9(NodeTestTask.java:144)
	at org.junit.platform.engine.support.hierarchical.ThrowableCollector.execute(ThrowableCollector.java:73)
	at org.junit.platform.engine.support.hierarchical.NodeTestTask.executeRecursively(NodeTestTask.java:143)
	at org.junit.platform.engine.support.hierarchical.NodeTestTask.execute(NodeTestTask.java:100)
	at java.base/java.util.ArrayList.forEach(ArrayList.java:1597)
	at org.junit.platform.engine.support.hierarchical.SameThreadHierarchicalTestExecutorService.invokeAll(SameThreadHierarchicalTestExecutorService.java:41)
	at org.junit.platform.engine.support.hierarchical.NodeTestTask.lambda$executeRecursively$6(NodeTestTask.java:160)
	at org.junit.platform.engine.support.hierarchical.ThrowableCollector.execute(ThrowableCollector.java:73)
	at org.junit.platform.engine.support.hierarchical.NodeTestTask.lambda$executeRecursively$8(NodeTestTask.java:146)
	at org.junit.platform.engine.support.hierarchical.Node.around(Node.java:137)
	at org.junit.platform.engine.support.hierarchical.NodeTestTask.lambda$executeRecursively$9(NodeTestTask.java:144)
	at org.junit.platform.engine.support.hierarchical.ThrowableCollector.execute(ThrowableCollector.java:73)
	at org.junit.platform.engine.support.hierarchical.NodeTestTask.executeRecursively(NodeTestTask.java:143)
	at org.junit.platform.engine.support.hierarchical.NodeTestTask.execute(NodeTestTask.java:100)
	at java.base/java.util.ArrayList.forEach(ArrayList.java:1597)
	at org.junit.platform.engine.support.hierarchical.SameThreadHierarchicalTestExecutorService.invokeAll(SameThreadHierarchicalTestExecutorService.java:41)
	at org.junit.platform.engine.support.hierarchical.NodeTestTask.lambda$executeRecursively$6(NodeTestTask.java:160)
	at org.junit.platform.engine.support.hierarchical.ThrowableCollector.execute(ThrowableCollector.java:73)
	at org.junit.platform.engine.support.hierarchical.NodeTestTask.lambda$executeRecursively$8(NodeTestTask.java:146)
	at org.junit.platform.engine.support.hierarchical.Node.around(Node.java:137)
	at org.junit.platform.engine.support.hierarchical.NodeTestTask.lambda$executeRecursively$9(NodeTestTask.java:144)
	at org.junit.platform.engine.support.hierarchical.ThrowableCollector.execute(ThrowableCollector.java:73)
	at org.junit.platform.engine.support.hierarchical.NodeTestTask.executeRecursively(NodeTestTask.java:143)
	at org.junit.platform.engine.support.hierarchical.NodeTestTask.execute(NodeTestTask.java:100)
	at org.junit.platform.engine.support.hierarchical.SameThreadHierarchicalTestExecutorService.submit(SameThreadHierarchicalTestExecutorService.java:35)
	at org.junit.platform.engine.support.hierarchical.HierarchicalTestExecutor.execute(HierarchicalTestExecutor.java:57)
	at org.junit.platform.engine.support.hierarchical.HierarchicalTestEngine.execute(HierarchicalTestEngine.java:54)
	at org.junit.platform.launcher.core.EngineExecutionOrchestrator.execute(EngineExecutionOrchestrator.java:198)
	at org.junit.platform.launcher.core.EngineExecutionOrchestrator.execute(EngineExecutionOrchestrator.java:169)
	at org.junit.platform.launcher.core.EngineExecutionOrchestrator.execute(EngineExecutionOrchestrator.java:93)
	at org.junit.platform.launcher.core.EngineExecutionOrchestrator.lambda$execute$0(EngineExecutionOrchestrator.java:58)
	at org.junit.platform.launcher.core.EngineExecutionOrchestrator.withInterceptedStreams(EngineExecutionOrchestrator.java:141)
	at org.junit.platform.launcher.core.EngineExecutionOrchestrator.execute(EngineExecutionOrchestrator.java:57)
	at org.junit.platform.launcher.core.DefaultLauncher.execute(DefaultLauncher.java:103)
	at org.junit.platform.launcher.core.DefaultLauncher.execute(DefaultLauncher.java:85)
	at org.junit.platform.launcher.core.DelegatingLauncher.execute(DelegatingLauncher.java:47)
	at org.junit.platform.launcher.core.SessionPerRequestLauncher.execute(SessionPerRequestLauncher.java:63)
	at com.intellij.junit5.JUnit5IdeaTestRunner.startRunnerWithArgs(JUnit5IdeaTestRunner.java:57)
	at com.intellij.rt.junit.IdeaTestRunner$Repeater$1.execute(IdeaTestRunner.java:38)
	at com.intellij.rt.execution.junit.TestsRepeater.repeat(TestsRepeater.java:11)
	at com.intellij.rt.junit.IdeaTestRunner$Repeater.startRunnerWithArgs(IdeaTestRunner.java:35)
	at com.intellij.rt.junit.JUnitStarter.prepareStreamsAndStart(JUnitStarter.java:232)
	at com.intellij.rt.junit.JUnitStarter.main(JUnitStarter.java:55)
2025-03-04 00:33:19 [main] INFO  com.track.task.aspect.LoggingAspect - Entering method: CommentServiceImpl.addComment(..)
2025-03-04 00:33:19 [main] INFO  c.t.t.s.c.impl.CommentServiceImpl - Adding new comment to task: 6 by user: test@example.com
2025-03-04 00:33:19 [main] ERROR c.t.t.s.c.impl.CommentServiceImpl - Attempt to comment on hidden task: 6
2025-03-04 00:33:19 [main] ERROR com.track.task.aspect.LoggingAspect - Exception in method: CommentServiceImpl.addComment(..): Forbidden exception
com.track.task.exception.ForbiddenException: Forbidden exception
	at com.track.task.service.comment.impl.CommentServiceImpl.addComment(CommentServiceImpl.java:109)
	at java.base/jdk.internal.reflect.DirectMethodHandleAccessor.invoke(DirectMethodHandleAccessor.java:103)
	at java.base/java.lang.reflect.Method.invoke(Method.java:580)
	at org.springframework.aop.support.AopUtils.invokeJoinpointUsingReflection(AopUtils.java:355)
	at org.springframework.aop.framework.ReflectiveMethodInvocation.invokeJoinpoint(ReflectiveMethodInvocation.java:196)
	at org.springframework.aop.framework.ReflectiveMethodInvocation.proceed(ReflectiveMethodInvocation.java:163)
	at org.springframework.aop.framework.CglibAopProxy$CglibMethodInvocation.proceed(CglibAopProxy.java:768)
	at org.springframework.aop.aspectj.MethodInvocationProceedingJoinPoint.proceed(MethodInvocationProceedingJoinPoint.java:89)
	at com.track.task.aspect.LoggingAspect.logMethodExecution(LoggingAspect.java:19)
	at java.base/jdk.internal.reflect.DirectMethodHandleAccessor.invoke(DirectMethodHandleAccessor.java:103)
	at java.base/java.lang.reflect.Method.invoke(Method.java:580)
	at org.springframework.aop.aspectj.AbstractAspectJAdvice.invokeAdviceMethodWithGivenArgs(AbstractAspectJAdvice.java:637)
	at org.springframework.aop.aspectj.AbstractAspectJAdvice.invokeAdviceMethod(AbstractAspectJAdvice.java:627)
	at org.springframework.aop.aspectj.AspectJAroundAdvice.invoke(AspectJAroundAdvice.java:71)
	at org.springframework.aop.framework.ReflectiveMethodInvocation.proceed(ReflectiveMethodInvocation.java:184)
	at org.springframework.aop.framework.CglibAopProxy$CglibMethodInvocation.proceed(CglibAopProxy.java:768)
	at org.springframework.aop.interceptor.ExposeInvocationInterceptor.invoke(ExposeInvocationInterceptor.java:97)
	at org.springframework.aop.framework.ReflectiveMethodInvocation.proceed(ReflectiveMethodInvocation.java:184)
	at org.springframework.aop.framework.CglibAopProxy$CglibMethodInvocation.proceed(CglibAopProxy.java:768)
	at org.springframework.aop.framework.CglibAopProxy$DynamicAdvisedInterceptor.intercept(CglibAopProxy.java:720)
	at com.track.task.service.comment.impl.CommentServiceImpl$$SpringCGLIB$$0.addComment(<generated>)
	at com.track.task.comment.CommentServiceIntegrationTest.lambda$testAddCommentToHiddenTaskThrowsForbidden$0(CommentServiceIntegrationTest.java:101)
	at org.assertj.core.api.ThrowableAssert.catchThrowable(ThrowableAssert.java:63)
	at org.assertj.core.api.AssertionsForClassTypes.catchThrowable(AssertionsForClassTypes.java:892)
	at org.assertj.core.api.Assertions.catchThrowable(Assertions.java:1365)
	at org.assertj.core.api.Assertions.assertThatThrownBy(Assertions.java:1209)
	at com.track.task.comment.CommentServiceIntegrationTest.testAddCommentToHiddenTaskThrowsForbidden(CommentServiceIntegrationTest.java:101)
	at java.base/jdk.internal.reflect.DirectMethodHandleAccessor.invoke(DirectMethodHandleAccessor.java:103)
	at java.base/java.lang.reflect.Method.invoke(Method.java:580)
	at org.junit.platform.commons.util.ReflectionUtils.invokeMethod(ReflectionUtils.java:728)
	at org.junit.jupiter.engine.execution.MethodInvocation.proceed(MethodInvocation.java:60)
	at org.junit.jupiter.engine.execution.InvocationInterceptorChain$ValidatingInvocation.proceed(InvocationInterceptorChain.java:131)
	at org.junit.jupiter.engine.extension.TimeoutExtension.intercept(TimeoutExtension.java:156)
	at org.junit.jupiter.engine.extension.TimeoutExtension.interceptTestableMethod(TimeoutExtension.java:147)
	at org.junit.jupiter.engine.extension.TimeoutExtension.interceptTestMethod(TimeoutExtension.java:86)
	at org.junit.jupiter.engine.execution.InterceptingExecutableInvoker$ReflectiveInterceptorCall.lambda$ofVoidMethod$0(InterceptingExecutableInvoker.java:103)
	at org.junit.jupiter.engine.execution.InterceptingExecutableInvoker.lambda$invoke$0(InterceptingExecutableInvoker.java:93)
	at org.junit.jupiter.engine.execution.InvocationInterceptorChain$InterceptedInvocation.proceed(InvocationInterceptorChain.java:106)
	at org.junit.jupiter.engine.execution.InvocationInterceptorChain.proceed(InvocationInterceptorChain.java:64)
	at org.junit.jupiter.engine.execution.InvocationInterceptorChain.chainAndInvoke(InvocationInterceptorChain.java:45)
	at org.junit.jupiter.engine.execution.InvocationInterceptorChain.invoke(InvocationInterceptorChain.java:37)
	at org.junit.jupiter.engine.execution.InterceptingExecutableInvoker.invoke(InterceptingExecutableInvoker.java:92)
	at org.junit.jupiter.engine.execution.InterceptingExecutableInvoker.invoke(InterceptingExecutableInvoker.java:86)
	at org.junit.jupiter.engine.descriptor.TestMethodTestDescriptor.lambda$invokeTestMethod$7(TestMethodTestDescriptor.java:218)
	at org.junit.platform.engine.support.hierarchical.ThrowableCollector.execute(ThrowableCollector.java:73)
	at org.junit.jupiter.engine.descriptor.TestMethodTestDescriptor.invokeTestMethod(TestMethodTestDescriptor.java:214)
	at org.junit.jupiter.engine.descriptor.TestMethodTestDescriptor.execute(TestMethodTestDescriptor.java:139)
	at org.junit.jupiter.engine.descriptor.TestMethodTestDescriptor.execute(TestMethodTestDescriptor.java:69)
	at org.junit.platform.engine.support.hierarchical.NodeTestTask.lambda$executeRecursively$6(NodeTestTask.java:156)
	at org.junit.platform.engine.support.hierarchical.ThrowableCollector.execute(ThrowableCollector.java:73)
	at org.junit.platform.engine.support.hierarchical.NodeTestTask.lambda$executeRecursively$8(NodeTestTask.java:146)
	at org.junit.platform.engine.support.hierarchical.Node.around(Node.java:137)
	at org.junit.platform.engine.support.hierarchical.NodeTestTask.lambda$executeRecursively$9(NodeTestTask.java:144)
	at org.junit.platform.engine.support.hierarchical.ThrowableCollector.execute(ThrowableCollector.java:73)
	at org.junit.platform.engine.support.hierarchical.NodeTestTask.executeRecursively(NodeTestTask.java:143)
	at org.junit.platform.engine.support.hierarchical.NodeTestTask.execute(NodeTestTask.java:100)
	at java.base/java.util.ArrayList.forEach(ArrayList.java:1597)
	at org.junit.platform.engine.support.hierarchical.SameThreadHierarchicalTestExecutorService.invokeAll(SameThreadHierarchicalTestExecutorService.java:41)
	at org.junit.platform.engine.support.hierarchical.NodeTestTask.lambda$executeRecursively$6(NodeTestTask.java:160)
	at org.junit.platform.engine.support.hierarchical.ThrowableCollector.execute(ThrowableCollector.java:73)
	at org.junit.platform.engine.support.hierarchical.NodeTestTask.lambda$executeRecursively$8(NodeTestTask.java:146)
	at org.junit.platform.engine.support.hierarchical.Node.around(Node.java:137)
	at org.junit.platform.engine.support.hierarchical.NodeTestTask.lambda$executeRecursively$9(NodeTestTask.java:144)
	at org.junit.platform.engine.support.hierarchical.ThrowableCollector.execute(ThrowableCollector.java:73)
	at org.junit.platform.engine.support.hierarchical.NodeTestTask.executeRecursively(NodeTestTask.java:143)
	at org.junit.platform.engine.support.hierarchical.NodeTestTask.execute(NodeTestTask.java:100)
	at java.base/java.util.ArrayList.forEach(ArrayList.java:1597)
	at org.junit.platform.engine.support.hierarchical.SameThreadHierarchicalTestExecutorService.invokeAll(SameThreadHierarchicalTestExecutorService.java:41)
	at org.junit.platform.engine.support.hierarchical.NodeTestTask.lambda$executeRecursively$6(NodeTestTask.java:160)
	at org.junit.platform.engine.support.hierarchical.ThrowableCollector.execute(ThrowableCollector.java:73)
	at org.junit.platform.engine.support.hierarchical.NodeTestTask.lambda$executeRecursively$8(NodeTestTask.java:146)
	at org.junit.platform.engine.support.hierarchical.Node.around(Node.java:137)
	at org.junit.platform.engine.support.hierarchical.NodeTestTask.lambda$executeRecursively$9(NodeTestTask.java:144)
	at org.junit.platform.engine.support.hierarchical.ThrowableCollector.execute(ThrowableCollector.java:73)
	at org.junit.platform.engine.support.hierarchical.NodeTestTask.executeRecursively(NodeTestTask.java:143)
	at org.junit.platform.engine.support.hierarchical.NodeTestTask.execute(NodeTestTask.java:100)
	at org.junit.platform.engine.support.hierarchical.SameThreadHierarchicalTestExecutorService.submit(SameThreadHierarchicalTestExecutorService.java:35)
	at org.junit.platform.engine.support.hierarchical.HierarchicalTestExecutor.execute(HierarchicalTestExecutor.java:57)
	at org.junit.platform.engine.support.hierarchical.HierarchicalTestEngine.execute(HierarchicalTestEngine.java:54)
	at org.junit.platform.launcher.core.EngineExecutionOrchestrator.execute(EngineExecutionOrchestrator.java:198)
	at org.junit.platform.launcher.core.EngineExecutionOrchestrator.execute(EngineExecutionOrchestrator.java:169)
	at org.junit.platform.launcher.core.EngineExecutionOrchestrator.execute(EngineExecutionOrchestrator.java:93)
	at org.junit.platform.launcher.core.EngineExecutionOrchestrator.lambda$execute$0(EngineExecutionOrchestrator.java:58)
	at org.junit.platform.launcher.core.EngineExecutionOrchestrator.withInterceptedStreams(EngineExecutionOrchestrator.java:141)
	at org.junit.platform.launcher.core.EngineExecutionOrchestrator.execute(EngineExecutionOrchestrator.java:57)
	at org.junit.platform.launcher.core.DefaultLauncher.execute(DefaultLauncher.java:103)
	at org.junit.platform.launcher.core.DefaultLauncher.execute(DefaultLauncher.java:85)
	at org.junit.platform.launcher.core.DelegatingLauncher.execute(DelegatingLauncher.java:47)
	at org.junit.platform.launcher.core.SessionPerRequestLauncher.execute(SessionPerRequestLauncher.java:63)
	at com.intellij.junit5.JUnit5IdeaTestRunner.startRunnerWithArgs(JUnit5IdeaTestRunner.java:57)
	at com.intellij.rt.junit.IdeaTestRunner$Repeater$1.execute(IdeaTestRunner.java:38)
	at com.intellij.rt.execution.junit.TestsRepeater.repeat(TestsRepeater.java:11)
	at com.intellij.rt.junit.IdeaTestRunner$Repeater.startRunnerWithArgs(IdeaTestRunner.java:35)
	at com.intellij.rt.junit.JUnitStarter.prepareStreamsAndStart(JUnitStarter.java:232)
	at com.intellij.rt.junit.JUnitStarter.main(JUnitStarter.java:55)
2025-03-04 00:33:19 [main] INFO  com.track.task.aspect.LoggingAspect - Entering method: CommentServiceImpl.addComment(..)
2025-03-04 00:33:19 [main] INFO  c.t.t.s.c.impl.CommentServiceImpl - Adding new comment to task: 7 by user: replyuser@example.com
2025-03-04 00:33:19 [main] INFO  com.track.task.aspect.LoggingAspect - Entering method: UserServiceImpl.getUserByEmail(..)
2025-03-04 00:33:19 [main] INFO  c.t.t.s.user.impl.UserServiceImpl - Get user by email
2025-03-04 00:33:19 [main] INFO  com.track.task.aspect.LoggingAspect - Exiting method: UserServiceImpl.getUserByEmail(..) with result: [FAILED toString()]
2025-03-04 00:33:19 [main] INFO  c.t.t.s.c.impl.CommentServiceImpl - Adding comment with id: null
2025-03-04 00:33:19 [main] INFO  c.t.t.s.c.impl.CommentServiceImpl - Successfully added comment with id: 8
2025-03-04 00:33:19 [main] INFO  com.track.task.aspect.LoggingAspect - Exiting method: CommentServiceImpl.addComment(..) with result: [FAILED toString()]
2025-03-04 00:33:19 [main] INFO  com.track.task.aspect.LoggingAspect - Entering method: CommentServiceImpl.replyOnComment(..)
2025-03-04 00:33:19 [main] INFO  c.t.t.s.c.impl.CommentServiceImpl - Replying to comment: 8 on task: 7 by user: replyuser@example.com
2025-03-04 00:33:19 [main] INFO  com.track.task.aspect.LoggingAspect - Entering method: UserServiceImpl.getUserByEmail(..)
2025-03-04 00:33:19 [main] INFO  c.t.t.s.user.impl.UserServiceImpl - Get user by email
2025-03-04 00:33:19 [main] INFO  com.track.task.aspect.LoggingAspect - Exiting method: UserServiceImpl.getUserByEmail(..) with result: [FAILED toString()]
2025-03-04 00:33:19 [main] INFO  c.t.t.s.c.impl.CommentServiceImpl - Fetching comment by id: 8
2025-03-04 00:33:19 [main] INFO  c.t.t.s.c.impl.CommentServiceImpl - Adding comment with id: null
2025-03-04 00:33:19 [main] INFO  c.t.t.s.c.impl.CommentServiceImpl - Successfully added reply comment with id: 9
2025-03-04 00:33:19 [main] INFO  com.track.task.aspect.LoggingAspect - Exiting method: CommentServiceImpl.replyOnComment(..) with result: [FAILED toString()]
2025-03-04 00:33:19 [main] INFO  com.track.task.aspect.LoggingAspect - Entering method: CommentServiceImpl.addComment(..)
2025-03-04 00:33:19 [main] INFO  c.t.t.s.c.impl.CommentServiceImpl - Adding new comment to task: 8 by user: getbyid@example.com
2025-03-04 00:33:19 [main] INFO  com.track.task.aspect.LoggingAspect - Entering method: UserServiceImpl.getUserByEmail(..)
2025-03-04 00:33:19 [main] INFO  c.t.t.s.user.impl.UserServiceImpl - Get user by email
2025-03-04 00:33:19 [main] INFO  com.track.task.aspect.LoggingAspect - Exiting method: UserServiceImpl.getUserByEmail(..) with result: [FAILED toString()]
2025-03-04 00:33:19 [main] INFO  c.t.t.s.c.impl.CommentServiceImpl - Adding comment with id: null
2025-03-04 00:33:19 [main] INFO  c.t.t.s.c.impl.CommentServiceImpl - Successfully added comment with id: 10
2025-03-04 00:33:19 [main] INFO  com.track.task.aspect.LoggingAspect - Exiting method: CommentServiceImpl.addComment(..) with result: [FAILED toString()]
2025-03-04 00:33:19 [main] INFO  com.track.task.aspect.LoggingAspect - Entering method: CommentServiceImpl.getById(..)
2025-03-04 00:33:19 [main] INFO  c.t.t.s.c.impl.CommentServiceImpl - Fetching comment by id: 10
2025-03-04 00:33:19 [main] INFO  com.track.task.aspect.LoggingAspect - Exiting method: CommentServiceImpl.getById(..) with result: [FAILED toString()]
2025-03-04 00:33:19 [main] WARN  o.h.e.jdbc.spi.SqlExceptionHelper - SQL Error: 0, SQLState: 23505
2025-03-04 00:33:19 [main] ERROR o.h.e.jdbc.spi.SqlExceptionHelper - ERROR: duplicate key value violates unique constraint "user_email_key"
  Подробности: Key (email)=(test@example.com) already exists.
2025-03-04 00:33:19 [main] INFO  com.track.task.aspect.LoggingAspect - Entering method: CommentServiceImpl.addComment(..)
2025-03-04 00:33:19 [main] INFO  c.t.t.s.c.impl.CommentServiceImpl - Adding new comment to task: 9 by user: allcomments@example.com
2025-03-04 00:33:19 [main] INFO  com.track.task.aspect.LoggingAspect - Entering method: UserServiceImpl.getUserByEmail(..)
2025-03-04 00:33:19 [main] INFO  c.t.t.s.user.impl.UserServiceImpl - Get user by email
2025-03-04 00:33:19 [main] INFO  com.track.task.aspect.LoggingAspect - Exiting method: UserServiceImpl.getUserByEmail(..) with result: [FAILED toString()]
2025-03-04 00:33:19 [main] INFO  c.t.t.s.c.impl.CommentServiceImpl - Adding comment with id: null
2025-03-04 00:33:19 [main] INFO  c.t.t.s.c.impl.CommentServiceImpl - Successfully added comment with id: 11
2025-03-04 00:33:19 [main] INFO  com.track.task.aspect.LoggingAspect - Exiting method: CommentServiceImpl.addComment(..) with result: [FAILED toString()]
2025-03-04 00:33:19 [main] INFO  com.track.task.aspect.LoggingAspect - Entering method: CommentServiceImpl.addComment(..)
2025-03-04 00:33:19 [main] INFO  c.t.t.s.c.impl.CommentServiceImpl - Adding new comment to task: 9 by user: allcomments@example.com
2025-03-04 00:33:19 [main] INFO  com.track.task.aspect.LoggingAspect - Entering method: UserServiceImpl.getUserByEmail(..)
2025-03-04 00:33:19 [main] INFO  c.t.t.s.user.impl.UserServiceImpl - Get user by email
2025-03-04 00:33:19 [main] INFO  com.track.task.aspect.LoggingAspect - Exiting method: UserServiceImpl.getUserByEmail(..) with result: [FAILED toString()]
2025-03-04 00:33:19 [main] INFO  c.t.t.s.c.impl.CommentServiceImpl - Adding comment with id: null
2025-03-04 00:33:19 [main] INFO  c.t.t.s.c.impl.CommentServiceImpl - Successfully added comment with id: 12
2025-03-04 00:33:19 [main] INFO  com.track.task.aspect.LoggingAspect - Exiting method: CommentServiceImpl.addComment(..) with result: [FAILED toString()]
2025-03-04 00:33:19 [main] INFO  com.track.task.aspect.LoggingAspect - Entering method: CommentServiceImpl.getAll()
2025-03-04 00:33:19 [main] INFO  c.t.t.s.c.impl.CommentServiceImpl - Fetching all comments
2025-03-04 00:33:19 [main] INFO  com.track.task.aspect.LoggingAspect - Exiting method: CommentServiceImpl.getAll() with result: [FAILED toString()]
2025-03-04 00:33:20 [SpringApplicationShutdownHook] INFO  o.s.o.j.LocalContainerEntityManagerFactoryBean - Closing JPA EntityManagerFactory for persistence unit 'default'
2025-03-04 00:33:20 [SpringApplicationShutdownHook] INFO  com.zaxxer.hikari.HikariDataSource - HikariPool-1 - Shutdown initiated...
2025-03-04 00:33:20 [SpringApplicationShutdownHook] INFO  com.zaxxer.hikari.HikariDataSource - HikariPool-1 - Shutdown completed.
2025-03-04 00:34:10 [background-preinit] INFO  o.h.validator.internal.util.Version - HV000001: Hibernate Validator 8.0.1.Final
2025-03-04 00:34:10 [main] INFO  c.t.t.c.CommentServiceIntegrationTest - Starting CommentServiceIntegrationTest using Java 22.0.2 with PID 5128 (started by Admin in C:\Users\Admin\Desktop\task)
2025-03-04 00:34:10 [main] INFO  c.t.t.c.CommentServiceIntegrationTest - The following 1 profile is active: "test"
2025-03-04 00:34:12 [main] INFO  o.s.d.r.c.RepositoryConfigurationDelegate - Bootstrapping Spring Data JPA repositories in DEFAULT mode.
2025-03-04 00:34:12 [main] INFO  o.s.d.r.c.RepositoryConfigurationDelegate - Finished Spring Data repository scanning in 91 ms. Found 5 JPA repository interfaces.
2025-03-04 00:34:13 [main] INFO  com.zaxxer.hikari.HikariDataSource - HikariPool-1 - Starting...
2025-03-04 00:34:13 [main] INFO  com.zaxxer.hikari.pool.HikariPool - HikariPool-1 - Added connection org.postgresql.jdbc.PgConnection@6159fb3c
2025-03-04 00:34:13 [main] INFO  com.zaxxer.hikari.HikariDataSource - HikariPool-1 - Start completed.
2025-03-04 00:34:13 [main] INFO  liquibase.database - Set default schema name to public
2025-03-04 00:34:14 [main] INFO  liquibase.changelog - Creating database history table with name: public.databasechangelog
2025-03-04 00:34:14 [main] INFO  liquibase.changelog - Reading from public.databasechangelog
2025-03-04 00:34:14 [main] INFO  liquibase.lockservice - Successfully acquired change log lock
2025-03-04 00:34:14 [main] INFO  liquibase.command - Using deploymentId: 1037654651
2025-03-04 00:34:14 [main] INFO  liquibase.changelog - Reading from public.databasechangelog
2025-03-04 00:34:14 [main] INFO  liquibase.ui - Running Changeset: db/changelog/01-create-schema.xml::1::xfnet
2025-03-04 00:34:14 [main] WARN  liquibase.executor - schema "private" does not exist, skipping
2025-03-04 00:34:14 [main] INFO  liquibase.changelog - Custom SQL executed
2025-03-04 00:34:14 [main] INFO  liquibase.changelog - Custom SQL executed
2025-03-04 00:34:14 [main] INFO  liquibase.changelog - ChangeSet db/changelog/01-create-schema.xml::1::xfnet ran successfully in 21ms
2025-03-04 00:34:14 [main] INFO  liquibase.ui - Running Changeset: db/changelog/02-create-user-table.xml::2::xfnet
2025-03-04 00:34:14 [main] INFO  liquibase.changelog - Table user created
2025-03-04 00:34:14 [main] INFO  liquibase.changelog - ChangeSet db/changelog/02-create-user-table.xml::2::xfnet ran successfully in 11ms
2025-03-04 00:34:14 [main] INFO  liquibase.ui - Running Changeset: db/changelog/03-create-priority-table.xml::3::xfnet
2025-03-04 00:34:14 [main] INFO  liquibase.changelog - Table priority created
2025-03-04 00:34:14 [main] INFO  liquibase.changelog - ChangeSet db/changelog/03-create-priority-table.xml::3::xfnet ran successfully in 8ms
2025-03-04 00:34:14 [main] INFO  liquibase.ui - Running Changeset: db/changelog/04-create-status-table.xml::4::xfnet
2025-03-04 00:34:14 [main] INFO  liquibase.changelog - Table status created
2025-03-04 00:34:14 [main] INFO  liquibase.changelog - Foreign key constraint added to status (user_id)
2025-03-04 00:34:14 [main] INFO  liquibase.changelog - Unique constraint added to status(title, user_id)
2025-03-04 00:34:14 [main] INFO  liquibase.changelog - ChangeSet db/changelog/04-create-status-table.xml::4::xfnet ran successfully in 21ms
2025-03-04 00:34:14 [main] INFO  liquibase.ui - Running Changeset: db/changelog/05-create-role-table.xml::5::xfnet
2025-03-04 00:34:14 [main] INFO  liquibase.changelog - Table role created
2025-03-04 00:34:14 [main] INFO  liquibase.changelog - ChangeSet db/changelog/05-create-role-table.xml::5::xfnet ran successfully in 9ms
2025-03-04 00:34:14 [main] INFO  liquibase.ui - Running Changeset: db/changelog/06-create-user-roles-table.xml::6::xfnet
2025-03-04 00:34:14 [main] INFO  liquibase.changelog - Table user_roles created
2025-03-04 00:34:14 [main] INFO  liquibase.changelog - Primary key added to user_roles (user_id, role_id)
2025-03-04 00:34:14 [main] INFO  liquibase.changelog - Foreign key constraint added to user_roles (user_id)
2025-03-04 00:34:14 [main] INFO  liquibase.changelog - Foreign key constraint added to user_roles (role_id)
2025-03-04 00:34:14 [main] INFO  liquibase.changelog - ChangeSet db/changelog/06-create-user-roles-table.xml::6::xfnet ran successfully in 18ms
2025-03-04 00:34:14 [main] INFO  liquibase.ui - Running Changeset: db/changelog/07-create-task-table.xml::7::xfnet
2025-03-04 00:34:14 [main] INFO  liquibase.changelog - Table task created
2025-03-04 00:34:14 [main] INFO  liquibase.changelog - Foreign key constraint added to task (priority_id)
2025-03-04 00:34:14 [main] INFO  liquibase.changelog - Foreign key constraint added to task (status_id)
2025-03-04 00:34:14 [main] INFO  liquibase.changelog - Foreign key constraint added to task (user_id)
2025-03-04 00:34:14 [main] INFO  liquibase.changelog - ChangeSet db/changelog/07-create-task-table.xml::7::xfnet ran successfully in 54ms
2025-03-04 00:34:14 [main] INFO  liquibase.ui - Running Changeset: db/changelog/08-create-task-executors-table.xml::8::xfnet
2025-03-04 00:34:14 [main] INFO  liquibase.changelog - Table task_executors created
2025-03-04 00:34:14 [main] INFO  liquibase.changelog - Primary key added to task_executors (task_id, user_id)
2025-03-04 00:34:14 [main] INFO  liquibase.changelog - Foreign key constraint added to task_executors (task_id)
2025-03-04 00:34:14 [main] INFO  liquibase.changelog - Foreign key constraint added to task_executors (user_id)
2025-03-04 00:34:14 [main] INFO  liquibase.changelog - ChangeSet db/changelog/08-create-task-executors-table.xml::8::xfnet ran successfully in 24ms
2025-03-04 00:34:14 [main] INFO  liquibase.ui - Running Changeset: db/changelog/09-create-comment-table.xml::9::xfnet
2025-03-04 00:34:14 [main] INFO  liquibase.changelog - Table comment created
2025-03-04 00:34:14 [main] INFO  liquibase.changelog - Foreign key constraint added to comment (task_id)
2025-03-04 00:34:14 [main] INFO  liquibase.changelog - Foreign key constraint added to comment (user_id)
2025-03-04 00:34:14 [main] INFO  liquibase.changelog - Foreign key constraint added to comment (parent_id)
2025-03-04 00:34:15 [main] INFO  liquibase.changelog - ChangeSet db/changelog/09-create-comment-table.xml::9::xfnet ran successfully in 27ms
2025-03-04 00:34:15 [main] INFO  liquibase.ui - Running Changeset: db/changelog/10-insert-default-data.xml::10::xfnet
2025-03-04 00:34:15 [main] INFO  liquibase.changelog - New row inserted into role
2025-03-04 00:34:15 [main] INFO  liquibase.changelog - New row inserted into role
2025-03-04 00:34:15 [main] INFO  liquibase.changelog - New row inserted into user
2025-03-04 00:34:15 [main] INFO  liquibase.changelog - New row inserted into user
2025-03-04 00:34:15 [main] INFO  liquibase.changelog - New row inserted into user
2025-03-04 00:34:15 [main] INFO  liquibase.changelog - New row inserted into user
2025-03-04 00:34:15 [main] INFO  liquibase.changelog - New row inserted into user
2025-03-04 00:34:15 [main] INFO  liquibase.changelog - New row inserted into user_roles
2025-03-04 00:34:15 [main] INFO  liquibase.changelog - New row inserted into user_roles
2025-03-04 00:34:15 [main] INFO  liquibase.changelog - New row inserted into user_roles
2025-03-04 00:34:15 [main] INFO  liquibase.changelog - New row inserted into user_roles
2025-03-04 00:34:15 [main] INFO  liquibase.changelog - New row inserted into user_roles
2025-03-04 00:34:15 [main] INFO  liquibase.changelog - New row inserted into priority
2025-03-04 00:34:15 [main] INFO  liquibase.changelog - New row inserted into priority
2025-03-04 00:34:15 [main] INFO  liquibase.changelog - New row inserted into priority
2025-03-04 00:34:15 [main] INFO  liquibase.changelog - New row inserted into status
2025-03-04 00:34:15 [main] INFO  liquibase.changelog - New row inserted into status
2025-03-04 00:34:15 [main] INFO  liquibase.changelog - New row inserted into status
2025-03-04 00:34:15 [main] INFO  liquibase.changelog - New row inserted into status
2025-03-04 00:34:15 [main] INFO  liquibase.changelog - New row inserted into status
2025-03-04 00:34:15 [main] INFO  liquibase.changelog - New row inserted into task
2025-03-04 00:34:15 [main] INFO  liquibase.changelog - New row inserted into task
2025-03-04 00:34:15 [main] INFO  liquibase.changelog - New row inserted into task
2025-03-04 00:34:15 [main] INFO  liquibase.changelog - New row inserted into task_executors
2025-03-04 00:34:15 [main] INFO  liquibase.changelog - New row inserted into task_executors
2025-03-04 00:34:15 [main] INFO  liquibase.changelog - New row inserted into task_executors
2025-03-04 00:34:15 [main] INFO  liquibase.changelog - New row inserted into task_executors
2025-03-04 00:34:15 [main] INFO  liquibase.changelog - New row inserted into comment
2025-03-04 00:34:15 [main] INFO  liquibase.changelog - New row inserted into comment
2025-03-04 00:34:15 [main] INFO  liquibase.changelog - New row inserted into comment
2025-03-04 00:34:15 [main] INFO  liquibase.changelog - ChangeSet db/changelog/10-insert-default-data.xml::10::xfnet ran successfully in 110ms
2025-03-04 00:34:15 [main] INFO  liquibase.util - UPDATE SUMMARY
2025-03-04 00:34:15 [main] INFO  liquibase.util - Run:                         10
2025-03-04 00:34:15 [main] INFO  liquibase.util - Previously run:               0
2025-03-04 00:34:15 [main] INFO  liquibase.util - Filtered out:                 0
2025-03-04 00:34:15 [main] INFO  liquibase.util - -------------------------------
2025-03-04 00:34:15 [main] INFO  liquibase.util - Total change sets:           10
2025-03-04 00:34:15 [main] INFO  liquibase.util - Update summary generated
2025-03-04 00:34:15 [main] INFO  liquibase.command - Update command completed successfully.
2025-03-04 00:34:15 [main] INFO  liquibase.ui - Liquibase: Update has been successful. Rows affected: 40
2025-03-04 00:34:15 [main] INFO  liquibase.lockservice - Successfully released change log lock
2025-03-04 00:34:15 [main] INFO  liquibase.command - Command execution complete
2025-03-04 00:34:15 [main] INFO  o.h.jpa.internal.util.LogHelper - HHH000204: Processing PersistenceUnitInfo [name: default]
2025-03-04 00:34:15 [main] INFO  org.hibernate.Version - HHH000412: Hibernate ORM core version 6.5.3.Final
2025-03-04 00:34:15 [main] INFO  o.h.c.i.RegionFactoryInitiator - HHH000026: Second-level cache disabled
2025-03-04 00:34:15 [main] INFO  o.s.o.j.p.SpringPersistenceUnitInfo - No LoadTimeWeaver setup: ignoring JPA class transformer
2025-03-04 00:34:16 [main] INFO  o.h.e.t.j.p.i.JtaPlatformInitiator - HHH000489: No JTA platform available (set 'hibernate.transaction.jta.platform' to enable JTA platform integration)
2025-03-04 00:34:16 [main] INFO  o.s.o.j.LocalContainerEntityManagerFactoryBean - Initialized JPA EntityManagerFactory for persistence unit 'default'
2025-03-04 00:34:17 [main] INFO  o.s.s.c.a.a.c.InitializeAuthenticationProviderBeanManagerConfigurer$InitializeAuthenticationProviderManagerConfigurer - Global AuthenticationManager configured with AuthenticationProvider bean with name authenticationProvider
2025-03-04 00:34:17 [main] WARN  o.s.s.c.a.a.c.InitializeUserDetailsBeanManagerConfigurer$InitializeUserDetailsManagerConfigurer - Global AuthenticationManager configured with an AuthenticationProvider bean. UserDetailsService beans will not be used for username/password login. Consider removing the AuthenticationProvider bean. Alternatively, consider using the UserDetailsService in a manually instantiated DaoAuthenticationProvider.
2025-03-04 00:34:17 [main] INFO  o.s.d.j.r.query.QueryEnhancerFactory - Hibernate is in classpath; If applicable, HQL parser will be used.
2025-03-04 00:34:18 [main] WARN  o.s.b.a.o.j.JpaBaseConfiguration$JpaWebConfiguration - spring.jpa.open-in-view is enabled by default. Therefore, database queries may be performed during view rendering. Explicitly configure spring.jpa.open-in-view to disable this warning
2025-03-04 00:34:19 [main] INFO  c.t.t.c.CommentServiceIntegrationTest - Started CommentServiceIntegrationTest in 8.932 seconds (process running for 15.764)
2025-03-04 00:34:20 [main] INFO  com.track.task.aspect.LoggingAspect - Entering method: CommentServiceImpl.addComment(..)
2025-03-04 00:34:20 [main] INFO  c.t.t.s.c.impl.CommentServiceImpl - Adding new comment to task: 4 by user: admin@example.com
2025-03-04 00:34:20 [main] INFO  com.track.task.aspect.LoggingAspect - Entering method: UserServiceImpl.getUserByEmail(..)
2025-03-04 00:34:20 [main] INFO  c.t.t.s.user.impl.UserServiceImpl - Get user by email
2025-03-04 00:34:20 [main] ERROR com.track.task.aspect.LoggingAspect - Exception in method: UserServiceImpl.getUserByEmail(..): null
java.lang.AssertionError: null
	at org.hibernate.collection.spi.PersistentSet.initializeEmptyCollection(PersistentSet.java:96)
	at org.hibernate.event.internal.DefaultInitializeCollectionEventListener.handlePotentiallyEmptyCollection(DefaultInitializeCollectionEventListener.java:87)
	at org.hibernate.event.internal.DefaultInitializeCollectionEventListener.onInitializeCollection(DefaultInitializeCollectionEventListener.java:68)
	at org.hibernate.event.service.internal.EventListenerGroupImpl.fireEventOnEachListener(EventListenerGroupImpl.java:127)
	at org.hibernate.internal.SessionImpl.initializeCollection(SessionImpl.java:1720)
	at org.hibernate.collection.spi.AbstractPersistentCollection.lambda$initialize$3(AbstractPersistentCollection.java:617)
	at org.hibernate.collection.spi.AbstractPersistentCollection.withTemporarySessionIfNeeded(AbstractPersistentCollection.java:266)
	at org.hibernate.collection.spi.AbstractPersistentCollection.initialize(AbstractPersistentCollection.java:615)
	at org.hibernate.collection.spi.AbstractPersistentCollection.read(AbstractPersistentCollection.java:138)
	at org.hibernate.collection.spi.PersistentSet.hashCode(PersistentSet.java:409)
	at com.track.task.model.Status.hashCode(Status.java:10)
	at java.base/jdk.internal.reflect.DirectMethodHandleAccessor.invoke(DirectMethodHandleAccessor.java:103)
	at java.base/java.lang.reflect.Method.invoke(Method.java:580)
	at org.hibernate.proxy.pojo.bytebuddy.ByteBuddyInterceptor.intercept(ByteBuddyInterceptor.java:55)
	at org.hibernate.proxy.ProxyConfiguration$InterceptorDispatcher.intercept(ProxyConfiguration.java:102)
	at com.track.task.model.Status$HibernateProxy$UOWL0FOr.hashCode(Unknown Source)
	at com.track.task.model.Task.hashCode(Task.java:12)
	at java.base/java.util.HashMap.hash(HashMap.java:338)
	at java.base/java.util.HashMap.put(HashMap.java:618)
	at java.base/java.util.HashSet.add(HashSet.java:229)
	at java.base/java.util.AbstractCollection.addAll(AbstractCollection.java:338)
	at org.hibernate.collection.spi.PersistentSet.injectLoadedState(PersistentSet.java:311)
	at org.hibernate.sql.results.internal.LoadingCollectionEntryImpl.finishLoading(LoadingCollectionEntryImpl.java:72)
	at org.hibernate.sql.results.jdbc.internal.JdbcValuesSourceProcessingStateStandardImpl.finishLoadingCollections(JdbcValuesSourceProcessingStateStandardImpl.java:178)
	at org.hibernate.sql.results.jdbc.internal.JdbcValuesSourceProcessingStateStandardImpl.finishUp(JdbcValuesSourceProcessingStateStandardImpl.java:149)
	at org.hibernate.sql.results.spi.ListResultsConsumer.consume(ListResultsConsumer.java:212)
	at org.hibernate.sql.results.spi.ListResultsConsumer.consume(ListResultsConsumer.java:33)
	at org.hibernate.sql.exec.internal.JdbcSelectExecutorStandardImpl.doExecuteQuery(JdbcSelectExecutorStandardImpl.java:211)
	at org.hibernate.sql.exec.internal.JdbcSelectExecutorStandardImpl.executeQuery(JdbcSelectExecutorStandardImpl.java:83)
	at org.hibernate.sql.exec.spi.JdbcSelectExecutor.list(JdbcSelectExecutor.java:76)
	at org.hibernate.sql.exec.spi.JdbcSelectExecutor.list(JdbcSelectExecutor.java:65)
	at org.hibernate.loader.ast.internal.CollectionLoaderSingleKey.load(CollectionLoaderSingleKey.java:120)
	at org.hibernate.persister.collection.AbstractCollectionPersister.initialize(AbstractCollectionPersister.java:703)
	at org.hibernate.event.internal.DefaultInitializeCollectionEventListener.onInitializeCollection(DefaultInitializeCollectionEventListener.java:67)
	at org.hibernate.event.service.internal.EventListenerGroupImpl.fireEventOnEachListener(EventListenerGroupImpl.java:127)
	at org.hibernate.internal.SessionImpl.initializeCollection(SessionImpl.java:1720)
	at org.hibernate.collection.spi.AbstractPersistentCollection.lambda$initialize$3(AbstractPersistentCollection.java:617)
	at org.hibernate.collection.spi.AbstractPersistentCollection.withTemporarySessionIfNeeded(AbstractPersistentCollection.java:266)
	at org.hibernate.collection.spi.AbstractPersistentCollection.initialize(AbstractPersistentCollection.java:615)
	at org.hibernate.collection.spi.AbstractPersistentCollection.read(AbstractPersistentCollection.java:138)
	at org.hibernate.collection.spi.PersistentSet.hashCode(PersistentSet.java:409)
	at com.track.task.model.Status.hashCode(Status.java:10)
	at java.base/jdk.internal.reflect.DirectMethodHandleAccessor.invoke(DirectMethodHandleAccessor.java:103)
	at java.base/java.lang.reflect.Method.invoke(Method.java:580)
	at org.hibernate.proxy.pojo.bytebuddy.ByteBuddyInterceptor.intercept(ByteBuddyInterceptor.java:55)
	at org.hibernate.proxy.ProxyConfiguration$InterceptorDispatcher.intercept(ProxyConfiguration.java:102)
	at com.track.task.model.Status$HibernateProxy$UOWL0FOr.hashCode(Unknown Source)
	at com.track.task.model.Task.hashCode(Task.java:12)
	at java.base/java.util.HashMap.hash(HashMap.java:338)
	at java.base/java.util.HashMap.put(HashMap.java:618)
	at java.base/java.util.HashSet.add(HashSet.java:229)
	at java.base/java.util.AbstractCollection.addAll(AbstractCollection.java:338)
	at org.hibernate.collection.spi.PersistentSet.injectLoadedState(PersistentSet.java:311)
	at org.hibernate.sql.results.internal.LoadingCollectionEntryImpl.finishLoading(LoadingCollectionEntryImpl.java:72)
	at org.hibernate.sql.results.jdbc.internal.JdbcValuesSourceProcessingStateStandardImpl.finishLoadingCollections(JdbcValuesSourceProcessingStateStandardImpl.java:178)
	at org.hibernate.sql.results.jdbc.internal.JdbcValuesSourceProcessingStateStandardImpl.finishUp(JdbcValuesSourceProcessingStateStandardImpl.java:149)
	at org.hibernate.sql.results.spi.ListResultsConsumer.consume(ListResultsConsumer.java:212)
	at org.hibernate.sql.results.spi.ListResultsConsumer.consume(ListResultsConsumer.java:33)
	at org.hibernate.sql.exec.internal.JdbcSelectExecutorStandardImpl.doExecuteQuery(JdbcSelectExecutorStandardImpl.java:211)
	at org.hibernate.sql.exec.internal.JdbcSelectExecutorStandardImpl.executeQuery(JdbcSelectExecutorStandardImpl.java:83)
	at org.hibernate.sql.exec.spi.JdbcSelectExecutor.list(JdbcSelectExecutor.java:76)
	at org.hibernate.sql.exec.spi.JdbcSelectExecutor.list(JdbcSelectExecutor.java:65)
	at org.hibernate.loader.ast.internal.CollectionLoaderSingleKey.load(CollectionLoaderSingleKey.java:120)
	at org.hibernate.persister.collection.AbstractCollectionPersister.initialize(AbstractCollectionPersister.java:703)
	at org.hibernate.event.internal.DefaultInitializeCollectionEventListener.onInitializeCollection(DefaultInitializeCollectionEventListener.java:67)
	at org.hibernate.event.service.internal.EventListenerGroupImpl.fireEventOnEachListener(EventListenerGroupImpl.java:127)
	at org.hibernate.internal.SessionImpl.initializeCollection(SessionImpl.java:1720)
	at org.hibernate.collection.spi.AbstractPersistentCollection.lambda$initialize$3(AbstractPersistentCollection.java:617)
	at org.hibernate.collection.spi.AbstractPersistentCollection.withTemporarySessionIfNeeded(AbstractPersistentCollection.java:266)
	at org.hibernate.collection.spi.AbstractPersistentCollection.initialize(AbstractPersistentCollection.java:615)
	at org.hibernate.collection.spi.AbstractPersistentCollection.read(AbstractPersistentCollection.java:138)
	at org.hibernate.collection.spi.PersistentSet.hashCode(PersistentSet.java:409)
	at com.track.task.model.User.hashCode(User.java:13)
	at java.base/java.util.HashMap.hash(HashMap.java:338)
	at java.base/java.util.HashMap.put(HashMap.java:618)
	at java.base/java.util.HashSet.add(HashSet.java:229)
	at java.base/java.util.AbstractCollection.addAll(AbstractCollection.java:338)
	at org.hibernate.collection.spi.PersistentSet.injectLoadedState(PersistentSet.java:311)
	at org.hibernate.sql.results.internal.LoadingCollectionEntryImpl.finishLoading(LoadingCollectionEntryImpl.java:72)
	at org.hibernate.sql.results.jdbc.internal.JdbcValuesSourceProcessingStateStandardImpl.finishLoadingCollections(JdbcValuesSourceProcessingStateStandardImpl.java:178)
	at org.hibernate.sql.results.jdbc.internal.JdbcValuesSourceProcessingStateStandardImpl.finishUp(JdbcValuesSourceProcessingStateStandardImpl.java:149)
	at org.hibernate.sql.results.spi.ListResultsConsumer.consume(ListResultsConsumer.java:212)
	at org.hibernate.sql.results.spi.ListResultsConsumer.consume(ListResultsConsumer.java:33)
	at org.hibernate.sql.exec.internal.JdbcSelectExecutorStandardImpl.doExecuteQuery(JdbcSelectExecutorStandardImpl.java:211)
	at org.hibernate.sql.exec.internal.JdbcSelectExecutorStandardImpl.executeQuery(JdbcSelectExecutorStandardImpl.java:83)
	at org.hibernate.sql.exec.spi.JdbcSelectExecutor.list(JdbcSelectExecutor.java:76)
	at org.hibernate.sql.exec.spi.JdbcSelectExecutor.list(JdbcSelectExecutor.java:65)
	at org.hibernate.loader.ast.internal.CollectionLoaderSingleKey.load(CollectionLoaderSingleKey.java:120)
	at org.hibernate.persister.collection.AbstractCollectionPersister.initialize(AbstractCollectionPersister.java:703)
	at org.hibernate.event.internal.DefaultInitializeCollectionEventListener.onInitializeCollection(DefaultInitializeCollectionEventListener.java:67)
	at org.hibernate.event.service.internal.EventListenerGroupImpl.fireEventOnEachListener(EventListenerGroupImpl.java:127)
	at org.hibernate.internal.SessionImpl.initializeCollection(SessionImpl.java:1720)
	at org.hibernate.collection.spi.AbstractPersistentCollection.lambda$initialize$3(AbstractPersistentCollection.java:617)
	at org.hibernate.collection.spi.AbstractPersistentCollection.withTemporarySessionIfNeeded(AbstractPersistentCollection.java:266)
	at org.hibernate.collection.spi.AbstractPersistentCollection.initialize(AbstractPersistentCollection.java:615)
	at org.hibernate.collection.spi.AbstractPersistentCollection.read(AbstractPersistentCollection.java:138)
	at org.hibernate.collection.spi.PersistentSet.hashCode(PersistentSet.java:409)
	at com.track.task.model.Role.hashCode(Role.java:9)
	at java.base/java.util.HashMap.hash(HashMap.java:338)
	at java.base/java.util.HashMap.put(HashMap.java:618)
	at java.base/java.util.HashSet.add(HashSet.java:229)
	at java.base/java.util.AbstractCollection.addAll(AbstractCollection.java:338)
	at org.hibernate.collection.spi.PersistentSet.injectLoadedState(PersistentSet.java:311)
	at org.hibernate.sql.results.internal.LoadingCollectionEntryImpl.finishLoading(LoadingCollectionEntryImpl.java:72)
	at org.hibernate.sql.results.jdbc.internal.JdbcValuesSourceProcessingStateStandardImpl.finishLoadingCollections(JdbcValuesSourceProcessingStateStandardImpl.java:178)
	at org.hibernate.sql.results.jdbc.internal.JdbcValuesSourceProcessingStateStandardImpl.finishUp(JdbcValuesSourceProcessingStateStandardImpl.java:149)
	at org.hibernate.sql.results.spi.ListResultsConsumer.consume(ListResultsConsumer.java:212)
	at org.hibernate.sql.results.spi.ListResultsConsumer.consume(ListResultsConsumer.java:33)
	at org.hibernate.sql.exec.internal.JdbcSelectExecutorStandardImpl.doExecuteQuery(JdbcSelectExecutorStandardImpl.java:211)
	at org.hibernate.sql.exec.internal.JdbcSelectExecutorStandardImpl.executeQuery(JdbcSelectExecutorStandardImpl.java:83)
	at org.hibernate.sql.exec.spi.JdbcSelectExecutor.list(JdbcSelectExecutor.java:76)
	at org.hibernate.sql.exec.spi.JdbcSelectExecutor.list(JdbcSelectExecutor.java:65)
	at org.hibernate.loader.ast.internal.CollectionLoaderSingleKey.load(CollectionLoaderSingleKey.java:120)
	at org.hibernate.persister.collection.AbstractCollectionPersister.initialize(AbstractCollectionPersister.java:703)
	at org.hibernate.event.internal.DefaultInitializeCollectionEventListener.onInitializeCollection(DefaultInitializeCollectionEventListener.java:67)
	at org.hibernate.event.service.internal.EventListenerGroupImpl.fireEventOnEachListener(EventListenerGroupImpl.java:127)
	at org.hibernate.internal.SessionImpl.initializeCollection(SessionImpl.java:1720)
	at org.hibernate.collection.spi.AbstractPersistentCollection.lambda$initialize$3(AbstractPersistentCollection.java:617)
	at org.hibernate.collection.spi.AbstractPersistentCollection.withTemporarySessionIfNeeded(AbstractPersistentCollection.java:266)
	at org.hibernate.collection.spi.AbstractPersistentCollection.initialize(AbstractPersistentCollection.java:615)
	at org.hibernate.collection.spi.AbstractPersistentCollection.forceInitialization(AbstractPersistentCollection.java:818)
	at org.hibernate.engine.internal.StatefulPersistenceContext.initializeNonLazyCollections(StatefulPersistenceContext.java:1146)
	at org.hibernate.engine.internal.StatefulPersistenceContext.initializeNonLazyCollections(StatefulPersistenceContext.java:1132)
	at org.hibernate.sql.results.spi.ListResultsConsumer.consume(ListResultsConsumer.java:231)
	at org.hibernate.sql.results.spi.ListResultsConsumer.consume(ListResultsConsumer.java:33)
	at org.hibernate.sql.exec.internal.JdbcSelectExecutorStandardImpl.doExecuteQuery(JdbcSelectExecutorStandardImpl.java:211)
	at org.hibernate.sql.exec.internal.JdbcSelectExecutorStandardImpl.executeQuery(JdbcSelectExecutorStandardImpl.java:83)
	at org.hibernate.sql.exec.spi.JdbcSelectExecutor.list(JdbcSelectExecutor.java:76)
	at org.hibernate.sql.exec.spi.JdbcSelectExecutor.list(JdbcSelectExecutor.java:65)
	at org.hibernate.query.sqm.internal.ConcreteSqmSelectQueryPlan.lambda$new$2(ConcreteSqmSelectQueryPlan.java:139)
	at org.hibernate.query.sqm.internal.ConcreteSqmSelectQueryPlan.withCacheableSqmInterpretation(ConcreteSqmSelectQueryPlan.java:382)
	at org.hibernate.query.sqm.internal.ConcreteSqmSelectQueryPlan.performList(ConcreteSqmSelectQueryPlan.java:302)
	at org.hibernate.query.sqm.internal.QuerySqmImpl.doList(QuerySqmImpl.java:526)
	at org.hibernate.query.spi.AbstractSelectionQuery.list(AbstractSelectionQuery.java:423)
	at org.hibernate.query.spi.AbstractSelectionQuery.getSingleResult(AbstractSelectionQuery.java:555)
	at java.base/jdk.internal.reflect.DirectMethodHandleAccessor.invoke(DirectMethodHandleAccessor.java:103)
	at java.base/java.lang.reflect.Method.invoke(Method.java:580)
	at org.springframework.orm.jpa.SharedEntityManagerCreator$DeferredQueryInvocationHandler.invoke(SharedEntityManagerCreator.java:418)
	at jdk.proxy2/jdk.proxy2.$Proxy224.getSingleResult(Unknown Source)
	at org.springframework.data.jpa.repository.query.JpaQueryExecution$SingleEntityExecution.doExecute(JpaQueryExecution.java:223)
	at org.springframework.data.jpa.repository.query.JpaQueryExecution.execute(JpaQueryExecution.java:92)
	at org.springframework.data.jpa.repository.query.AbstractJpaQuery.doExecute(AbstractJpaQuery.java:152)
	at org.springframework.data.jpa.repository.query.AbstractJpaQuery.execute(AbstractJpaQuery.java:140)
	at org.springframework.data.repository.core.support.RepositoryMethodInvoker.doInvoke(RepositoryMethodInvoker.java:170)
	at org.springframework.data.repository.core.support.RepositoryMethodInvoker.invoke(RepositoryMethodInvoker.java:158)
	at org.springframework.data.repository.core.support.QueryExecutorMethodInterceptor.doInvoke(QueryExecutorMethodInterceptor.java:169)
	at org.springframework.data.repository.core.support.QueryExecutorMethodInterceptor.invoke(QueryExecutorMethodInterceptor.java:148)
	at org.springframework.aop.framework.ReflectiveMethodInvocation.proceed(ReflectiveMethodInvocation.java:184)
	at org.springframework.data.projection.DefaultMethodInvokingMethodInterceptor.invoke(DefaultMethodInvokingMethodInterceptor.java:70)
	at org.springframework.aop.framework.ReflectiveMethodInvocation.proceed(ReflectiveMethodInvocation.java:184)
	at org.springframework.transaction.interceptor.TransactionAspectSupport.invokeWithinTransaction(TransactionAspectSupport.java:379)
	at org.springframework.transaction.interceptor.TransactionInterceptor.invoke(TransactionInterceptor.java:119)
	at org.springframework.aop.framework.ReflectiveMethodInvocation.proceed(ReflectiveMethodInvocation.java:184)
	at org.springframework.dao.support.PersistenceExceptionTranslationInterceptor.invoke(PersistenceExceptionTranslationInterceptor.java:138)
	at org.springframework.aop.framework.ReflectiveMethodInvocation.proceed(ReflectiveMethodInvocation.java:184)
	at org.springframework.data.jpa.repository.support.CrudMethodMetadataPostProcessor$CrudMethodMetadataPopulatingMethodInterceptor.invoke(CrudMethodMetadataPostProcessor.java:136)
	at org.springframework.aop.framework.ReflectiveMethodInvocation.proceed(ReflectiveMethodInvocation.java:184)
	at org.springframework.aop.interceptor.ExposeInvocationInterceptor.invoke(ExposeInvocationInterceptor.java:97)
	at org.springframework.aop.framework.ReflectiveMethodInvocation.proceed(ReflectiveMethodInvocation.java:184)
	at org.springframework.aop.framework.JdkDynamicAopProxy.invoke(JdkDynamicAopProxy.java:223)
	at jdk.proxy2/jdk.proxy2.$Proxy173.findByEmail(Unknown Source)
	at com.track.task.service.user.impl.UserServiceImpl.getUserByEmail(UserServiceImpl.java:34)
	at java.base/jdk.internal.reflect.DirectMethodHandleAccessor.invoke(DirectMethodHandleAccessor.java:103)
	at java.base/java.lang.reflect.Method.invoke(Method.java:580)
	at org.springframework.aop.support.AopUtils.invokeJoinpointUsingReflection(AopUtils.java:355)
	at org.springframework.aop.framework.ReflectiveMethodInvocation.invokeJoinpoint(ReflectiveMethodInvocation.java:196)
	at org.springframework.aop.framework.ReflectiveMethodInvocation.proceed(ReflectiveMethodInvocation.java:163)
	at org.springframework.aop.framework.CglibAopProxy$CglibMethodInvocation.proceed(CglibAopProxy.java:768)
	at org.springframework.aop.aspectj.MethodInvocationProceedingJoinPoint.proceed(MethodInvocationProceedingJoinPoint.java:89)
	at com.track.task.aspect.LoggingAspect.logMethodExecution(LoggingAspect.java:19)
	at java.base/jdk.internal.reflect.DirectMethodHandleAccessor.invoke(DirectMethodHandleAccessor.java:103)
	at java.base/java.lang.reflect.Method.invoke(Method.java:580)
	at org.springframework.aop.aspectj.AbstractAspectJAdvice.invokeAdviceMethodWithGivenArgs(AbstractAspectJAdvice.java:637)
	at org.springframework.aop.aspectj.AbstractAspectJAdvice.invokeAdviceMethod(AbstractAspectJAdvice.java:627)
	at org.springframework.aop.aspectj.AspectJAroundAdvice.invoke(AspectJAroundAdvice.java:71)
	at org.springframework.aop.framework.ReflectiveMethodInvocation.proceed(ReflectiveMethodInvocation.java:184)
	at org.springframework.aop.framework.CglibAopProxy$CglibMethodInvocation.proceed(CglibAopProxy.java:768)
	at org.springframework.aop.interceptor.ExposeInvocationInterceptor.invoke(ExposeInvocationInterceptor.java:97)
	at org.springframework.aop.framework.ReflectiveMethodInvocation.proceed(ReflectiveMethodInvocation.java:184)
	at org.springframework.aop.framework.CglibAopProxy$CglibMethodInvocation.proceed(CglibAopProxy.java:768)
	at org.springframework.aop.framework.CglibAopProxy$DynamicAdvisedInterceptor.intercept(CglibAopProxy.java:720)
	at com.track.task.service.user.impl.UserServiceImpl$$SpringCGLIB$$0.getUserByEmail(<generated>)
	at com.track.task.service.comment.impl.CommentServiceImpl.addComment(CommentServiceImpl.java:112)
	at java.base/jdk.internal.reflect.DirectMethodHandleAccessor.invoke(DirectMethodHandleAccessor.java:103)
	at java.base/java.lang.reflect.Method.invoke(Method.java:580)
	at org.springframework.aop.support.AopUtils.invokeJoinpointUsingReflection(AopUtils.java:355)
	at org.springframework.aop.framework.ReflectiveMethodInvocation.invokeJoinpoint(ReflectiveMethodInvocation.java:196)
	at org.springframework.aop.framework.ReflectiveMethodInvocation.proceed(ReflectiveMethodInvocation.java:163)
	at org.springframework.aop.framework.CglibAopProxy$CglibMethodInvocation.proceed(CglibAopProxy.java:768)
	at org.springframework.aop.aspectj.MethodInvocationProceedingJoinPoint.proceed(MethodInvocationProceedingJoinPoint.java:89)
	at com.track.task.aspect.LoggingAspect.logMethodExecution(LoggingAspect.java:19)
	at java.base/jdk.internal.reflect.DirectMethodHandleAccessor.invoke(DirectMethodHandleAccessor.java:103)
	at java.base/java.lang.reflect.Method.invoke(Method.java:580)
	at org.springframework.aop.aspectj.AbstractAspectJAdvice.invokeAdviceMethodWithGivenArgs(AbstractAspectJAdvice.java:637)
	at org.springframework.aop.aspectj.AbstractAspectJAdvice.invokeAdviceMethod(AbstractAspectJAdvice.java:627)
	at org.springframework.aop.aspectj.AspectJAroundAdvice.invoke(AspectJAroundAdvice.java:71)
	at org.springframework.aop.framework.ReflectiveMethodInvocation.proceed(ReflectiveMethodInvocation.java:184)
	at org.springframework.aop.framework.CglibAopProxy$CglibMethodInvocation.proceed(CglibAopProxy.java:768)
	at org.springframework.aop.interceptor.ExposeInvocationInterceptor.invoke(ExposeInvocationInterceptor.java:97)
	at org.springframework.aop.framework.ReflectiveMethodInvocation.proceed(ReflectiveMethodInvocation.java:184)
	at org.springframework.aop.framework.CglibAopProxy$CglibMethodInvocation.proceed(CglibAopProxy.java:768)
	at org.springframework.aop.framework.CglibAopProxy$DynamicAdvisedInterceptor.intercept(CglibAopProxy.java:720)
	at com.track.task.service.comment.impl.CommentServiceImpl$$SpringCGLIB$$0.addComment(<generated>)
	at com.track.task.comment.CommentServiceIntegrationTest.testGetCommentsForAdmin(CommentServiceIntegrationTest.java:205)
	at java.base/jdk.internal.reflect.DirectMethodHandleAccessor.invoke(DirectMethodHandleAccessor.java:103)
	at java.base/java.lang.reflect.Method.invoke(Method.java:580)
	at org.junit.platform.commons.util.ReflectionUtils.invokeMethod(ReflectionUtils.java:728)
	at org.junit.jupiter.engine.execution.MethodInvocation.proceed(MethodInvocation.java:60)
	at org.junit.jupiter.engine.execution.InvocationInterceptorChain$ValidatingInvocation.proceed(InvocationInterceptorChain.java:131)
	at org.junit.jupiter.engine.extension.TimeoutExtension.intercept(TimeoutExtension.java:156)
	at org.junit.jupiter.engine.extension.TimeoutExtension.interceptTestableMethod(TimeoutExtension.java:147)
	at org.junit.jupiter.engine.extension.TimeoutExtension.interceptTestMethod(TimeoutExtension.java:86)
	at org.junit.jupiter.engine.execution.InterceptingExecutableInvoker$ReflectiveInterceptorCall.lambda$ofVoidMethod$0(InterceptingExecutableInvoker.java:103)
	at org.junit.jupiter.engine.execution.InterceptingExecutableInvoker.lambda$invoke$0(InterceptingExecutableInvoker.java:93)
	at org.junit.jupiter.engine.execution.InvocationInterceptorChain$InterceptedInvocation.proceed(InvocationInterceptorChain.java:106)
	at org.junit.jupiter.engine.execution.InvocationInterceptorChain.proceed(InvocationInterceptorChain.java:64)
	at org.junit.jupiter.engine.execution.InvocationInterceptorChain.chainAndInvoke(InvocationInterceptorChain.java:45)
	at org.junit.jupiter.engine.execution.InvocationInterceptorChain.invoke(InvocationInterceptorChain.java:37)
	at org.junit.jupiter.engine.execution.InterceptingExecutableInvoker.invoke(InterceptingExecutableInvoker.java:92)
	at org.junit.jupiter.engine.execution.InterceptingExecutableInvoker.invoke(InterceptingExecutableInvoker.java:86)
	at org.junit.jupiter.engine.descriptor.TestMethodTestDescriptor.lambda$invokeTestMethod$7(TestMethodTestDescriptor.java:218)
	at org.junit.platform.engine.support.hierarchical.ThrowableCollector.execute(ThrowableCollector.java:73)
	at org.junit.jupiter.engine.descriptor.TestMethodTestDescriptor.invokeTestMethod(TestMethodTestDescriptor.java:214)
	at org.junit.jupiter.engine.descriptor.TestMethodTestDescriptor.execute(TestMethodTestDescriptor.java:139)
	at org.junit.jupiter.engine.descriptor.TestMethodTestDescriptor.execute(TestMethodTestDescriptor.java:69)
	at org.junit.platform.engine.support.hierarchical.NodeTestTask.lambda$executeRecursively$6(NodeTestTask.java:156)
	at org.junit.platform.engine.support.hierarchical.ThrowableCollector.execute(ThrowableCollector.java:73)
	at org.junit.platform.engine.support.hierarchical.NodeTestTask.lambda$executeRecursively$8(NodeTestTask.java:146)
	at org.junit.platform.engine.support.hierarchical.Node.around(Node.java:137)
	at org.junit.platform.engine.support.hierarchical.NodeTestTask.lambda$executeRecursively$9(NodeTestTask.java:144)
	at org.junit.platform.engine.support.hierarchical.ThrowableCollector.execute(ThrowableCollector.java:73)
	at org.junit.platform.engine.support.hierarchical.NodeTestTask.executeRecursively(NodeTestTask.java:143)
	at org.junit.platform.engine.support.hierarchical.NodeTestTask.execute(NodeTestTask.java:100)
	at java.base/java.util.ArrayList.forEach(ArrayList.java:1597)
	at org.junit.platform.engine.support.hierarchical.SameThreadHierarchicalTestExecutorService.invokeAll(SameThreadHierarchicalTestExecutorService.java:41)
	at org.junit.platform.engine.support.hierarchical.NodeTestTask.lambda$executeRecursively$6(NodeTestTask.java:160)
	at org.junit.platform.engine.support.hierarchical.ThrowableCollector.execute(ThrowableCollector.java:73)
	at org.junit.platform.engine.support.hierarchical.NodeTestTask.lambda$executeRecursively$8(NodeTestTask.java:146)
	at org.junit.platform.engine.support.hierarchical.Node.around(Node.java:137)
	at org.junit.platform.engine.support.hierarchical.NodeTestTask.lambda$executeRecursively$9(NodeTestTask.java:144)
	at org.junit.platform.engine.support.hierarchical.ThrowableCollector.execute(ThrowableCollector.java:73)
	at org.junit.platform.engine.support.hierarchical.NodeTestTask.executeRecursively(NodeTestTask.java:143)
	at org.junit.platform.engine.support.hierarchical.NodeTestTask.execute(NodeTestTask.java:100)
	at java.base/java.util.ArrayList.forEach(ArrayList.java:1597)
	at org.junit.platform.engine.support.hierarchical.SameThreadHierarchicalTestExecutorService.invokeAll(SameThreadHierarchicalTestExecutorService.java:41)
	at org.junit.platform.engine.support.hierarchical.NodeTestTask.lambda$executeRecursively$6(NodeTestTask.java:160)
	at org.junit.platform.engine.support.hierarchical.ThrowableCollector.execute(ThrowableCollector.java:73)
	at org.junit.platform.engine.support.hierarchical.NodeTestTask.lambda$executeRecursively$8(NodeTestTask.java:146)
	at org.junit.platform.engine.support.hierarchical.Node.around(Node.java:137)
	at org.junit.platform.engine.support.hierarchical.NodeTestTask.lambda$executeRecursively$9(NodeTestTask.java:144)
	at org.junit.platform.engine.support.hierarchical.ThrowableCollector.execute(ThrowableCollector.java:73)
	at org.junit.platform.engine.support.hierarchical.NodeTestTask.executeRecursively(NodeTestTask.java:143)
	at org.junit.platform.engine.support.hierarchical.NodeTestTask.execute(NodeTestTask.java:100)
	at org.junit.platform.engine.support.hierarchical.SameThreadHierarchicalTestExecutorService.submit(SameThreadHierarchicalTestExecutorService.java:35)
	at org.junit.platform.engine.support.hierarchical.HierarchicalTestExecutor.execute(HierarchicalTestExecutor.java:57)
	at org.junit.platform.engine.support.hierarchical.HierarchicalTestEngine.execute(HierarchicalTestEngine.java:54)
	at org.junit.platform.launcher.core.EngineExecutionOrchestrator.execute(EngineExecutionOrchestrator.java:198)
	at org.junit.platform.launcher.core.EngineExecutionOrchestrator.execute(EngineExecutionOrchestrator.java:169)
	at org.junit.platform.launcher.core.EngineExecutionOrchestrator.execute(EngineExecutionOrchestrator.java:93)
	at org.junit.platform.launcher.core.EngineExecutionOrchestrator.lambda$execute$0(EngineExecutionOrchestrator.java:58)
	at org.junit.platform.launcher.core.EngineExecutionOrchestrator.withInterceptedStreams(EngineExecutionOrchestrator.java:141)
	at org.junit.platform.launcher.core.EngineExecutionOrchestrator.execute(EngineExecutionOrchestrator.java:57)
	at org.junit.platform.launcher.core.DefaultLauncher.execute(DefaultLauncher.java:103)
	at org.junit.platform.launcher.core.DefaultLauncher.execute(DefaultLauncher.java:85)
	at org.junit.platform.launcher.core.DelegatingLauncher.execute(DelegatingLauncher.java:47)
	at org.junit.platform.launcher.core.SessionPerRequestLauncher.execute(SessionPerRequestLauncher.java:63)
	at com.intellij.junit5.JUnit5IdeaTestRunner.startRunnerWithArgs(JUnit5IdeaTestRunner.java:57)
	at com.intellij.rt.junit.IdeaTestRunner$Repeater$1.execute(IdeaTestRunner.java:38)
	at com.intellij.rt.execution.junit.TestsRepeater.repeat(TestsRepeater.java:11)
	at com.intellij.rt.junit.IdeaTestRunner$Repeater.startRunnerWithArgs(IdeaTestRunner.java:35)
	at com.intellij.rt.junit.JUnitStarter.prepareStreamsAndStart(JUnitStarter.java:232)
	at com.intellij.rt.junit.JUnitStarter.main(JUnitStarter.java:55)
2025-03-04 00:34:20 [main] ERROR com.track.task.aspect.LoggingAspect - Exception in method: CommentServiceImpl.addComment(..): null
java.lang.AssertionError: null
	at org.hibernate.collection.spi.PersistentSet.initializeEmptyCollection(PersistentSet.java:96)
	at org.hibernate.event.internal.DefaultInitializeCollectionEventListener.handlePotentiallyEmptyCollection(DefaultInitializeCollectionEventListener.java:87)
	at org.hibernate.event.internal.DefaultInitializeCollectionEventListener.onInitializeCollection(DefaultInitializeCollectionEventListener.java:68)
	at org.hibernate.event.service.internal.EventListenerGroupImpl.fireEventOnEachListener(EventListenerGroupImpl.java:127)
	at org.hibernate.internal.SessionImpl.initializeCollection(SessionImpl.java:1720)
	at org.hibernate.collection.spi.AbstractPersistentCollection.lambda$initialize$3(AbstractPersistentCollection.java:617)
	at org.hibernate.collection.spi.AbstractPersistentCollection.withTemporarySessionIfNeeded(AbstractPersistentCollection.java:266)
	at org.hibernate.collection.spi.AbstractPersistentCollection.initialize(AbstractPersistentCollection.java:615)
	at org.hibernate.collection.spi.AbstractPersistentCollection.read(AbstractPersistentCollection.java:138)
	at org.hibernate.collection.spi.PersistentSet.hashCode(PersistentSet.java:409)
	at com.track.task.model.Status.hashCode(Status.java:10)
	at java.base/jdk.internal.reflect.DirectMethodHandleAccessor.invoke(DirectMethodHandleAccessor.java:103)
	at java.base/java.lang.reflect.Method.invoke(Method.java:580)
	at org.hibernate.proxy.pojo.bytebuddy.ByteBuddyInterceptor.intercept(ByteBuddyInterceptor.java:55)
	at org.hibernate.proxy.ProxyConfiguration$InterceptorDispatcher.intercept(ProxyConfiguration.java:102)
	at com.track.task.model.Status$HibernateProxy$UOWL0FOr.hashCode(Unknown Source)
	at com.track.task.model.Task.hashCode(Task.java:12)
	at java.base/java.util.HashMap.hash(HashMap.java:338)
	at java.base/java.util.HashMap.put(HashMap.java:618)
	at java.base/java.util.HashSet.add(HashSet.java:229)
	at java.base/java.util.AbstractCollection.addAll(AbstractCollection.java:338)
	at org.hibernate.collection.spi.PersistentSet.injectLoadedState(PersistentSet.java:311)
	at org.hibernate.sql.results.internal.LoadingCollectionEntryImpl.finishLoading(LoadingCollectionEntryImpl.java:72)
	at org.hibernate.sql.results.jdbc.internal.JdbcValuesSourceProcessingStateStandardImpl.finishLoadingCollections(JdbcValuesSourceProcessingStateStandardImpl.java:178)
	at org.hibernate.sql.results.jdbc.internal.JdbcValuesSourceProcessingStateStandardImpl.finishUp(JdbcValuesSourceProcessingStateStandardImpl.java:149)
	at org.hibernate.sql.results.spi.ListResultsConsumer.consume(ListResultsConsumer.java:212)
	at org.hibernate.sql.results.spi.ListResultsConsumer.consume(ListResultsConsumer.java:33)
	at org.hibernate.sql.exec.internal.JdbcSelectExecutorStandardImpl.doExecuteQuery(JdbcSelectExecutorStandardImpl.java:211)
	at org.hibernate.sql.exec.internal.JdbcSelectExecutorStandardImpl.executeQuery(JdbcSelectExecutorStandardImpl.java:83)
	at org.hibernate.sql.exec.spi.JdbcSelectExecutor.list(JdbcSelectExecutor.java:76)
	at org.hibernate.sql.exec.spi.JdbcSelectExecutor.list(JdbcSelectExecutor.java:65)
	at org.hibernate.loader.ast.internal.CollectionLoaderSingleKey.load(CollectionLoaderSingleKey.java:120)
	at org.hibernate.persister.collection.AbstractCollectionPersister.initialize(AbstractCollectionPersister.java:703)
	at org.hibernate.event.internal.DefaultInitializeCollectionEventListener.onInitializeCollection(DefaultInitializeCollectionEventListener.java:67)
	at org.hibernate.event.service.internal.EventListenerGroupImpl.fireEventOnEachListener(EventListenerGroupImpl.java:127)
	at org.hibernate.internal.SessionImpl.initializeCollection(SessionImpl.java:1720)
	at org.hibernate.collection.spi.AbstractPersistentCollection.lambda$initialize$3(AbstractPersistentCollection.java:617)
	at org.hibernate.collection.spi.AbstractPersistentCollection.withTemporarySessionIfNeeded(AbstractPersistentCollection.java:266)
	at org.hibernate.collection.spi.AbstractPersistentCollection.initialize(AbstractPersistentCollection.java:615)
	at org.hibernate.collection.spi.AbstractPersistentCollection.read(AbstractPersistentCollection.java:138)
	at org.hibernate.collection.spi.PersistentSet.hashCode(PersistentSet.java:409)
	at com.track.task.model.Status.hashCode(Status.java:10)
	at java.base/jdk.internal.reflect.DirectMethodHandleAccessor.invoke(DirectMethodHandleAccessor.java:103)
	at java.base/java.lang.reflect.Method.invoke(Method.java:580)
	at org.hibernate.proxy.pojo.bytebuddy.ByteBuddyInterceptor.intercept(ByteBuddyInterceptor.java:55)
	at org.hibernate.proxy.ProxyConfiguration$InterceptorDispatcher.intercept(ProxyConfiguration.java:102)
	at com.track.task.model.Status$HibernateProxy$UOWL0FOr.hashCode(Unknown Source)
	at com.track.task.model.Task.hashCode(Task.java:12)
	at java.base/java.util.HashMap.hash(HashMap.java:338)
	at java.base/java.util.HashMap.put(HashMap.java:618)
	at java.base/java.util.HashSet.add(HashSet.java:229)
	at java.base/java.util.AbstractCollection.addAll(AbstractCollection.java:338)
	at org.hibernate.collection.spi.PersistentSet.injectLoadedState(PersistentSet.java:311)
	at org.hibernate.sql.results.internal.LoadingCollectionEntryImpl.finishLoading(LoadingCollectionEntryImpl.java:72)
	at org.hibernate.sql.results.jdbc.internal.JdbcValuesSourceProcessingStateStandardImpl.finishLoadingCollections(JdbcValuesSourceProcessingStateStandardImpl.java:178)
	at org.hibernate.sql.results.jdbc.internal.JdbcValuesSourceProcessingStateStandardImpl.finishUp(JdbcValuesSourceProcessingStateStandardImpl.java:149)
	at org.hibernate.sql.results.spi.ListResultsConsumer.consume(ListResultsConsumer.java:212)
	at org.hibernate.sql.results.spi.ListResultsConsumer.consume(ListResultsConsumer.java:33)
	at org.hibernate.sql.exec.internal.JdbcSelectExecutorStandardImpl.doExecuteQuery(JdbcSelectExecutorStandardImpl.java:211)
	at org.hibernate.sql.exec.internal.JdbcSelectExecutorStandardImpl.executeQuery(JdbcSelectExecutorStandardImpl.java:83)
	at org.hibernate.sql.exec.spi.JdbcSelectExecutor.list(JdbcSelectExecutor.java:76)
	at org.hibernate.sql.exec.spi.JdbcSelectExecutor.list(JdbcSelectExecutor.java:65)
	at org.hibernate.loader.ast.internal.CollectionLoaderSingleKey.load(CollectionLoaderSingleKey.java:120)
	at org.hibernate.persister.collection.AbstractCollectionPersister.initialize(AbstractCollectionPersister.java:703)
	at org.hibernate.event.internal.DefaultInitializeCollectionEventListener.onInitializeCollection(DefaultInitializeCollectionEventListener.java:67)
	at org.hibernate.event.service.internal.EventListenerGroupImpl.fireEventOnEachListener(EventListenerGroupImpl.java:127)
	at org.hibernate.internal.SessionImpl.initializeCollection(SessionImpl.java:1720)
	at org.hibernate.collection.spi.AbstractPersistentCollection.lambda$initialize$3(AbstractPersistentCollection.java:617)
	at org.hibernate.collection.spi.AbstractPersistentCollection.withTemporarySessionIfNeeded(AbstractPersistentCollection.java:266)
	at org.hibernate.collection.spi.AbstractPersistentCollection.initialize(AbstractPersistentCollection.java:615)
	at org.hibernate.collection.spi.AbstractPersistentCollection.read(AbstractPersistentCollection.java:138)
	at org.hibernate.collection.spi.PersistentSet.hashCode(PersistentSet.java:409)
	at com.track.task.model.User.hashCode(User.java:13)
	at java.base/java.util.HashMap.hash(HashMap.java:338)
	at java.base/java.util.HashMap.put(HashMap.java:618)
	at java.base/java.util.HashSet.add(HashSet.java:229)
	at java.base/java.util.AbstractCollection.addAll(AbstractCollection.java:338)
	at org.hibernate.collection.spi.PersistentSet.injectLoadedState(PersistentSet.java:311)
	at org.hibernate.sql.results.internal.LoadingCollectionEntryImpl.finishLoading(LoadingCollectionEntryImpl.java:72)
	at org.hibernate.sql.results.jdbc.internal.JdbcValuesSourceProcessingStateStandardImpl.finishLoadingCollections(JdbcValuesSourceProcessingStateStandardImpl.java:178)
	at org.hibernate.sql.results.jdbc.internal.JdbcValuesSourceProcessingStateStandardImpl.finishUp(JdbcValuesSourceProcessingStateStandardImpl.java:149)
	at org.hibernate.sql.results.spi.ListResultsConsumer.consume(ListResultsConsumer.java:212)
	at org.hibernate.sql.results.spi.ListResultsConsumer.consume(ListResultsConsumer.java:33)
	at org.hibernate.sql.exec.internal.JdbcSelectExecutorStandardImpl.doExecuteQuery(JdbcSelectExecutorStandardImpl.java:211)
	at org.hibernate.sql.exec.internal.JdbcSelectExecutorStandardImpl.executeQuery(JdbcSelectExecutorStandardImpl.java:83)
	at org.hibernate.sql.exec.spi.JdbcSelectExecutor.list(JdbcSelectExecutor.java:76)
	at org.hibernate.sql.exec.spi.JdbcSelectExecutor.list(JdbcSelectExecutor.java:65)
	at org.hibernate.loader.ast.internal.CollectionLoaderSingleKey.load(CollectionLoaderSingleKey.java:120)
	at org.hibernate.persister.collection.AbstractCollectionPersister.initialize(AbstractCollectionPersister.java:703)
	at org.hibernate.event.internal.DefaultInitializeCollectionEventListener.onInitializeCollection(DefaultInitializeCollectionEventListener.java:67)
	at org.hibernate.event.service.internal.EventListenerGroupImpl.fireEventOnEachListener(EventListenerGroupImpl.java:127)
	at org.hibernate.internal.SessionImpl.initializeCollection(SessionImpl.java:1720)
	at org.hibernate.collection.spi.AbstractPersistentCollection.lambda$initialize$3(AbstractPersistentCollection.java:617)
	at org.hibernate.collection.spi.AbstractPersistentCollection.withTemporarySessionIfNeeded(AbstractPersistentCollection.java:266)
	at org.hibernate.collection.spi.AbstractPersistentCollection.initialize(AbstractPersistentCollection.java:615)
	at org.hibernate.collection.spi.AbstractPersistentCollection.read(AbstractPersistentCollection.java:138)
	at org.hibernate.collection.spi.PersistentSet.hashCode(PersistentSet.java:409)
	at com.track.task.model.Role.hashCode(Role.java:9)
	at java.base/java.util.HashMap.hash(HashMap.java:338)
	at java.base/java.util.HashMap.put(HashMap.java:618)
	at java.base/java.util.HashSet.add(HashSet.java:229)
	at java.base/java.util.AbstractCollection.addAll(AbstractCollection.java:338)
	at org.hibernate.collection.spi.PersistentSet.injectLoadedState(PersistentSet.java:311)
	at org.hibernate.sql.results.internal.LoadingCollectionEntryImpl.finishLoading(LoadingCollectionEntryImpl.java:72)
	at org.hibernate.sql.results.jdbc.internal.JdbcValuesSourceProcessingStateStandardImpl.finishLoadingCollections(JdbcValuesSourceProcessingStateStandardImpl.java:178)
	at org.hibernate.sql.results.jdbc.internal.JdbcValuesSourceProcessingStateStandardImpl.finishUp(JdbcValuesSourceProcessingStateStandardImpl.java:149)
	at org.hibernate.sql.results.spi.ListResultsConsumer.consume(ListResultsConsumer.java:212)
	at org.hibernate.sql.results.spi.ListResultsConsumer.consume(ListResultsConsumer.java:33)
	at org.hibernate.sql.exec.internal.JdbcSelectExecutorStandardImpl.doExecuteQuery(JdbcSelectExecutorStandardImpl.java:211)
	at org.hibernate.sql.exec.internal.JdbcSelectExecutorStandardImpl.executeQuery(JdbcSelectExecutorStandardImpl.java:83)
	at org.hibernate.sql.exec.spi.JdbcSelectExecutor.list(JdbcSelectExecutor.java:76)
	at org.hibernate.sql.exec.spi.JdbcSelectExecutor.list(JdbcSelectExecutor.java:65)
	at org.hibernate.loader.ast.internal.CollectionLoaderSingleKey.load(CollectionLoaderSingleKey.java:120)
	at org.hibernate.persister.collection.AbstractCollectionPersister.initialize(AbstractCollectionPersister.java:703)
	at org.hibernate.event.internal.DefaultInitializeCollectionEventListener.onInitializeCollection(DefaultInitializeCollectionEventListener.java:67)
	at org.hibernate.event.service.internal.EventListenerGroupImpl.fireEventOnEachListener(EventListenerGroupImpl.java:127)
	at org.hibernate.internal.SessionImpl.initializeCollection(SessionImpl.java:1720)
	at org.hibernate.collection.spi.AbstractPersistentCollection.lambda$initialize$3(AbstractPersistentCollection.java:617)
	at org.hibernate.collection.spi.AbstractPersistentCollection.withTemporarySessionIfNeeded(AbstractPersistentCollection.java:266)
	at org.hibernate.collection.spi.AbstractPersistentCollection.initialize(AbstractPersistentCollection.java:615)
	at org.hibernate.collection.spi.AbstractPersistentCollection.forceInitialization(AbstractPersistentCollection.java:818)
	at org.hibernate.engine.internal.StatefulPersistenceContext.initializeNonLazyCollections(StatefulPersistenceContext.java:1146)
	at org.hibernate.engine.internal.StatefulPersistenceContext.initializeNonLazyCollections(StatefulPersistenceContext.java:1132)
	at org.hibernate.sql.results.spi.ListResultsConsumer.consume(ListResultsConsumer.java:231)
	at org.hibernate.sql.results.spi.ListResultsConsumer.consume(ListResultsConsumer.java:33)
	at org.hibernate.sql.exec.internal.JdbcSelectExecutorStandardImpl.doExecuteQuery(JdbcSelectExecutorStandardImpl.java:211)
	at org.hibernate.sql.exec.internal.JdbcSelectExecutorStandardImpl.executeQuery(JdbcSelectExecutorStandardImpl.java:83)
	at org.hibernate.sql.exec.spi.JdbcSelectExecutor.list(JdbcSelectExecutor.java:76)
	at org.hibernate.sql.exec.spi.JdbcSelectExecutor.list(JdbcSelectExecutor.java:65)
	at org.hibernate.query.sqm.internal.ConcreteSqmSelectQueryPlan.lambda$new$2(ConcreteSqmSelectQueryPlan.java:139)
	at org.hibernate.query.sqm.internal.ConcreteSqmSelectQueryPlan.withCacheableSqmInterpretation(ConcreteSqmSelectQueryPlan.java:382)
	at org.hibernate.query.sqm.internal.ConcreteSqmSelectQueryPlan.performList(ConcreteSqmSelectQueryPlan.java:302)
	at org.hibernate.query.sqm.internal.QuerySqmImpl.doList(QuerySqmImpl.java:526)
	at org.hibernate.query.spi.AbstractSelectionQuery.list(AbstractSelectionQuery.java:423)
	at org.hibernate.query.spi.AbstractSelectionQuery.getSingleResult(AbstractSelectionQuery.java:555)
	at java.base/jdk.internal.reflect.DirectMethodHandleAccessor.invoke(DirectMethodHandleAccessor.java:103)
	at java.base/java.lang.reflect.Method.invoke(Method.java:580)
	at org.springframework.orm.jpa.SharedEntityManagerCreator$DeferredQueryInvocationHandler.invoke(SharedEntityManagerCreator.java:418)
	at jdk.proxy2/jdk.proxy2.$Proxy224.getSingleResult(Unknown Source)
	at org.springframework.data.jpa.repository.query.JpaQueryExecution$SingleEntityExecution.doExecute(JpaQueryExecution.java:223)
	at org.springframework.data.jpa.repository.query.JpaQueryExecution.execute(JpaQueryExecution.java:92)
	at org.springframework.data.jpa.repository.query.AbstractJpaQuery.doExecute(AbstractJpaQuery.java:152)
	at org.springframework.data.jpa.repository.query.AbstractJpaQuery.execute(AbstractJpaQuery.java:140)
	at org.springframework.data.repository.core.support.RepositoryMethodInvoker.doInvoke(RepositoryMethodInvoker.java:170)
	at org.springframework.data.repository.core.support.RepositoryMethodInvoker.invoke(RepositoryMethodInvoker.java:158)
	at org.springframework.data.repository.core.support.QueryExecutorMethodInterceptor.doInvoke(QueryExecutorMethodInterceptor.java:169)
	at org.springframework.data.repository.core.support.QueryExecutorMethodInterceptor.invoke(QueryExecutorMethodInterceptor.java:148)
	at org.springframework.aop.framework.ReflectiveMethodInvocation.proceed(ReflectiveMethodInvocation.java:184)
	at org.springframework.data.projection.DefaultMethodInvokingMethodInterceptor.invoke(DefaultMethodInvokingMethodInterceptor.java:70)
	at org.springframework.aop.framework.ReflectiveMethodInvocation.proceed(ReflectiveMethodInvocation.java:184)
	at org.springframework.transaction.interceptor.TransactionAspectSupport.invokeWithinTransaction(TransactionAspectSupport.java:379)
	at org.springframework.transaction.interceptor.TransactionInterceptor.invoke(TransactionInterceptor.java:119)
	at org.springframework.aop.framework.ReflectiveMethodInvocation.proceed(ReflectiveMethodInvocation.java:184)
	at org.springframework.dao.support.PersistenceExceptionTranslationInterceptor.invoke(PersistenceExceptionTranslationInterceptor.java:138)
	at org.springframework.aop.framework.ReflectiveMethodInvocation.proceed(ReflectiveMethodInvocation.java:184)
	at org.springframework.data.jpa.repository.support.CrudMethodMetadataPostProcessor$CrudMethodMetadataPopulatingMethodInterceptor.invoke(CrudMethodMetadataPostProcessor.java:136)
	at org.springframework.aop.framework.ReflectiveMethodInvocation.proceed(ReflectiveMethodInvocation.java:184)
	at org.springframework.aop.interceptor.ExposeInvocationInterceptor.invoke(ExposeInvocationInterceptor.java:97)
	at org.springframework.aop.framework.ReflectiveMethodInvocation.proceed(ReflectiveMethodInvocation.java:184)
	at org.springframework.aop.framework.JdkDynamicAopProxy.invoke(JdkDynamicAopProxy.java:223)
	at jdk.proxy2/jdk.proxy2.$Proxy173.findByEmail(Unknown Source)
	at com.track.task.service.user.impl.UserServiceImpl.getUserByEmail(UserServiceImpl.java:34)
	at java.base/jdk.internal.reflect.DirectMethodHandleAccessor.invoke(DirectMethodHandleAccessor.java:103)
	at java.base/java.lang.reflect.Method.invoke(Method.java:580)
	at org.springframework.aop.support.AopUtils.invokeJoinpointUsingReflection(AopUtils.java:355)
	at org.springframework.aop.framework.ReflectiveMethodInvocation.invokeJoinpoint(ReflectiveMethodInvocation.java:196)
	at org.springframework.aop.framework.ReflectiveMethodInvocation.proceed(ReflectiveMethodInvocation.java:163)
	at org.springframework.aop.framework.CglibAopProxy$CglibMethodInvocation.proceed(CglibAopProxy.java:768)
	at org.springframework.aop.aspectj.MethodInvocationProceedingJoinPoint.proceed(MethodInvocationProceedingJoinPoint.java:89)
	at com.track.task.aspect.LoggingAspect.logMethodExecution(LoggingAspect.java:19)
	at java.base/jdk.internal.reflect.DirectMethodHandleAccessor.invoke(DirectMethodHandleAccessor.java:103)
	at java.base/java.lang.reflect.Method.invoke(Method.java:580)
	at org.springframework.aop.aspectj.AbstractAspectJAdvice.invokeAdviceMethodWithGivenArgs(AbstractAspectJAdvice.java:637)
	at org.springframework.aop.aspectj.AbstractAspectJAdvice.invokeAdviceMethod(AbstractAspectJAdvice.java:627)
	at org.springframework.aop.aspectj.AspectJAroundAdvice.invoke(AspectJAroundAdvice.java:71)
	at org.springframework.aop.framework.ReflectiveMethodInvocation.proceed(ReflectiveMethodInvocation.java:184)
	at org.springframework.aop.framework.CglibAopProxy$CglibMethodInvocation.proceed(CglibAopProxy.java:768)
	at org.springframework.aop.interceptor.ExposeInvocationInterceptor.invoke(ExposeInvocationInterceptor.java:97)
	at org.springframework.aop.framework.ReflectiveMethodInvocation.proceed(ReflectiveMethodInvocation.java:184)
	at org.springframework.aop.framework.CglibAopProxy$CglibMethodInvocation.proceed(CglibAopProxy.java:768)
	at org.springframework.aop.framework.CglibAopProxy$DynamicAdvisedInterceptor.intercept(CglibAopProxy.java:720)
	at com.track.task.service.user.impl.UserServiceImpl$$SpringCGLIB$$0.getUserByEmail(<generated>)
	at com.track.task.service.comment.impl.CommentServiceImpl.addComment(CommentServiceImpl.java:112)
	at java.base/jdk.internal.reflect.DirectMethodHandleAccessor.invoke(DirectMethodHandleAccessor.java:103)
	at java.base/java.lang.reflect.Method.invoke(Method.java:580)
	at org.springframework.aop.support.AopUtils.invokeJoinpointUsingReflection(AopUtils.java:355)
	at org.springframework.aop.framework.ReflectiveMethodInvocation.invokeJoinpoint(ReflectiveMethodInvocation.java:196)
	at org.springframework.aop.framework.ReflectiveMethodInvocation.proceed(ReflectiveMethodInvocation.java:163)
	at org.springframework.aop.framework.CglibAopProxy$CglibMethodInvocation.proceed(CglibAopProxy.java:768)
	at org.springframework.aop.aspectj.MethodInvocationProceedingJoinPoint.proceed(MethodInvocationProceedingJoinPoint.java:89)
	at com.track.task.aspect.LoggingAspect.logMethodExecution(LoggingAspect.java:19)
	at java.base/jdk.internal.reflect.DirectMethodHandleAccessor.invoke(DirectMethodHandleAccessor.java:103)
	at java.base/java.lang.reflect.Method.invoke(Method.java:580)
	at org.springframework.aop.aspectj.AbstractAspectJAdvice.invokeAdviceMethodWithGivenArgs(AbstractAspectJAdvice.java:637)
	at org.springframework.aop.aspectj.AbstractAspectJAdvice.invokeAdviceMethod(AbstractAspectJAdvice.java:627)
	at org.springframework.aop.aspectj.AspectJAroundAdvice.invoke(AspectJAroundAdvice.java:71)
	at org.springframework.aop.framework.ReflectiveMethodInvocation.proceed(ReflectiveMethodInvocation.java:184)
	at org.springframework.aop.framework.CglibAopProxy$CglibMethodInvocation.proceed(CglibAopProxy.java:768)
	at org.springframework.aop.interceptor.ExposeInvocationInterceptor.invoke(ExposeInvocationInterceptor.java:97)
	at org.springframework.aop.framework.ReflectiveMethodInvocation.proceed(ReflectiveMethodInvocation.java:184)
	at org.springframework.aop.framework.CglibAopProxy$CglibMethodInvocation.proceed(CglibAopProxy.java:768)
	at org.springframework.aop.framework.CglibAopProxy$DynamicAdvisedInterceptor.intercept(CglibAopProxy.java:720)
	at com.track.task.service.comment.impl.CommentServiceImpl$$SpringCGLIB$$0.addComment(<generated>)
	at com.track.task.comment.CommentServiceIntegrationTest.testGetCommentsForAdmin(CommentServiceIntegrationTest.java:205)
	at java.base/jdk.internal.reflect.DirectMethodHandleAccessor.invoke(DirectMethodHandleAccessor.java:103)
	at java.base/java.lang.reflect.Method.invoke(Method.java:580)
	at org.junit.platform.commons.util.ReflectionUtils.invokeMethod(ReflectionUtils.java:728)
	at org.junit.jupiter.engine.execution.MethodInvocation.proceed(MethodInvocation.java:60)
	at org.junit.jupiter.engine.execution.InvocationInterceptorChain$ValidatingInvocation.proceed(InvocationInterceptorChain.java:131)
	at org.junit.jupiter.engine.extension.TimeoutExtension.intercept(TimeoutExtension.java:156)
	at org.junit.jupiter.engine.extension.TimeoutExtension.interceptTestableMethod(TimeoutExtension.java:147)
	at org.junit.jupiter.engine.extension.TimeoutExtension.interceptTestMethod(TimeoutExtension.java:86)
	at org.junit.jupiter.engine.execution.InterceptingExecutableInvoker$ReflectiveInterceptorCall.lambda$ofVoidMethod$0(InterceptingExecutableInvoker.java:103)
	at org.junit.jupiter.engine.execution.InterceptingExecutableInvoker.lambda$invoke$0(InterceptingExecutableInvoker.java:93)
	at org.junit.jupiter.engine.execution.InvocationInterceptorChain$InterceptedInvocation.proceed(InvocationInterceptorChain.java:106)
	at org.junit.jupiter.engine.execution.InvocationInterceptorChain.proceed(InvocationInterceptorChain.java:64)
	at org.junit.jupiter.engine.execution.InvocationInterceptorChain.chainAndInvoke(InvocationInterceptorChain.java:45)
	at org.junit.jupiter.engine.execution.InvocationInterceptorChain.invoke(InvocationInterceptorChain.java:37)
	at org.junit.jupiter.engine.execution.InterceptingExecutableInvoker.invoke(InterceptingExecutableInvoker.java:92)
	at org.junit.jupiter.engine.execution.InterceptingExecutableInvoker.invoke(InterceptingExecutableInvoker.java:86)
	at org.junit.jupiter.engine.descriptor.TestMethodTestDescriptor.lambda$invokeTestMethod$7(TestMethodTestDescriptor.java:218)
	at org.junit.platform.engine.support.hierarchical.ThrowableCollector.execute(ThrowableCollector.java:73)
	at org.junit.jupiter.engine.descriptor.TestMethodTestDescriptor.invokeTestMethod(TestMethodTestDescriptor.java:214)
	at org.junit.jupiter.engine.descriptor.TestMethodTestDescriptor.execute(TestMethodTestDescriptor.java:139)
	at org.junit.jupiter.engine.descriptor.TestMethodTestDescriptor.execute(TestMethodTestDescriptor.java:69)
	at org.junit.platform.engine.support.hierarchical.NodeTestTask.lambda$executeRecursively$6(NodeTestTask.java:156)
	at org.junit.platform.engine.support.hierarchical.ThrowableCollector.execute(ThrowableCollector.java:73)
	at org.junit.platform.engine.support.hierarchical.NodeTestTask.lambda$executeRecursively$8(NodeTestTask.java:146)
	at org.junit.platform.engine.support.hierarchical.Node.around(Node.java:137)
	at org.junit.platform.engine.support.hierarchical.NodeTestTask.lambda$executeRecursively$9(NodeTestTask.java:144)
	at org.junit.platform.engine.support.hierarchical.ThrowableCollector.execute(ThrowableCollector.java:73)
	at org.junit.platform.engine.support.hierarchical.NodeTestTask.executeRecursively(NodeTestTask.java:143)
	at org.junit.platform.engine.support.hierarchical.NodeTestTask.execute(NodeTestTask.java:100)
	at java.base/java.util.ArrayList.forEach(ArrayList.java:1597)
	at org.junit.platform.engine.support.hierarchical.SameThreadHierarchicalTestExecutorService.invokeAll(SameThreadHierarchicalTestExecutorService.java:41)
	at org.junit.platform.engine.support.hierarchical.NodeTestTask.lambda$executeRecursively$6(NodeTestTask.java:160)
	at org.junit.platform.engine.support.hierarchical.ThrowableCollector.execute(ThrowableCollector.java:73)
	at org.junit.platform.engine.support.hierarchical.NodeTestTask.lambda$executeRecursively$8(NodeTestTask.java:146)
	at org.junit.platform.engine.support.hierarchical.Node.around(Node.java:137)
	at org.junit.platform.engine.support.hierarchical.NodeTestTask.lambda$executeRecursively$9(NodeTestTask.java:144)
	at org.junit.platform.engine.support.hierarchical.ThrowableCollector.execute(ThrowableCollector.java:73)
	at org.junit.platform.engine.support.hierarchical.NodeTestTask.executeRecursively(NodeTestTask.java:143)
	at org.junit.platform.engine.support.hierarchical.NodeTestTask.execute(NodeTestTask.java:100)
	at java.base/java.util.ArrayList.forEach(ArrayList.java:1597)
	at org.junit.platform.engine.support.hierarchical.SameThreadHierarchicalTestExecutorService.invokeAll(SameThreadHierarchicalTestExecutorService.java:41)
	at org.junit.platform.engine.support.hierarchical.NodeTestTask.lambda$executeRecursively$6(NodeTestTask.java:160)
	at org.junit.platform.engine.support.hierarchical.ThrowableCollector.execute(ThrowableCollector.java:73)
	at org.junit.platform.engine.support.hierarchical.NodeTestTask.lambda$executeRecursively$8(NodeTestTask.java:146)
	at org.junit.platform.engine.support.hierarchical.Node.around(Node.java:137)
	at org.junit.platform.engine.support.hierarchical.NodeTestTask.lambda$executeRecursively$9(NodeTestTask.java:144)
	at org.junit.platform.engine.support.hierarchical.ThrowableCollector.execute(ThrowableCollector.java:73)
	at org.junit.platform.engine.support.hierarchical.NodeTestTask.executeRecursively(NodeTestTask.java:143)
	at org.junit.platform.engine.support.hierarchical.NodeTestTask.execute(NodeTestTask.java:100)
	at org.junit.platform.engine.support.hierarchical.SameThreadHierarchicalTestExecutorService.submit(SameThreadHierarchicalTestExecutorService.java:35)
	at org.junit.platform.engine.support.hierarchical.HierarchicalTestExecutor.execute(HierarchicalTestExecutor.java:57)
	at org.junit.platform.engine.support.hierarchical.HierarchicalTestEngine.execute(HierarchicalTestEngine.java:54)
	at org.junit.platform.launcher.core.EngineExecutionOrchestrator.execute(EngineExecutionOrchestrator.java:198)
	at org.junit.platform.launcher.core.EngineExecutionOrchestrator.execute(EngineExecutionOrchestrator.java:169)
	at org.junit.platform.launcher.core.EngineExecutionOrchestrator.execute(EngineExecutionOrchestrator.java:93)
	at org.junit.platform.launcher.core.EngineExecutionOrchestrator.lambda$execute$0(EngineExecutionOrchestrator.java:58)
	at org.junit.platform.launcher.core.EngineExecutionOrchestrator.withInterceptedStreams(EngineExecutionOrchestrator.java:141)
	at org.junit.platform.launcher.core.EngineExecutionOrchestrator.execute(EngineExecutionOrchestrator.java:57)
	at org.junit.platform.launcher.core.DefaultLauncher.execute(DefaultLauncher.java:103)
	at org.junit.platform.launcher.core.DefaultLauncher.execute(DefaultLauncher.java:85)
	at org.junit.platform.launcher.core.DelegatingLauncher.execute(DelegatingLauncher.java:47)
	at org.junit.platform.launcher.core.SessionPerRequestLauncher.execute(SessionPerRequestLauncher.java:63)
	at com.intellij.junit5.JUnit5IdeaTestRunner.startRunnerWithArgs(JUnit5IdeaTestRunner.java:57)
	at com.intellij.rt.junit.IdeaTestRunner$Repeater$1.execute(IdeaTestRunner.java:38)
	at com.intellij.rt.execution.junit.TestsRepeater.repeat(TestsRepeater.java:11)
	at com.intellij.rt.junit.IdeaTestRunner$Repeater.startRunnerWithArgs(IdeaTestRunner.java:35)
	at com.intellij.rt.junit.JUnitStarter.prepareStreamsAndStart(JUnitStarter.java:232)
	at com.intellij.rt.junit.JUnitStarter.main(JUnitStarter.java:55)
2025-03-04 00:34:20 [main] INFO  com.track.task.aspect.LoggingAspect - Entering method: CommentServiceImpl.addComment(..)
2025-03-04 00:34:20 [main] INFO  c.t.t.s.c.impl.CommentServiceImpl - Adding new comment to task: 5 by user: byemail@example.com
2025-03-04 00:34:20 [main] INFO  com.track.task.aspect.LoggingAspect - Entering method: UserServiceImpl.getUserByEmail(..)
2025-03-04 00:34:20 [main] INFO  c.t.t.s.user.impl.UserServiceImpl - Get user by email
2025-03-04 00:34:20 [main] INFO  com.track.task.aspect.LoggingAspect - Exiting method: UserServiceImpl.getUserByEmail(..) with result: [FAILED toString()]
2025-03-04 00:34:20 [main] INFO  c.t.t.s.c.impl.CommentServiceImpl - Adding comment with id: null
2025-03-04 00:34:20 [main] INFO  c.t.t.s.c.impl.CommentServiceImpl - Successfully added comment with id: 4
2025-03-04 00:34:20 [main] INFO  com.track.task.aspect.LoggingAspect - Exiting method: CommentServiceImpl.addComment(..) with result: [FAILED toString()]
2025-03-04 00:34:20 [main] INFO  com.track.task.aspect.LoggingAspect - Entering method: CommentServiceImpl.addComment(..)
2025-03-04 00:34:20 [main] INFO  c.t.t.s.c.impl.CommentServiceImpl - Adding new comment to task: 5 by user: byemail@example.com
2025-03-04 00:34:20 [main] INFO  com.track.task.aspect.LoggingAspect - Entering method: UserServiceImpl.getUserByEmail(..)
2025-03-04 00:34:20 [main] INFO  c.t.t.s.user.impl.UserServiceImpl - Get user by email
2025-03-04 00:34:20 [main] INFO  com.track.task.aspect.LoggingAspect - Exiting method: UserServiceImpl.getUserByEmail(..) with result: [FAILED toString()]
2025-03-04 00:34:20 [main] INFO  c.t.t.s.c.impl.CommentServiceImpl - Adding comment with id: null
2025-03-04 00:34:20 [main] INFO  c.t.t.s.c.impl.CommentServiceImpl - Successfully added comment with id: 5
2025-03-04 00:34:20 [main] INFO  com.track.task.aspect.LoggingAspect - Exiting method: CommentServiceImpl.addComment(..) with result: [FAILED toString()]
2025-03-04 00:34:20 [main] INFO  com.track.task.aspect.LoggingAspect - Entering method: CommentServiceImpl.getAllByEmail(..)
2025-03-04 00:34:20 [main] INFO  c.t.t.s.c.impl.CommentServiceImpl - Fetching comments for email: byemail@example.com
2025-03-04 00:34:20 [main] INFO  com.track.task.aspect.LoggingAspect - Exiting method: CommentServiceImpl.getAllByEmail(..) with result: [FAILED toString()]
2025-03-04 00:34:20 [main] INFO  com.track.task.aspect.LoggingAspect - Entering method: CommentServiceImpl.addComment(..)
2025-03-04 00:34:20 [main] INFO  c.t.t.s.c.impl.CommentServiceImpl - Adding new comment to task: 6 by user: author@example.com
2025-03-04 00:34:20 [main] INFO  com.track.task.aspect.LoggingAspect - Entering method: UserServiceImpl.getUserByEmail(..)
2025-03-04 00:34:20 [main] INFO  c.t.t.s.user.impl.UserServiceImpl - Get user by email
2025-03-04 00:34:20 [main] INFO  com.track.task.aspect.LoggingAspect - Exiting method: UserServiceImpl.getUserByEmail(..) with result: [FAILED toString()]
2025-03-04 00:34:20 [main] INFO  c.t.t.s.c.impl.CommentServiceImpl - Adding comment with id: null
2025-03-04 00:34:20 [main] INFO  c.t.t.s.c.impl.CommentServiceImpl - Successfully added comment with id: 6
2025-03-04 00:34:20 [main] INFO  com.track.task.aspect.LoggingAspect - Exiting method: CommentServiceImpl.addComment(..) with result: [FAILED toString()]
2025-03-04 00:34:20 [main] INFO  com.track.task.aspect.LoggingAspect - Entering method: CommentServiceImpl.addComment(..)
2025-03-04 00:34:20 [main] INFO  c.t.t.s.c.impl.CommentServiceImpl - Adding new comment to task: 6 by user: other@example.com
2025-03-04 00:34:20 [main] INFO  com.track.task.aspect.LoggingAspect - Entering method: UserServiceImpl.getUserByEmail(..)
2025-03-04 00:34:20 [main] INFO  c.t.t.s.user.impl.UserServiceImpl - Get user by email
2025-03-04 00:34:20 [main] INFO  com.track.task.aspect.LoggingAspect - Exiting method: UserServiceImpl.getUserByEmail(..) with result: [FAILED toString()]
2025-03-04 00:34:20 [main] INFO  c.t.t.s.c.impl.CommentServiceImpl - Adding comment with id: null
2025-03-04 00:34:20 [main] INFO  c.t.t.s.c.impl.CommentServiceImpl - Successfully added comment with id: 7
2025-03-04 00:34:20 [main] INFO  com.track.task.aspect.LoggingAspect - Exiting method: CommentServiceImpl.addComment(..) with result: [FAILED toString()]
2025-03-04 00:34:20 [main] INFO  com.track.task.aspect.LoggingAspect - Entering method: CommentServiceImpl.getAllByTaskId(..)
2025-03-04 00:34:20 [main] INFO  c.t.t.s.c.impl.CommentServiceImpl - Fetching comments for taskId: 6 and email: other@example.com
2025-03-04 00:34:20 [main] INFO  com.track.task.aspect.LoggingAspect - Entering method: AdminUserServiceImpl.isAdminByEmail(..)
2025-03-04 00:34:20 [main] INFO  com.track.task.aspect.LoggingAspect - Entering method: UserServiceImpl.getUserByEmail(..)
2025-03-04 00:34:20 [main] INFO  c.t.t.s.user.impl.UserServiceImpl - Get user by email
2025-03-04 00:34:20 [main] INFO  com.track.task.aspect.LoggingAspect - Exiting method: UserServiceImpl.getUserByEmail(..) with result: [FAILED toString()]
2025-03-04 00:34:20 [main] INFO  com.track.task.aspect.LoggingAspect - Exiting method: AdminUserServiceImpl.isAdminByEmail(..) with result: false
2025-03-04 00:34:20 [main] ERROR com.track.task.aspect.LoggingAspect - Exception in method: CommentServiceImpl.getAllByTaskId(..): could not initialize proxy [com.track.task.model.User#7] - no Session
org.hibernate.LazyInitializationException: could not initialize proxy [com.track.task.model.User#7] - no Session
	at org.hibernate.proxy.AbstractLazyInitializer.initialize(AbstractLazyInitializer.java:165)
	at org.hibernate.proxy.AbstractLazyInitializer.getImplementation(AbstractLazyInitializer.java:314)
	at org.hibernate.proxy.pojo.bytebuddy.ByteBuddyInterceptor.intercept(ByteBuddyInterceptor.java:44)
	at org.hibernate.proxy.ProxyConfiguration$InterceptorDispatcher.intercept(ProxyConfiguration.java:102)
	at com.track.task.model.User$HibernateProxy$JvhkVp53.getEmail(Unknown Source)
	at com.track.task.service.comment.impl.CommentServiceImpl.lambda$getAllByTaskId$0(CommentServiceImpl.java:79)
	at java.base/java.util.stream.ReferencePipeline$2$1.accept(ReferencePipeline.java:193)
	at java.base/java.util.ArrayList$ArrayListSpliterator.forEachRemaining(ArrayList.java:1709)
	at java.base/java.util.stream.AbstractPipeline.copyInto(AbstractPipeline.java:556)
	at java.base/java.util.stream.AbstractPipeline.wrapAndCopyInto(AbstractPipeline.java:546)
	at java.base/java.util.stream.ReduceOps$ReduceOp.evaluateSequential(ReduceOps.java:921)
	at java.base/java.util.stream.AbstractPipeline.evaluate(AbstractPipeline.java:265)
	at java.base/java.util.stream.ReferencePipeline.collect(ReferencePipeline.java:702)
	at com.track.task.service.comment.impl.CommentServiceImpl.getAllByTaskId(CommentServiceImpl.java:80)
	at java.base/jdk.internal.reflect.DirectMethodHandleAccessor.invoke(DirectMethodHandleAccessor.java:103)
	at java.base/java.lang.reflect.Method.invoke(Method.java:580)
	at org.springframework.aop.support.AopUtils.invokeJoinpointUsingReflection(AopUtils.java:355)
	at org.springframework.aop.framework.ReflectiveMethodInvocation.invokeJoinpoint(ReflectiveMethodInvocation.java:196)
	at org.springframework.aop.framework.ReflectiveMethodInvocation.proceed(ReflectiveMethodInvocation.java:163)
	at org.springframework.aop.framework.CglibAopProxy$CglibMethodInvocation.proceed(CglibAopProxy.java:768)
	at org.springframework.aop.aspectj.MethodInvocationProceedingJoinPoint.proceed(MethodInvocationProceedingJoinPoint.java:89)
	at com.track.task.aspect.LoggingAspect.logMethodExecution(LoggingAspect.java:19)
	at java.base/jdk.internal.reflect.DirectMethodHandleAccessor.invoke(DirectMethodHandleAccessor.java:103)
	at java.base/java.lang.reflect.Method.invoke(Method.java:580)
	at org.springframework.aop.aspectj.AbstractAspectJAdvice.invokeAdviceMethodWithGivenArgs(AbstractAspectJAdvice.java:637)
	at org.springframework.aop.aspectj.AbstractAspectJAdvice.invokeAdviceMethod(AbstractAspectJAdvice.java:627)
	at org.springframework.aop.aspectj.AspectJAroundAdvice.invoke(AspectJAroundAdvice.java:71)
	at org.springframework.aop.framework.ReflectiveMethodInvocation.proceed(ReflectiveMethodInvocation.java:184)
	at org.springframework.aop.framework.CglibAopProxy$CglibMethodInvocation.proceed(CglibAopProxy.java:768)
	at org.springframework.aop.interceptor.ExposeInvocationInterceptor.invoke(ExposeInvocationInterceptor.java:97)
	at org.springframework.aop.framework.ReflectiveMethodInvocation.proceed(ReflectiveMethodInvocation.java:184)
	at org.springframework.aop.framework.CglibAopProxy$CglibMethodInvocation.proceed(CglibAopProxy.java:768)
	at org.springframework.aop.framework.CglibAopProxy$DynamicAdvisedInterceptor.intercept(CglibAopProxy.java:720)
	at com.track.task.service.comment.impl.CommentServiceImpl$$SpringCGLIB$$0.getAllByTaskId(<generated>)
	at com.track.task.comment.CommentServiceIntegrationTest.testGetAllByTaskIdForNonAdmin(CommentServiceIntegrationTest.java:191)
	at java.base/jdk.internal.reflect.DirectMethodHandleAccessor.invoke(DirectMethodHandleAccessor.java:103)
	at java.base/java.lang.reflect.Method.invoke(Method.java:580)
	at org.junit.platform.commons.util.ReflectionUtils.invokeMethod(ReflectionUtils.java:728)
	at org.junit.jupiter.engine.execution.MethodInvocation.proceed(MethodInvocation.java:60)
	at org.junit.jupiter.engine.execution.InvocationInterceptorChain$ValidatingInvocation.proceed(InvocationInterceptorChain.java:131)
	at org.junit.jupiter.engine.extension.TimeoutExtension.intercept(TimeoutExtension.java:156)
	at org.junit.jupiter.engine.extension.TimeoutExtension.interceptTestableMethod(TimeoutExtension.java:147)
	at org.junit.jupiter.engine.extension.TimeoutExtension.interceptTestMethod(TimeoutExtension.java:86)
	at org.junit.jupiter.engine.execution.InterceptingExecutableInvoker$ReflectiveInterceptorCall.lambda$ofVoidMethod$0(InterceptingExecutableInvoker.java:103)
	at org.junit.jupiter.engine.execution.InterceptingExecutableInvoker.lambda$invoke$0(InterceptingExecutableInvoker.java:93)
	at org.junit.jupiter.engine.execution.InvocationInterceptorChain$InterceptedInvocation.proceed(InvocationInterceptorChain.java:106)
	at org.junit.jupiter.engine.execution.InvocationInterceptorChain.proceed(InvocationInterceptorChain.java:64)
	at org.junit.jupiter.engine.execution.InvocationInterceptorChain.chainAndInvoke(InvocationInterceptorChain.java:45)
	at org.junit.jupiter.engine.execution.InvocationInterceptorChain.invoke(InvocationInterceptorChain.java:37)
	at org.junit.jupiter.engine.execution.InterceptingExecutableInvoker.invoke(InterceptingExecutableInvoker.java:92)
	at org.junit.jupiter.engine.execution.InterceptingExecutableInvoker.invoke(InterceptingExecutableInvoker.java:86)
	at org.junit.jupiter.engine.descriptor.TestMethodTestDescriptor.lambda$invokeTestMethod$7(TestMethodTestDescriptor.java:218)
	at org.junit.platform.engine.support.hierarchical.ThrowableCollector.execute(ThrowableCollector.java:73)
	at org.junit.jupiter.engine.descriptor.TestMethodTestDescriptor.invokeTestMethod(TestMethodTestDescriptor.java:214)
	at org.junit.jupiter.engine.descriptor.TestMethodTestDescriptor.execute(TestMethodTestDescriptor.java:139)
	at org.junit.jupiter.engine.descriptor.TestMethodTestDescriptor.execute(TestMethodTestDescriptor.java:69)
	at org.junit.platform.engine.support.hierarchical.NodeTestTask.lambda$executeRecursively$6(NodeTestTask.java:156)
	at org.junit.platform.engine.support.hierarchical.ThrowableCollector.execute(ThrowableCollector.java:73)
	at org.junit.platform.engine.support.hierarchical.NodeTestTask.lambda$executeRecursively$8(NodeTestTask.java:146)
	at org.junit.platform.engine.support.hierarchical.Node.around(Node.java:137)
	at org.junit.platform.engine.support.hierarchical.NodeTestTask.lambda$executeRecursively$9(NodeTestTask.java:144)
	at org.junit.platform.engine.support.hierarchical.ThrowableCollector.execute(ThrowableCollector.java:73)
	at org.junit.platform.engine.support.hierarchical.NodeTestTask.executeRecursively(NodeTestTask.java:143)
	at org.junit.platform.engine.support.hierarchical.NodeTestTask.execute(NodeTestTask.java:100)
	at java.base/java.util.ArrayList.forEach(ArrayList.java:1597)
	at org.junit.platform.engine.support.hierarchical.SameThreadHierarchicalTestExecutorService.invokeAll(SameThreadHierarchicalTestExecutorService.java:41)
	at org.junit.platform.engine.support.hierarchical.NodeTestTask.lambda$executeRecursively$6(NodeTestTask.java:160)
	at org.junit.platform.engine.support.hierarchical.ThrowableCollector.execute(ThrowableCollector.java:73)
	at org.junit.platform.engine.support.hierarchical.NodeTestTask.lambda$executeRecursively$8(NodeTestTask.java:146)
	at org.junit.platform.engine.support.hierarchical.Node.around(Node.java:137)
	at org.junit.platform.engine.support.hierarchical.NodeTestTask.lambda$executeRecursively$9(NodeTestTask.java:144)
	at org.junit.platform.engine.support.hierarchical.ThrowableCollector.execute(ThrowableCollector.java:73)
	at org.junit.platform.engine.support.hierarchical.NodeTestTask.executeRecursively(NodeTestTask.java:143)
	at org.junit.platform.engine.support.hierarchical.NodeTestTask.execute(NodeTestTask.java:100)
	at java.base/java.util.ArrayList.forEach(ArrayList.java:1597)
	at org.junit.platform.engine.support.hierarchical.SameThreadHierarchicalTestExecutorService.invokeAll(SameThreadHierarchicalTestExecutorService.java:41)
	at org.junit.platform.engine.support.hierarchical.NodeTestTask.lambda$executeRecursively$6(NodeTestTask.java:160)
	at org.junit.platform.engine.support.hierarchical.ThrowableCollector.execute(ThrowableCollector.java:73)
	at org.junit.platform.engine.support.hierarchical.NodeTestTask.lambda$executeRecursively$8(NodeTestTask.java:146)
	at org.junit.platform.engine.support.hierarchical.Node.around(Node.java:137)
	at org.junit.platform.engine.support.hierarchical.NodeTestTask.lambda$executeRecursively$9(NodeTestTask.java:144)
	at org.junit.platform.engine.support.hierarchical.ThrowableCollector.execute(ThrowableCollector.java:73)
	at org.junit.platform.engine.support.hierarchical.NodeTestTask.executeRecursively(NodeTestTask.java:143)
	at org.junit.platform.engine.support.hierarchical.NodeTestTask.execute(NodeTestTask.java:100)
	at org.junit.platform.engine.support.hierarchical.SameThreadHierarchicalTestExecutorService.submit(SameThreadHierarchicalTestExecutorService.java:35)
	at org.junit.platform.engine.support.hierarchical.HierarchicalTestExecutor.execute(HierarchicalTestExecutor.java:57)
	at org.junit.platform.engine.support.hierarchical.HierarchicalTestEngine.execute(HierarchicalTestEngine.java:54)
	at org.junit.platform.launcher.core.EngineExecutionOrchestrator.execute(EngineExecutionOrchestrator.java:198)
	at org.junit.platform.launcher.core.EngineExecutionOrchestrator.execute(EngineExecutionOrchestrator.java:169)
	at org.junit.platform.launcher.core.EngineExecutionOrchestrator.execute(EngineExecutionOrchestrator.java:93)
	at org.junit.platform.launcher.core.EngineExecutionOrchestrator.lambda$execute$0(EngineExecutionOrchestrator.java:58)
	at org.junit.platform.launcher.core.EngineExecutionOrchestrator.withInterceptedStreams(EngineExecutionOrchestrator.java:141)
	at org.junit.platform.launcher.core.EngineExecutionOrchestrator.execute(EngineExecutionOrchestrator.java:57)
	at org.junit.platform.launcher.core.DefaultLauncher.execute(DefaultLauncher.java:103)
	at org.junit.platform.launcher.core.DefaultLauncher.execute(DefaultLauncher.java:85)
	at org.junit.platform.launcher.core.DelegatingLauncher.execute(DelegatingLauncher.java:47)
	at org.junit.platform.launcher.core.SessionPerRequestLauncher.execute(SessionPerRequestLauncher.java:63)
	at com.intellij.junit5.JUnit5IdeaTestRunner.startRunnerWithArgs(JUnit5IdeaTestRunner.java:57)
	at com.intellij.rt.junit.IdeaTestRunner$Repeater$1.execute(IdeaTestRunner.java:38)
	at com.intellij.rt.execution.junit.TestsRepeater.repeat(TestsRepeater.java:11)
	at com.intellij.rt.junit.IdeaTestRunner$Repeater.startRunnerWithArgs(IdeaTestRunner.java:35)
	at com.intellij.rt.junit.JUnitStarter.prepareStreamsAndStart(JUnitStarter.java:232)
	at com.intellij.rt.junit.JUnitStarter.main(JUnitStarter.java:55)
2025-03-04 00:34:20 [main] INFO  com.track.task.aspect.LoggingAspect - Entering method: CommentServiceImpl.addComment(..)
2025-03-04 00:34:20 [main] INFO  c.t.t.s.c.impl.CommentServiceImpl - Adding new comment to task: 7 by user: test@example.com
2025-03-04 00:34:20 [main] ERROR c.t.t.s.c.impl.CommentServiceImpl - Attempt to comment on hidden task: 7
2025-03-04 00:34:20 [main] ERROR com.track.task.aspect.LoggingAspect - Exception in method: CommentServiceImpl.addComment(..): Forbidden exception
com.track.task.exception.ForbiddenException: Forbidden exception
	at com.track.task.service.comment.impl.CommentServiceImpl.addComment(CommentServiceImpl.java:109)
	at java.base/jdk.internal.reflect.DirectMethodHandleAccessor.invoke(DirectMethodHandleAccessor.java:103)
	at java.base/java.lang.reflect.Method.invoke(Method.java:580)
	at org.springframework.aop.support.AopUtils.invokeJoinpointUsingReflection(AopUtils.java:355)
	at org.springframework.aop.framework.ReflectiveMethodInvocation.invokeJoinpoint(ReflectiveMethodInvocation.java:196)
	at org.springframework.aop.framework.ReflectiveMethodInvocation.proceed(ReflectiveMethodInvocation.java:163)
	at org.springframework.aop.framework.CglibAopProxy$CglibMethodInvocation.proceed(CglibAopProxy.java:768)
	at org.springframework.aop.aspectj.MethodInvocationProceedingJoinPoint.proceed(MethodInvocationProceedingJoinPoint.java:89)
	at com.track.task.aspect.LoggingAspect.logMethodExecution(LoggingAspect.java:19)
	at java.base/jdk.internal.reflect.DirectMethodHandleAccessor.invoke(DirectMethodHandleAccessor.java:103)
	at java.base/java.lang.reflect.Method.invoke(Method.java:580)
	at org.springframework.aop.aspectj.AbstractAspectJAdvice.invokeAdviceMethodWithGivenArgs(AbstractAspectJAdvice.java:637)
	at org.springframework.aop.aspectj.AbstractAspectJAdvice.invokeAdviceMethod(AbstractAspectJAdvice.java:627)
	at org.springframework.aop.aspectj.AspectJAroundAdvice.invoke(AspectJAroundAdvice.java:71)
	at org.springframework.aop.framework.ReflectiveMethodInvocation.proceed(ReflectiveMethodInvocation.java:184)
	at org.springframework.aop.framework.CglibAopProxy$CglibMethodInvocation.proceed(CglibAopProxy.java:768)
	at org.springframework.aop.interceptor.ExposeInvocationInterceptor.invoke(ExposeInvocationInterceptor.java:97)
	at org.springframework.aop.framework.ReflectiveMethodInvocation.proceed(ReflectiveMethodInvocation.java:184)
	at org.springframework.aop.framework.CglibAopProxy$CglibMethodInvocation.proceed(CglibAopProxy.java:768)
	at org.springframework.aop.framework.CglibAopProxy$DynamicAdvisedInterceptor.intercept(CglibAopProxy.java:720)
	at com.track.task.service.comment.impl.CommentServiceImpl$$SpringCGLIB$$0.addComment(<generated>)
	at com.track.task.comment.CommentServiceIntegrationTest.lambda$testAddCommentToHiddenTaskThrowsForbidden$1(CommentServiceIntegrationTest.java:103)
	at org.assertj.core.api.ThrowableAssert.catchThrowable(ThrowableAssert.java:63)
	at org.assertj.core.api.AssertionsForClassTypes.catchThrowable(AssertionsForClassTypes.java:892)
	at org.assertj.core.api.Assertions.catchThrowable(Assertions.java:1365)
	at org.assertj.core.api.Assertions.assertThatThrownBy(Assertions.java:1209)
	at com.track.task.comment.CommentServiceIntegrationTest.testAddCommentToHiddenTaskThrowsForbidden(CommentServiceIntegrationTest.java:103)
	at java.base/jdk.internal.reflect.DirectMethodHandleAccessor.invoke(DirectMethodHandleAccessor.java:103)
	at java.base/java.lang.reflect.Method.invoke(Method.java:580)
	at org.junit.platform.commons.util.ReflectionUtils.invokeMethod(ReflectionUtils.java:728)
	at org.junit.jupiter.engine.execution.MethodInvocation.proceed(MethodInvocation.java:60)
	at org.junit.jupiter.engine.execution.InvocationInterceptorChain$ValidatingInvocation.proceed(InvocationInterceptorChain.java:131)
	at org.junit.jupiter.engine.extension.TimeoutExtension.intercept(TimeoutExtension.java:156)
	at org.junit.jupiter.engine.extension.TimeoutExtension.interceptTestableMethod(TimeoutExtension.java:147)
	at org.junit.jupiter.engine.extension.TimeoutExtension.interceptTestMethod(TimeoutExtension.java:86)
	at org.junit.jupiter.engine.execution.InterceptingExecutableInvoker$ReflectiveInterceptorCall.lambda$ofVoidMethod$0(InterceptingExecutableInvoker.java:103)
	at org.junit.jupiter.engine.execution.InterceptingExecutableInvoker.lambda$invoke$0(InterceptingExecutableInvoker.java:93)
	at org.junit.jupiter.engine.execution.InvocationInterceptorChain$InterceptedInvocation.proceed(InvocationInterceptorChain.java:106)
	at org.junit.jupiter.engine.execution.InvocationInterceptorChain.proceed(InvocationInterceptorChain.java:64)
	at org.junit.jupiter.engine.execution.InvocationInterceptorChain.chainAndInvoke(InvocationInterceptorChain.java:45)
	at org.junit.jupiter.engine.execution.InvocationInterceptorChain.invoke(InvocationInterceptorChain.java:37)
	at org.junit.jupiter.engine.execution.InterceptingExecutableInvoker.invoke(InterceptingExecutableInvoker.java:92)
	at org.junit.jupiter.engine.execution.InterceptingExecutableInvoker.invoke(InterceptingExecutableInvoker.java:86)
	at org.junit.jupiter.engine.descriptor.TestMethodTestDescriptor.lambda$invokeTestMethod$7(TestMethodTestDescriptor.java:218)
	at org.junit.platform.engine.support.hierarchical.ThrowableCollector.execute(ThrowableCollector.java:73)
	at org.junit.jupiter.engine.descriptor.TestMethodTestDescriptor.invokeTestMethod(TestMethodTestDescriptor.java:214)
	at org.junit.jupiter.engine.descriptor.TestMethodTestDescriptor.execute(TestMethodTestDescriptor.java:139)
	at org.junit.jupiter.engine.descriptor.TestMethodTestDescriptor.execute(TestMethodTestDescriptor.java:69)
	at org.junit.platform.engine.support.hierarchical.NodeTestTask.lambda$executeRecursively$6(NodeTestTask.java:156)
	at org.junit.platform.engine.support.hierarchical.ThrowableCollector.execute(ThrowableCollector.java:73)
	at org.junit.platform.engine.support.hierarchical.NodeTestTask.lambda$executeRecursively$8(NodeTestTask.java:146)
	at org.junit.platform.engine.support.hierarchical.Node.around(Node.java:137)
	at org.junit.platform.engine.support.hierarchical.NodeTestTask.lambda$executeRecursively$9(NodeTestTask.java:144)
	at org.junit.platform.engine.support.hierarchical.ThrowableCollector.execute(ThrowableCollector.java:73)
	at org.junit.platform.engine.support.hierarchical.NodeTestTask.executeRecursively(NodeTestTask.java:143)
	at org.junit.platform.engine.support.hierarchical.NodeTestTask.execute(NodeTestTask.java:100)
	at java.base/java.util.ArrayList.forEach(ArrayList.java:1597)
	at org.junit.platform.engine.support.hierarchical.SameThreadHierarchicalTestExecutorService.invokeAll(SameThreadHierarchicalTestExecutorService.java:41)
	at org.junit.platform.engine.support.hierarchical.NodeTestTask.lambda$executeRecursively$6(NodeTestTask.java:160)
	at org.junit.platform.engine.support.hierarchical.ThrowableCollector.execute(ThrowableCollector.java:73)
	at org.junit.platform.engine.support.hierarchical.NodeTestTask.lambda$executeRecursively$8(NodeTestTask.java:146)
	at org.junit.platform.engine.support.hierarchical.Node.around(Node.java:137)
	at org.junit.platform.engine.support.hierarchical.NodeTestTask.lambda$executeRecursively$9(NodeTestTask.java:144)
	at org.junit.platform.engine.support.hierarchical.ThrowableCollector.execute(ThrowableCollector.java:73)
	at org.junit.platform.engine.support.hierarchical.NodeTestTask.executeRecursively(NodeTestTask.java:143)
	at org.junit.platform.engine.support.hierarchical.NodeTestTask.execute(NodeTestTask.java:100)
	at java.base/java.util.ArrayList.forEach(ArrayList.java:1597)
	at org.junit.platform.engine.support.hierarchical.SameThreadHierarchicalTestExecutorService.invokeAll(SameThreadHierarchicalTestExecutorService.java:41)
	at org.junit.platform.engine.support.hierarchical.NodeTestTask.lambda$executeRecursively$6(NodeTestTask.java:160)
	at org.junit.platform.engine.support.hierarchical.ThrowableCollector.execute(ThrowableCollector.java:73)
	at org.junit.platform.engine.support.hierarchical.NodeTestTask.lambda$executeRecursively$8(NodeTestTask.java:146)
	at org.junit.platform.engine.support.hierarchical.Node.around(Node.java:137)
	at org.junit.platform.engine.support.hierarchical.NodeTestTask.lambda$executeRecursively$9(NodeTestTask.java:144)
	at org.junit.platform.engine.support.hierarchical.ThrowableCollector.execute(ThrowableCollector.java:73)
	at org.junit.platform.engine.support.hierarchical.NodeTestTask.executeRecursively(NodeTestTask.java:143)
	at org.junit.platform.engine.support.hierarchical.NodeTestTask.execute(NodeTestTask.java:100)
	at org.junit.platform.engine.support.hierarchical.SameThreadHierarchicalTestExecutorService.submit(SameThreadHierarchicalTestExecutorService.java:35)
	at org.junit.platform.engine.support.hierarchical.HierarchicalTestExecutor.execute(HierarchicalTestExecutor.java:57)
	at org.junit.platform.engine.support.hierarchical.HierarchicalTestEngine.execute(HierarchicalTestEngine.java:54)
	at org.junit.platform.launcher.core.EngineExecutionOrchestrator.execute(EngineExecutionOrchestrator.java:198)
	at org.junit.platform.launcher.core.EngineExecutionOrchestrator.execute(EngineExecutionOrchestrator.java:169)
	at org.junit.platform.launcher.core.EngineExecutionOrchestrator.execute(EngineExecutionOrchestrator.java:93)
	at org.junit.platform.launcher.core.EngineExecutionOrchestrator.lambda$execute$0(EngineExecutionOrchestrator.java:58)
	at org.junit.platform.launcher.core.EngineExecutionOrchestrator.withInterceptedStreams(EngineExecutionOrchestrator.java:141)
	at org.junit.platform.launcher.core.EngineExecutionOrchestrator.execute(EngineExecutionOrchestrator.java:57)
	at org.junit.platform.launcher.core.DefaultLauncher.execute(DefaultLauncher.java:103)
	at org.junit.platform.launcher.core.DefaultLauncher.execute(DefaultLauncher.java:85)
	at org.junit.platform.launcher.core.DelegatingLauncher.execute(DelegatingLauncher.java:47)
	at org.junit.platform.launcher.core.SessionPerRequestLauncher.execute(SessionPerRequestLauncher.java:63)
	at com.intellij.junit5.JUnit5IdeaTestRunner.startRunnerWithArgs(JUnit5IdeaTestRunner.java:57)
	at com.intellij.rt.junit.IdeaTestRunner$Repeater$1.execute(IdeaTestRunner.java:38)
	at com.intellij.rt.execution.junit.TestsRepeater.repeat(TestsRepeater.java:11)
	at com.intellij.rt.junit.IdeaTestRunner$Repeater.startRunnerWithArgs(IdeaTestRunner.java:35)
	at com.intellij.rt.junit.JUnitStarter.prepareStreamsAndStart(JUnitStarter.java:232)
	at com.intellij.rt.junit.JUnitStarter.main(JUnitStarter.java:55)
2025-03-04 00:34:20 [main] INFO  com.track.task.aspect.LoggingAspect - Entering method: CommentServiceImpl.addComment(..)
2025-03-04 00:34:20 [main] INFO  c.t.t.s.c.impl.CommentServiceImpl - Adding new comment to task: 8 by user: replyuser@example.com
2025-03-04 00:34:20 [main] INFO  com.track.task.aspect.LoggingAspect - Entering method: UserServiceImpl.getUserByEmail(..)
2025-03-04 00:34:20 [main] INFO  c.t.t.s.user.impl.UserServiceImpl - Get user by email
2025-03-04 00:34:20 [main] INFO  com.track.task.aspect.LoggingAspect - Exiting method: UserServiceImpl.getUserByEmail(..) with result: [FAILED toString()]
2025-03-04 00:34:20 [main] INFO  c.t.t.s.c.impl.CommentServiceImpl - Adding comment with id: null
2025-03-04 00:34:20 [main] INFO  c.t.t.s.c.impl.CommentServiceImpl - Successfully added comment with id: 8
2025-03-04 00:34:20 [main] INFO  com.track.task.aspect.LoggingAspect - Exiting method: CommentServiceImpl.addComment(..) with result: [FAILED toString()]
2025-03-04 00:34:20 [main] INFO  com.track.task.aspect.LoggingAspect - Entering method: CommentServiceImpl.replyOnComment(..)
2025-03-04 00:34:20 [main] INFO  c.t.t.s.c.impl.CommentServiceImpl - Replying to comment: 8 on task: 8 by user: replyuser@example.com
2025-03-04 00:34:20 [main] INFO  com.track.task.aspect.LoggingAspect - Entering method: UserServiceImpl.getUserByEmail(..)
2025-03-04 00:34:20 [main] INFO  c.t.t.s.user.impl.UserServiceImpl - Get user by email
2025-03-04 00:34:20 [main] INFO  com.track.task.aspect.LoggingAspect - Exiting method: UserServiceImpl.getUserByEmail(..) with result: [FAILED toString()]
2025-03-04 00:34:20 [main] INFO  c.t.t.s.c.impl.CommentServiceImpl - Fetching comment by id: 8
2025-03-04 00:34:20 [main] INFO  c.t.t.s.c.impl.CommentServiceImpl - Adding comment with id: null
2025-03-04 00:34:20 [main] INFO  c.t.t.s.c.impl.CommentServiceImpl - Successfully added reply comment with id: 9
2025-03-04 00:34:20 [main] INFO  com.track.task.aspect.LoggingAspect - Exiting method: CommentServiceImpl.replyOnComment(..) with result: [FAILED toString()]
2025-03-04 00:34:20 [main] INFO  com.track.task.aspect.LoggingAspect - Entering method: CommentServiceImpl.addComment(..)
2025-03-04 00:34:20 [main] INFO  c.t.t.s.c.impl.CommentServiceImpl - Adding new comment to task: 9 by user: getbyid@example.com
2025-03-04 00:34:20 [main] INFO  com.track.task.aspect.LoggingAspect - Entering method: UserServiceImpl.getUserByEmail(..)
2025-03-04 00:34:20 [main] INFO  c.t.t.s.user.impl.UserServiceImpl - Get user by email
2025-03-04 00:34:20 [main] INFO  com.track.task.aspect.LoggingAspect - Exiting method: UserServiceImpl.getUserByEmail(..) with result: [FAILED toString()]
2025-03-04 00:34:20 [main] INFO  c.t.t.s.c.impl.CommentServiceImpl - Adding comment with id: null
2025-03-04 00:34:20 [main] INFO  c.t.t.s.c.impl.CommentServiceImpl - Successfully added comment with id: 10
2025-03-04 00:34:20 [main] INFO  com.track.task.aspect.LoggingAspect - Exiting method: CommentServiceImpl.addComment(..) with result: [FAILED toString()]
2025-03-04 00:34:20 [main] INFO  com.track.task.aspect.LoggingAspect - Entering method: CommentServiceImpl.getById(..)
2025-03-04 00:34:20 [main] INFO  c.t.t.s.c.impl.CommentServiceImpl - Fetching comment by id: 10
2025-03-04 00:34:20 [main] INFO  com.track.task.aspect.LoggingAspect - Exiting method: CommentServiceImpl.getById(..) with result: [FAILED toString()]
2025-03-04 00:34:20 [main] INFO  com.track.task.aspect.LoggingAspect - Entering method: CommentServiceImpl.addComment(..)
2025-03-04 00:34:20 [main] INFO  c.t.t.s.c.impl.CommentServiceImpl - Adding new comment to task: 10 by user: test@example.com
2025-03-04 00:34:20 [main] INFO  com.track.task.aspect.LoggingAspect - Entering method: UserServiceImpl.getUserByEmail(..)
2025-03-04 00:34:20 [main] INFO  c.t.t.s.user.impl.UserServiceImpl - Get user by email
2025-03-04 00:34:20 [main] INFO  com.track.task.aspect.LoggingAspect - Exiting method: UserServiceImpl.getUserByEmail(..) with result: [FAILED toString()]
2025-03-04 00:34:20 [main] INFO  c.t.t.s.c.impl.CommentServiceImpl - Adding comment with id: null
2025-03-04 00:34:20 [main] INFO  c.t.t.s.c.impl.CommentServiceImpl - Successfully added comment with id: 11
2025-03-04 00:34:20 [main] INFO  com.track.task.aspect.LoggingAspect - Exiting method: CommentServiceImpl.addComment(..) with result: [FAILED toString()]
2025-03-04 00:34:20 [main] INFO  com.track.task.aspect.LoggingAspect - Entering method: CommentServiceImpl.addComment(..)
2025-03-04 00:34:20 [main] INFO  c.t.t.s.c.impl.CommentServiceImpl - Adding new comment to task: 11 by user: allcomments@example.com
2025-03-04 00:34:20 [main] INFO  com.track.task.aspect.LoggingAspect - Entering method: UserServiceImpl.getUserByEmail(..)
2025-03-04 00:34:20 [main] INFO  c.t.t.s.user.impl.UserServiceImpl - Get user by email
2025-03-04 00:34:20 [main] INFO  com.track.task.aspect.LoggingAspect - Exiting method: UserServiceImpl.getUserByEmail(..) with result: [FAILED toString()]
2025-03-04 00:34:20 [main] INFO  c.t.t.s.c.impl.CommentServiceImpl - Adding comment with id: null
2025-03-04 00:34:20 [main] INFO  c.t.t.s.c.impl.CommentServiceImpl - Successfully added comment with id: 12
2025-03-04 00:34:20 [main] INFO  com.track.task.aspect.LoggingAspect - Exiting method: CommentServiceImpl.addComment(..) with result: [FAILED toString()]
2025-03-04 00:34:20 [main] INFO  com.track.task.aspect.LoggingAspect - Entering method: CommentServiceImpl.addComment(..)
2025-03-04 00:34:20 [main] INFO  c.t.t.s.c.impl.CommentServiceImpl - Adding new comment to task: 11 by user: allcomments@example.com
2025-03-04 00:34:20 [main] INFO  com.track.task.aspect.LoggingAspect - Entering method: UserServiceImpl.getUserByEmail(..)
2025-03-04 00:34:20 [main] INFO  c.t.t.s.user.impl.UserServiceImpl - Get user by email
2025-03-04 00:34:20 [main] INFO  com.track.task.aspect.LoggingAspect - Exiting method: UserServiceImpl.getUserByEmail(..) with result: [FAILED toString()]
2025-03-04 00:34:20 [main] INFO  c.t.t.s.c.impl.CommentServiceImpl - Adding comment with id: null
2025-03-04 00:34:20 [main] INFO  c.t.t.s.c.impl.CommentServiceImpl - Successfully added comment with id: 13
2025-03-04 00:34:20 [main] INFO  com.track.task.aspect.LoggingAspect - Exiting method: CommentServiceImpl.addComment(..) with result: [FAILED toString()]
2025-03-04 00:34:20 [main] INFO  com.track.task.aspect.LoggingAspect - Entering method: CommentServiceImpl.getAll()
2025-03-04 00:34:20 [main] INFO  c.t.t.s.c.impl.CommentServiceImpl - Fetching all comments
2025-03-04 00:34:20 [main] INFO  com.track.task.aspect.LoggingAspect - Exiting method: CommentServiceImpl.getAll() with result: [FAILED toString()]
2025-03-04 00:34:21 [SpringApplicationShutdownHook] INFO  o.s.o.j.LocalContainerEntityManagerFactoryBean - Closing JPA EntityManagerFactory for persistence unit 'default'
2025-03-04 00:34:21 [SpringApplicationShutdownHook] INFO  com.zaxxer.hikari.HikariDataSource - HikariPool-1 - Shutdown initiated...
2025-03-04 00:34:21 [SpringApplicationShutdownHook] INFO  com.zaxxer.hikari.HikariDataSource - HikariPool-1 - Shutdown completed.
2025-03-04 01:22:02 [background-preinit] INFO  o.h.validator.internal.util.Version - HV000001: Hibernate Validator 8.0.1.Final
2025-03-04 01:22:02 [main] INFO  c.t.t.c.CommentServiceIntegrationTest - Starting CommentServiceIntegrationTest using Java 22.0.2 with PID 20612 (started by Admin in C:\Users\Admin\Desktop\task)
2025-03-04 01:22:02 [main] INFO  c.t.t.c.CommentServiceIntegrationTest - The following 1 profile is active: "test"
2025-03-04 01:22:05 [main] INFO  o.s.d.r.c.RepositoryConfigurationDelegate - Bootstrapping Spring Data JPA repositories in DEFAULT mode.
2025-03-04 01:22:05 [main] INFO  o.s.d.r.c.RepositoryConfigurationDelegate - Finished Spring Data repository scanning in 111 ms. Found 5 JPA repository interfaces.
2025-03-04 01:22:06 [main] INFO  com.zaxxer.hikari.HikariDataSource - HikariPool-1 - Starting...
2025-03-04 01:22:06 [main] INFO  com.zaxxer.hikari.pool.HikariPool - HikariPool-1 - Added connection org.postgresql.jdbc.PgConnection@23358740
2025-03-04 01:22:06 [main] INFO  com.zaxxer.hikari.HikariDataSource - HikariPool-1 - Start completed.
2025-03-04 01:22:06 [main] INFO  liquibase.database - Set default schema name to public
2025-03-04 01:22:07 [main] INFO  liquibase.changelog - Creating database history table with name: public.databasechangelog
2025-03-04 01:22:07 [main] INFO  liquibase.changelog - Reading from public.databasechangelog
2025-03-04 01:22:07 [main] INFO  liquibase.lockservice - Successfully acquired change log lock
2025-03-04 01:22:07 [main] INFO  liquibase.command - Using deploymentId: 1040527885
2025-03-04 01:22:07 [main] INFO  liquibase.changelog - Reading from public.databasechangelog
2025-03-04 01:22:07 [main] INFO  liquibase.ui - Running Changeset: db/changelog/01-create-schema.xml::1::xfnet
2025-03-04 01:22:07 [main] WARN  liquibase.executor - schema "private" does not exist, skipping
2025-03-04 01:22:07 [main] INFO  liquibase.changelog - Custom SQL executed
2025-03-04 01:22:07 [main] INFO  liquibase.changelog - Custom SQL executed
2025-03-04 01:22:07 [main] INFO  liquibase.changelog - ChangeSet db/changelog/01-create-schema.xml::1::xfnet ran successfully in 24ms
2025-03-04 01:22:07 [main] INFO  liquibase.ui - Running Changeset: db/changelog/02-create-user-table.xml::2::xfnet
2025-03-04 01:22:08 [main] INFO  liquibase.changelog - Table user created
2025-03-04 01:22:08 [main] INFO  liquibase.changelog - ChangeSet db/changelog/02-create-user-table.xml::2::xfnet ran successfully in 24ms
2025-03-04 01:22:08 [main] INFO  liquibase.ui - Running Changeset: db/changelog/03-create-priority-table.xml::3::xfnet
2025-03-04 01:22:08 [main] INFO  liquibase.changelog - Table priority created
2025-03-04 01:22:08 [main] INFO  liquibase.changelog - ChangeSet db/changelog/03-create-priority-table.xml::3::xfnet ran successfully in 9ms
2025-03-04 01:22:08 [main] INFO  liquibase.ui - Running Changeset: db/changelog/04-create-status-table.xml::4::xfnet
2025-03-04 01:22:08 [main] INFO  liquibase.changelog - Table status created
2025-03-04 01:22:08 [main] INFO  liquibase.changelog - Foreign key constraint added to status (user_id)
2025-03-04 01:22:08 [main] INFO  liquibase.changelog - Unique constraint added to status(title, user_id)
2025-03-04 01:22:08 [main] INFO  liquibase.changelog - ChangeSet db/changelog/04-create-status-table.xml::4::xfnet ran successfully in 22ms
2025-03-04 01:22:08 [main] INFO  liquibase.ui - Running Changeset: db/changelog/05-create-role-table.xml::5::xfnet
2025-03-04 01:22:08 [main] INFO  liquibase.changelog - Table role created
2025-03-04 01:22:08 [main] INFO  liquibase.changelog - ChangeSet db/changelog/05-create-role-table.xml::5::xfnet ran successfully in 8ms
2025-03-04 01:22:08 [main] INFO  liquibase.ui - Running Changeset: db/changelog/06-create-user-roles-table.xml::6::xfnet
2025-03-04 01:22:08 [main] INFO  liquibase.changelog - Table user_roles created
2025-03-04 01:22:08 [main] INFO  liquibase.changelog - Primary key added to user_roles (user_id, role_id)
2025-03-04 01:22:08 [main] INFO  liquibase.changelog - Foreign key constraint added to user_roles (user_id)
2025-03-04 01:22:08 [main] INFO  liquibase.changelog - Foreign key constraint added to user_roles (role_id)
2025-03-04 01:22:08 [main] INFO  liquibase.changelog - ChangeSet db/changelog/06-create-user-roles-table.xml::6::xfnet ran successfully in 21ms
2025-03-04 01:22:08 [main] INFO  liquibase.ui - Running Changeset: db/changelog/07-create-task-table.xml::7::xfnet
2025-03-04 01:22:08 [main] INFO  liquibase.changelog - Table task created
2025-03-04 01:22:08 [main] INFO  liquibase.changelog - Foreign key constraint added to task (priority_id)
2025-03-04 01:22:08 [main] INFO  liquibase.changelog - Foreign key constraint added to task (status_id)
2025-03-04 01:22:08 [main] INFO  liquibase.changelog - Foreign key constraint added to task (user_id)
2025-03-04 01:22:08 [main] INFO  liquibase.changelog - ChangeSet db/changelog/07-create-task-table.xml::7::xfnet ran successfully in 191ms
2025-03-04 01:22:08 [main] INFO  liquibase.ui - Running Changeset: db/changelog/08-create-task-executors-table.xml::8::xfnet
2025-03-04 01:22:08 [main] INFO  liquibase.changelog - Table task_executors created
2025-03-04 01:22:08 [main] INFO  liquibase.changelog - Primary key added to task_executors (task_id, user_id)
2025-03-04 01:22:08 [main] INFO  liquibase.changelog - Foreign key constraint added to task_executors (task_id)
2025-03-04 01:22:08 [main] INFO  liquibase.changelog - Foreign key constraint added to task_executors (user_id)
2025-03-04 01:22:08 [main] INFO  liquibase.changelog - ChangeSet db/changelog/08-create-task-executors-table.xml::8::xfnet ran successfully in 18ms
2025-03-04 01:22:08 [main] INFO  liquibase.ui - Running Changeset: db/changelog/09-create-comment-table.xml::9::xfnet
2025-03-04 01:22:08 [main] INFO  liquibase.changelog - Table comment created
2025-03-04 01:22:08 [main] INFO  liquibase.changelog - Foreign key constraint added to comment (task_id)
2025-03-04 01:22:08 [main] INFO  liquibase.changelog - Foreign key constraint added to comment (user_id)
2025-03-04 01:22:08 [main] INFO  liquibase.changelog - Foreign key constraint added to comment (parent_id)
2025-03-04 01:22:08 [main] INFO  liquibase.changelog - ChangeSet db/changelog/09-create-comment-table.xml::9::xfnet ran successfully in 29ms
2025-03-04 01:22:08 [main] INFO  liquibase.ui - Running Changeset: db/changelog/10-insert-default-data.xml::10::xfnet
2025-03-04 01:22:08 [main] INFO  liquibase.changelog - New row inserted into role
2025-03-04 01:22:08 [main] INFO  liquibase.changelog - New row inserted into role
2025-03-04 01:22:08 [main] INFO  liquibase.changelog - New row inserted into user
2025-03-04 01:22:08 [main] INFO  liquibase.changelog - New row inserted into user
2025-03-04 01:22:08 [main] INFO  liquibase.changelog - New row inserted into user
2025-03-04 01:22:08 [main] INFO  liquibase.changelog - New row inserted into user
2025-03-04 01:22:08 [main] INFO  liquibase.changelog - New row inserted into user
2025-03-04 01:22:08 [main] INFO  liquibase.changelog - New row inserted into user_roles
2025-03-04 01:22:08 [main] INFO  liquibase.changelog - New row inserted into user_roles
2025-03-04 01:22:08 [main] INFO  liquibase.changelog - New row inserted into user_roles
2025-03-04 01:22:08 [main] INFO  liquibase.changelog - New row inserted into user_roles
2025-03-04 01:22:08 [main] INFO  liquibase.changelog - New row inserted into user_roles
2025-03-04 01:22:08 [main] INFO  liquibase.changelog - New row inserted into priority
2025-03-04 01:22:08 [main] INFO  liquibase.changelog - New row inserted into priority
2025-03-04 01:22:08 [main] INFO  liquibase.changelog - New row inserted into priority
2025-03-04 01:22:08 [main] INFO  liquibase.changelog - New row inserted into status
2025-03-04 01:22:08 [main] INFO  liquibase.changelog - New row inserted into status
2025-03-04 01:22:08 [main] INFO  liquibase.changelog - New row inserted into status
2025-03-04 01:22:08 [main] INFO  liquibase.changelog - New row inserted into status
2025-03-04 01:22:08 [main] INFO  liquibase.changelog - New row inserted into status
2025-03-04 01:22:08 [main] INFO  liquibase.changelog - New row inserted into task
2025-03-04 01:22:08 [main] INFO  liquibase.changelog - New row inserted into task
2025-03-04 01:22:08 [main] INFO  liquibase.changelog - New row inserted into task
2025-03-04 01:22:08 [main] INFO  liquibase.changelog - New row inserted into task_executors
2025-03-04 01:22:08 [main] INFO  liquibase.changelog - New row inserted into task_executors
2025-03-04 01:22:08 [main] INFO  liquibase.changelog - New row inserted into task_executors
2025-03-04 01:22:08 [main] INFO  liquibase.changelog - New row inserted into task_executors
2025-03-04 01:22:08 [main] INFO  liquibase.changelog - New row inserted into comment
2025-03-04 01:22:08 [main] INFO  liquibase.changelog - New row inserted into comment
2025-03-04 01:22:08 [main] INFO  liquibase.changelog - New row inserted into comment
2025-03-04 01:22:08 [main] INFO  liquibase.changelog - ChangeSet db/changelog/10-insert-default-data.xml::10::xfnet ran successfully in 83ms
2025-03-04 01:22:08 [main] INFO  liquibase.util - UPDATE SUMMARY
2025-03-04 01:22:08 [main] INFO  liquibase.util - Run:                         10
2025-03-04 01:22:08 [main] INFO  liquibase.util - Previously run:               0
2025-03-04 01:22:08 [main] INFO  liquibase.util - Filtered out:                 0
2025-03-04 01:22:08 [main] INFO  liquibase.util - -------------------------------
2025-03-04 01:22:08 [main] INFO  liquibase.util - Total change sets:           10
2025-03-04 01:22:08 [main] INFO  liquibase.util - Update summary generated
2025-03-04 01:22:08 [main] INFO  liquibase.command - Update command completed successfully.
2025-03-04 01:22:08 [main] INFO  liquibase.ui - Liquibase: Update has been successful. Rows affected: 40
2025-03-04 01:22:08 [main] INFO  liquibase.lockservice - Successfully released change log lock
2025-03-04 01:22:08 [main] INFO  liquibase.command - Command execution complete
2025-03-04 01:22:08 [main] INFO  o.h.jpa.internal.util.LogHelper - HHH000204: Processing PersistenceUnitInfo [name: default]
2025-03-04 01:22:08 [main] INFO  org.hibernate.Version - HHH000412: Hibernate ORM core version 6.5.3.Final
2025-03-04 01:22:08 [main] INFO  o.h.c.i.RegionFactoryInitiator - HHH000026: Second-level cache disabled
2025-03-04 01:22:09 [main] INFO  o.s.o.j.p.SpringPersistenceUnitInfo - No LoadTimeWeaver setup: ignoring JPA class transformer
2025-03-04 01:22:10 [main] INFO  o.h.e.t.j.p.i.JtaPlatformInitiator - HHH000489: No JTA platform available (set 'hibernate.transaction.jta.platform' to enable JTA platform integration)
2025-03-04 01:22:10 [main] INFO  o.s.o.j.LocalContainerEntityManagerFactoryBean - Initialized JPA EntityManagerFactory for persistence unit 'default'
2025-03-04 01:22:11 [main] INFO  o.s.s.c.a.a.c.InitializeAuthenticationProviderBeanManagerConfigurer$InitializeAuthenticationProviderManagerConfigurer - Global AuthenticationManager configured with AuthenticationProvider bean with name authenticationProvider
2025-03-04 01:22:11 [main] WARN  o.s.s.c.a.a.c.InitializeUserDetailsBeanManagerConfigurer$InitializeUserDetailsManagerConfigurer - Global AuthenticationManager configured with an AuthenticationProvider bean. UserDetailsService beans will not be used for username/password login. Consider removing the AuthenticationProvider bean. Alternatively, consider using the UserDetailsService in a manually instantiated DaoAuthenticationProvider.
2025-03-04 01:22:11 [main] INFO  o.s.d.j.r.query.QueryEnhancerFactory - Hibernate is in classpath; If applicable, HQL parser will be used.
2025-03-04 01:22:11 [main] WARN  o.s.b.a.o.j.JpaBaseConfiguration$JpaWebConfiguration - spring.jpa.open-in-view is enabled by default. Therefore, database queries may be performed during view rendering. Explicitly configure spring.jpa.open-in-view to disable this warning
2025-03-04 01:22:12 [main] INFO  c.t.t.c.CommentServiceIntegrationTest - Started CommentServiceIntegrationTest in 10.679 seconds (process running for 25.463)
2025-03-04 01:22:13 [main] INFO  com.track.task.aspect.LoggingAspect - Entering method: CommentServiceImpl.addComment(..)
2025-03-04 01:22:13 [main] INFO  c.t.t.s.c.impl.CommentServiceImpl - Adding new comment to task: 4 by user: admin@example.com
2025-03-04 01:22:13 [main] INFO  com.track.task.aspect.LoggingAspect - Entering method: UserServiceImpl.getUserByEmail(..)
2025-03-04 01:22:13 [main] INFO  c.t.t.s.user.impl.UserServiceImpl - Get user by email
2025-03-04 01:22:13 [main] INFO  com.track.task.aspect.LoggingAspect - Exiting method: UserServiceImpl.getUserByEmail(..) with result: Optional[User(id=1, email=admin@example.com, username=admin, password=$2a$12$7bm52CEAOmLGDdHzlo9ZFulaFzejGYHqxOfFeSNYxv.jEAMTK5WXa, createdAt=2025-03-04 01:22:08.423249, tasks=[])]
2025-03-04 01:22:13 [main] INFO  c.t.t.s.c.impl.CommentServiceImpl - Adding comment with id: null
2025-03-04 01:22:13 [main] INFO  c.t.t.s.c.impl.CommentServiceImpl - Successfully added comment with id: 4
2025-03-04 01:22:13 [main] INFO  com.track.task.aspect.LoggingAspect - Exiting method: CommentServiceImpl.addComment(..) with result: Comment(id=4, task=Task{id=4, title='Task for admin comments', description='Task description', statusId=1, priorityId=2, userId=1, visibility=true, createdAt=Tue Mar 04 01:22:13 MSK 2025, executors=null, comments=[]}, user=User(id=1, email=admin@example.com, username=admin, password=$2a$12$7bm52CEAOmLGDdHzlo9ZFulaFzejGYHqxOfFeSNYxv.jEAMTK5WXa, createdAt=2025-03-04 01:22:08.423249, tasks=[]), content=Admin comment, parent=null, replies=null)
2025-03-04 01:22:13 [main] INFO  com.track.task.aspect.LoggingAspect - Entering method: CommentServiceImpl.getComments(..)
2025-03-04 01:22:13 [main] INFO  c.t.t.s.c.impl.CommentServiceImpl - Fetching comments for user: admin@example.com
2025-03-04 01:22:13 [main] INFO  com.track.task.aspect.LoggingAspect - Entering method: AdminUserServiceImpl.isAdminByEmail(..)
2025-03-04 01:22:13 [main] INFO  com.track.task.aspect.LoggingAspect - Entering method: UserServiceImpl.getUserByEmail(..)
2025-03-04 01:22:13 [main] INFO  c.t.t.s.user.impl.UserServiceImpl - Get user by email
2025-03-04 01:22:13 [main] INFO  com.track.task.aspect.LoggingAspect - Exiting method: UserServiceImpl.getUserByEmail(..) with result: Optional[User(id=1, email=admin@example.com, username=admin, password=$2a$12$7bm52CEAOmLGDdHzlo9ZFulaFzejGYHqxOfFeSNYxv.jEAMTK5WXa, createdAt=2025-03-04 01:22:08.423249, tasks=[])]
2025-03-04 01:22:13 [main] INFO  com.track.task.aspect.LoggingAspect - Exiting method: AdminUserServiceImpl.isAdminByEmail(..) with result: true
2025-03-04 01:22:13 [main] INFO  c.t.t.s.c.impl.CommentServiceImpl - Fetching all comments
2025-03-04 01:22:13 [main] INFO  com.track.task.aspect.LoggingAspect - Exiting method: CommentServiceImpl.getComments(..) with result: [FAILED toString()]
2025-03-04 01:22:13 [main] INFO  com.track.task.aspect.LoggingAspect - Entering method: CommentServiceImpl.getAll()
2025-03-04 01:22:13 [main] INFO  c.t.t.s.c.impl.CommentServiceImpl - Fetching all comments
2025-03-04 01:22:13 [main] INFO  com.track.task.aspect.LoggingAspect - Exiting method: CommentServiceImpl.getAll() with result: [FAILED toString()]
2025-03-04 01:22:13 [main] INFO  com.track.task.aspect.LoggingAspect - Entering method: CommentServiceImpl.addComment(..)
2025-03-04 01:22:13 [main] INFO  c.t.t.s.c.impl.CommentServiceImpl - Adding new comment to task: 5 by user: byemail@example.com
2025-03-04 01:22:13 [main] INFO  com.track.task.aspect.LoggingAspect - Entering method: UserServiceImpl.getUserByEmail(..)
2025-03-04 01:22:13 [main] INFO  c.t.t.s.user.impl.UserServiceImpl - Get user by email
2025-03-04 01:22:13 [main] INFO  com.track.task.aspect.LoggingAspect - Exiting method: UserServiceImpl.getUserByEmail(..) with result: Optional[User(id=6, email=byemail@example.com, username=byemail, password=password, createdAt=Tue Mar 04 01:22:13 MSK 2025, tasks=null)]
2025-03-04 01:22:13 [main] INFO  c.t.t.s.c.impl.CommentServiceImpl - Adding comment with id: null
2025-03-04 01:22:13 [main] INFO  c.t.t.s.c.impl.CommentServiceImpl - Successfully added comment with id: 5
2025-03-04 01:22:13 [main] INFO  com.track.task.aspect.LoggingAspect - Exiting method: CommentServiceImpl.addComment(..) with result: Comment(id=5, task=Task{id=5, title='Task for email comments', description='Task description', statusId=1, priorityId=2, userId=6, visibility=true, createdAt=Tue Mar 04 01:22:13 MSK 2025, executors=null, comments=[]}, user=User(id=6, email=byemail@example.com, username=byemail, password=password, createdAt=Tue Mar 04 01:22:13 MSK 2025, tasks=null), content=Email comment one, parent=null, replies=null)
2025-03-04 01:22:13 [main] INFO  com.track.task.aspect.LoggingAspect - Entering method: CommentServiceImpl.addComment(..)
2025-03-04 01:22:13 [main] INFO  c.t.t.s.c.impl.CommentServiceImpl - Adding new comment to task: 5 by user: byemail@example.com
2025-03-04 01:22:13 [main] INFO  com.track.task.aspect.LoggingAspect - Entering method: UserServiceImpl.getUserByEmail(..)
2025-03-04 01:22:13 [main] INFO  c.t.t.s.user.impl.UserServiceImpl - Get user by email
2025-03-04 01:22:13 [main] INFO  com.track.task.aspect.LoggingAspect - Exiting method: UserServiceImpl.getUserByEmail(..) with result: Optional[User(id=6, email=byemail@example.com, username=byemail, password=password, createdAt=Tue Mar 04 01:22:13 MSK 2025, tasks=null)]
2025-03-04 01:22:13 [main] INFO  c.t.t.s.c.impl.CommentServiceImpl - Adding comment with id: null
2025-03-04 01:22:13 [main] INFO  c.t.t.s.c.impl.CommentServiceImpl - Successfully added comment with id: 6
2025-03-04 01:22:13 [main] INFO  com.track.task.aspect.LoggingAspect - Exiting method: CommentServiceImpl.addComment(..) with result: Comment(id=6, task=Task{id=5, title='Task for email comments', description='Task description', statusId=1, priorityId=2, userId=6, visibility=true, createdAt=Tue Mar 04 01:22:13 MSK 2025, executors=null, comments=[]}, user=User(id=6, email=byemail@example.com, username=byemail, password=password, createdAt=Tue Mar 04 01:22:13 MSK 2025, tasks=null), content=Email comment two, parent=null, replies=null)
2025-03-04 01:22:13 [main] INFO  com.track.task.aspect.LoggingAspect - Entering method: CommentServiceImpl.getAllByEmail(..)
2025-03-04 01:22:13 [main] INFO  c.t.t.s.c.impl.CommentServiceImpl - Fetching comments for email: byemail@example.com
2025-03-04 01:22:13 [main] INFO  com.track.task.aspect.LoggingAspect - Exiting method: CommentServiceImpl.getAllByEmail(..) with result: [Comment(id=5, task=Task{id=5, title='Task for email comments', description='Task description', statusId=1, priorityId=2, userId=6, visibility=true, createdAt=Tue Mar 04 01:22:13 MSK 2025, executors=null, comments=[]}, user=User(id=6, email=byemail@example.com, username=byemail, password=password, createdAt=Tue Mar 04 01:22:13 MSK 2025, tasks=null), content=Email comment one, parent=null, replies=null), Comment(id=6, task=Task{id=5, title='Task for email comments', description='Task description', statusId=1, priorityId=2, userId=6, visibility=true, createdAt=Tue Mar 04 01:22:13 MSK 2025, executors=null, comments=[]}, user=User(id=6, email=byemail@example.com, username=byemail, password=password, createdAt=Tue Mar 04 01:22:13 MSK 2025, tasks=null), content=Email comment two, parent=null, replies=null)]
2025-03-04 01:22:13 [main] INFO  com.track.task.aspect.LoggingAspect - Entering method: CommentServiceImpl.addComment(..)
2025-03-04 01:22:13 [main] INFO  c.t.t.s.c.impl.CommentServiceImpl - Adding new comment to task: 6 by user: author@example.com
2025-03-04 01:22:13 [main] INFO  com.track.task.aspect.LoggingAspect - Entering method: UserServiceImpl.getUserByEmail(..)
2025-03-04 01:22:13 [main] INFO  c.t.t.s.user.impl.UserServiceImpl - Get user by email
2025-03-04 01:22:13 [main] INFO  com.track.task.aspect.LoggingAspect - Exiting method: UserServiceImpl.getUserByEmail(..) with result: Optional[User(id=7, email=author@example.com, username=author, password=password, createdAt=Tue Mar 04 01:22:13 MSK 2025, tasks=null)]
2025-03-04 01:22:13 [main] INFO  c.t.t.s.c.impl.CommentServiceImpl - Adding comment with id: null
2025-03-04 01:22:13 [main] INFO  c.t.t.s.c.impl.CommentServiceImpl - Successfully added comment with id: 7
2025-03-04 01:22:13 [main] INFO  com.track.task.aspect.LoggingAspect - Exiting method: CommentServiceImpl.addComment(..) with result: Comment(id=7, task=Task{id=6, title='Task for non-admin test', description='Task description', statusId=1, priorityId=2, userId=7, visibility=true, createdAt=Tue Mar 04 01:22:13 MSK 2025, executors=null, comments=[]}, user=User(id=7, email=author@example.com, username=author, password=password, createdAt=Tue Mar 04 01:22:13 MSK 2025, tasks=null), content=Comment by author, parent=null, replies=null)
2025-03-04 01:22:13 [main] INFO  com.track.task.aspect.LoggingAspect - Entering method: CommentServiceImpl.addComment(..)
2025-03-04 01:22:13 [main] INFO  c.t.t.s.c.impl.CommentServiceImpl - Adding new comment to task: 6 by user: other@example.com
2025-03-04 01:22:13 [main] INFO  com.track.task.aspect.LoggingAspect - Entering method: UserServiceImpl.getUserByEmail(..)
2025-03-04 01:22:13 [main] INFO  c.t.t.s.user.impl.UserServiceImpl - Get user by email
2025-03-04 01:22:13 [main] INFO  com.track.task.aspect.LoggingAspect - Exiting method: UserServiceImpl.getUserByEmail(..) with result: Optional[User(id=8, email=other@example.com, username=other, password=password, createdAt=Tue Mar 04 01:22:13 MSK 2025, tasks=null)]
2025-03-04 01:22:13 [main] INFO  c.t.t.s.c.impl.CommentServiceImpl - Adding comment with id: null
2025-03-04 01:22:13 [main] INFO  c.t.t.s.c.impl.CommentServiceImpl - Successfully added comment with id: 8
2025-03-04 01:22:13 [main] INFO  com.track.task.aspect.LoggingAspect - Exiting method: CommentServiceImpl.addComment(..) with result: Comment(id=8, task=Task{id=6, title='Task for non-admin test', description='Task description', statusId=1, priorityId=2, userId=7, visibility=true, createdAt=Tue Mar 04 01:22:13 MSK 2025, executors=null, comments=[]}, user=User(id=8, email=other@example.com, username=other, password=password, createdAt=Tue Mar 04 01:22:13 MSK 2025, tasks=null), content=Comment by other, parent=null, replies=null)
2025-03-04 01:22:13 [main] INFO  com.track.task.aspect.LoggingAspect - Entering method: CommentServiceImpl.getAllByTaskId(..)
2025-03-04 01:22:13 [main] INFO  c.t.t.s.c.impl.CommentServiceImpl - Fetching comments for taskId: 6 and email: other@example.com
2025-03-04 01:22:13 [main] INFO  com.track.task.aspect.LoggingAspect - Entering method: AdminUserServiceImpl.isAdminByEmail(..)
2025-03-04 01:22:13 [main] INFO  com.track.task.aspect.LoggingAspect - Entering method: UserServiceImpl.getUserByEmail(..)
2025-03-04 01:22:13 [main] INFO  c.t.t.s.user.impl.UserServiceImpl - Get user by email
2025-03-04 01:22:13 [main] INFO  com.track.task.aspect.LoggingAspect - Exiting method: UserServiceImpl.getUserByEmail(..) with result: Optional[User(id=8, email=other@example.com, username=other, password=password, createdAt=Tue Mar 04 01:22:13 MSK 2025, tasks=null)]
2025-03-04 01:22:13 [main] ERROR com.track.task.aspect.LoggingAspect - Exception in method: AdminUserServiceImpl.isAdminByEmail(..): Cannot invoke "java.util.Set.stream()" because the return value of "com.track.task.model.User.getRoles()" is null
java.lang.NullPointerException: Cannot invoke "java.util.Set.stream()" because the return value of "com.track.task.model.User.getRoles()" is null
	at com.track.task.service.user.impl.AdminUserServiceImpl.isAdminByEmail(AdminUserServiceImpl.java:21)
	at java.base/jdk.internal.reflect.DirectMethodHandleAccessor.invoke(DirectMethodHandleAccessor.java:103)
	at java.base/java.lang.reflect.Method.invoke(Method.java:580)
	at org.springframework.aop.support.AopUtils.invokeJoinpointUsingReflection(AopUtils.java:355)
	at org.springframework.aop.framework.ReflectiveMethodInvocation.invokeJoinpoint(ReflectiveMethodInvocation.java:196)
	at org.springframework.aop.framework.ReflectiveMethodInvocation.proceed(ReflectiveMethodInvocation.java:163)
	at org.springframework.aop.framework.CglibAopProxy$CglibMethodInvocation.proceed(CglibAopProxy.java:768)
	at org.springframework.aop.aspectj.MethodInvocationProceedingJoinPoint.proceed(MethodInvocationProceedingJoinPoint.java:89)
	at com.track.task.aspect.LoggingAspect.logMethodExecution(LoggingAspect.java:19)
	at java.base/jdk.internal.reflect.DirectMethodHandleAccessor.invoke(DirectMethodHandleAccessor.java:103)
	at java.base/java.lang.reflect.Method.invoke(Method.java:580)
	at org.springframework.aop.aspectj.AbstractAspectJAdvice.invokeAdviceMethodWithGivenArgs(AbstractAspectJAdvice.java:637)
	at org.springframework.aop.aspectj.AbstractAspectJAdvice.invokeAdviceMethod(AbstractAspectJAdvice.java:627)
	at org.springframework.aop.aspectj.AspectJAroundAdvice.invoke(AspectJAroundAdvice.java:71)
	at org.springframework.aop.framework.ReflectiveMethodInvocation.proceed(ReflectiveMethodInvocation.java:184)
	at org.springframework.aop.framework.CglibAopProxy$CglibMethodInvocation.proceed(CglibAopProxy.java:768)
	at org.springframework.aop.interceptor.ExposeInvocationInterceptor.invoke(ExposeInvocationInterceptor.java:97)
	at org.springframework.aop.framework.ReflectiveMethodInvocation.proceed(ReflectiveMethodInvocation.java:184)
	at org.springframework.aop.framework.CglibAopProxy$CglibMethodInvocation.proceed(CglibAopProxy.java:768)
	at org.springframework.aop.framework.CglibAopProxy$DynamicAdvisedInterceptor.intercept(CglibAopProxy.java:720)
	at com.track.task.service.user.impl.AdminUserServiceImpl$$SpringCGLIB$$0.isAdminByEmail(<generated>)
	at com.track.task.service.comment.impl.CommentServiceImpl.getAllByTaskId(CommentServiceImpl.java:73)
	at java.base/jdk.internal.reflect.DirectMethodHandleAccessor.invoke(DirectMethodHandleAccessor.java:103)
	at java.base/java.lang.reflect.Method.invoke(Method.java:580)
	at org.springframework.aop.support.AopUtils.invokeJoinpointUsingReflection(AopUtils.java:355)
	at org.springframework.aop.framework.ReflectiveMethodInvocation.invokeJoinpoint(ReflectiveMethodInvocation.java:196)
	at org.springframework.aop.framework.ReflectiveMethodInvocation.proceed(ReflectiveMethodInvocation.java:163)
	at org.springframework.aop.framework.CglibAopProxy$CglibMethodInvocation.proceed(CglibAopProxy.java:768)
	at org.springframework.aop.aspectj.MethodInvocationProceedingJoinPoint.proceed(MethodInvocationProceedingJoinPoint.java:89)
	at com.track.task.aspect.LoggingAspect.logMethodExecution(LoggingAspect.java:19)
	at java.base/jdk.internal.reflect.DirectMethodHandleAccessor.invoke(DirectMethodHandleAccessor.java:103)
	at java.base/java.lang.reflect.Method.invoke(Method.java:580)
	at org.springframework.aop.aspectj.AbstractAspectJAdvice.invokeAdviceMethodWithGivenArgs(AbstractAspectJAdvice.java:637)
	at org.springframework.aop.aspectj.AbstractAspectJAdvice.invokeAdviceMethod(AbstractAspectJAdvice.java:627)
	at org.springframework.aop.aspectj.AspectJAroundAdvice.invoke(AspectJAroundAdvice.java:71)
	at org.springframework.aop.framework.ReflectiveMethodInvocation.proceed(ReflectiveMethodInvocation.java:184)
	at org.springframework.aop.framework.CglibAopProxy$CglibMethodInvocation.proceed(CglibAopProxy.java:768)
	at org.springframework.aop.interceptor.ExposeInvocationInterceptor.invoke(ExposeInvocationInterceptor.java:97)
	at org.springframework.aop.framework.ReflectiveMethodInvocation.proceed(ReflectiveMethodInvocation.java:184)
	at org.springframework.aop.framework.CglibAopProxy$CglibMethodInvocation.proceed(CglibAopProxy.java:768)
	at org.springframework.aop.framework.CglibAopProxy$DynamicAdvisedInterceptor.intercept(CglibAopProxy.java:720)
	at com.track.task.service.comment.impl.CommentServiceImpl$$SpringCGLIB$$0.getAllByTaskId(<generated>)
	at com.track.task.comment.CommentServiceIntegrationTest.testGetAllByTaskIdForNonAdmin(CommentServiceIntegrationTest.java:194)
	at java.base/jdk.internal.reflect.DirectMethodHandleAccessor.invoke(DirectMethodHandleAccessor.java:103)
	at java.base/java.lang.reflect.Method.invoke(Method.java:580)
	at org.junit.platform.commons.util.ReflectionUtils.invokeMethod(ReflectionUtils.java:728)
	at org.junit.jupiter.engine.execution.MethodInvocation.proceed(MethodInvocation.java:60)
	at org.junit.jupiter.engine.execution.InvocationInterceptorChain$ValidatingInvocation.proceed(InvocationInterceptorChain.java:131)
	at org.junit.jupiter.engine.extension.TimeoutExtension.intercept(TimeoutExtension.java:156)
	at org.junit.jupiter.engine.extension.TimeoutExtension.interceptTestableMethod(TimeoutExtension.java:147)
	at org.junit.jupiter.engine.extension.TimeoutExtension.interceptTestMethod(TimeoutExtension.java:86)
	at org.junit.jupiter.engine.execution.InterceptingExecutableInvoker$ReflectiveInterceptorCall.lambda$ofVoidMethod$0(InterceptingExecutableInvoker.java:103)
	at org.junit.jupiter.engine.execution.InterceptingExecutableInvoker.lambda$invoke$0(InterceptingExecutableInvoker.java:93)
	at org.junit.jupiter.engine.execution.InvocationInterceptorChain$InterceptedInvocation.proceed(InvocationInterceptorChain.java:106)
	at org.junit.jupiter.engine.execution.InvocationInterceptorChain.proceed(InvocationInterceptorChain.java:64)
	at org.junit.jupiter.engine.execution.InvocationInterceptorChain.chainAndInvoke(InvocationInterceptorChain.java:45)
	at org.junit.jupiter.engine.execution.InvocationInterceptorChain.invoke(InvocationInterceptorChain.java:37)
	at org.junit.jupiter.engine.execution.InterceptingExecutableInvoker.invoke(InterceptingExecutableInvoker.java:92)
	at org.junit.jupiter.engine.execution.InterceptingExecutableInvoker.invoke(InterceptingExecutableInvoker.java:86)
	at org.junit.jupiter.engine.descriptor.TestMethodTestDescriptor.lambda$invokeTestMethod$7(TestMethodTestDescriptor.java:218)
	at org.junit.platform.engine.support.hierarchical.ThrowableCollector.execute(ThrowableCollector.java:73)
	at org.junit.jupiter.engine.descriptor.TestMethodTestDescriptor.invokeTestMethod(TestMethodTestDescriptor.java:214)
	at org.junit.jupiter.engine.descriptor.TestMethodTestDescriptor.execute(TestMethodTestDescriptor.java:139)
	at org.junit.jupiter.engine.descriptor.TestMethodTestDescriptor.execute(TestMethodTestDescriptor.java:69)
	at org.junit.platform.engine.support.hierarchical.NodeTestTask.lambda$executeRecursively$6(NodeTestTask.java:156)
	at org.junit.platform.engine.support.hierarchical.ThrowableCollector.execute(ThrowableCollector.java:73)
	at org.junit.platform.engine.support.hierarchical.NodeTestTask.lambda$executeRecursively$8(NodeTestTask.java:146)
	at org.junit.platform.engine.support.hierarchical.Node.around(Node.java:137)
	at org.junit.platform.engine.support.hierarchical.NodeTestTask.lambda$executeRecursively$9(NodeTestTask.java:144)
	at org.junit.platform.engine.support.hierarchical.ThrowableCollector.execute(ThrowableCollector.java:73)
	at org.junit.platform.engine.support.hierarchical.NodeTestTask.executeRecursively(NodeTestTask.java:143)
	at org.junit.platform.engine.support.hierarchical.NodeTestTask.execute(NodeTestTask.java:100)
	at java.base/java.util.ArrayList.forEach(ArrayList.java:1597)
	at org.junit.platform.engine.support.hierarchical.SameThreadHierarchicalTestExecutorService.invokeAll(SameThreadHierarchicalTestExecutorService.java:41)
	at org.junit.platform.engine.support.hierarchical.NodeTestTask.lambda$executeRecursively$6(NodeTestTask.java:160)
	at org.junit.platform.engine.support.hierarchical.ThrowableCollector.execute(ThrowableCollector.java:73)
	at org.junit.platform.engine.support.hierarchical.NodeTestTask.lambda$executeRecursively$8(NodeTestTask.java:146)
	at org.junit.platform.engine.support.hierarchical.Node.around(Node.java:137)
	at org.junit.platform.engine.support.hierarchical.NodeTestTask.lambda$executeRecursively$9(NodeTestTask.java:144)
	at org.junit.platform.engine.support.hierarchical.ThrowableCollector.execute(ThrowableCollector.java:73)
	at org.junit.platform.engine.support.hierarchical.NodeTestTask.executeRecursively(NodeTestTask.java:143)
	at org.junit.platform.engine.support.hierarchical.NodeTestTask.execute(NodeTestTask.java:100)
	at java.base/java.util.ArrayList.forEach(ArrayList.java:1597)
	at org.junit.platform.engine.support.hierarchical.SameThreadHierarchicalTestExecutorService.invokeAll(SameThreadHierarchicalTestExecutorService.java:41)
	at org.junit.platform.engine.support.hierarchical.NodeTestTask.lambda$executeRecursively$6(NodeTestTask.java:160)
	at org.junit.platform.engine.support.hierarchical.ThrowableCollector.execute(ThrowableCollector.java:73)
	at org.junit.platform.engine.support.hierarchical.NodeTestTask.lambda$executeRecursively$8(NodeTestTask.java:146)
	at org.junit.platform.engine.support.hierarchical.Node.around(Node.java:137)
	at org.junit.platform.engine.support.hierarchical.NodeTestTask.lambda$executeRecursively$9(NodeTestTask.java:144)
	at org.junit.platform.engine.support.hierarchical.ThrowableCollector.execute(ThrowableCollector.java:73)
	at org.junit.platform.engine.support.hierarchical.NodeTestTask.executeRecursively(NodeTestTask.java:143)
	at org.junit.platform.engine.support.hierarchical.NodeTestTask.execute(NodeTestTask.java:100)
	at org.junit.platform.engine.support.hierarchical.SameThreadHierarchicalTestExecutorService.submit(SameThreadHierarchicalTestExecutorService.java:35)
	at org.junit.platform.engine.support.hierarchical.HierarchicalTestExecutor.execute(HierarchicalTestExecutor.java:57)
	at org.junit.platform.engine.support.hierarchical.HierarchicalTestEngine.execute(HierarchicalTestEngine.java:54)
	at org.junit.platform.launcher.core.EngineExecutionOrchestrator.execute(EngineExecutionOrchestrator.java:198)
	at org.junit.platform.launcher.core.EngineExecutionOrchestrator.execute(EngineExecutionOrchestrator.java:169)
	at org.junit.platform.launcher.core.EngineExecutionOrchestrator.execute(EngineExecutionOrchestrator.java:93)
	at org.junit.platform.launcher.core.EngineExecutionOrchestrator.lambda$execute$0(EngineExecutionOrchestrator.java:58)
	at org.junit.platform.launcher.core.EngineExecutionOrchestrator.withInterceptedStreams(EngineExecutionOrchestrator.java:141)
	at org.junit.platform.launcher.core.EngineExecutionOrchestrator.execute(EngineExecutionOrchestrator.java:57)
	at org.junit.platform.launcher.core.DefaultLauncher.execute(DefaultLauncher.java:103)
	at org.junit.platform.launcher.core.DefaultLauncher.execute(DefaultLauncher.java:85)
	at org.junit.platform.launcher.core.DelegatingLauncher.execute(DelegatingLauncher.java:47)
	at org.junit.platform.launcher.core.SessionPerRequestLauncher.execute(SessionPerRequestLauncher.java:63)
	at com.intellij.junit5.JUnit5IdeaTestRunner.startRunnerWithArgs(JUnit5IdeaTestRunner.java:57)
	at com.intellij.rt.junit.IdeaTestRunner$Repeater$1.execute(IdeaTestRunner.java:38)
	at com.intellij.rt.execution.junit.TestsRepeater.repeat(TestsRepeater.java:11)
	at com.intellij.rt.junit.IdeaTestRunner$Repeater.startRunnerWithArgs(IdeaTestRunner.java:35)
	at com.intellij.rt.junit.JUnitStarter.prepareStreamsAndStart(JUnitStarter.java:232)
	at com.intellij.rt.junit.JUnitStarter.main(JUnitStarter.java:55)
2025-03-04 01:22:13 [main] ERROR com.track.task.aspect.LoggingAspect - Exception in method: CommentServiceImpl.getAllByTaskId(..): Cannot invoke "java.util.Set.stream()" because the return value of "com.track.task.model.User.getRoles()" is null
java.lang.NullPointerException: Cannot invoke "java.util.Set.stream()" because the return value of "com.track.task.model.User.getRoles()" is null
	at com.track.task.service.user.impl.AdminUserServiceImpl.isAdminByEmail(AdminUserServiceImpl.java:21)
	at java.base/jdk.internal.reflect.DirectMethodHandleAccessor.invoke(DirectMethodHandleAccessor.java:103)
	at java.base/java.lang.reflect.Method.invoke(Method.java:580)
	at org.springframework.aop.support.AopUtils.invokeJoinpointUsingReflection(AopUtils.java:355)
	at org.springframework.aop.framework.ReflectiveMethodInvocation.invokeJoinpoint(ReflectiveMethodInvocation.java:196)
	at org.springframework.aop.framework.ReflectiveMethodInvocation.proceed(ReflectiveMethodInvocation.java:163)
	at org.springframework.aop.framework.CglibAopProxy$CglibMethodInvocation.proceed(CglibAopProxy.java:768)
	at org.springframework.aop.aspectj.MethodInvocationProceedingJoinPoint.proceed(MethodInvocationProceedingJoinPoint.java:89)
	at com.track.task.aspect.LoggingAspect.logMethodExecution(LoggingAspect.java:19)
	at java.base/jdk.internal.reflect.DirectMethodHandleAccessor.invoke(DirectMethodHandleAccessor.java:103)
	at java.base/java.lang.reflect.Method.invoke(Method.java:580)
	at org.springframework.aop.aspectj.AbstractAspectJAdvice.invokeAdviceMethodWithGivenArgs(AbstractAspectJAdvice.java:637)
	at org.springframework.aop.aspectj.AbstractAspectJAdvice.invokeAdviceMethod(AbstractAspectJAdvice.java:627)
	at org.springframework.aop.aspectj.AspectJAroundAdvice.invoke(AspectJAroundAdvice.java:71)
	at org.springframework.aop.framework.ReflectiveMethodInvocation.proceed(ReflectiveMethodInvocation.java:184)
	at org.springframework.aop.framework.CglibAopProxy$CglibMethodInvocation.proceed(CglibAopProxy.java:768)
	at org.springframework.aop.interceptor.ExposeInvocationInterceptor.invoke(ExposeInvocationInterceptor.java:97)
	at org.springframework.aop.framework.ReflectiveMethodInvocation.proceed(ReflectiveMethodInvocation.java:184)
	at org.springframework.aop.framework.CglibAopProxy$CglibMethodInvocation.proceed(CglibAopProxy.java:768)
	at org.springframework.aop.framework.CglibAopProxy$DynamicAdvisedInterceptor.intercept(CglibAopProxy.java:720)
	at com.track.task.service.user.impl.AdminUserServiceImpl$$SpringCGLIB$$0.isAdminByEmail(<generated>)
	at com.track.task.service.comment.impl.CommentServiceImpl.getAllByTaskId(CommentServiceImpl.java:73)
	at java.base/jdk.internal.reflect.DirectMethodHandleAccessor.invoke(DirectMethodHandleAccessor.java:103)
	at java.base/java.lang.reflect.Method.invoke(Method.java:580)
	at org.springframework.aop.support.AopUtils.invokeJoinpointUsingReflection(AopUtils.java:355)
	at org.springframework.aop.framework.ReflectiveMethodInvocation.invokeJoinpoint(ReflectiveMethodInvocation.java:196)
	at org.springframework.aop.framework.ReflectiveMethodInvocation.proceed(ReflectiveMethodInvocation.java:163)
	at org.springframework.aop.framework.CglibAopProxy$CglibMethodInvocation.proceed(CglibAopProxy.java:768)
	at org.springframework.aop.aspectj.MethodInvocationProceedingJoinPoint.proceed(MethodInvocationProceedingJoinPoint.java:89)
	at com.track.task.aspect.LoggingAspect.logMethodExecution(LoggingAspect.java:19)
	at java.base/jdk.internal.reflect.DirectMethodHandleAccessor.invoke(DirectMethodHandleAccessor.java:103)
	at java.base/java.lang.reflect.Method.invoke(Method.java:580)
	at org.springframework.aop.aspectj.AbstractAspectJAdvice.invokeAdviceMethodWithGivenArgs(AbstractAspectJAdvice.java:637)
	at org.springframework.aop.aspectj.AbstractAspectJAdvice.invokeAdviceMethod(AbstractAspectJAdvice.java:627)
	at org.springframework.aop.aspectj.AspectJAroundAdvice.invoke(AspectJAroundAdvice.java:71)
	at org.springframework.aop.framework.ReflectiveMethodInvocation.proceed(ReflectiveMethodInvocation.java:184)
	at org.springframework.aop.framework.CglibAopProxy$CglibMethodInvocation.proceed(CglibAopProxy.java:768)
	at org.springframework.aop.interceptor.ExposeInvocationInterceptor.invoke(ExposeInvocationInterceptor.java:97)
	at org.springframework.aop.framework.ReflectiveMethodInvocation.proceed(ReflectiveMethodInvocation.java:184)
	at org.springframework.aop.framework.CglibAopProxy$CglibMethodInvocation.proceed(CglibAopProxy.java:768)
	at org.springframework.aop.framework.CglibAopProxy$DynamicAdvisedInterceptor.intercept(CglibAopProxy.java:720)
	at com.track.task.service.comment.impl.CommentServiceImpl$$SpringCGLIB$$0.getAllByTaskId(<generated>)
	at com.track.task.comment.CommentServiceIntegrationTest.testGetAllByTaskIdForNonAdmin(CommentServiceIntegrationTest.java:194)
	at java.base/jdk.internal.reflect.DirectMethodHandleAccessor.invoke(DirectMethodHandleAccessor.java:103)
	at java.base/java.lang.reflect.Method.invoke(Method.java:580)
	at org.junit.platform.commons.util.ReflectionUtils.invokeMethod(ReflectionUtils.java:728)
	at org.junit.jupiter.engine.execution.MethodInvocation.proceed(MethodInvocation.java:60)
	at org.junit.jupiter.engine.execution.InvocationInterceptorChain$ValidatingInvocation.proceed(InvocationInterceptorChain.java:131)
	at org.junit.jupiter.engine.extension.TimeoutExtension.intercept(TimeoutExtension.java:156)
	at org.junit.jupiter.engine.extension.TimeoutExtension.interceptTestableMethod(TimeoutExtension.java:147)
	at org.junit.jupiter.engine.extension.TimeoutExtension.interceptTestMethod(TimeoutExtension.java:86)
	at org.junit.jupiter.engine.execution.InterceptingExecutableInvoker$ReflectiveInterceptorCall.lambda$ofVoidMethod$0(InterceptingExecutableInvoker.java:103)
	at org.junit.jupiter.engine.execution.InterceptingExecutableInvoker.lambda$invoke$0(InterceptingExecutableInvoker.java:93)
	at org.junit.jupiter.engine.execution.InvocationInterceptorChain$InterceptedInvocation.proceed(InvocationInterceptorChain.java:106)
	at org.junit.jupiter.engine.execution.InvocationInterceptorChain.proceed(InvocationInterceptorChain.java:64)
	at org.junit.jupiter.engine.execution.InvocationInterceptorChain.chainAndInvoke(InvocationInterceptorChain.java:45)
	at org.junit.jupiter.engine.execution.InvocationInterceptorChain.invoke(InvocationInterceptorChain.java:37)
	at org.junit.jupiter.engine.execution.InterceptingExecutableInvoker.invoke(InterceptingExecutableInvoker.java:92)
	at org.junit.jupiter.engine.execution.InterceptingExecutableInvoker.invoke(InterceptingExecutableInvoker.java:86)
	at org.junit.jupiter.engine.descriptor.TestMethodTestDescriptor.lambda$invokeTestMethod$7(TestMethodTestDescriptor.java:218)
	at org.junit.platform.engine.support.hierarchical.ThrowableCollector.execute(ThrowableCollector.java:73)
	at org.junit.jupiter.engine.descriptor.TestMethodTestDescriptor.invokeTestMethod(TestMethodTestDescriptor.java:214)
	at org.junit.jupiter.engine.descriptor.TestMethodTestDescriptor.execute(TestMethodTestDescriptor.java:139)
	at org.junit.jupiter.engine.descriptor.TestMethodTestDescriptor.execute(TestMethodTestDescriptor.java:69)
	at org.junit.platform.engine.support.hierarchical.NodeTestTask.lambda$executeRecursively$6(NodeTestTask.java:156)
	at org.junit.platform.engine.support.hierarchical.ThrowableCollector.execute(ThrowableCollector.java:73)
	at org.junit.platform.engine.support.hierarchical.NodeTestTask.lambda$executeRecursively$8(NodeTestTask.java:146)
	at org.junit.platform.engine.support.hierarchical.Node.around(Node.java:137)
	at org.junit.platform.engine.support.hierarchical.NodeTestTask.lambda$executeRecursively$9(NodeTestTask.java:144)
	at org.junit.platform.engine.support.hierarchical.ThrowableCollector.execute(ThrowableCollector.java:73)
	at org.junit.platform.engine.support.hierarchical.NodeTestTask.executeRecursively(NodeTestTask.java:143)
	at org.junit.platform.engine.support.hierarchical.NodeTestTask.execute(NodeTestTask.java:100)
	at java.base/java.util.ArrayList.forEach(ArrayList.java:1597)
	at org.junit.platform.engine.support.hierarchical.SameThreadHierarchicalTestExecutorService.invokeAll(SameThreadHierarchicalTestExecutorService.java:41)
	at org.junit.platform.engine.support.hierarchical.NodeTestTask.lambda$executeRecursively$6(NodeTestTask.java:160)
	at org.junit.platform.engine.support.hierarchical.ThrowableCollector.execute(ThrowableCollector.java:73)
	at org.junit.platform.engine.support.hierarchical.NodeTestTask.lambda$executeRecursively$8(NodeTestTask.java:146)
	at org.junit.platform.engine.support.hierarchical.Node.around(Node.java:137)
	at org.junit.platform.engine.support.hierarchical.NodeTestTask.lambda$executeRecursively$9(NodeTestTask.java:144)
	at org.junit.platform.engine.support.hierarchical.ThrowableCollector.execute(ThrowableCollector.java:73)
	at org.junit.platform.engine.support.hierarchical.NodeTestTask.executeRecursively(NodeTestTask.java:143)
	at org.junit.platform.engine.support.hierarchical.NodeTestTask.execute(NodeTestTask.java:100)
	at java.base/java.util.ArrayList.forEach(ArrayList.java:1597)
	at org.junit.platform.engine.support.hierarchical.SameThreadHierarchicalTestExecutorService.invokeAll(SameThreadHierarchicalTestExecutorService.java:41)
	at org.junit.platform.engine.support.hierarchical.NodeTestTask.lambda$executeRecursively$6(NodeTestTask.java:160)
	at org.junit.platform.engine.support.hierarchical.ThrowableCollector.execute(ThrowableCollector.java:73)
	at org.junit.platform.engine.support.hierarchical.NodeTestTask.lambda$executeRecursively$8(NodeTestTask.java:146)
	at org.junit.platform.engine.support.hierarchical.Node.around(Node.java:137)
	at org.junit.platform.engine.support.hierarchical.NodeTestTask.lambda$executeRecursively$9(NodeTestTask.java:144)
	at org.junit.platform.engine.support.hierarchical.ThrowableCollector.execute(ThrowableCollector.java:73)
	at org.junit.platform.engine.support.hierarchical.NodeTestTask.executeRecursively(NodeTestTask.java:143)
	at org.junit.platform.engine.support.hierarchical.NodeTestTask.execute(NodeTestTask.java:100)
	at org.junit.platform.engine.support.hierarchical.SameThreadHierarchicalTestExecutorService.submit(SameThreadHierarchicalTestExecutorService.java:35)
	at org.junit.platform.engine.support.hierarchical.HierarchicalTestExecutor.execute(HierarchicalTestExecutor.java:57)
	at org.junit.platform.engine.support.hierarchical.HierarchicalTestEngine.execute(HierarchicalTestEngine.java:54)
	at org.junit.platform.launcher.core.EngineExecutionOrchestrator.execute(EngineExecutionOrchestrator.java:198)
	at org.junit.platform.launcher.core.EngineExecutionOrchestrator.execute(EngineExecutionOrchestrator.java:169)
	at org.junit.platform.launcher.core.EngineExecutionOrchestrator.execute(EngineExecutionOrchestrator.java:93)
	at org.junit.platform.launcher.core.EngineExecutionOrchestrator.lambda$execute$0(EngineExecutionOrchestrator.java:58)
	at org.junit.platform.launcher.core.EngineExecutionOrchestrator.withInterceptedStreams(EngineExecutionOrchestrator.java:141)
	at org.junit.platform.launcher.core.EngineExecutionOrchestrator.execute(EngineExecutionOrchestrator.java:57)
	at org.junit.platform.launcher.core.DefaultLauncher.execute(DefaultLauncher.java:103)
	at org.junit.platform.launcher.core.DefaultLauncher.execute(DefaultLauncher.java:85)
	at org.junit.platform.launcher.core.DelegatingLauncher.execute(DelegatingLauncher.java:47)
	at org.junit.platform.launcher.core.SessionPerRequestLauncher.execute(SessionPerRequestLauncher.java:63)
	at com.intellij.junit5.JUnit5IdeaTestRunner.startRunnerWithArgs(JUnit5IdeaTestRunner.java:57)
	at com.intellij.rt.junit.IdeaTestRunner$Repeater$1.execute(IdeaTestRunner.java:38)
	at com.intellij.rt.execution.junit.TestsRepeater.repeat(TestsRepeater.java:11)
	at com.intellij.rt.junit.IdeaTestRunner$Repeater.startRunnerWithArgs(IdeaTestRunner.java:35)
	at com.intellij.rt.junit.JUnitStarter.prepareStreamsAndStart(JUnitStarter.java:232)
	at com.intellij.rt.junit.JUnitStarter.main(JUnitStarter.java:55)
2025-03-04 01:22:13 [main] INFO  com.track.task.aspect.LoggingAspect - Entering method: CommentServiceImpl.addComment(..)
2025-03-04 01:22:13 [main] INFO  c.t.t.s.c.impl.CommentServiceImpl - Adding new comment to task: 7 by user: test@example.com
2025-03-04 01:22:13 [main] ERROR c.t.t.s.c.impl.CommentServiceImpl - Attempt to comment on hidden task: 7
2025-03-04 01:22:13 [main] ERROR com.track.task.aspect.LoggingAspect - Exception in method: CommentServiceImpl.addComment(..): Forbidden exception
com.track.task.exception.ForbiddenException: Forbidden exception
	at com.track.task.service.comment.impl.CommentServiceImpl.addComment(CommentServiceImpl.java:109)
	at java.base/jdk.internal.reflect.DirectMethodHandleAccessor.invoke(DirectMethodHandleAccessor.java:103)
	at java.base/java.lang.reflect.Method.invoke(Method.java:580)
	at org.springframework.aop.support.AopUtils.invokeJoinpointUsingReflection(AopUtils.java:355)
	at org.springframework.aop.framework.ReflectiveMethodInvocation.invokeJoinpoint(ReflectiveMethodInvocation.java:196)
	at org.springframework.aop.framework.ReflectiveMethodInvocation.proceed(ReflectiveMethodInvocation.java:163)
	at org.springframework.aop.framework.CglibAopProxy$CglibMethodInvocation.proceed(CglibAopProxy.java:768)
	at org.springframework.aop.aspectj.MethodInvocationProceedingJoinPoint.proceed(MethodInvocationProceedingJoinPoint.java:89)
	at com.track.task.aspect.LoggingAspect.logMethodExecution(LoggingAspect.java:19)
	at java.base/jdk.internal.reflect.DirectMethodHandleAccessor.invoke(DirectMethodHandleAccessor.java:103)
	at java.base/java.lang.reflect.Method.invoke(Method.java:580)
	at org.springframework.aop.aspectj.AbstractAspectJAdvice.invokeAdviceMethodWithGivenArgs(AbstractAspectJAdvice.java:637)
	at org.springframework.aop.aspectj.AbstractAspectJAdvice.invokeAdviceMethod(AbstractAspectJAdvice.java:627)
	at org.springframework.aop.aspectj.AspectJAroundAdvice.invoke(AspectJAroundAdvice.java:71)
	at org.springframework.aop.framework.ReflectiveMethodInvocation.proceed(ReflectiveMethodInvocation.java:184)
	at org.springframework.aop.framework.CglibAopProxy$CglibMethodInvocation.proceed(CglibAopProxy.java:768)
	at org.springframework.aop.interceptor.ExposeInvocationInterceptor.invoke(ExposeInvocationInterceptor.java:97)
	at org.springframework.aop.framework.ReflectiveMethodInvocation.proceed(ReflectiveMethodInvocation.java:184)
	at org.springframework.aop.framework.CglibAopProxy$CglibMethodInvocation.proceed(CglibAopProxy.java:768)
	at org.springframework.aop.framework.CglibAopProxy$DynamicAdvisedInterceptor.intercept(CglibAopProxy.java:720)
	at com.track.task.service.comment.impl.CommentServiceImpl$$SpringCGLIB$$0.addComment(<generated>)
	at com.track.task.comment.CommentServiceIntegrationTest.lambda$testAddCommentToHiddenTaskThrowsForbidden$1(CommentServiceIntegrationTest.java:105)
	at org.assertj.core.api.ThrowableAssert.catchThrowable(ThrowableAssert.java:63)
	at org.assertj.core.api.AssertionsForClassTypes.catchThrowable(AssertionsForClassTypes.java:892)
	at org.assertj.core.api.Assertions.catchThrowable(Assertions.java:1365)
	at org.assertj.core.api.Assertions.assertThatThrownBy(Assertions.java:1209)
	at com.track.task.comment.CommentServiceIntegrationTest.testAddCommentToHiddenTaskThrowsForbidden(CommentServiceIntegrationTest.java:105)
	at java.base/jdk.internal.reflect.DirectMethodHandleAccessor.invoke(DirectMethodHandleAccessor.java:103)
	at java.base/java.lang.reflect.Method.invoke(Method.java:580)
	at org.junit.platform.commons.util.ReflectionUtils.invokeMethod(ReflectionUtils.java:728)
	at org.junit.jupiter.engine.execution.MethodInvocation.proceed(MethodInvocation.java:60)
	at org.junit.jupiter.engine.execution.InvocationInterceptorChain$ValidatingInvocation.proceed(InvocationInterceptorChain.java:131)
	at org.junit.jupiter.engine.extension.TimeoutExtension.intercept(TimeoutExtension.java:156)
	at org.junit.jupiter.engine.extension.TimeoutExtension.interceptTestableMethod(TimeoutExtension.java:147)
	at org.junit.jupiter.engine.extension.TimeoutExtension.interceptTestMethod(TimeoutExtension.java:86)
	at org.junit.jupiter.engine.execution.InterceptingExecutableInvoker$ReflectiveInterceptorCall.lambda$ofVoidMethod$0(InterceptingExecutableInvoker.java:103)
	at org.junit.jupiter.engine.execution.InterceptingExecutableInvoker.lambda$invoke$0(InterceptingExecutableInvoker.java:93)
	at org.junit.jupiter.engine.execution.InvocationInterceptorChain$InterceptedInvocation.proceed(InvocationInterceptorChain.java:106)
	at org.junit.jupiter.engine.execution.InvocationInterceptorChain.proceed(InvocationInterceptorChain.java:64)
	at org.junit.jupiter.engine.execution.InvocationInterceptorChain.chainAndInvoke(InvocationInterceptorChain.java:45)
	at org.junit.jupiter.engine.execution.InvocationInterceptorChain.invoke(InvocationInterceptorChain.java:37)
	at org.junit.jupiter.engine.execution.InterceptingExecutableInvoker.invoke(InterceptingExecutableInvoker.java:92)
	at org.junit.jupiter.engine.execution.InterceptingExecutableInvoker.invoke(InterceptingExecutableInvoker.java:86)
	at org.junit.jupiter.engine.descriptor.TestMethodTestDescriptor.lambda$invokeTestMethod$7(TestMethodTestDescriptor.java:218)
	at org.junit.platform.engine.support.hierarchical.ThrowableCollector.execute(ThrowableCollector.java:73)
	at org.junit.jupiter.engine.descriptor.TestMethodTestDescriptor.invokeTestMethod(TestMethodTestDescriptor.java:214)
	at org.junit.jupiter.engine.descriptor.TestMethodTestDescriptor.execute(TestMethodTestDescriptor.java:139)
	at org.junit.jupiter.engine.descriptor.TestMethodTestDescriptor.execute(TestMethodTestDescriptor.java:69)
	at org.junit.platform.engine.support.hierarchical.NodeTestTask.lambda$executeRecursively$6(NodeTestTask.java:156)
	at org.junit.platform.engine.support.hierarchical.ThrowableCollector.execute(ThrowableCollector.java:73)
	at org.junit.platform.engine.support.hierarchical.NodeTestTask.lambda$executeRecursively$8(NodeTestTask.java:146)
	at org.junit.platform.engine.support.hierarchical.Node.around(Node.java:137)
	at org.junit.platform.engine.support.hierarchical.NodeTestTask.lambda$executeRecursively$9(NodeTestTask.java:144)
	at org.junit.platform.engine.support.hierarchical.ThrowableCollector.execute(ThrowableCollector.java:73)
	at org.junit.platform.engine.support.hierarchical.NodeTestTask.executeRecursively(NodeTestTask.java:143)
	at org.junit.platform.engine.support.hierarchical.NodeTestTask.execute(NodeTestTask.java:100)
	at java.base/java.util.ArrayList.forEach(ArrayList.java:1597)
	at org.junit.platform.engine.support.hierarchical.SameThreadHierarchicalTestExecutorService.invokeAll(SameThreadHierarchicalTestExecutorService.java:41)
	at org.junit.platform.engine.support.hierarchical.NodeTestTask.lambda$executeRecursively$6(NodeTestTask.java:160)
	at org.junit.platform.engine.support.hierarchical.ThrowableCollector.execute(ThrowableCollector.java:73)
	at org.junit.platform.engine.support.hierarchical.NodeTestTask.lambda$executeRecursively$8(NodeTestTask.java:146)
	at org.junit.platform.engine.support.hierarchical.Node.around(Node.java:137)
	at org.junit.platform.engine.support.hierarchical.NodeTestTask.lambda$executeRecursively$9(NodeTestTask.java:144)
	at org.junit.platform.engine.support.hierarchical.ThrowableCollector.execute(ThrowableCollector.java:73)
	at org.junit.platform.engine.support.hierarchical.NodeTestTask.executeRecursively(NodeTestTask.java:143)
	at org.junit.platform.engine.support.hierarchical.NodeTestTask.execute(NodeTestTask.java:100)
	at java.base/java.util.ArrayList.forEach(ArrayList.java:1597)
	at org.junit.platform.engine.support.hierarchical.SameThreadHierarchicalTestExecutorService.invokeAll(SameThreadHierarchicalTestExecutorService.java:41)
	at org.junit.platform.engine.support.hierarchical.NodeTestTask.lambda$executeRecursively$6(NodeTestTask.java:160)
	at org.junit.platform.engine.support.hierarchical.ThrowableCollector.execute(ThrowableCollector.java:73)
	at org.junit.platform.engine.support.hierarchical.NodeTestTask.lambda$executeRecursively$8(NodeTestTask.java:146)
	at org.junit.platform.engine.support.hierarchical.Node.around(Node.java:137)
	at org.junit.platform.engine.support.hierarchical.NodeTestTask.lambda$executeRecursively$9(NodeTestTask.java:144)
	at org.junit.platform.engine.support.hierarchical.ThrowableCollector.execute(ThrowableCollector.java:73)
	at org.junit.platform.engine.support.hierarchical.NodeTestTask.executeRecursively(NodeTestTask.java:143)
	at org.junit.platform.engine.support.hierarchical.NodeTestTask.execute(NodeTestTask.java:100)
	at org.junit.platform.engine.support.hierarchical.SameThreadHierarchicalTestExecutorService.submit(SameThreadHierarchicalTestExecutorService.java:35)
	at org.junit.platform.engine.support.hierarchical.HierarchicalTestExecutor.execute(HierarchicalTestExecutor.java:57)
	at org.junit.platform.engine.support.hierarchical.HierarchicalTestEngine.execute(HierarchicalTestEngine.java:54)
	at org.junit.platform.launcher.core.EngineExecutionOrchestrator.execute(EngineExecutionOrchestrator.java:198)
	at org.junit.platform.launcher.core.EngineExecutionOrchestrator.execute(EngineExecutionOrchestrator.java:169)
	at org.junit.platform.launcher.core.EngineExecutionOrchestrator.execute(EngineExecutionOrchestrator.java:93)
	at org.junit.platform.launcher.core.EngineExecutionOrchestrator.lambda$execute$0(EngineExecutionOrchestrator.java:58)
	at org.junit.platform.launcher.core.EngineExecutionOrchestrator.withInterceptedStreams(EngineExecutionOrchestrator.java:141)
	at org.junit.platform.launcher.core.EngineExecutionOrchestrator.execute(EngineExecutionOrchestrator.java:57)
	at org.junit.platform.launcher.core.DefaultLauncher.execute(DefaultLauncher.java:103)
	at org.junit.platform.launcher.core.DefaultLauncher.execute(DefaultLauncher.java:85)
	at org.junit.platform.launcher.core.DelegatingLauncher.execute(DelegatingLauncher.java:47)
	at org.junit.platform.launcher.core.SessionPerRequestLauncher.execute(SessionPerRequestLauncher.java:63)
	at com.intellij.junit5.JUnit5IdeaTestRunner.startRunnerWithArgs(JUnit5IdeaTestRunner.java:57)
	at com.intellij.rt.junit.IdeaTestRunner$Repeater$1.execute(IdeaTestRunner.java:38)
	at com.intellij.rt.execution.junit.TestsRepeater.repeat(TestsRepeater.java:11)
	at com.intellij.rt.junit.IdeaTestRunner$Repeater.startRunnerWithArgs(IdeaTestRunner.java:35)
	at com.intellij.rt.junit.JUnitStarter.prepareStreamsAndStart(JUnitStarter.java:232)
	at com.intellij.rt.junit.JUnitStarter.main(JUnitStarter.java:55)
2025-03-04 01:22:13 [main] INFO  com.track.task.aspect.LoggingAspect - Entering method: CommentServiceImpl.addComment(..)
2025-03-04 01:22:13 [main] INFO  c.t.t.s.c.impl.CommentServiceImpl - Adding new comment to task: 8 by user: replyuser@example.com
2025-03-04 01:22:13 [main] INFO  com.track.task.aspect.LoggingAspect - Entering method: UserServiceImpl.getUserByEmail(..)
2025-03-04 01:22:13 [main] INFO  c.t.t.s.user.impl.UserServiceImpl - Get user by email
2025-03-04 01:22:13 [main] INFO  com.track.task.aspect.LoggingAspect - Exiting method: UserServiceImpl.getUserByEmail(..) with result: Optional[User(id=10, email=replyuser@example.com, username=replyuser, password=password, createdAt=Tue Mar 04 01:22:13 MSK 2025, tasks=null)]
2025-03-04 01:22:13 [main] INFO  c.t.t.s.c.impl.CommentServiceImpl - Adding comment with id: null
2025-03-04 01:22:13 [main] INFO  c.t.t.s.c.impl.CommentServiceImpl - Successfully added comment with id: 9
2025-03-04 01:22:13 [main] INFO  com.track.task.aspect.LoggingAspect - Exiting method: CommentServiceImpl.addComment(..) with result: Comment(id=9, task=Task{id=8, title='Task for reply', description='Task description', statusId=1, priorityId=2, userId=10, visibility=true, createdAt=Tue Mar 04 01:22:13 MSK 2025, executors=null, comments=[]}, user=User(id=10, email=replyuser@example.com, username=replyuser, password=password, createdAt=Tue Mar 04 01:22:13 MSK 2025, tasks=null), content=Parent comment, parent=null, replies=null)
2025-03-04 01:22:13 [main] INFO  com.track.task.aspect.LoggingAspect - Entering method: CommentServiceImpl.replyOnComment(..)
2025-03-04 01:22:13 [main] INFO  c.t.t.s.c.impl.CommentServiceImpl - Replying to comment: 9 on task: 8 by user: replyuser@example.com
2025-03-04 01:22:13 [main] INFO  com.track.task.aspect.LoggingAspect - Entering method: UserServiceImpl.getUserByEmail(..)
2025-03-04 01:22:13 [main] INFO  c.t.t.s.user.impl.UserServiceImpl - Get user by email
2025-03-04 01:22:13 [main] INFO  com.track.task.aspect.LoggingAspect - Exiting method: UserServiceImpl.getUserByEmail(..) with result: Optional[User(id=10, email=replyuser@example.com, username=replyuser, password=password, createdAt=Tue Mar 04 01:22:13 MSK 2025, tasks=null)]
2025-03-04 01:22:13 [main] INFO  c.t.t.s.c.impl.CommentServiceImpl - Fetching comment by id: 9
2025-03-04 01:22:13 [main] INFO  c.t.t.s.c.impl.CommentServiceImpl - Adding comment with id: null
2025-03-04 01:22:13 [main] INFO  c.t.t.s.c.impl.CommentServiceImpl - Successfully added reply comment with id: 10
2025-03-04 01:22:13 [main] INFO  com.track.task.aspect.LoggingAspect - Exiting method: CommentServiceImpl.replyOnComment(..) with result: Comment(id=10, task=Task{id=8, title='Task for reply', description='Task description', statusId=1, priorityId=2, userId=10, visibility=true, createdAt=Tue Mar 04 01:22:13 MSK 2025, executors=null, comments=[]}, user=User(id=10, email=replyuser@example.com, username=replyuser, password=password, createdAt=Tue Mar 04 01:22:13 MSK 2025, tasks=null), content=This is a reply, parent=Comment(id=9, task=Task{id=8, title='Task for reply', description='Task description', statusId=1, priorityId=2, userId=10, visibility=true, createdAt=Tue Mar 04 01:22:13 MSK 2025, executors=null, comments=[]}, user=User(id=10, email=replyuser@example.com, username=replyuser, password=password, createdAt=Tue Mar 04 01:22:13 MSK 2025, tasks=null), content=Parent comment, parent=null, replies=null), replies=null)
2025-03-04 01:22:14 [main] INFO  com.track.task.aspect.LoggingAspect - Entering method: CommentServiceImpl.addComment(..)
2025-03-04 01:22:14 [main] INFO  c.t.t.s.c.impl.CommentServiceImpl - Adding new comment to task: 9 by user: getbyid@example.com
2025-03-04 01:22:14 [main] INFO  com.track.task.aspect.LoggingAspect - Entering method: UserServiceImpl.getUserByEmail(..)
2025-03-04 01:22:14 [main] INFO  c.t.t.s.user.impl.UserServiceImpl - Get user by email
2025-03-04 01:22:14 [main] INFO  com.track.task.aspect.LoggingAspect - Exiting method: UserServiceImpl.getUserByEmail(..) with result: Optional[User(id=11, email=getbyid@example.com, username=getbyid, password=password, createdAt=Tue Mar 04 01:22:14 MSK 2025, tasks=null)]
2025-03-04 01:22:14 [main] INFO  c.t.t.s.c.impl.CommentServiceImpl - Adding comment with id: null
2025-03-04 01:22:14 [main] INFO  c.t.t.s.c.impl.CommentServiceImpl - Successfully added comment with id: 11
2025-03-04 01:22:14 [main] INFO  com.track.task.aspect.LoggingAspect - Exiting method: CommentServiceImpl.addComment(..) with result: Comment(id=11, task=Task{id=9, title='Task for getById', description='Task description', statusId=1, priorityId=2, userId=11, visibility=true, createdAt=Tue Mar 04 01:22:14 MSK 2025, executors=null, comments=[]}, user=User(id=11, email=getbyid@example.com, username=getbyid, password=password, createdAt=Tue Mar 04 01:22:14 MSK 2025, tasks=null), content=Comment to retrieve, parent=null, replies=null)
2025-03-04 01:22:14 [main] INFO  com.track.task.aspect.LoggingAspect - Entering method: CommentServiceImpl.getById(..)
2025-03-04 01:22:14 [main] INFO  c.t.t.s.c.impl.CommentServiceImpl - Fetching comment by id: 11
2025-03-04 01:22:14 [main] INFO  com.track.task.aspect.LoggingAspect - Exiting method: CommentServiceImpl.getById(..) with result: Optional[Comment(id=11, task=Task{id=9, title='Task for getById', description='Task description', statusId=1, priorityId=2, userId=11, visibility=true, createdAt=Tue Mar 04 01:22:14 MSK 2025, executors=null, comments=[]}, user=User(id=11, email=getbyid@example.com, username=getbyid, password=password, createdAt=Tue Mar 04 01:22:14 MSK 2025, tasks=null), content=Comment to retrieve, parent=null, replies=null)]
2025-03-04 01:22:14 [main] INFO  com.track.task.aspect.LoggingAspect - Entering method: CommentServiceImpl.addComment(..)
2025-03-04 01:22:14 [main] INFO  c.t.t.s.c.impl.CommentServiceImpl - Adding new comment to task: 10 by user: test@example.com
2025-03-04 01:22:14 [main] INFO  com.track.task.aspect.LoggingAspect - Entering method: UserServiceImpl.getUserByEmail(..)
2025-03-04 01:22:14 [main] INFO  c.t.t.s.user.impl.UserServiceImpl - Get user by email
2025-03-04 01:22:14 [main] INFO  com.track.task.aspect.LoggingAspect - Exiting method: UserServiceImpl.getUserByEmail(..) with result: Optional[User(id=12, email=test@example.com, username=testuser, password=password, createdAt=Tue Mar 04 01:22:14 MSK 2025, tasks=null)]
2025-03-04 01:22:14 [main] INFO  c.t.t.s.c.impl.CommentServiceImpl - Adding comment with id: null
2025-03-04 01:22:14 [main] INFO  c.t.t.s.c.impl.CommentServiceImpl - Successfully added comment with id: 12
2025-03-04 01:22:14 [main] INFO  com.track.task.aspect.LoggingAspect - Exiting method: CommentServiceImpl.addComment(..) with result: Comment(id=12, task=Task{id=10, title='Test Task', description='Test Task Description', statusId=1, priorityId=2, userId=12, visibility=true, createdAt=Tue Mar 04 01:22:14 MSK 2025, executors=null, comments=[]}, user=User(id=12, email=test@example.com, username=testuser, password=password, createdAt=Tue Mar 04 01:22:14 MSK 2025, tasks=null), content=This is a test comment, parent=null, replies=null)
2025-03-04 01:22:14 [main] INFO  com.track.task.aspect.LoggingAspect - Entering method: CommentServiceImpl.addComment(..)
2025-03-04 01:22:14 [main] INFO  c.t.t.s.c.impl.CommentServiceImpl - Adding new comment to task: 11 by user: allcomments@example.com
2025-03-04 01:22:14 [main] INFO  com.track.task.aspect.LoggingAspect - Entering method: UserServiceImpl.getUserByEmail(..)
2025-03-04 01:22:14 [main] INFO  c.t.t.s.user.impl.UserServiceImpl - Get user by email
2025-03-04 01:22:14 [main] INFO  com.track.task.aspect.LoggingAspect - Exiting method: UserServiceImpl.getUserByEmail(..) with result: Optional[User(id=13, email=allcomments@example.com, username=allcomments, password=password, createdAt=Tue Mar 04 01:22:14 MSK 2025, tasks=null)]
2025-03-04 01:22:14 [main] INFO  c.t.t.s.c.impl.CommentServiceImpl - Adding comment with id: null
2025-03-04 01:22:14 [main] INFO  c.t.t.s.c.impl.CommentServiceImpl - Successfully added comment with id: 13
2025-03-04 01:22:14 [main] INFO  com.track.task.aspect.LoggingAspect - Exiting method: CommentServiceImpl.addComment(..) with result: Comment(id=13, task=Task{id=11, title='Task for all comments', description='Task description', statusId=1, priorityId=2, userId=13, visibility=true, createdAt=Tue Mar 04 01:22:14 MSK 2025, executors=null, comments=[]}, user=User(id=13, email=allcomments@example.com, username=allcomments, password=password, createdAt=Tue Mar 04 01:22:14 MSK 2025, tasks=null), content=First comment, parent=null, replies=null)
2025-03-04 01:22:14 [main] INFO  com.track.task.aspect.LoggingAspect - Entering method: CommentServiceImpl.addComment(..)
2025-03-04 01:22:14 [main] INFO  c.t.t.s.c.impl.CommentServiceImpl - Adding new comment to task: 11 by user: allcomments@example.com
2025-03-04 01:22:14 [main] INFO  com.track.task.aspect.LoggingAspect - Entering method: UserServiceImpl.getUserByEmail(..)
2025-03-04 01:22:14 [main] INFO  c.t.t.s.user.impl.UserServiceImpl - Get user by email
2025-03-04 01:22:14 [main] INFO  com.track.task.aspect.LoggingAspect - Exiting method: UserServiceImpl.getUserByEmail(..) with result: Optional[User(id=13, email=allcomments@example.com, username=allcomments, password=password, createdAt=Tue Mar 04 01:22:14 MSK 2025, tasks=null)]
2025-03-04 01:22:14 [main] INFO  c.t.t.s.c.impl.CommentServiceImpl - Adding comment with id: null
2025-03-04 01:22:14 [main] INFO  c.t.t.s.c.impl.CommentServiceImpl - Successfully added comment with id: 14
2025-03-04 01:22:14 [main] INFO  com.track.task.aspect.LoggingAspect - Exiting method: CommentServiceImpl.addComment(..) with result: Comment(id=14, task=Task{id=11, title='Task for all comments', description='Task description', statusId=1, priorityId=2, userId=13, visibility=true, createdAt=Tue Mar 04 01:22:14 MSK 2025, executors=null, comments=[]}, user=User(id=13, email=allcomments@example.com, username=allcomments, password=password, createdAt=Tue Mar 04 01:22:14 MSK 2025, tasks=null), content=Second comment, parent=null, replies=null)
2025-03-04 01:22:14 [main] INFO  com.track.task.aspect.LoggingAspect - Entering method: CommentServiceImpl.getAll()
2025-03-04 01:22:14 [main] INFO  c.t.t.s.c.impl.CommentServiceImpl - Fetching all comments
2025-03-04 01:22:14 [main] INFO  com.track.task.aspect.LoggingAspect - Exiting method: CommentServiceImpl.getAll() with result: [FAILED toString()]
2025-03-04 01:22:14 [SpringApplicationShutdownHook] INFO  o.s.o.j.LocalContainerEntityManagerFactoryBean - Closing JPA EntityManagerFactory for persistence unit 'default'
2025-03-04 01:22:14 [SpringApplicationShutdownHook] INFO  com.zaxxer.hikari.HikariDataSource - HikariPool-1 - Shutdown initiated...
2025-03-04 01:22:14 [SpringApplicationShutdownHook] INFO  com.zaxxer.hikari.HikariDataSource - HikariPool-1 - Shutdown completed.
